mtllib BlocoInstrucao_V13.mtl
# V13: staircase rebuilt as a clean U stair with semicircular curved turnaround and open underside
# V12: stairwell opening + solid stacked U-stair rebuilt; second-floor slab no longer blocks staircase
# V11: entire left/right facades rebuilt; side windows are genuine wall openings
# V10: genuine side windows added to both exterior classroom end walls on both floors
# V9: rear cross-gable sealed, roof-valley gaps filled, side faces detailed
# V8: open classroom entries near corners + corridor observation windows into every classroom
# V7: classroom openings only (no door leaves), reinforced central gable infill/details
# Bloco de Instrucao V6 - detailed EB-inspired training building
v -96.00000 -1.10000 -51.00000
v 96.00000 -1.10000 -51.00000
v 96.00000 0.00000 -51.00000
v -96.00000 0.00000 -51.00000
v -96.00000 -1.10000 51.00000
v 96.00000 -1.10000 51.00000
v 96.00000 0.00000 51.00000
v -96.00000 0.00000 51.00000
v -92.00000 -0.30000 -47.00000
v 92.00000 -0.30000 -47.00000
v 92.00000 0.00000 -47.00000
v -92.00000 0.00000 -47.00000
v -92.00000 -0.30000 47.00000
v 92.00000 -0.30000 47.00000
v 92.00000 0.00000 47.00000
v -92.00000 0.00000 47.00000
v -92.00000 13.50000 -47.00000
v 92.00000 13.50000 -47.00000
v 92.00000 14.00000 -47.00000
v -92.00000 14.00000 -47.00000
v -92.00000 13.50000 47.00000
v 92.00000 13.50000 47.00000
v 92.00000 14.00000 47.00000
v -92.00000 14.00000 47.00000
v -92.00000 27.56000 -47.00000
v 92.00000 27.56000 -47.00000
v 92.00000 28.00000 -47.00000
v -92.00000 28.00000 -47.00000
v -92.00000 27.56000 47.00000
v 92.00000 27.56000 47.00000
v 92.00000 28.00000 47.00000
v -92.00000 28.00000 47.00000
v -92.50000 0.00000 -47.00000
v -91.50000 0.00000 -47.00000
v -91.50000 14.00000 -47.00000
v -92.50000 14.00000 -47.00000
v -92.50000 0.00000 -10.00000
v -91.50000 0.00000 -10.00000
v -91.50000 14.00000 -10.00000
v -92.50000 14.00000 -10.00000
v -92.50000 0.00000 10.00000
v -91.50000 0.00000 10.00000
v -91.50000 14.00000 10.00000
v -92.50000 14.00000 10.00000
v -92.50000 0.00000 47.00000
v -91.50000 0.00000 47.00000
v -91.50000 14.00000 47.00000
v -92.50000 14.00000 47.00000
v -92.50000 0.00000 -10.00000
v -91.50000 0.00000 -10.00000
v -91.50000 3.20000 -10.00000
v -92.50000 3.20000 -10.00000
v -92.50000 0.00000 10.00000
v -91.50000 0.00000 10.00000
v -91.50000 3.20000 10.00000
v -92.50000 3.20000 10.00000
v -92.50000 9.60000 -10.00000
v -91.50000 9.60000 -10.00000
v -91.50000 14.00000 -10.00000
v -92.50000 14.00000 -10.00000
v -92.50000 9.60000 10.00000
v -91.50000 9.60000 10.00000
v -91.50000 14.00000 10.00000
v -92.50000 14.00000 10.00000
v -92.50000 3.20000 -10.00000
v -91.50000 3.20000 -10.00000
v -91.50000 9.60000 -10.00000
v -92.50000 9.60000 -10.00000
v -92.50000 3.20000 -6.00000
v -91.50000 3.20000 -6.00000
v -91.50000 9.60000 -6.00000
v -92.50000 9.60000 -6.00000
v -92.50000 3.20000 6.00000
v -91.50000 3.20000 6.00000
v -91.50000 9.60000 6.00000
v -92.50000 9.60000 6.00000
v -92.50000 3.20000 10.00000
v -91.50000 3.20000 10.00000
v -91.50000 9.60000 10.00000
v -92.50000 9.60000 10.00000
v -92.11000 3.37500 -6.00000
v -91.89000 3.37500 -6.00000
v -91.89000 9.42500 -6.00000
v -92.11000 9.42500 -6.00000
v -92.11000 3.37500 6.00000
v -91.89000 3.37500 6.00000
v -91.89000 9.42500 6.00000
v -92.11000 9.42500 6.00000
v -92.04000 2.90000 -6.12000
v -91.68000 2.90000 -6.12000
v -91.68000 9.90000 -6.12000
v -92.04000 9.90000 -6.12000
v -92.04000 2.90000 -5.88000
v -91.68000 2.90000 -5.88000
v -91.68000 9.90000 -5.88000
v -92.04000 9.90000 -5.88000
v -92.04000 2.90000 5.88000
v -91.68000 2.90000 5.88000
v -91.68000 9.90000 5.88000
v -92.04000 9.90000 5.88000
v -92.04000 2.90000 6.12000
v -91.68000 2.90000 6.12000
v -91.68000 9.90000 6.12000
v -92.04000 9.90000 6.12000
v -92.04000 2.90000 -0.09000
v -91.68000 2.90000 -0.09000
v -91.68000 9.90000 -0.09000
v -92.04000 9.90000 -0.09000
v -92.04000 2.90000 0.09000
v -91.68000 2.90000 0.09000
v -91.68000 9.90000 0.09000
v -92.04000 9.90000 0.09000
v 91.50000 0.00000 -47.00000
v 92.50000 0.00000 -47.00000
v 92.50000 14.00000 -47.00000
v 91.50000 14.00000 -47.00000
v 91.50000 0.00000 -10.00000
v 92.50000 0.00000 -10.00000
v 92.50000 14.00000 -10.00000
v 91.50000 14.00000 -10.00000
v 91.50000 0.00000 10.00000
v 92.50000 0.00000 10.00000
v 92.50000 14.00000 10.00000
v 91.50000 14.00000 10.00000
v 91.50000 0.00000 47.00000
v 92.50000 0.00000 47.00000
v 92.50000 14.00000 47.00000
v 91.50000 14.00000 47.00000
v 91.50000 0.00000 -10.00000
v 92.50000 0.00000 -10.00000
v 92.50000 3.20000 -10.00000
v 91.50000 3.20000 -10.00000
v 91.50000 0.00000 10.00000
v 92.50000 0.00000 10.00000
v 92.50000 3.20000 10.00000
v 91.50000 3.20000 10.00000
v 91.50000 9.60000 -10.00000
v 92.50000 9.60000 -10.00000
v 92.50000 14.00000 -10.00000
v 91.50000 14.00000 -10.00000
v 91.50000 9.60000 10.00000
v 92.50000 9.60000 10.00000
v 92.50000 14.00000 10.00000
v 91.50000 14.00000 10.00000
v 91.50000 3.20000 -10.00000
v 92.50000 3.20000 -10.00000
v 92.50000 9.60000 -10.00000
v 91.50000 9.60000 -10.00000
v 91.50000 3.20000 -6.00000
v 92.50000 3.20000 -6.00000
v 92.50000 9.60000 -6.00000
v 91.50000 9.60000 -6.00000
v 91.50000 3.20000 6.00000
v 92.50000 3.20000 6.00000
v 92.50000 9.60000 6.00000
v 91.50000 9.60000 6.00000
v 91.50000 3.20000 10.00000
v 92.50000 3.20000 10.00000
v 92.50000 9.60000 10.00000
v 91.50000 9.60000 10.00000
v 91.89000 3.37500 -6.00000
v 92.11000 3.37500 -6.00000
v 92.11000 9.42500 -6.00000
v 91.89000 9.42500 -6.00000
v 91.89000 3.37500 6.00000
v 92.11000 3.37500 6.00000
v 92.11000 9.42500 6.00000
v 91.89000 9.42500 6.00000
v 91.68000 2.90000 -6.12000
v 92.04000 2.90000 -6.12000
v 92.04000 9.90000 -6.12000
v 91.68000 9.90000 -6.12000
v 91.68000 2.90000 -5.88000
v 92.04000 2.90000 -5.88000
v 92.04000 9.90000 -5.88000
v 91.68000 9.90000 -5.88000
v 91.68000 2.90000 5.88000
v 92.04000 2.90000 5.88000
v 92.04000 9.90000 5.88000
v 91.68000 9.90000 5.88000
v 91.68000 2.90000 6.12000
v 92.04000 2.90000 6.12000
v 92.04000 9.90000 6.12000
v 91.68000 9.90000 6.12000
v 91.68000 2.90000 -0.09000
v 92.04000 2.90000 -0.09000
v 92.04000 9.90000 -0.09000
v 91.68000 9.90000 -0.09000
v 91.68000 2.90000 0.09000
v 92.04000 2.90000 0.09000
v 92.04000 9.90000 0.09000
v 91.68000 9.90000 0.09000
v -92.50000 14.00000 -47.00000
v -91.50000 14.00000 -47.00000
v -91.50000 28.00000 -47.00000
v -92.50000 28.00000 -47.00000
v -92.50000 14.00000 -10.00000
v -91.50000 14.00000 -10.00000
v -91.50000 28.00000 -10.00000
v -92.50000 28.00000 -10.00000
v -92.50000 14.00000 10.00000
v -91.50000 14.00000 10.00000
v -91.50000 28.00000 10.00000
v -92.50000 28.00000 10.00000
v -92.50000 14.00000 47.00000
v -91.50000 14.00000 47.00000
v -91.50000 28.00000 47.00000
v -92.50000 28.00000 47.00000
v -92.50000 14.00000 -10.00000
v -91.50000 14.00000 -10.00000
v -91.50000 17.20000 -10.00000
v -92.50000 17.20000 -10.00000
v -92.50000 14.00000 10.00000
v -91.50000 14.00000 10.00000
v -91.50000 17.20000 10.00000
v -92.50000 17.20000 10.00000
v -92.50000 23.60000 -10.00000
v -91.50000 23.60000 -10.00000
v -91.50000 28.00000 -10.00000
v -92.50000 28.00000 -10.00000
v -92.50000 23.60000 10.00000
v -91.50000 23.60000 10.00000
v -91.50000 28.00000 10.00000
v -92.50000 28.00000 10.00000
v -92.50000 17.20000 -10.00000
v -91.50000 17.20000 -10.00000
v -91.50000 23.60000 -10.00000
v -92.50000 23.60000 -10.00000
v -92.50000 17.20000 -6.00000
v -91.50000 17.20000 -6.00000
v -91.50000 23.60000 -6.00000
v -92.50000 23.60000 -6.00000
v -92.50000 17.20000 6.00000
v -91.50000 17.20000 6.00000
v -91.50000 23.60000 6.00000
v -92.50000 23.60000 6.00000
v -92.50000 17.20000 10.00000
v -91.50000 17.20000 10.00000
v -91.50000 23.60000 10.00000
v -92.50000 23.60000 10.00000
v -92.11000 17.37500 -6.00000
v -91.89000 17.37500 -6.00000
v -91.89000 23.42500 -6.00000
v -92.11000 23.42500 -6.00000
v -92.11000 17.37500 6.00000
v -91.89000 17.37500 6.00000
v -91.89000 23.42500 6.00000
v -92.11000 23.42500 6.00000
v -92.04000 16.90000 -6.12000
v -91.68000 16.90000 -6.12000
v -91.68000 23.90000 -6.12000
v -92.04000 23.90000 -6.12000
v -92.04000 16.90000 -5.88000
v -91.68000 16.90000 -5.88000
v -91.68000 23.90000 -5.88000
v -92.04000 23.90000 -5.88000
v -92.04000 16.90000 5.88000
v -91.68000 16.90000 5.88000
v -91.68000 23.90000 5.88000
v -92.04000 23.90000 5.88000
v -92.04000 16.90000 6.12000
v -91.68000 16.90000 6.12000
v -91.68000 23.90000 6.12000
v -92.04000 23.90000 6.12000
v -92.04000 16.90000 -0.09000
v -91.68000 16.90000 -0.09000
v -91.68000 23.90000 -0.09000
v -92.04000 23.90000 -0.09000
v -92.04000 16.90000 0.09000
v -91.68000 16.90000 0.09000
v -91.68000 23.90000 0.09000
v -92.04000 23.90000 0.09000
v 91.50000 14.00000 -47.00000
v 92.50000 14.00000 -47.00000
v 92.50000 28.00000 -47.00000
v 91.50000 28.00000 -47.00000
v 91.50000 14.00000 -10.00000
v 92.50000 14.00000 -10.00000
v 92.50000 28.00000 -10.00000
v 91.50000 28.00000 -10.00000
v 91.50000 14.00000 10.00000
v 92.50000 14.00000 10.00000
v 92.50000 28.00000 10.00000
v 91.50000 28.00000 10.00000
v 91.50000 14.00000 47.00000
v 92.50000 14.00000 47.00000
v 92.50000 28.00000 47.00000
v 91.50000 28.00000 47.00000
v 91.50000 14.00000 -10.00000
v 92.50000 14.00000 -10.00000
v 92.50000 17.20000 -10.00000
v 91.50000 17.20000 -10.00000
v 91.50000 14.00000 10.00000
v 92.50000 14.00000 10.00000
v 92.50000 17.20000 10.00000
v 91.50000 17.20000 10.00000
v 91.50000 23.60000 -10.00000
v 92.50000 23.60000 -10.00000
v 92.50000 28.00000 -10.00000
v 91.50000 28.00000 -10.00000
v 91.50000 23.60000 10.00000
v 92.50000 23.60000 10.00000
v 92.50000 28.00000 10.00000
v 91.50000 28.00000 10.00000
v 91.50000 17.20000 -10.00000
v 92.50000 17.20000 -10.00000
v 92.50000 23.60000 -10.00000
v 91.50000 23.60000 -10.00000
v 91.50000 17.20000 -6.00000
v 92.50000 17.20000 -6.00000
v 92.50000 23.60000 -6.00000
v 91.50000 23.60000 -6.00000
v 91.50000 17.20000 6.00000
v 92.50000 17.20000 6.00000
v 92.50000 23.60000 6.00000
v 91.50000 23.60000 6.00000
v 91.50000 17.20000 10.00000
v 92.50000 17.20000 10.00000
v 92.50000 23.60000 10.00000
v 91.50000 23.60000 10.00000
v 91.89000 17.37500 -6.00000
v 92.11000 17.37500 -6.00000
v 92.11000 23.42500 -6.00000
v 91.89000 23.42500 -6.00000
v 91.89000 17.37500 6.00000
v 92.11000 17.37500 6.00000
v 92.11000 23.42500 6.00000
v 91.89000 23.42500 6.00000
v 91.68000 16.90000 -6.12000
v 92.04000 16.90000 -6.12000
v 92.04000 23.90000 -6.12000
v 91.68000 23.90000 -6.12000
v 91.68000 16.90000 -5.88000
v 92.04000 16.90000 -5.88000
v 92.04000 23.90000 -5.88000
v 91.68000 23.90000 -5.88000
v 91.68000 16.90000 5.88000
v 92.04000 16.90000 5.88000
v 92.04000 23.90000 5.88000
v 91.68000 23.90000 5.88000
v 91.68000 16.90000 6.12000
v 92.04000 16.90000 6.12000
v 92.04000 23.90000 6.12000
v 91.68000 23.90000 6.12000
v 91.68000 16.90000 -0.09000
v 92.04000 16.90000 -0.09000
v 92.04000 23.90000 -0.09000
v 91.68000 23.90000 -0.09000
v 91.68000 16.90000 0.09000
v 92.04000 16.90000 0.09000
v 92.04000 23.90000 0.09000
v 91.68000 23.90000 0.09000
v -92.00000 0.00000 -47.50000
v -54.00000 0.00000 -47.50000
v -54.00000 4.00000 -47.50000
v -92.00000 4.00000 -47.50000
v -92.00000 0.00000 -46.50000
v -54.00000 0.00000 -46.50000
v -54.00000 4.00000 -46.50000
v -92.00000 4.00000 -46.50000
v -92.00000 9.60000 -47.50000
v -54.00000 9.60000 -47.50000
v -54.00000 14.00000 -47.50000
v -92.00000 14.00000 -47.50000
v -92.00000 9.60000 -46.50000
v -54.00000 9.60000 -46.50000
v -54.00000 14.00000 -46.50000
v -92.00000 14.00000 -46.50000
v -92.00000 4.00000 -47.50000
v -86.62000 4.00000 -47.50000
v -86.62000 9.60000 -47.50000
v -92.00000 9.60000 -47.50000
v -92.00000 4.00000 -46.50000
v -86.62000 4.00000 -46.50000
v -86.62000 9.60000 -46.50000
v -92.00000 9.60000 -46.50000
v -77.62000 4.00000 -47.50000
v -68.38000 4.00000 -47.50000
v -68.38000 9.60000 -47.50000
v -77.62000 9.60000 -47.50000
v -77.62000 4.00000 -46.50000
v -68.38000 4.00000 -46.50000
v -68.38000 9.60000 -46.50000
v -77.62000 9.60000 -46.50000
v -59.38000 4.00000 -47.50000
v -54.00000 4.00000 -47.50000
v -54.00000 9.60000 -47.50000
v -59.38000 9.60000 -47.50000
v -59.38000 4.00000 -46.50000
v -54.00000 4.00000 -46.50000
v -54.00000 9.60000 -46.50000
v -59.38000 9.60000 -46.50000
v -86.34500 4.27500 -47.12000
v -77.89500 4.27500 -47.12000
v -77.89500 9.32500 -47.12000
v -86.34500 9.32500 -47.12000
v -86.34500 4.27500 -46.88000
v -77.89500 4.27500 -46.88000
v -77.89500 9.32500 -46.88000
v -86.34500 9.32500 -46.88000
v -86.77000 3.62500 -47.11000
v -86.47000 3.62500 -47.11000
v -86.47000 9.97500 -47.11000
v -86.77000 9.97500 -47.11000
v -86.77000 3.62500 -46.69000
v -86.47000 3.62500 -46.69000
v -86.47000 9.97500 -46.69000
v -86.77000 9.97500 -46.69000
v -77.77000 3.62500 -47.11000
v -77.47000 3.62500 -47.11000
v -77.47000 9.97500 -47.11000
v -77.77000 9.97500 -47.11000
v -77.77000 3.62500 -46.69000
v -77.47000 3.62500 -46.69000
v -77.47000 9.97500 -46.69000
v -77.77000 9.97500 -46.69000
v -86.92000 9.45000 -47.11000
v -77.32000 9.45000 -47.11000
v -77.32000 9.75000 -47.11000
v -86.92000 9.75000 -47.11000
v -86.92000 9.45000 -46.69000
v -77.32000 9.45000 -46.69000
v -77.32000 9.75000 -46.69000
v -86.92000 9.75000 -46.69000
v -86.92000 3.85000 -47.11000
v -77.32000 3.85000 -47.11000
v -77.32000 4.15000 -47.11000
v -86.92000 4.15000 -47.11000
v -86.92000 3.85000 -46.69000
v -77.32000 3.85000 -46.69000
v -77.32000 4.15000 -46.69000
v -86.92000 4.15000 -46.69000
v -82.21000 4.10000 -47.16000
v -82.03000 4.10000 -47.16000
v -82.03000 9.50000 -47.16000
v -82.21000 9.50000 -47.16000
v -82.21000 4.10000 -46.84000
v -82.03000 4.10000 -46.84000
v -82.03000 9.50000 -46.84000
v -82.21000 9.50000 -46.84000
v -87.32000 9.94000 -46.98500
v -76.92000 9.94000 -46.98500
v -76.92000 10.22000 -46.98500
v -87.32000 10.22000 -46.98500
v -87.32000 9.94000 -45.53500
v -76.92000 9.94000 -45.53500
v -76.92000 10.22000 -45.53500
v -87.32000 10.22000 -45.53500
v -87.07000 3.67500 -47.79500
v -77.17000 3.67500 -47.79500
v -77.17000 3.92500 -47.79500
v -87.07000 3.92500 -47.79500
v -87.07000 3.67500 -47.04500
v -77.17000 3.67500 -47.04500
v -77.17000 3.92500 -47.04500
v -87.07000 3.92500 -47.04500
v -68.10500 4.27500 -47.12000
v -59.65500 4.27500 -47.12000
v -59.65500 9.32500 -47.12000
v -68.10500 9.32500 -47.12000
v -68.10500 4.27500 -46.88000
v -59.65500 4.27500 -46.88000
v -59.65500 9.32500 -46.88000
v -68.10500 9.32500 -46.88000
v -68.53000 3.62500 -47.11000
v -68.23000 3.62500 -47.11000
v -68.23000 9.97500 -47.11000
v -68.53000 9.97500 -47.11000
v -68.53000 3.62500 -46.69000
v -68.23000 3.62500 -46.69000
v -68.23000 9.97500 -46.69000
v -68.53000 9.97500 -46.69000
v -59.53000 3.62500 -47.11000
v -59.23000 3.62500 -47.11000
v -59.23000 9.97500 -47.11000
v -59.53000 9.97500 -47.11000
v -59.53000 3.62500 -46.69000
v -59.23000 3.62500 -46.69000
v -59.23000 9.97500 -46.69000
v -59.53000 9.97500 -46.69000
v -68.68000 9.45000 -47.11000
v -59.08000 9.45000 -47.11000
v -59.08000 9.75000 -47.11000
v -68.68000 9.75000 -47.11000
v -68.68000 9.45000 -46.69000
v -59.08000 9.45000 -46.69000
v -59.08000 9.75000 -46.69000
v -68.68000 9.75000 -46.69000
v -68.68000 3.85000 -47.11000
v -59.08000 3.85000 -47.11000
v -59.08000 4.15000 -47.11000
v -68.68000 4.15000 -47.11000
v -68.68000 3.85000 -46.69000
v -59.08000 3.85000 -46.69000
v -59.08000 4.15000 -46.69000
v -68.68000 4.15000 -46.69000
v -63.97000 4.10000 -47.16000
v -63.79000 4.10000 -47.16000
v -63.79000 9.50000 -47.16000
v -63.97000 9.50000 -47.16000
v -63.97000 4.10000 -46.84000
v -63.79000 4.10000 -46.84000
v -63.79000 9.50000 -46.84000
v -63.97000 9.50000 -46.84000
v -69.08000 9.94000 -46.98500
v -58.68000 9.94000 -46.98500
v -58.68000 10.22000 -46.98500
v -69.08000 10.22000 -46.98500
v -69.08000 9.94000 -45.53500
v -58.68000 9.94000 -45.53500
v -58.68000 10.22000 -45.53500
v -69.08000 10.22000 -45.53500
v -68.83000 3.67500 -47.79500
v -58.93000 3.67500 -47.79500
v -58.93000 3.92500 -47.79500
v -68.83000 3.92500 -47.79500
v -68.83000 3.67500 -47.04500
v -58.93000 3.67500 -47.04500
v -58.93000 3.92500 -47.04500
v -68.83000 3.92500 -47.04500
v -92.00000 0.00000 -46.50000
v -54.00000 0.00000 -46.50000
v -54.00000 2.10000 -46.50000
v -92.00000 2.10000 -46.50000
v -92.00000 0.00000 -46.40000
v -54.00000 0.00000 -46.40000
v -54.00000 2.10000 -46.40000
v -92.00000 2.10000 -46.40000
v -92.00000 0.00000 -10.50000
v -90.00000 0.00000 -10.50000
v -90.00000 14.00000 -10.50000
v -92.00000 14.00000 -10.50000
v -92.00000 0.00000 -9.50000
v -90.00000 0.00000 -9.50000
v -90.00000 14.00000 -9.50000
v -92.00000 14.00000 -9.50000
v -84.20000 0.00000 -10.50000
v -54.00000 0.00000 -10.50000
v -54.00000 14.00000 -10.50000
v -84.20000 14.00000 -10.50000
v -84.20000 0.00000 -9.50000
v -54.00000 0.00000 -9.50000
v -54.00000 14.00000 -9.50000
v -84.20000 14.00000 -9.50000
v -90.00000 8.80000 -10.50000
v -84.20000 8.80000 -10.50000
v -84.20000 14.00000 -10.50000
v -90.00000 14.00000 -10.50000
v -90.00000 8.80000 -9.50000
v -84.20000 8.80000 -9.50000
v -84.20000 14.00000 -9.50000
v -90.00000 14.00000 -9.50000
v -89.84000 0.09000 -10.12000
v -84.36000 0.09000 -10.12000
v -84.36000 8.71000 -10.12000
v -89.84000 8.71000 -10.12000
v -89.84000 0.09000 -9.88000
v -84.36000 0.09000 -9.88000
v -84.36000 8.71000 -9.88000
v -89.84000 8.71000 -9.88000
v -86.51000 4.20000 -10.21000
v -85.79000 4.20000 -10.21000
v -85.79000 7.20000 -10.21000
v -86.51000 7.20000 -10.21000
v -86.51000 4.20000 -10.09000
v -85.79000 4.20000 -10.09000
v -85.79000 7.20000 -10.09000
v -86.51000 7.20000 -10.09000
v -90.12500 -0.22500 -10.38000
v -89.87500 -0.22500 -10.38000
v -89.87500 9.02500 -10.38000
v -90.12500 9.02500 -10.38000
v -90.12500 -0.22500 -9.98000
v -89.87500 -0.22500 -9.98000
v -89.87500 9.02500 -9.98000
v -90.12500 9.02500 -9.98000
v -84.32500 -0.22500 -10.38000
v -84.07500 -0.22500 -10.38000
v -84.07500 9.02500 -10.38000
v -84.32500 9.02500 -10.38000
v -84.32500 -0.22500 -9.98000
v -84.07500 -0.22500 -9.98000
v -84.07500 9.02500 -9.98000
v -84.32500 9.02500 -9.98000
v -90.25000 8.67500 -10.38000
v -83.95000 8.67500 -10.38000
v -83.95000 8.92500 -10.38000
v -90.25000 8.92500 -10.38000
v -90.25000 8.67500 -9.98000
v -83.95000 8.67500 -9.98000
v -83.95000 8.92500 -9.98000
v -90.25000 8.92500 -9.98000
v -84.25000 5.70000 -10.29000
v -82.55000 5.70000 -10.29000
v -82.55000 6.50000 -10.29000
v -84.25000 6.50000 -10.29000
v -84.25000 5.70000 -10.15000
v -82.55000 5.70000 -10.15000
v -82.55000 6.50000 -10.15000
v -84.25000 6.50000 -10.15000
v -54.00000 0.00000 -47.50000
v -16.00000 0.00000 -47.50000
v -16.00000 4.00000 -47.50000
v -54.00000 4.00000 -47.50000
v -54.00000 0.00000 -46.50000
v -16.00000 0.00000 -46.50000
v -16.00000 4.00000 -46.50000
v -54.00000 4.00000 -46.50000
v -54.00000 9.60000 -47.50000
v -16.00000 9.60000 -47.50000
v -16.00000 14.00000 -47.50000
v -54.00000 14.00000 -47.50000
v -54.00000 9.60000 -46.50000
v -16.00000 9.60000 -46.50000
v -16.00000 14.00000 -46.50000
v -54.00000 14.00000 -46.50000
v -54.00000 4.00000 -47.50000
v -48.62000 4.00000 -47.50000
v -48.62000 9.60000 -47.50000
v -54.00000 9.60000 -47.50000
v -54.00000 4.00000 -46.50000
v -48.62000 4.00000 -46.50000
v -48.62000 9.60000 -46.50000
v -54.00000 9.60000 -46.50000
v -39.62000 4.00000 -47.50000
v -30.38000 4.00000 -47.50000
v -30.38000 9.60000 -47.50000
v -39.62000 9.60000 -47.50000
v -39.62000 4.00000 -46.50000
v -30.38000 4.00000 -46.50000
v -30.38000 9.60000 -46.50000
v -39.62000 9.60000 -46.50000
v -21.38000 4.00000 -47.50000
v -16.00000 4.00000 -47.50000
v -16.00000 9.60000 -47.50000
v -21.38000 9.60000 -47.50000
v -21.38000 4.00000 -46.50000
v -16.00000 4.00000 -46.50000
v -16.00000 9.60000 -46.50000
v -21.38000 9.60000 -46.50000
v -48.34500 4.27500 -47.12000
v -39.89500 4.27500 -47.12000
v -39.89500 9.32500 -47.12000
v -48.34500 9.32500 -47.12000
v -48.34500 4.27500 -46.88000
v -39.89500 4.27500 -46.88000
v -39.89500 9.32500 -46.88000
v -48.34500 9.32500 -46.88000
v -48.77000 3.62500 -47.11000
v -48.47000 3.62500 -47.11000
v -48.47000 9.97500 -47.11000
v -48.77000 9.97500 -47.11000
v -48.77000 3.62500 -46.69000
v -48.47000 3.62500 -46.69000
v -48.47000 9.97500 -46.69000
v -48.77000 9.97500 -46.69000
v -39.77000 3.62500 -47.11000
v -39.47000 3.62500 -47.11000
v -39.47000 9.97500 -47.11000
v -39.77000 9.97500 -47.11000
v -39.77000 3.62500 -46.69000
v -39.47000 3.62500 -46.69000
v -39.47000 9.97500 -46.69000
v -39.77000 9.97500 -46.69000
v -48.92000 9.45000 -47.11000
v -39.32000 9.45000 -47.11000
v -39.32000 9.75000 -47.11000
v -48.92000 9.75000 -47.11000
v -48.92000 9.45000 -46.69000
v -39.32000 9.45000 -46.69000
v -39.32000 9.75000 -46.69000
v -48.92000 9.75000 -46.69000
v -48.92000 3.85000 -47.11000
v -39.32000 3.85000 -47.11000
v -39.32000 4.15000 -47.11000
v -48.92000 4.15000 -47.11000
v -48.92000 3.85000 -46.69000
v -39.32000 3.85000 -46.69000
v -39.32000 4.15000 -46.69000
v -48.92000 4.15000 -46.69000
v -44.21000 4.10000 -47.16000
v -44.03000 4.10000 -47.16000
v -44.03000 9.50000 -47.16000
v -44.21000 9.50000 -47.16000
v -44.21000 4.10000 -46.84000
v -44.03000 4.10000 -46.84000
v -44.03000 9.50000 -46.84000
v -44.21000 9.50000 -46.84000
v -49.32000 9.94000 -46.98500
v -38.92000 9.94000 -46.98500
v -38.92000 10.22000 -46.98500
v -49.32000 10.22000 -46.98500
v -49.32000 9.94000 -45.53500
v -38.92000 9.94000 -45.53500
v -38.92000 10.22000 -45.53500
v -49.32000 10.22000 -45.53500
v -49.07000 3.67500 -47.79500
v -39.17000 3.67500 -47.79500
v -39.17000 3.92500 -47.79500
v -49.07000 3.92500 -47.79500
v -49.07000 3.67500 -47.04500
v -39.17000 3.67500 -47.04500
v -39.17000 3.92500 -47.04500
v -49.07000 3.92500 -47.04500
v -30.10500 4.27500 -47.12000
v -21.65500 4.27500 -47.12000
v -21.65500 9.32500 -47.12000
v -30.10500 9.32500 -47.12000
v -30.10500 4.27500 -46.88000
v -21.65500 4.27500 -46.88000
v -21.65500 9.32500 -46.88000
v -30.10500 9.32500 -46.88000
v -30.53000 3.62500 -47.11000
v -30.23000 3.62500 -47.11000
v -30.23000 9.97500 -47.11000
v -30.53000 9.97500 -47.11000
v -30.53000 3.62500 -46.69000
v -30.23000 3.62500 -46.69000
v -30.23000 9.97500 -46.69000
v -30.53000 9.97500 -46.69000
v -21.53000 3.62500 -47.11000
v -21.23000 3.62500 -47.11000
v -21.23000 9.97500 -47.11000
v -21.53000 9.97500 -47.11000
v -21.53000 3.62500 -46.69000
v -21.23000 3.62500 -46.69000
v -21.23000 9.97500 -46.69000
v -21.53000 9.97500 -46.69000
v -30.68000 9.45000 -47.11000
v -21.08000 9.45000 -47.11000
v -21.08000 9.75000 -47.11000
v -30.68000 9.75000 -47.11000
v -30.68000 9.45000 -46.69000
v -21.08000 9.45000 -46.69000
v -21.08000 9.75000 -46.69000
v -30.68000 9.75000 -46.69000
v -30.68000 3.85000 -47.11000
v -21.08000 3.85000 -47.11000
v -21.08000 4.15000 -47.11000
v -30.68000 4.15000 -47.11000
v -30.68000 3.85000 -46.69000
v -21.08000 3.85000 -46.69000
v -21.08000 4.15000 -46.69000
v -30.68000 4.15000 -46.69000
v -25.97000 4.10000 -47.16000
v -25.79000 4.10000 -47.16000
v -25.79000 9.50000 -47.16000
v -25.97000 9.50000 -47.16000
v -25.97000 4.10000 -46.84000
v -25.79000 4.10000 -46.84000
v -25.79000 9.50000 -46.84000
v -25.97000 9.50000 -46.84000
v -31.08000 9.94000 -46.98500
v -20.68000 9.94000 -46.98500
v -20.68000 10.22000 -46.98500
v -31.08000 10.22000 -46.98500
v -31.08000 9.94000 -45.53500
v -20.68000 9.94000 -45.53500
v -20.68000 10.22000 -45.53500
v -31.08000 10.22000 -45.53500
v -30.83000 3.67500 -47.79500
v -20.93000 3.67500 -47.79500
v -20.93000 3.92500 -47.79500
v -30.83000 3.92500 -47.79500
v -30.83000 3.67500 -47.04500
v -20.93000 3.67500 -47.04500
v -20.93000 3.92500 -47.04500
v -30.83000 3.92500 -47.04500
v -54.00000 0.00000 -46.50000
v -16.00000 0.00000 -46.50000
v -16.00000 2.10000 -46.50000
v -54.00000 2.10000 -46.50000
v -54.00000 0.00000 -46.40000
v -16.00000 0.00000 -46.40000
v -16.00000 2.10000 -46.40000
v -54.00000 2.10000 -46.40000
v -54.00000 0.00000 -10.50000
v -23.80000 0.00000 -10.50000
v -23.80000 14.00000 -10.50000
v -54.00000 14.00000 -10.50000
v -54.00000 0.00000 -9.50000
v -23.80000 0.00000 -9.50000
v -23.80000 14.00000 -9.50000
v -54.00000 14.00000 -9.50000
v -18.00000 0.00000 -10.50000
v -16.00000 0.00000 -10.50000
v -16.00000 14.00000 -10.50000
v -18.00000 14.00000 -10.50000
v -18.00000 0.00000 -9.50000
v -16.00000 0.00000 -9.50000
v -16.00000 14.00000 -9.50000
v -18.00000 14.00000 -9.50000
v -23.80000 8.80000 -10.50000
v -18.00000 8.80000 -10.50000
v -18.00000 14.00000 -10.50000
v -23.80000 14.00000 -10.50000
v -23.80000 8.80000 -9.50000
v -18.00000 8.80000 -9.50000
v -18.00000 14.00000 -9.50000
v -23.80000 14.00000 -9.50000
v -23.64000 0.09000 -10.12000
v -18.16000 0.09000 -10.12000
v -18.16000 8.71000 -10.12000
v -23.64000 8.71000 -10.12000
v -23.64000 0.09000 -9.88000
v -18.16000 0.09000 -9.88000
v -18.16000 8.71000 -9.88000
v -23.64000 8.71000 -9.88000
v -20.31000 4.20000 -10.21000
v -19.59000 4.20000 -10.21000
v -19.59000 7.20000 -10.21000
v -20.31000 7.20000 -10.21000
v -20.31000 4.20000 -10.09000
v -19.59000 4.20000 -10.09000
v -19.59000 7.20000 -10.09000
v -20.31000 7.20000 -10.09000
v -23.92500 -0.22500 -10.38000
v -23.67500 -0.22500 -10.38000
v -23.67500 9.02500 -10.38000
v -23.92500 9.02500 -10.38000
v -23.92500 -0.22500 -9.98000
v -23.67500 -0.22500 -9.98000
v -23.67500 9.02500 -9.98000
v -23.92500 9.02500 -9.98000
v -18.12500 -0.22500 -10.38000
v -17.87500 -0.22500 -10.38000
v -17.87500 9.02500 -10.38000
v -18.12500 9.02500 -10.38000
v -18.12500 -0.22500 -9.98000
v -17.87500 -0.22500 -9.98000
v -17.87500 9.02500 -9.98000
v -18.12500 9.02500 -9.98000
v -24.05000 8.67500 -10.38000
v -17.75000 8.67500 -10.38000
v -17.75000 8.92500 -10.38000
v -24.05000 8.92500 -10.38000
v -24.05000 8.67500 -9.98000
v -17.75000 8.67500 -9.98000
v -17.75000 8.92500 -9.98000
v -24.05000 8.92500 -9.98000
v -25.45000 5.70000 -10.29000
v -23.75000 5.70000 -10.29000
v -23.75000 6.50000 -10.29000
v -25.45000 6.50000 -10.29000
v -25.45000 5.70000 -10.15000
v -23.75000 5.70000 -10.15000
v -23.75000 6.50000 -10.15000
v -25.45000 6.50000 -10.15000
v 16.00000 0.00000 -47.50000
v 54.00000 0.00000 -47.50000
v 54.00000 4.00000 -47.50000
v 16.00000 4.00000 -47.50000
v 16.00000 0.00000 -46.50000
v 54.00000 0.00000 -46.50000
v 54.00000 4.00000 -46.50000
v 16.00000 4.00000 -46.50000
v 16.00000 9.60000 -47.50000
v 54.00000 9.60000 -47.50000
v 54.00000 14.00000 -47.50000
v 16.00000 14.00000 -47.50000
v 16.00000 9.60000 -46.50000
v 54.00000 9.60000 -46.50000
v 54.00000 14.00000 -46.50000
v 16.00000 14.00000 -46.50000
v 16.00000 4.00000 -47.50000
v 21.38000 4.00000 -47.50000
v 21.38000 9.60000 -47.50000
v 16.00000 9.60000 -47.50000
v 16.00000 4.00000 -46.50000
v 21.38000 4.00000 -46.50000
v 21.38000 9.60000 -46.50000
v 16.00000 9.60000 -46.50000
v 30.38000 4.00000 -47.50000
v 39.62000 4.00000 -47.50000
v 39.62000 9.60000 -47.50000
v 30.38000 9.60000 -47.50000
v 30.38000 4.00000 -46.50000
v 39.62000 4.00000 -46.50000
v 39.62000 9.60000 -46.50000
v 30.38000 9.60000 -46.50000
v 48.62000 4.00000 -47.50000
v 54.00000 4.00000 -47.50000
v 54.00000 9.60000 -47.50000
v 48.62000 9.60000 -47.50000
v 48.62000 4.00000 -46.50000
v 54.00000 4.00000 -46.50000
v 54.00000 9.60000 -46.50000
v 48.62000 9.60000 -46.50000
v 21.65500 4.27500 -47.12000
v 30.10500 4.27500 -47.12000
v 30.10500 9.32500 -47.12000
v 21.65500 9.32500 -47.12000
v 21.65500 4.27500 -46.88000
v 30.10500 4.27500 -46.88000
v 30.10500 9.32500 -46.88000
v 21.65500 9.32500 -46.88000
v 21.23000 3.62500 -47.11000
v 21.53000 3.62500 -47.11000
v 21.53000 9.97500 -47.11000
v 21.23000 9.97500 -47.11000
v 21.23000 3.62500 -46.69000
v 21.53000 3.62500 -46.69000
v 21.53000 9.97500 -46.69000
v 21.23000 9.97500 -46.69000
v 30.23000 3.62500 -47.11000
v 30.53000 3.62500 -47.11000
v 30.53000 9.97500 -47.11000
v 30.23000 9.97500 -47.11000
v 30.23000 3.62500 -46.69000
v 30.53000 3.62500 -46.69000
v 30.53000 9.97500 -46.69000
v 30.23000 9.97500 -46.69000
v 21.08000 9.45000 -47.11000
v 30.68000 9.45000 -47.11000
v 30.68000 9.75000 -47.11000
v 21.08000 9.75000 -47.11000
v 21.08000 9.45000 -46.69000
v 30.68000 9.45000 -46.69000
v 30.68000 9.75000 -46.69000
v 21.08000 9.75000 -46.69000
v 21.08000 3.85000 -47.11000
v 30.68000 3.85000 -47.11000
v 30.68000 4.15000 -47.11000
v 21.08000 4.15000 -47.11000
v 21.08000 3.85000 -46.69000
v 30.68000 3.85000 -46.69000
v 30.68000 4.15000 -46.69000
v 21.08000 4.15000 -46.69000
v 25.79000 4.10000 -47.16000
v 25.97000 4.10000 -47.16000
v 25.97000 9.50000 -47.16000
v 25.79000 9.50000 -47.16000
v 25.79000 4.10000 -46.84000
v 25.97000 4.10000 -46.84000
v 25.97000 9.50000 -46.84000
v 25.79000 9.50000 -46.84000
v 20.68000 9.94000 -46.98500
v 31.08000 9.94000 -46.98500
v 31.08000 10.22000 -46.98500
v 20.68000 10.22000 -46.98500
v 20.68000 9.94000 -45.53500
v 31.08000 9.94000 -45.53500
v 31.08000 10.22000 -45.53500
v 20.68000 10.22000 -45.53500
v 20.93000 3.67500 -47.79500
v 30.83000 3.67500 -47.79500
v 30.83000 3.92500 -47.79500
v 20.93000 3.92500 -47.79500
v 20.93000 3.67500 -47.04500
v 30.83000 3.67500 -47.04500
v 30.83000 3.92500 -47.04500
v 20.93000 3.92500 -47.04500
v 39.89500 4.27500 -47.12000
v 48.34500 4.27500 -47.12000
v 48.34500 9.32500 -47.12000
v 39.89500 9.32500 -47.12000
v 39.89500 4.27500 -46.88000
v 48.34500 4.27500 -46.88000
v 48.34500 9.32500 -46.88000
v 39.89500 9.32500 -46.88000
v 39.47000 3.62500 -47.11000
v 39.77000 3.62500 -47.11000
v 39.77000 9.97500 -47.11000
v 39.47000 9.97500 -47.11000
v 39.47000 3.62500 -46.69000
v 39.77000 3.62500 -46.69000
v 39.77000 9.97500 -46.69000
v 39.47000 9.97500 -46.69000
v 48.47000 3.62500 -47.11000
v 48.77000 3.62500 -47.11000
v 48.77000 9.97500 -47.11000
v 48.47000 9.97500 -47.11000
v 48.47000 3.62500 -46.69000
v 48.77000 3.62500 -46.69000
v 48.77000 9.97500 -46.69000
v 48.47000 9.97500 -46.69000
v 39.32000 9.45000 -47.11000
v 48.92000 9.45000 -47.11000
v 48.92000 9.75000 -47.11000
v 39.32000 9.75000 -47.11000
v 39.32000 9.45000 -46.69000
v 48.92000 9.45000 -46.69000
v 48.92000 9.75000 -46.69000
v 39.32000 9.75000 -46.69000
v 39.32000 3.85000 -47.11000
v 48.92000 3.85000 -47.11000
v 48.92000 4.15000 -47.11000
v 39.32000 4.15000 -47.11000
v 39.32000 3.85000 -46.69000
v 48.92000 3.85000 -46.69000
v 48.92000 4.15000 -46.69000
v 39.32000 4.15000 -46.69000
v 44.03000 4.10000 -47.16000
v 44.21000 4.10000 -47.16000
v 44.21000 9.50000 -47.16000
v 44.03000 9.50000 -47.16000
v 44.03000 4.10000 -46.84000
v 44.21000 4.10000 -46.84000
v 44.21000 9.50000 -46.84000
v 44.03000 9.50000 -46.84000
v 38.92000 9.94000 -46.98500
v 49.32000 9.94000 -46.98500
v 49.32000 10.22000 -46.98500
v 38.92000 10.22000 -46.98500
v 38.92000 9.94000 -45.53500
v 49.32000 9.94000 -45.53500
v 49.32000 10.22000 -45.53500
v 38.92000 10.22000 -45.53500
v 39.17000 3.67500 -47.79500
v 49.07000 3.67500 -47.79500
v 49.07000 3.92500 -47.79500
v 39.17000 3.92500 -47.79500
v 39.17000 3.67500 -47.04500
v 49.07000 3.67500 -47.04500
v 49.07000 3.92500 -47.04500
v 39.17000 3.92500 -47.04500
v 16.00000 0.00000 -46.50000
v 54.00000 0.00000 -46.50000
v 54.00000 2.10000 -46.50000
v 16.00000 2.10000 -46.50000
v 16.00000 0.00000 -46.40000
v 54.00000 0.00000 -46.40000
v 54.00000 2.10000 -46.40000
v 16.00000 2.10000 -46.40000
v 16.00000 0.00000 -10.50000
v 18.00000 0.00000 -10.50000
v 18.00000 14.00000 -10.50000
v 16.00000 14.00000 -10.50000
v 16.00000 0.00000 -9.50000
v 18.00000 0.00000 -9.50000
v 18.00000 14.00000 -9.50000
v 16.00000 14.00000 -9.50000
v 23.80000 0.00000 -10.50000
v 54.00000 0.00000 -10.50000
v 54.00000 14.00000 -10.50000
v 23.80000 14.00000 -10.50000
v 23.80000 0.00000 -9.50000
v 54.00000 0.00000 -9.50000
v 54.00000 14.00000 -9.50000
v 23.80000 14.00000 -9.50000
v 18.00000 8.80000 -10.50000
v 23.80000 8.80000 -10.50000
v 23.80000 14.00000 -10.50000
v 18.00000 14.00000 -10.50000
v 18.00000 8.80000 -9.50000
v 23.80000 8.80000 -9.50000
v 23.80000 14.00000 -9.50000
v 18.00000 14.00000 -9.50000
v 18.16000 0.09000 -10.12000
v 23.64000 0.09000 -10.12000
v 23.64000 8.71000 -10.12000
v 18.16000 8.71000 -10.12000
v 18.16000 0.09000 -9.88000
v 23.64000 0.09000 -9.88000
v 23.64000 8.71000 -9.88000
v 18.16000 8.71000 -9.88000
v 21.49000 4.20000 -10.21000
v 22.21000 4.20000 -10.21000
v 22.21000 7.20000 -10.21000
v 21.49000 7.20000 -10.21000
v 21.49000 4.20000 -10.09000
v 22.21000 4.20000 -10.09000
v 22.21000 7.20000 -10.09000
v 21.49000 7.20000 -10.09000
v 17.87500 -0.22500 -10.38000
v 18.12500 -0.22500 -10.38000
v 18.12500 9.02500 -10.38000
v 17.87500 9.02500 -10.38000
v 17.87500 -0.22500 -9.98000
v 18.12500 -0.22500 -9.98000
v 18.12500 9.02500 -9.98000
v 17.87500 9.02500 -9.98000
v 23.67500 -0.22500 -10.38000
v 23.92500 -0.22500 -10.38000
v 23.92500 9.02500 -10.38000
v 23.67500 9.02500 -10.38000
v 23.67500 -0.22500 -9.98000
v 23.92500 -0.22500 -9.98000
v 23.92500 9.02500 -9.98000
v 23.67500 9.02500 -9.98000
v 17.75000 8.67500 -10.38000
v 24.05000 8.67500 -10.38000
v 24.05000 8.92500 -10.38000
v 17.75000 8.92500 -10.38000
v 17.75000 8.67500 -9.98000
v 24.05000 8.67500 -9.98000
v 24.05000 8.92500 -9.98000
v 17.75000 8.92500 -9.98000
v 23.75000 5.70000 -10.29000
v 25.45000 5.70000 -10.29000
v 25.45000 6.50000 -10.29000
v 23.75000 6.50000 -10.29000
v 23.75000 5.70000 -10.15000
v 25.45000 5.70000 -10.15000
v 25.45000 6.50000 -10.15000
v 23.75000 6.50000 -10.15000
v 54.00000 0.00000 -47.50000
v 92.00000 0.00000 -47.50000
v 92.00000 4.00000 -47.50000
v 54.00000 4.00000 -47.50000
v 54.00000 0.00000 -46.50000
v 92.00000 0.00000 -46.50000
v 92.00000 4.00000 -46.50000
v 54.00000 4.00000 -46.50000
v 54.00000 9.60000 -47.50000
v 92.00000 9.60000 -47.50000
v 92.00000 14.00000 -47.50000
v 54.00000 14.00000 -47.50000
v 54.00000 9.60000 -46.50000
v 92.00000 9.60000 -46.50000
v 92.00000 14.00000 -46.50000
v 54.00000 14.00000 -46.50000
v 54.00000 4.00000 -47.50000
v 59.38000 4.00000 -47.50000
v 59.38000 9.60000 -47.50000
v 54.00000 9.60000 -47.50000
v 54.00000 4.00000 -46.50000
v 59.38000 4.00000 -46.50000
v 59.38000 9.60000 -46.50000
v 54.00000 9.60000 -46.50000
v 68.38000 4.00000 -47.50000
v 77.62000 4.00000 -47.50000
v 77.62000 9.60000 -47.50000
v 68.38000 9.60000 -47.50000
v 68.38000 4.00000 -46.50000
v 77.62000 4.00000 -46.50000
v 77.62000 9.60000 -46.50000
v 68.38000 9.60000 -46.50000
v 86.62000 4.00000 -47.50000
v 92.00000 4.00000 -47.50000
v 92.00000 9.60000 -47.50000
v 86.62000 9.60000 -47.50000
v 86.62000 4.00000 -46.50000
v 92.00000 4.00000 -46.50000
v 92.00000 9.60000 -46.50000
v 86.62000 9.60000 -46.50000
v 59.65500 4.27500 -47.12000
v 68.10500 4.27500 -47.12000
v 68.10500 9.32500 -47.12000
v 59.65500 9.32500 -47.12000
v 59.65500 4.27500 -46.88000
v 68.10500 4.27500 -46.88000
v 68.10500 9.32500 -46.88000
v 59.65500 9.32500 -46.88000
v 59.23000 3.62500 -47.11000
v 59.53000 3.62500 -47.11000
v 59.53000 9.97500 -47.11000
v 59.23000 9.97500 -47.11000
v 59.23000 3.62500 -46.69000
v 59.53000 3.62500 -46.69000
v 59.53000 9.97500 -46.69000
v 59.23000 9.97500 -46.69000
v 68.23000 3.62500 -47.11000
v 68.53000 3.62500 -47.11000
v 68.53000 9.97500 -47.11000
v 68.23000 9.97500 -47.11000
v 68.23000 3.62500 -46.69000
v 68.53000 3.62500 -46.69000
v 68.53000 9.97500 -46.69000
v 68.23000 9.97500 -46.69000
v 59.08000 9.45000 -47.11000
v 68.68000 9.45000 -47.11000
v 68.68000 9.75000 -47.11000
v 59.08000 9.75000 -47.11000
v 59.08000 9.45000 -46.69000
v 68.68000 9.45000 -46.69000
v 68.68000 9.75000 -46.69000
v 59.08000 9.75000 -46.69000
v 59.08000 3.85000 -47.11000
v 68.68000 3.85000 -47.11000
v 68.68000 4.15000 -47.11000
v 59.08000 4.15000 -47.11000
v 59.08000 3.85000 -46.69000
v 68.68000 3.85000 -46.69000
v 68.68000 4.15000 -46.69000
v 59.08000 4.15000 -46.69000
v 63.79000 4.10000 -47.16000
v 63.97000 4.10000 -47.16000
v 63.97000 9.50000 -47.16000
v 63.79000 9.50000 -47.16000
v 63.79000 4.10000 -46.84000
v 63.97000 4.10000 -46.84000
v 63.97000 9.50000 -46.84000
v 63.79000 9.50000 -46.84000
v 58.68000 9.94000 -46.98500
v 69.08000 9.94000 -46.98500
v 69.08000 10.22000 -46.98500
v 58.68000 10.22000 -46.98500
v 58.68000 9.94000 -45.53500
v 69.08000 9.94000 -45.53500
v 69.08000 10.22000 -45.53500
v 58.68000 10.22000 -45.53500
v 58.93000 3.67500 -47.79500
v 68.83000 3.67500 -47.79500
v 68.83000 3.92500 -47.79500
v 58.93000 3.92500 -47.79500
v 58.93000 3.67500 -47.04500
v 68.83000 3.67500 -47.04500
v 68.83000 3.92500 -47.04500
v 58.93000 3.92500 -47.04500
v 77.89500 4.27500 -47.12000
v 86.34500 4.27500 -47.12000
v 86.34500 9.32500 -47.12000
v 77.89500 9.32500 -47.12000
v 77.89500 4.27500 -46.88000
v 86.34500 4.27500 -46.88000
v 86.34500 9.32500 -46.88000
v 77.89500 9.32500 -46.88000
v 77.47000 3.62500 -47.11000
v 77.77000 3.62500 -47.11000
v 77.77000 9.97500 -47.11000
v 77.47000 9.97500 -47.11000
v 77.47000 3.62500 -46.69000
v 77.77000 3.62500 -46.69000
v 77.77000 9.97500 -46.69000
v 77.47000 9.97500 -46.69000
v 86.47000 3.62500 -47.11000
v 86.77000 3.62500 -47.11000
v 86.77000 9.97500 -47.11000
v 86.47000 9.97500 -47.11000
v 86.47000 3.62500 -46.69000
v 86.77000 3.62500 -46.69000
v 86.77000 9.97500 -46.69000
v 86.47000 9.97500 -46.69000
v 77.32000 9.45000 -47.11000
v 86.92000 9.45000 -47.11000
v 86.92000 9.75000 -47.11000
v 77.32000 9.75000 -47.11000
v 77.32000 9.45000 -46.69000
v 86.92000 9.45000 -46.69000
v 86.92000 9.75000 -46.69000
v 77.32000 9.75000 -46.69000
v 77.32000 3.85000 -47.11000
v 86.92000 3.85000 -47.11000
v 86.92000 4.15000 -47.11000
v 77.32000 4.15000 -47.11000
v 77.32000 3.85000 -46.69000
v 86.92000 3.85000 -46.69000
v 86.92000 4.15000 -46.69000
v 77.32000 4.15000 -46.69000
v 82.03000 4.10000 -47.16000
v 82.21000 4.10000 -47.16000
v 82.21000 9.50000 -47.16000
v 82.03000 9.50000 -47.16000
v 82.03000 4.10000 -46.84000
v 82.21000 4.10000 -46.84000
v 82.21000 9.50000 -46.84000
v 82.03000 9.50000 -46.84000
v 76.92000 9.94000 -46.98500
v 87.32000 9.94000 -46.98500
v 87.32000 10.22000 -46.98500
v 76.92000 10.22000 -46.98500
v 76.92000 9.94000 -45.53500
v 87.32000 9.94000 -45.53500
v 87.32000 10.22000 -45.53500
v 76.92000 10.22000 -45.53500
v 77.17000 3.67500 -47.79500
v 87.07000 3.67500 -47.79500
v 87.07000 3.92500 -47.79500
v 77.17000 3.92500 -47.79500
v 77.17000 3.67500 -47.04500
v 87.07000 3.67500 -47.04500
v 87.07000 3.92500 -47.04500
v 77.17000 3.92500 -47.04500
v 54.00000 0.00000 -46.50000
v 92.00000 0.00000 -46.50000
v 92.00000 2.10000 -46.50000
v 54.00000 2.10000 -46.50000
v 54.00000 0.00000 -46.40000
v 92.00000 0.00000 -46.40000
v 92.00000 2.10000 -46.40000
v 54.00000 2.10000 -46.40000
v 54.00000 0.00000 -10.50000
v 84.20000 0.00000 -10.50000
v 84.20000 14.00000 -10.50000
v 54.00000 14.00000 -10.50000
v 54.00000 0.00000 -9.50000
v 84.20000 0.00000 -9.50000
v 84.20000 14.00000 -9.50000
v 54.00000 14.00000 -9.50000
v 90.00000 0.00000 -10.50000
v 92.00000 0.00000 -10.50000
v 92.00000 14.00000 -10.50000
v 90.00000 14.00000 -10.50000
v 90.00000 0.00000 -9.50000
v 92.00000 0.00000 -9.50000
v 92.00000 14.00000 -9.50000
v 90.00000 14.00000 -9.50000
v 84.20000 8.80000 -10.50000
v 90.00000 8.80000 -10.50000
v 90.00000 14.00000 -10.50000
v 84.20000 14.00000 -10.50000
v 84.20000 8.80000 -9.50000
v 90.00000 8.80000 -9.50000
v 90.00000 14.00000 -9.50000
v 84.20000 14.00000 -9.50000
v 84.36000 0.09000 -10.12000
v 89.84000 0.09000 -10.12000
v 89.84000 8.71000 -10.12000
v 84.36000 8.71000 -10.12000
v 84.36000 0.09000 -9.88000
v 89.84000 0.09000 -9.88000
v 89.84000 8.71000 -9.88000
v 84.36000 8.71000 -9.88000
v 87.69000 4.20000 -10.21000
v 88.41000 4.20000 -10.21000
v 88.41000 7.20000 -10.21000
v 87.69000 7.20000 -10.21000
v 87.69000 4.20000 -10.09000
v 88.41000 4.20000 -10.09000
v 88.41000 7.20000 -10.09000
v 87.69000 7.20000 -10.09000
v 84.07500 -0.22500 -10.38000
v 84.32500 -0.22500 -10.38000
v 84.32500 9.02500 -10.38000
v 84.07500 9.02500 -10.38000
v 84.07500 -0.22500 -9.98000
v 84.32500 -0.22500 -9.98000
v 84.32500 9.02500 -9.98000
v 84.07500 9.02500 -9.98000
v 89.87500 -0.22500 -10.38000
v 90.12500 -0.22500 -10.38000
v 90.12500 9.02500 -10.38000
v 89.87500 9.02500 -10.38000
v 89.87500 -0.22500 -9.98000
v 90.12500 -0.22500 -9.98000
v 90.12500 9.02500 -9.98000
v 89.87500 9.02500 -9.98000
v 83.95000 8.67500 -10.38000
v 90.25000 8.67500 -10.38000
v 90.25000 8.92500 -10.38000
v 83.95000 8.92500 -10.38000
v 83.95000 8.67500 -9.98000
v 90.25000 8.67500 -9.98000
v 90.25000 8.92500 -9.98000
v 83.95000 8.92500 -9.98000
v 82.55000 5.70000 -10.29000
v 84.25000 5.70000 -10.29000
v 84.25000 6.50000 -10.29000
v 82.55000 6.50000 -10.29000
v 82.55000 5.70000 -10.15000
v 84.25000 5.70000 -10.15000
v 84.25000 6.50000 -10.15000
v 82.55000 6.50000 -10.15000
v -92.00000 0.00000 46.50000
v -46.00000 0.00000 46.50000
v -46.00000 4.00000 46.50000
v -92.00000 4.00000 46.50000
v -92.00000 0.00000 47.50000
v -46.00000 0.00000 47.50000
v -46.00000 4.00000 47.50000
v -92.00000 4.00000 47.50000
v -92.00000 9.60000 46.50000
v -46.00000 9.60000 46.50000
v -46.00000 14.00000 46.50000
v -92.00000 14.00000 46.50000
v -92.00000 9.60000 47.50000
v -46.00000 9.60000 47.50000
v -46.00000 14.00000 47.50000
v -92.00000 14.00000 47.50000
v -92.00000 4.00000 46.50000
v -84.54000 4.00000 46.50000
v -84.54000 9.60000 46.50000
v -92.00000 9.60000 46.50000
v -92.00000 4.00000 47.50000
v -84.54000 4.00000 47.50000
v -84.54000 9.60000 47.50000
v -92.00000 9.60000 47.50000
v -75.54000 4.00000 46.50000
v -62.46000 4.00000 46.50000
v -62.46000 9.60000 46.50000
v -75.54000 9.60000 46.50000
v -75.54000 4.00000 47.50000
v -62.46000 4.00000 47.50000
v -62.46000 9.60000 47.50000
v -75.54000 9.60000 47.50000
v -53.46000 4.00000 46.50000
v -46.00000 4.00000 46.50000
v -46.00000 9.60000 46.50000
v -53.46000 9.60000 46.50000
v -53.46000 4.00000 47.50000
v -46.00000 4.00000 47.50000
v -46.00000 9.60000 47.50000
v -53.46000 9.60000 47.50000
v -84.26500 4.27500 46.88000
v -75.81500 4.27500 46.88000
v -75.81500 9.32500 46.88000
v -84.26500 9.32500 46.88000
v -84.26500 4.27500 47.12000
v -75.81500 4.27500 47.12000
v -75.81500 9.32500 47.12000
v -84.26500 9.32500 47.12000
v -84.69000 3.62500 46.69000
v -84.39000 3.62500 46.69000
v -84.39000 9.97500 46.69000
v -84.69000 9.97500 46.69000
v -84.69000 3.62500 47.11000
v -84.39000 3.62500 47.11000
v -84.39000 9.97500 47.11000
v -84.69000 9.97500 47.11000
v -75.69000 3.62500 46.69000
v -75.39000 3.62500 46.69000
v -75.39000 9.97500 46.69000
v -75.69000 9.97500 46.69000
v -75.69000 3.62500 47.11000
v -75.39000 3.62500 47.11000
v -75.39000 9.97500 47.11000
v -75.69000 9.97500 47.11000
v -84.84000 9.45000 46.69000
v -75.24000 9.45000 46.69000
v -75.24000 9.75000 46.69000
v -84.84000 9.75000 46.69000
v -84.84000 9.45000 47.11000
v -75.24000 9.45000 47.11000
v -75.24000 9.75000 47.11000
v -84.84000 9.75000 47.11000
v -84.84000 3.85000 46.69000
v -75.24000 3.85000 46.69000
v -75.24000 4.15000 46.69000
v -84.84000 4.15000 46.69000
v -84.84000 3.85000 47.11000
v -75.24000 3.85000 47.11000
v -75.24000 4.15000 47.11000
v -84.84000 4.15000 47.11000
v -80.13000 4.10000 46.84000
v -79.95000 4.10000 46.84000
v -79.95000 9.50000 46.84000
v -80.13000 9.50000 46.84000
v -80.13000 4.10000 47.16000
v -79.95000 4.10000 47.16000
v -79.95000 9.50000 47.16000
v -80.13000 9.50000 47.16000
v -85.24000 9.94000 45.53500
v -74.84000 9.94000 45.53500
v -74.84000 10.22000 45.53500
v -85.24000 10.22000 45.53500
v -85.24000 9.94000 46.98500
v -74.84000 9.94000 46.98500
v -74.84000 10.22000 46.98500
v -85.24000 10.22000 46.98500
v -84.99000 3.67500 47.04500
v -75.09000 3.67500 47.04500
v -75.09000 3.92500 47.04500
v -84.99000 3.92500 47.04500
v -84.99000 3.67500 47.79500
v -75.09000 3.67500 47.79500
v -75.09000 3.92500 47.79500
v -84.99000 3.92500 47.79500
v -62.18500 4.27500 46.88000
v -53.73500 4.27500 46.88000
v -53.73500 9.32500 46.88000
v -62.18500 9.32500 46.88000
v -62.18500 4.27500 47.12000
v -53.73500 4.27500 47.12000
v -53.73500 9.32500 47.12000
v -62.18500 9.32500 47.12000
v -62.61000 3.62500 46.69000
v -62.31000 3.62500 46.69000
v -62.31000 9.97500 46.69000
v -62.61000 9.97500 46.69000
v -62.61000 3.62500 47.11000
v -62.31000 3.62500 47.11000
v -62.31000 9.97500 47.11000
v -62.61000 9.97500 47.11000
v -53.61000 3.62500 46.69000
v -53.31000 3.62500 46.69000
v -53.31000 9.97500 46.69000
v -53.61000 9.97500 46.69000
v -53.61000 3.62500 47.11000
v -53.31000 3.62500 47.11000
v -53.31000 9.97500 47.11000
v -53.61000 9.97500 47.11000
v -62.76000 9.45000 46.69000
v -53.16000 9.45000 46.69000
v -53.16000 9.75000 46.69000
v -62.76000 9.75000 46.69000
v -62.76000 9.45000 47.11000
v -53.16000 9.45000 47.11000
v -53.16000 9.75000 47.11000
v -62.76000 9.75000 47.11000
v -62.76000 3.85000 46.69000
v -53.16000 3.85000 46.69000
v -53.16000 4.15000 46.69000
v -62.76000 4.15000 46.69000
v -62.76000 3.85000 47.11000
v -53.16000 3.85000 47.11000
v -53.16000 4.15000 47.11000
v -62.76000 4.15000 47.11000
v -58.05000 4.10000 46.84000
v -57.87000 4.10000 46.84000
v -57.87000 9.50000 46.84000
v -58.05000 9.50000 46.84000
v -58.05000 4.10000 47.16000
v -57.87000 4.10000 47.16000
v -57.87000 9.50000 47.16000
v -58.05000 9.50000 47.16000
v -63.16000 9.94000 45.53500
v -52.76000 9.94000 45.53500
v -52.76000 10.22000 45.53500
v -63.16000 10.22000 45.53500
v -63.16000 9.94000 46.98500
v -52.76000 9.94000 46.98500
v -52.76000 10.22000 46.98500
v -63.16000 10.22000 46.98500
v -62.91000 3.67500 47.04500
v -53.01000 3.67500 47.04500
v -53.01000 3.92500 47.04500
v -62.91000 3.92500 47.04500
v -62.91000 3.67500 47.79500
v -53.01000 3.67500 47.79500
v -53.01000 3.92500 47.79500
v -62.91000 3.92500 47.79500
v -92.00000 0.00000 46.40000
v -46.00000 0.00000 46.40000
v -46.00000 2.10000 46.40000
v -92.00000 2.10000 46.40000
v -92.00000 0.00000 46.50000
v -46.00000 0.00000 46.50000
v -46.00000 2.10000 46.50000
v -92.00000 2.10000 46.50000
v -92.00000 0.00000 9.50000
v -90.00000 0.00000 9.50000
v -90.00000 14.00000 9.50000
v -92.00000 14.00000 9.50000
v -92.00000 0.00000 10.50000
v -90.00000 0.00000 10.50000
v -90.00000 14.00000 10.50000
v -92.00000 14.00000 10.50000
v -84.20000 0.00000 9.50000
v -46.00000 0.00000 9.50000
v -46.00000 14.00000 9.50000
v -84.20000 14.00000 9.50000
v -84.20000 0.00000 10.50000
v -46.00000 0.00000 10.50000
v -46.00000 14.00000 10.50000
v -84.20000 14.00000 10.50000
v -90.00000 8.80000 9.50000
v -84.20000 8.80000 9.50000
v -84.20000 14.00000 9.50000
v -90.00000 14.00000 9.50000
v -90.00000 8.80000 10.50000
v -84.20000 8.80000 10.50000
v -84.20000 14.00000 10.50000
v -90.00000 14.00000 10.50000
v -89.84000 0.09000 9.88000
v -84.36000 0.09000 9.88000
v -84.36000 8.71000 9.88000
v -89.84000 8.71000 9.88000
v -89.84000 0.09000 10.12000
v -84.36000 0.09000 10.12000
v -84.36000 8.71000 10.12000
v -89.84000 8.71000 10.12000
v -86.51000 4.20000 9.79000
v -85.79000 4.20000 9.79000
v -85.79000 7.20000 9.79000
v -86.51000 7.20000 9.79000
v -86.51000 4.20000 9.91000
v -85.79000 4.20000 9.91000
v -85.79000 7.20000 9.91000
v -86.51000 7.20000 9.91000
v -90.12500 -0.22500 9.62000
v -89.87500 -0.22500 9.62000
v -89.87500 9.02500 9.62000
v -90.12500 9.02500 9.62000
v -90.12500 -0.22500 10.02000
v -89.87500 -0.22500 10.02000
v -89.87500 9.02500 10.02000
v -90.12500 9.02500 10.02000
v -84.32500 -0.22500 9.62000
v -84.07500 -0.22500 9.62000
v -84.07500 9.02500 9.62000
v -84.32500 9.02500 9.62000
v -84.32500 -0.22500 10.02000
v -84.07500 -0.22500 10.02000
v -84.07500 9.02500 10.02000
v -84.32500 9.02500 10.02000
v -90.25000 8.67500 9.62000
v -83.95000 8.67500 9.62000
v -83.95000 8.92500 9.62000
v -90.25000 8.92500 9.62000
v -90.25000 8.67500 10.02000
v -83.95000 8.67500 10.02000
v -83.95000 8.92500 10.02000
v -90.25000 8.92500 10.02000
v -84.25000 5.70000 9.71000
v -82.55000 5.70000 9.71000
v -82.55000 6.50000 9.71000
v -84.25000 6.50000 9.71000
v -84.25000 5.70000 9.85000
v -82.55000 5.70000 9.85000
v -82.55000 6.50000 9.85000
v -84.25000 6.50000 9.85000
v -46.00000 0.00000 46.50000
v 0.00000 0.00000 46.50000
v 0.00000 4.00000 46.50000
v -46.00000 4.00000 46.50000
v -46.00000 0.00000 47.50000
v 0.00000 0.00000 47.50000
v 0.00000 4.00000 47.50000
v -46.00000 4.00000 47.50000
v -46.00000 9.60000 46.50000
v 0.00000 9.60000 46.50000
v 0.00000 14.00000 46.50000
v -46.00000 14.00000 46.50000
v -46.00000 9.60000 47.50000
v 0.00000 9.60000 47.50000
v 0.00000 14.00000 47.50000
v -46.00000 14.00000 47.50000
v -46.00000 4.00000 46.50000
v -38.54000 4.00000 46.50000
v -38.54000 9.60000 46.50000
v -46.00000 9.60000 46.50000
v -46.00000 4.00000 47.50000
v -38.54000 4.00000 47.50000
v -38.54000 9.60000 47.50000
v -46.00000 9.60000 47.50000
v -29.54000 4.00000 46.50000
v -16.46000 4.00000 46.50000
v -16.46000 9.60000 46.50000
v -29.54000 9.60000 46.50000
v -29.54000 4.00000 47.50000
v -16.46000 4.00000 47.50000
v -16.46000 9.60000 47.50000
v -29.54000 9.60000 47.50000
v -7.46000 4.00000 46.50000
v 0.00000 4.00000 46.50000
v 0.00000 9.60000 46.50000
v -7.46000 9.60000 46.50000
v -7.46000 4.00000 47.50000
v 0.00000 4.00000 47.50000
v 0.00000 9.60000 47.50000
v -7.46000 9.60000 47.50000
v -38.26500 4.27500 46.88000
v -29.81500 4.27500 46.88000
v -29.81500 9.32500 46.88000
v -38.26500 9.32500 46.88000
v -38.26500 4.27500 47.12000
v -29.81500 4.27500 47.12000
v -29.81500 9.32500 47.12000
v -38.26500 9.32500 47.12000
v -38.69000 3.62500 46.69000
v -38.39000 3.62500 46.69000
v -38.39000 9.97500 46.69000
v -38.69000 9.97500 46.69000
v -38.69000 3.62500 47.11000
v -38.39000 3.62500 47.11000
v -38.39000 9.97500 47.11000
v -38.69000 9.97500 47.11000
v -29.69000 3.62500 46.69000
v -29.39000 3.62500 46.69000
v -29.39000 9.97500 46.69000
v -29.69000 9.97500 46.69000
v -29.69000 3.62500 47.11000
v -29.39000 3.62500 47.11000
v -29.39000 9.97500 47.11000
v -29.69000 9.97500 47.11000
v -38.84000 9.45000 46.69000
v -29.24000 9.45000 46.69000
v -29.24000 9.75000 46.69000
v -38.84000 9.75000 46.69000
v -38.84000 9.45000 47.11000
v -29.24000 9.45000 47.11000
v -29.24000 9.75000 47.11000
v -38.84000 9.75000 47.11000
v -38.84000 3.85000 46.69000
v -29.24000 3.85000 46.69000
v -29.24000 4.15000 46.69000
v -38.84000 4.15000 46.69000
v -38.84000 3.85000 47.11000
v -29.24000 3.85000 47.11000
v -29.24000 4.15000 47.11000
v -38.84000 4.15000 47.11000
v -34.13000 4.10000 46.84000
v -33.95000 4.10000 46.84000
v -33.95000 9.50000 46.84000
v -34.13000 9.50000 46.84000
v -34.13000 4.10000 47.16000
v -33.95000 4.10000 47.16000
v -33.95000 9.50000 47.16000
v -34.13000 9.50000 47.16000
v -39.24000 9.94000 45.53500
v -28.84000 9.94000 45.53500
v -28.84000 10.22000 45.53500
v -39.24000 10.22000 45.53500
v -39.24000 9.94000 46.98500
v -28.84000 9.94000 46.98500
v -28.84000 10.22000 46.98500
v -39.24000 10.22000 46.98500
v -38.99000 3.67500 47.04500
v -29.09000 3.67500 47.04500
v -29.09000 3.92500 47.04500
v -38.99000 3.92500 47.04500
v -38.99000 3.67500 47.79500
v -29.09000 3.67500 47.79500
v -29.09000 3.92500 47.79500
v -38.99000 3.92500 47.79500
v -16.18500 4.27500 46.88000
v -7.73500 4.27500 46.88000
v -7.73500 9.32500 46.88000
v -16.18500 9.32500 46.88000
v -16.18500 4.27500 47.12000
v -7.73500 4.27500 47.12000
v -7.73500 9.32500 47.12000
v -16.18500 9.32500 47.12000
v -16.61000 3.62500 46.69000
v -16.31000 3.62500 46.69000
v -16.31000 9.97500 46.69000
v -16.61000 9.97500 46.69000
v -16.61000 3.62500 47.11000
v -16.31000 3.62500 47.11000
v -16.31000 9.97500 47.11000
v -16.61000 9.97500 47.11000
v -7.61000 3.62500 46.69000
v -7.31000 3.62500 46.69000
v -7.31000 9.97500 46.69000
v -7.61000 9.97500 46.69000
v -7.61000 3.62500 47.11000
v -7.31000 3.62500 47.11000
v -7.31000 9.97500 47.11000
v -7.61000 9.97500 47.11000
v -16.76000 9.45000 46.69000
v -7.16000 9.45000 46.69000
v -7.16000 9.75000 46.69000
v -16.76000 9.75000 46.69000
v -16.76000 9.45000 47.11000
v -7.16000 9.45000 47.11000
v -7.16000 9.75000 47.11000
v -16.76000 9.75000 47.11000
v -16.76000 3.85000 46.69000
v -7.16000 3.85000 46.69000
v -7.16000 4.15000 46.69000
v -16.76000 4.15000 46.69000
v -16.76000 3.85000 47.11000
v -7.16000 3.85000 47.11000
v -7.16000 4.15000 47.11000
v -16.76000 4.15000 47.11000
v -12.05000 4.10000 46.84000
v -11.87000 4.10000 46.84000
v -11.87000 9.50000 46.84000
v -12.05000 9.50000 46.84000
v -12.05000 4.10000 47.16000
v -11.87000 4.10000 47.16000
v -11.87000 9.50000 47.16000
v -12.05000 9.50000 47.16000
v -17.16000 9.94000 45.53500
v -6.76000 9.94000 45.53500
v -6.76000 10.22000 45.53500
v -17.16000 10.22000 45.53500
v -17.16000 9.94000 46.98500
v -6.76000 9.94000 46.98500
v -6.76000 10.22000 46.98500
v -17.16000 10.22000 46.98500
v -16.91000 3.67500 47.04500
v -7.01000 3.67500 47.04500
v -7.01000 3.92500 47.04500
v -16.91000 3.92500 47.04500
v -16.91000 3.67500 47.79500
v -7.01000 3.67500 47.79500
v -7.01000 3.92500 47.79500
v -16.91000 3.92500 47.79500
v -46.00000 0.00000 46.40000
v 0.00000 0.00000 46.40000
v 0.00000 2.10000 46.40000
v -46.00000 2.10000 46.40000
v -46.00000 0.00000 46.50000
v 0.00000 0.00000 46.50000
v 0.00000 2.10000 46.50000
v -46.00000 2.10000 46.50000
v -46.00000 0.00000 9.50000
v -44.00000 0.00000 9.50000
v -44.00000 14.00000 9.50000
v -46.00000 14.00000 9.50000
v -46.00000 0.00000 10.50000
v -44.00000 0.00000 10.50000
v -44.00000 14.00000 10.50000
v -46.00000 14.00000 10.50000
v -38.20000 0.00000 9.50000
v 0.00000 0.00000 9.50000
v 0.00000 14.00000 9.50000
v -38.20000 14.00000 9.50000
v -38.20000 0.00000 10.50000
v 0.00000 0.00000 10.50000
v 0.00000 14.00000 10.50000
v -38.20000 14.00000 10.50000
v -44.00000 8.80000 9.50000
v -38.20000 8.80000 9.50000
v -38.20000 14.00000 9.50000
v -44.00000 14.00000 9.50000
v -44.00000 8.80000 10.50000
v -38.20000 8.80000 10.50000
v -38.20000 14.00000 10.50000
v -44.00000 14.00000 10.50000
v -43.84000 0.09000 9.88000
v -38.36000 0.09000 9.88000
v -38.36000 8.71000 9.88000
v -43.84000 8.71000 9.88000
v -43.84000 0.09000 10.12000
v -38.36000 0.09000 10.12000
v -38.36000 8.71000 10.12000
v -43.84000 8.71000 10.12000
v -40.51000 4.20000 9.79000
v -39.79000 4.20000 9.79000
v -39.79000 7.20000 9.79000
v -40.51000 7.20000 9.79000
v -40.51000 4.20000 9.91000
v -39.79000 4.20000 9.91000
v -39.79000 7.20000 9.91000
v -40.51000 7.20000 9.91000
v -44.12500 -0.22500 9.62000
v -43.87500 -0.22500 9.62000
v -43.87500 9.02500 9.62000
v -44.12500 9.02500 9.62000
v -44.12500 -0.22500 10.02000
v -43.87500 -0.22500 10.02000
v -43.87500 9.02500 10.02000
v -44.12500 9.02500 10.02000
v -38.32500 -0.22500 9.62000
v -38.07500 -0.22500 9.62000
v -38.07500 9.02500 9.62000
v -38.32500 9.02500 9.62000
v -38.32500 -0.22500 10.02000
v -38.07500 -0.22500 10.02000
v -38.07500 9.02500 10.02000
v -38.32500 9.02500 10.02000
v -44.25000 8.67500 9.62000
v -37.95000 8.67500 9.62000
v -37.95000 8.92500 9.62000
v -44.25000 8.92500 9.62000
v -44.25000 8.67500 10.02000
v -37.95000 8.67500 10.02000
v -37.95000 8.92500 10.02000
v -44.25000 8.92500 10.02000
v -38.25000 5.70000 9.71000
v -36.55000 5.70000 9.71000
v -36.55000 6.50000 9.71000
v -38.25000 6.50000 9.71000
v -38.25000 5.70000 9.85000
v -36.55000 5.70000 9.85000
v -36.55000 6.50000 9.85000
v -38.25000 6.50000 9.85000
v 0.00000 0.00000 46.50000
v 46.00000 0.00000 46.50000
v 46.00000 4.00000 46.50000
v 0.00000 4.00000 46.50000
v 0.00000 0.00000 47.50000
v 46.00000 0.00000 47.50000
v 46.00000 4.00000 47.50000
v 0.00000 4.00000 47.50000
v 0.00000 9.60000 46.50000
v 46.00000 9.60000 46.50000
v 46.00000 14.00000 46.50000
v 0.00000 14.00000 46.50000
v 0.00000 9.60000 47.50000
v 46.00000 9.60000 47.50000
v 46.00000 14.00000 47.50000
v 0.00000 14.00000 47.50000
v 0.00000 4.00000 46.50000
v 7.46000 4.00000 46.50000
v 7.46000 9.60000 46.50000
v 0.00000 9.60000 46.50000
v 0.00000 4.00000 47.50000
v 7.46000 4.00000 47.50000
v 7.46000 9.60000 47.50000
v 0.00000 9.60000 47.50000
v 16.46000 4.00000 46.50000
v 29.54000 4.00000 46.50000
v 29.54000 9.60000 46.50000
v 16.46000 9.60000 46.50000
v 16.46000 4.00000 47.50000
v 29.54000 4.00000 47.50000
v 29.54000 9.60000 47.50000
v 16.46000 9.60000 47.50000
v 38.54000 4.00000 46.50000
v 46.00000 4.00000 46.50000
v 46.00000 9.60000 46.50000
v 38.54000 9.60000 46.50000
v 38.54000 4.00000 47.50000
v 46.00000 4.00000 47.50000
v 46.00000 9.60000 47.50000
v 38.54000 9.60000 47.50000
v 7.73500 4.27500 46.88000
v 16.18500 4.27500 46.88000
v 16.18500 9.32500 46.88000
v 7.73500 9.32500 46.88000
v 7.73500 4.27500 47.12000
v 16.18500 4.27500 47.12000
v 16.18500 9.32500 47.12000
v 7.73500 9.32500 47.12000
v 7.31000 3.62500 46.69000
v 7.61000 3.62500 46.69000
v 7.61000 9.97500 46.69000
v 7.31000 9.97500 46.69000
v 7.31000 3.62500 47.11000
v 7.61000 3.62500 47.11000
v 7.61000 9.97500 47.11000
v 7.31000 9.97500 47.11000
v 16.31000 3.62500 46.69000
v 16.61000 3.62500 46.69000
v 16.61000 9.97500 46.69000
v 16.31000 9.97500 46.69000
v 16.31000 3.62500 47.11000
v 16.61000 3.62500 47.11000
v 16.61000 9.97500 47.11000
v 16.31000 9.97500 47.11000
v 7.16000 9.45000 46.69000
v 16.76000 9.45000 46.69000
v 16.76000 9.75000 46.69000
v 7.16000 9.75000 46.69000
v 7.16000 9.45000 47.11000
v 16.76000 9.45000 47.11000
v 16.76000 9.75000 47.11000
v 7.16000 9.75000 47.11000
v 7.16000 3.85000 46.69000
v 16.76000 3.85000 46.69000
v 16.76000 4.15000 46.69000
v 7.16000 4.15000 46.69000
v 7.16000 3.85000 47.11000
v 16.76000 3.85000 47.11000
v 16.76000 4.15000 47.11000
v 7.16000 4.15000 47.11000
v 11.87000 4.10000 46.84000
v 12.05000 4.10000 46.84000
v 12.05000 9.50000 46.84000
v 11.87000 9.50000 46.84000
v 11.87000 4.10000 47.16000
v 12.05000 4.10000 47.16000
v 12.05000 9.50000 47.16000
v 11.87000 9.50000 47.16000
v 6.76000 9.94000 45.53500
v 17.16000 9.94000 45.53500
v 17.16000 10.22000 45.53500
v 6.76000 10.22000 45.53500
v 6.76000 9.94000 46.98500
v 17.16000 9.94000 46.98500
v 17.16000 10.22000 46.98500
v 6.76000 10.22000 46.98500
v 7.01000 3.67500 47.04500
v 16.91000 3.67500 47.04500
v 16.91000 3.92500 47.04500
v 7.01000 3.92500 47.04500
v 7.01000 3.67500 47.79500
v 16.91000 3.67500 47.79500
v 16.91000 3.92500 47.79500
v 7.01000 3.92500 47.79500
v 29.81500 4.27500 46.88000
v 38.26500 4.27500 46.88000
v 38.26500 9.32500 46.88000
v 29.81500 9.32500 46.88000
v 29.81500 4.27500 47.12000
v 38.26500 4.27500 47.12000
v 38.26500 9.32500 47.12000
v 29.81500 9.32500 47.12000
v 29.39000 3.62500 46.69000
v 29.69000 3.62500 46.69000
v 29.69000 9.97500 46.69000
v 29.39000 9.97500 46.69000
v 29.39000 3.62500 47.11000
v 29.69000 3.62500 47.11000
v 29.69000 9.97500 47.11000
v 29.39000 9.97500 47.11000
v 38.39000 3.62500 46.69000
v 38.69000 3.62500 46.69000
v 38.69000 9.97500 46.69000
v 38.39000 9.97500 46.69000
v 38.39000 3.62500 47.11000
v 38.69000 3.62500 47.11000
v 38.69000 9.97500 47.11000
v 38.39000 9.97500 47.11000
v 29.24000 9.45000 46.69000
v 38.84000 9.45000 46.69000
v 38.84000 9.75000 46.69000
v 29.24000 9.75000 46.69000
v 29.24000 9.45000 47.11000
v 38.84000 9.45000 47.11000
v 38.84000 9.75000 47.11000
v 29.24000 9.75000 47.11000
v 29.24000 3.85000 46.69000
v 38.84000 3.85000 46.69000
v 38.84000 4.15000 46.69000
v 29.24000 4.15000 46.69000
v 29.24000 3.85000 47.11000
v 38.84000 3.85000 47.11000
v 38.84000 4.15000 47.11000
v 29.24000 4.15000 47.11000
v 33.95000 4.10000 46.84000
v 34.13000 4.10000 46.84000
v 34.13000 9.50000 46.84000
v 33.95000 9.50000 46.84000
v 33.95000 4.10000 47.16000
v 34.13000 4.10000 47.16000
v 34.13000 9.50000 47.16000
v 33.95000 9.50000 47.16000
v 28.84000 9.94000 45.53500
v 39.24000 9.94000 45.53500
v 39.24000 10.22000 45.53500
v 28.84000 10.22000 45.53500
v 28.84000 9.94000 46.98500
v 39.24000 9.94000 46.98500
v 39.24000 10.22000 46.98500
v 28.84000 10.22000 46.98500
v 29.09000 3.67500 47.04500
v 38.99000 3.67500 47.04500
v 38.99000 3.92500 47.04500
v 29.09000 3.92500 47.04500
v 29.09000 3.67500 47.79500
v 38.99000 3.67500 47.79500
v 38.99000 3.92500 47.79500
v 29.09000 3.92500 47.79500
v 0.00000 0.00000 46.40000
v 46.00000 0.00000 46.40000
v 46.00000 2.10000 46.40000
v 0.00000 2.10000 46.40000
v 0.00000 0.00000 46.50000
v 46.00000 0.00000 46.50000
v 46.00000 2.10000 46.50000
v 0.00000 2.10000 46.50000
v 0.00000 0.00000 9.50000
v 38.20000 0.00000 9.50000
v 38.20000 14.00000 9.50000
v 0.00000 14.00000 9.50000
v 0.00000 0.00000 10.50000
v 38.20000 0.00000 10.50000
v 38.20000 14.00000 10.50000
v 0.00000 14.00000 10.50000
v 44.00000 0.00000 9.50000
v 46.00000 0.00000 9.50000
v 46.00000 14.00000 9.50000
v 44.00000 14.00000 9.50000
v 44.00000 0.00000 10.50000
v 46.00000 0.00000 10.50000
v 46.00000 14.00000 10.50000
v 44.00000 14.00000 10.50000
v 38.20000 8.80000 9.50000
v 44.00000 8.80000 9.50000
v 44.00000 14.00000 9.50000
v 38.20000 14.00000 9.50000
v 38.20000 8.80000 10.50000
v 44.00000 8.80000 10.50000
v 44.00000 14.00000 10.50000
v 38.20000 14.00000 10.50000
v 38.36000 0.09000 9.88000
v 43.84000 0.09000 9.88000
v 43.84000 8.71000 9.88000
v 38.36000 8.71000 9.88000
v 38.36000 0.09000 10.12000
v 43.84000 0.09000 10.12000
v 43.84000 8.71000 10.12000
v 38.36000 8.71000 10.12000
v 41.69000 4.20000 9.79000
v 42.41000 4.20000 9.79000
v 42.41000 7.20000 9.79000
v 41.69000 7.20000 9.79000
v 41.69000 4.20000 9.91000
v 42.41000 4.20000 9.91000
v 42.41000 7.20000 9.91000
v 41.69000 7.20000 9.91000
v 38.07500 -0.22500 9.62000
v 38.32500 -0.22500 9.62000
v 38.32500 9.02500 9.62000
v 38.07500 9.02500 9.62000
v 38.07500 -0.22500 10.02000
v 38.32500 -0.22500 10.02000
v 38.32500 9.02500 10.02000
v 38.07500 9.02500 10.02000
v 43.87500 -0.22500 9.62000
v 44.12500 -0.22500 9.62000
v 44.12500 9.02500 9.62000
v 43.87500 9.02500 9.62000
v 43.87500 -0.22500 10.02000
v 44.12500 -0.22500 10.02000
v 44.12500 9.02500 10.02000
v 43.87500 9.02500 10.02000
v 37.95000 8.67500 9.62000
v 44.25000 8.67500 9.62000
v 44.25000 8.92500 9.62000
v 37.95000 8.92500 9.62000
v 37.95000 8.67500 10.02000
v 44.25000 8.67500 10.02000
v 44.25000 8.92500 10.02000
v 37.95000 8.92500 10.02000
v 36.55000 5.70000 9.71000
v 38.25000 5.70000 9.71000
v 38.25000 6.50000 9.71000
v 36.55000 6.50000 9.71000
v 36.55000 5.70000 9.85000
v 38.25000 5.70000 9.85000
v 38.25000 6.50000 9.85000
v 36.55000 6.50000 9.85000
v 46.00000 0.00000 46.50000
v 92.00000 0.00000 46.50000
v 92.00000 4.00000 46.50000
v 46.00000 4.00000 46.50000
v 46.00000 0.00000 47.50000
v 92.00000 0.00000 47.50000
v 92.00000 4.00000 47.50000
v 46.00000 4.00000 47.50000
v 46.00000 9.60000 46.50000
v 92.00000 9.60000 46.50000
v 92.00000 14.00000 46.50000
v 46.00000 14.00000 46.50000
v 46.00000 9.60000 47.50000
v 92.00000 9.60000 47.50000
v 92.00000 14.00000 47.50000
v 46.00000 14.00000 47.50000
v 46.00000 4.00000 46.50000
v 53.46000 4.00000 46.50000
v 53.46000 9.60000 46.50000
v 46.00000 9.60000 46.50000
v 46.00000 4.00000 47.50000
v 53.46000 4.00000 47.50000
v 53.46000 9.60000 47.50000
v 46.00000 9.60000 47.50000
v 62.46000 4.00000 46.50000
v 75.54000 4.00000 46.50000
v 75.54000 9.60000 46.50000
v 62.46000 9.60000 46.50000
v 62.46000 4.00000 47.50000
v 75.54000 4.00000 47.50000
v 75.54000 9.60000 47.50000
v 62.46000 9.60000 47.50000
v 84.54000 4.00000 46.50000
v 92.00000 4.00000 46.50000
v 92.00000 9.60000 46.50000
v 84.54000 9.60000 46.50000
v 84.54000 4.00000 47.50000
v 92.00000 4.00000 47.50000
v 92.00000 9.60000 47.50000
v 84.54000 9.60000 47.50000
v 53.73500 4.27500 46.88000
v 62.18500 4.27500 46.88000
v 62.18500 9.32500 46.88000
v 53.73500 9.32500 46.88000
v 53.73500 4.27500 47.12000
v 62.18500 4.27500 47.12000
v 62.18500 9.32500 47.12000
v 53.73500 9.32500 47.12000
v 53.31000 3.62500 46.69000
v 53.61000 3.62500 46.69000
v 53.61000 9.97500 46.69000
v 53.31000 9.97500 46.69000
v 53.31000 3.62500 47.11000
v 53.61000 3.62500 47.11000
v 53.61000 9.97500 47.11000
v 53.31000 9.97500 47.11000
v 62.31000 3.62500 46.69000
v 62.61000 3.62500 46.69000
v 62.61000 9.97500 46.69000
v 62.31000 9.97500 46.69000
v 62.31000 3.62500 47.11000
v 62.61000 3.62500 47.11000
v 62.61000 9.97500 47.11000
v 62.31000 9.97500 47.11000
v 53.16000 9.45000 46.69000
v 62.76000 9.45000 46.69000
v 62.76000 9.75000 46.69000
v 53.16000 9.75000 46.69000
v 53.16000 9.45000 47.11000
v 62.76000 9.45000 47.11000
v 62.76000 9.75000 47.11000
v 53.16000 9.75000 47.11000
v 53.16000 3.85000 46.69000
v 62.76000 3.85000 46.69000
v 62.76000 4.15000 46.69000
v 53.16000 4.15000 46.69000
v 53.16000 3.85000 47.11000
v 62.76000 3.85000 47.11000
v 62.76000 4.15000 47.11000
v 53.16000 4.15000 47.11000
v 57.87000 4.10000 46.84000
v 58.05000 4.10000 46.84000
v 58.05000 9.50000 46.84000
v 57.87000 9.50000 46.84000
v 57.87000 4.10000 47.16000
v 58.05000 4.10000 47.16000
v 58.05000 9.50000 47.16000
v 57.87000 9.50000 47.16000
v 52.76000 9.94000 45.53500
v 63.16000 9.94000 45.53500
v 63.16000 10.22000 45.53500
v 52.76000 10.22000 45.53500
v 52.76000 9.94000 46.98500
v 63.16000 9.94000 46.98500
v 63.16000 10.22000 46.98500
v 52.76000 10.22000 46.98500
v 53.01000 3.67500 47.04500
v 62.91000 3.67500 47.04500
v 62.91000 3.92500 47.04500
v 53.01000 3.92500 47.04500
v 53.01000 3.67500 47.79500
v 62.91000 3.67500 47.79500
v 62.91000 3.92500 47.79500
v 53.01000 3.92500 47.79500
v 75.81500 4.27500 46.88000
v 84.26500 4.27500 46.88000
v 84.26500 9.32500 46.88000
v 75.81500 9.32500 46.88000
v 75.81500 4.27500 47.12000
v 84.26500 4.27500 47.12000
v 84.26500 9.32500 47.12000
v 75.81500 9.32500 47.12000
v 75.39000 3.62500 46.69000
v 75.69000 3.62500 46.69000
v 75.69000 9.97500 46.69000
v 75.39000 9.97500 46.69000
v 75.39000 3.62500 47.11000
v 75.69000 3.62500 47.11000
v 75.69000 9.97500 47.11000
v 75.39000 9.97500 47.11000
v 84.39000 3.62500 46.69000
v 84.69000 3.62500 46.69000
v 84.69000 9.97500 46.69000
v 84.39000 9.97500 46.69000
v 84.39000 3.62500 47.11000
v 84.69000 3.62500 47.11000
v 84.69000 9.97500 47.11000
v 84.39000 9.97500 47.11000
v 75.24000 9.45000 46.69000
v 84.84000 9.45000 46.69000
v 84.84000 9.75000 46.69000
v 75.24000 9.75000 46.69000
v 75.24000 9.45000 47.11000
v 84.84000 9.45000 47.11000
v 84.84000 9.75000 47.11000
v 75.24000 9.75000 47.11000
v 75.24000 3.85000 46.69000
v 84.84000 3.85000 46.69000
v 84.84000 4.15000 46.69000
v 75.24000 4.15000 46.69000
v 75.24000 3.85000 47.11000
v 84.84000 3.85000 47.11000
v 84.84000 4.15000 47.11000
v 75.24000 4.15000 47.11000
v 79.95000 4.10000 46.84000
v 80.13000 4.10000 46.84000
v 80.13000 9.50000 46.84000
v 79.95000 9.50000 46.84000
v 79.95000 4.10000 47.16000
v 80.13000 4.10000 47.16000
v 80.13000 9.50000 47.16000
v 79.95000 9.50000 47.16000
v 74.84000 9.94000 45.53500
v 85.24000 9.94000 45.53500
v 85.24000 10.22000 45.53500
v 74.84000 10.22000 45.53500
v 74.84000 9.94000 46.98500
v 85.24000 9.94000 46.98500
v 85.24000 10.22000 46.98500
v 74.84000 10.22000 46.98500
v 75.09000 3.67500 47.04500
v 84.99000 3.67500 47.04500
v 84.99000 3.92500 47.04500
v 75.09000 3.92500 47.04500
v 75.09000 3.67500 47.79500
v 84.99000 3.67500 47.79500
v 84.99000 3.92500 47.79500
v 75.09000 3.92500 47.79500
v 46.00000 0.00000 46.40000
v 92.00000 0.00000 46.40000
v 92.00000 2.10000 46.40000
v 46.00000 2.10000 46.40000
v 46.00000 0.00000 46.50000
v 92.00000 0.00000 46.50000
v 92.00000 2.10000 46.50000
v 46.00000 2.10000 46.50000
v 46.00000 0.00000 9.50000
v 84.20000 0.00000 9.50000
v 84.20000 14.00000 9.50000
v 46.00000 14.00000 9.50000
v 46.00000 0.00000 10.50000
v 84.20000 0.00000 10.50000
v 84.20000 14.00000 10.50000
v 46.00000 14.00000 10.50000
v 90.00000 0.00000 9.50000
v 92.00000 0.00000 9.50000
v 92.00000 14.00000 9.50000
v 90.00000 14.00000 9.50000
v 90.00000 0.00000 10.50000
v 92.00000 0.00000 10.50000
v 92.00000 14.00000 10.50000
v 90.00000 14.00000 10.50000
v 84.20000 8.80000 9.50000
v 90.00000 8.80000 9.50000
v 90.00000 14.00000 9.50000
v 84.20000 14.00000 9.50000
v 84.20000 8.80000 10.50000
v 90.00000 8.80000 10.50000
v 90.00000 14.00000 10.50000
v 84.20000 14.00000 10.50000
v 84.36000 0.09000 9.88000
v 89.84000 0.09000 9.88000
v 89.84000 8.71000 9.88000
v 84.36000 8.71000 9.88000
v 84.36000 0.09000 10.12000
v 89.84000 0.09000 10.12000
v 89.84000 8.71000 10.12000
v 84.36000 8.71000 10.12000
v 87.69000 4.20000 9.79000
v 88.41000 4.20000 9.79000
v 88.41000 7.20000 9.79000
v 87.69000 7.20000 9.79000
v 87.69000 4.20000 9.91000
v 88.41000 4.20000 9.91000
v 88.41000 7.20000 9.91000
v 87.69000 7.20000 9.91000
v 84.07500 -0.22500 9.62000
v 84.32500 -0.22500 9.62000
v 84.32500 9.02500 9.62000
v 84.07500 9.02500 9.62000
v 84.07500 -0.22500 10.02000
v 84.32500 -0.22500 10.02000
v 84.32500 9.02500 10.02000
v 84.07500 9.02500 10.02000
v 89.87500 -0.22500 9.62000
v 90.12500 -0.22500 9.62000
v 90.12500 9.02500 9.62000
v 89.87500 9.02500 9.62000
v 89.87500 -0.22500 10.02000
v 90.12500 -0.22500 10.02000
v 90.12500 9.02500 10.02000
v 89.87500 9.02500 10.02000
v 83.95000 8.67500 9.62000
v 90.25000 8.67500 9.62000
v 90.25000 8.92500 9.62000
v 83.95000 8.92500 9.62000
v 83.95000 8.67500 10.02000
v 90.25000 8.67500 10.02000
v 90.25000 8.92500 10.02000
v 83.95000 8.92500 10.02000
v 82.55000 5.70000 9.71000
v 84.25000 5.70000 9.71000
v 84.25000 6.50000 9.71000
v 82.55000 6.50000 9.71000
v 82.55000 5.70000 9.85000
v 84.25000 5.70000 9.85000
v 84.25000 6.50000 9.85000
v 82.55000 6.50000 9.85000
v -54.50000 0.00000 -47.00000
v -53.50000 0.00000 -47.00000
v -53.50000 14.00000 -47.00000
v -54.50000 14.00000 -47.00000
v -54.50000 0.00000 -10.00000
v -53.50000 0.00000 -10.00000
v -53.50000 14.00000 -10.00000
v -54.50000 14.00000 -10.00000
v -16.50000 0.00000 -47.00000
v -15.50000 0.00000 -47.00000
v -15.50000 14.00000 -47.00000
v -16.50000 14.00000 -47.00000
v -16.50000 0.00000 -10.00000
v -15.50000 0.00000 -10.00000
v -15.50000 14.00000 -10.00000
v -16.50000 14.00000 -10.00000
v 15.50000 0.00000 -47.00000
v 16.50000 0.00000 -47.00000
v 16.50000 14.00000 -47.00000
v 15.50000 14.00000 -47.00000
v 15.50000 0.00000 -10.00000
v 16.50000 0.00000 -10.00000
v 16.50000 14.00000 -10.00000
v 15.50000 14.00000 -10.00000
v 53.50000 0.00000 -47.00000
v 54.50000 0.00000 -47.00000
v 54.50000 14.00000 -47.00000
v 53.50000 14.00000 -47.00000
v 53.50000 0.00000 -10.00000
v 54.50000 0.00000 -10.00000
v 54.50000 14.00000 -10.00000
v 53.50000 14.00000 -10.00000
v -46.50000 0.00000 10.00000
v -45.50000 0.00000 10.00000
v -45.50000 14.00000 10.00000
v -46.50000 14.00000 10.00000
v -46.50000 0.00000 47.00000
v -45.50000 0.00000 47.00000
v -45.50000 14.00000 47.00000
v -46.50000 14.00000 47.00000
v -0.50000 0.00000 10.00000
v 0.50000 0.00000 10.00000
v 0.50000 14.00000 10.00000
v -0.50000 14.00000 10.00000
v -0.50000 0.00000 47.00000
v 0.50000 0.00000 47.00000
v 0.50000 14.00000 47.00000
v -0.50000 14.00000 47.00000
v 45.50000 0.00000 10.00000
v 46.50000 0.00000 10.00000
v 46.50000 14.00000 10.00000
v 45.50000 14.00000 10.00000
v 45.50000 0.00000 47.00000
v 46.50000 0.00000 47.00000
v 46.50000 14.00000 47.00000
v 45.50000 14.00000 47.00000
v -92.00000 0.00000 -9.50500
v 92.00000 0.00000 -9.50500
v 92.00000 1.30000 -9.50500
v -92.00000 1.30000 -9.50500
v -92.00000 0.00000 -9.41500
v 92.00000 0.00000 -9.41500
v 92.00000 1.30000 -9.41500
v -92.00000 1.30000 -9.41500
v -92.00000 0.00000 9.41500
v 92.00000 0.00000 9.41500
v 92.00000 1.30000 9.41500
v -92.00000 1.30000 9.41500
v -92.00000 0.00000 9.50500
v 92.00000 0.00000 9.50500
v 92.00000 1.30000 9.50500
v -92.00000 1.30000 9.50500
v -92.00000 13.49000 -10.00000
v 92.00000 13.49000 -10.00000
v 92.00000 13.67000 -10.00000
v -92.00000 13.67000 -10.00000
v -92.00000 13.49000 10.00000
v 92.00000 13.49000 10.00000
v 92.00000 13.67000 10.00000
v -92.00000 13.67000 10.00000
v -82.00000 13.40000 -0.70000
v -74.00000 13.40000 -0.70000
v -74.00000 13.50000 -0.70000
v -82.00000 13.50000 -0.70000
v -82.00000 13.40000 0.70000
v -74.00000 13.40000 0.70000
v -74.00000 13.50000 0.70000
v -82.00000 13.50000 0.70000
v -56.00000 13.40000 -0.70000
v -48.00000 13.40000 -0.70000
v -48.00000 13.50000 -0.70000
v -56.00000 13.50000 -0.70000
v -56.00000 13.40000 0.70000
v -48.00000 13.40000 0.70000
v -48.00000 13.50000 0.70000
v -56.00000 13.50000 0.70000
v -30.00000 13.40000 -0.70000
v -22.00000 13.40000 -0.70000
v -22.00000 13.50000 -0.70000
v -30.00000 13.50000 -0.70000
v -30.00000 13.40000 0.70000
v -22.00000 13.40000 0.70000
v -22.00000 13.50000 0.70000
v -30.00000 13.50000 0.70000
v -4.00000 13.40000 -0.70000
v 4.00000 13.40000 -0.70000
v 4.00000 13.50000 -0.70000
v -4.00000 13.50000 -0.70000
v -4.00000 13.40000 0.70000
v 4.00000 13.40000 0.70000
v 4.00000 13.50000 0.70000
v -4.00000 13.50000 0.70000
v 22.00000 13.40000 -0.70000
v 30.00000 13.40000 -0.70000
v 30.00000 13.50000 -0.70000
v 22.00000 13.50000 -0.70000
v 22.00000 13.40000 0.70000
v 30.00000 13.40000 0.70000
v 30.00000 13.50000 0.70000
v 22.00000 13.50000 0.70000
v 48.00000 13.40000 -0.70000
v 56.00000 13.40000 -0.70000
v 56.00000 13.50000 -0.70000
v 48.00000 13.50000 -0.70000
v 48.00000 13.40000 0.70000
v 56.00000 13.40000 0.70000
v 56.00000 13.50000 0.70000
v 48.00000 13.50000 0.70000
v 74.00000 13.40000 -0.70000
v 82.00000 13.40000 -0.70000
v 82.00000 13.50000 -0.70000
v 74.00000 13.50000 -0.70000
v 74.00000 13.40000 0.70000
v 82.00000 13.40000 0.70000
v 82.00000 13.50000 0.70000
v 74.00000 13.50000 0.70000
v -92.00000 14.00000 -47.50000
v -54.00000 14.00000 -47.50000
v -54.00000 18.00000 -47.50000
v -92.00000 18.00000 -47.50000
v -92.00000 14.00000 -46.50000
v -54.00000 14.00000 -46.50000
v -54.00000 18.00000 -46.50000
v -92.00000 18.00000 -46.50000
v -92.00000 23.60000 -47.50000
v -54.00000 23.60000 -47.50000
v -54.00000 28.00000 -47.50000
v -92.00000 28.00000 -47.50000
v -92.00000 23.60000 -46.50000
v -54.00000 23.60000 -46.50000
v -54.00000 28.00000 -46.50000
v -92.00000 28.00000 -46.50000
v -92.00000 18.00000 -47.50000
v -86.62000 18.00000 -47.50000
v -86.62000 23.60000 -47.50000
v -92.00000 23.60000 -47.50000
v -92.00000 18.00000 -46.50000
v -86.62000 18.00000 -46.50000
v -86.62000 23.60000 -46.50000
v -92.00000 23.60000 -46.50000
v -77.62000 18.00000 -47.50000
v -68.38000 18.00000 -47.50000
v -68.38000 23.60000 -47.50000
v -77.62000 23.60000 -47.50000
v -77.62000 18.00000 -46.50000
v -68.38000 18.00000 -46.50000
v -68.38000 23.60000 -46.50000
v -77.62000 23.60000 -46.50000
v -59.38000 18.00000 -47.50000
v -54.00000 18.00000 -47.50000
v -54.00000 23.60000 -47.50000
v -59.38000 23.60000 -47.50000
v -59.38000 18.00000 -46.50000
v -54.00000 18.00000 -46.50000
v -54.00000 23.60000 -46.50000
v -59.38000 23.60000 -46.50000
v -86.34500 18.27500 -47.12000
v -77.89500 18.27500 -47.12000
v -77.89500 23.32500 -47.12000
v -86.34500 23.32500 -47.12000
v -86.34500 18.27500 -46.88000
v -77.89500 18.27500 -46.88000
v -77.89500 23.32500 -46.88000
v -86.34500 23.32500 -46.88000
v -86.77000 17.62500 -47.11000
v -86.47000 17.62500 -47.11000
v -86.47000 23.97500 -47.11000
v -86.77000 23.97500 -47.11000
v -86.77000 17.62500 -46.69000
v -86.47000 17.62500 -46.69000
v -86.47000 23.97500 -46.69000
v -86.77000 23.97500 -46.69000
v -77.77000 17.62500 -47.11000
v -77.47000 17.62500 -47.11000
v -77.47000 23.97500 -47.11000
v -77.77000 23.97500 -47.11000
v -77.77000 17.62500 -46.69000
v -77.47000 17.62500 -46.69000
v -77.47000 23.97500 -46.69000
v -77.77000 23.97500 -46.69000
v -86.92000 23.45000 -47.11000
v -77.32000 23.45000 -47.11000
v -77.32000 23.75000 -47.11000
v -86.92000 23.75000 -47.11000
v -86.92000 23.45000 -46.69000
v -77.32000 23.45000 -46.69000
v -77.32000 23.75000 -46.69000
v -86.92000 23.75000 -46.69000
v -86.92000 17.85000 -47.11000
v -77.32000 17.85000 -47.11000
v -77.32000 18.15000 -47.11000
v -86.92000 18.15000 -47.11000
v -86.92000 17.85000 -46.69000
v -77.32000 17.85000 -46.69000
v -77.32000 18.15000 -46.69000
v -86.92000 18.15000 -46.69000
v -82.21000 18.10000 -47.16000
v -82.03000 18.10000 -47.16000
v -82.03000 23.50000 -47.16000
v -82.21000 23.50000 -47.16000
v -82.21000 18.10000 -46.84000
v -82.03000 18.10000 -46.84000
v -82.03000 23.50000 -46.84000
v -82.21000 23.50000 -46.84000
v -87.32000 23.94000 -46.98500
v -76.92000 23.94000 -46.98500
v -76.92000 24.22000 -46.98500
v -87.32000 24.22000 -46.98500
v -87.32000 23.94000 -45.53500
v -76.92000 23.94000 -45.53500
v -76.92000 24.22000 -45.53500
v -87.32000 24.22000 -45.53500
v -87.07000 17.67500 -47.79500
v -77.17000 17.67500 -47.79500
v -77.17000 17.92500 -47.79500
v -87.07000 17.92500 -47.79500
v -87.07000 17.67500 -47.04500
v -77.17000 17.67500 -47.04500
v -77.17000 17.92500 -47.04500
v -87.07000 17.92500 -47.04500
v -68.10500 18.27500 -47.12000
v -59.65500 18.27500 -47.12000
v -59.65500 23.32500 -47.12000
v -68.10500 23.32500 -47.12000
v -68.10500 18.27500 -46.88000
v -59.65500 18.27500 -46.88000
v -59.65500 23.32500 -46.88000
v -68.10500 23.32500 -46.88000
v -68.53000 17.62500 -47.11000
v -68.23000 17.62500 -47.11000
v -68.23000 23.97500 -47.11000
v -68.53000 23.97500 -47.11000
v -68.53000 17.62500 -46.69000
v -68.23000 17.62500 -46.69000
v -68.23000 23.97500 -46.69000
v -68.53000 23.97500 -46.69000
v -59.53000 17.62500 -47.11000
v -59.23000 17.62500 -47.11000
v -59.23000 23.97500 -47.11000
v -59.53000 23.97500 -47.11000
v -59.53000 17.62500 -46.69000
v -59.23000 17.62500 -46.69000
v -59.23000 23.97500 -46.69000
v -59.53000 23.97500 -46.69000
v -68.68000 23.45000 -47.11000
v -59.08000 23.45000 -47.11000
v -59.08000 23.75000 -47.11000
v -68.68000 23.75000 -47.11000
v -68.68000 23.45000 -46.69000
v -59.08000 23.45000 -46.69000
v -59.08000 23.75000 -46.69000
v -68.68000 23.75000 -46.69000
v -68.68000 17.85000 -47.11000
v -59.08000 17.85000 -47.11000
v -59.08000 18.15000 -47.11000
v -68.68000 18.15000 -47.11000
v -68.68000 17.85000 -46.69000
v -59.08000 17.85000 -46.69000
v -59.08000 18.15000 -46.69000
v -68.68000 18.15000 -46.69000
v -63.97000 18.10000 -47.16000
v -63.79000 18.10000 -47.16000
v -63.79000 23.50000 -47.16000
v -63.97000 23.50000 -47.16000
v -63.97000 18.10000 -46.84000
v -63.79000 18.10000 -46.84000
v -63.79000 23.50000 -46.84000
v -63.97000 23.50000 -46.84000
v -69.08000 23.94000 -46.98500
v -58.68000 23.94000 -46.98500
v -58.68000 24.22000 -46.98500
v -69.08000 24.22000 -46.98500
v -69.08000 23.94000 -45.53500
v -58.68000 23.94000 -45.53500
v -58.68000 24.22000 -45.53500
v -69.08000 24.22000 -45.53500
v -68.83000 17.67500 -47.79500
v -58.93000 17.67500 -47.79500
v -58.93000 17.92500 -47.79500
v -68.83000 17.92500 -47.79500
v -68.83000 17.67500 -47.04500
v -58.93000 17.67500 -47.04500
v -58.93000 17.92500 -47.04500
v -68.83000 17.92500 -47.04500
v -92.00000 14.00000 -46.50000
v -54.00000 14.00000 -46.50000
v -54.00000 16.10000 -46.50000
v -92.00000 16.10000 -46.50000
v -92.00000 14.00000 -46.40000
v -54.00000 14.00000 -46.40000
v -54.00000 16.10000 -46.40000
v -92.00000 16.10000 -46.40000
v -92.00000 14.00000 -10.50000
v -90.00000 14.00000 -10.50000
v -90.00000 28.00000 -10.50000
v -92.00000 28.00000 -10.50000
v -92.00000 14.00000 -9.50000
v -90.00000 14.00000 -9.50000
v -90.00000 28.00000 -9.50000
v -92.00000 28.00000 -9.50000
v -84.20000 14.00000 -10.50000
v -54.00000 14.00000 -10.50000
v -54.00000 28.00000 -10.50000
v -84.20000 28.00000 -10.50000
v -84.20000 14.00000 -9.50000
v -54.00000 14.00000 -9.50000
v -54.00000 28.00000 -9.50000
v -84.20000 28.00000 -9.50000
v -90.00000 22.80000 -10.50000
v -84.20000 22.80000 -10.50000
v -84.20000 28.00000 -10.50000
v -90.00000 28.00000 -10.50000
v -90.00000 22.80000 -9.50000
v -84.20000 22.80000 -9.50000
v -84.20000 28.00000 -9.50000
v -90.00000 28.00000 -9.50000
v -89.84000 14.09000 -10.12000
v -84.36000 14.09000 -10.12000
v -84.36000 22.71000 -10.12000
v -89.84000 22.71000 -10.12000
v -89.84000 14.09000 -9.88000
v -84.36000 14.09000 -9.88000
v -84.36000 22.71000 -9.88000
v -89.84000 22.71000 -9.88000
v -86.51000 18.20000 -10.21000
v -85.79000 18.20000 -10.21000
v -85.79000 21.20000 -10.21000
v -86.51000 21.20000 -10.21000
v -86.51000 18.20000 -10.09000
v -85.79000 18.20000 -10.09000
v -85.79000 21.20000 -10.09000
v -86.51000 21.20000 -10.09000
v -90.12500 13.77500 -10.38000
v -89.87500 13.77500 -10.38000
v -89.87500 23.02500 -10.38000
v -90.12500 23.02500 -10.38000
v -90.12500 13.77500 -9.98000
v -89.87500 13.77500 -9.98000
v -89.87500 23.02500 -9.98000
v -90.12500 23.02500 -9.98000
v -84.32500 13.77500 -10.38000
v -84.07500 13.77500 -10.38000
v -84.07500 23.02500 -10.38000
v -84.32500 23.02500 -10.38000
v -84.32500 13.77500 -9.98000
v -84.07500 13.77500 -9.98000
v -84.07500 23.02500 -9.98000
v -84.32500 23.02500 -9.98000
v -90.25000 22.67500 -10.38000
v -83.95000 22.67500 -10.38000
v -83.95000 22.92500 -10.38000
v -90.25000 22.92500 -10.38000
v -90.25000 22.67500 -9.98000
v -83.95000 22.67500 -9.98000
v -83.95000 22.92500 -9.98000
v -90.25000 22.92500 -9.98000
v -84.25000 19.70000 -10.29000
v -82.55000 19.70000 -10.29000
v -82.55000 20.50000 -10.29000
v -84.25000 20.50000 -10.29000
v -84.25000 19.70000 -10.15000
v -82.55000 19.70000 -10.15000
v -82.55000 20.50000 -10.15000
v -84.25000 20.50000 -10.15000
v -54.00000 14.00000 -47.50000
v -16.00000 14.00000 -47.50000
v -16.00000 18.00000 -47.50000
v -54.00000 18.00000 -47.50000
v -54.00000 14.00000 -46.50000
v -16.00000 14.00000 -46.50000
v -16.00000 18.00000 -46.50000
v -54.00000 18.00000 -46.50000
v -54.00000 23.60000 -47.50000
v -16.00000 23.60000 -47.50000
v -16.00000 28.00000 -47.50000
v -54.00000 28.00000 -47.50000
v -54.00000 23.60000 -46.50000
v -16.00000 23.60000 -46.50000
v -16.00000 28.00000 -46.50000
v -54.00000 28.00000 -46.50000
v -54.00000 18.00000 -47.50000
v -48.62000 18.00000 -47.50000
v -48.62000 23.60000 -47.50000
v -54.00000 23.60000 -47.50000
v -54.00000 18.00000 -46.50000
v -48.62000 18.00000 -46.50000
v -48.62000 23.60000 -46.50000
v -54.00000 23.60000 -46.50000
v -39.62000 18.00000 -47.50000
v -30.38000 18.00000 -47.50000
v -30.38000 23.60000 -47.50000
v -39.62000 23.60000 -47.50000
v -39.62000 18.00000 -46.50000
v -30.38000 18.00000 -46.50000
v -30.38000 23.60000 -46.50000
v -39.62000 23.60000 -46.50000
v -21.38000 18.00000 -47.50000
v -16.00000 18.00000 -47.50000
v -16.00000 23.60000 -47.50000
v -21.38000 23.60000 -47.50000
v -21.38000 18.00000 -46.50000
v -16.00000 18.00000 -46.50000
v -16.00000 23.60000 -46.50000
v -21.38000 23.60000 -46.50000
v -48.34500 18.27500 -47.12000
v -39.89500 18.27500 -47.12000
v -39.89500 23.32500 -47.12000
v -48.34500 23.32500 -47.12000
v -48.34500 18.27500 -46.88000
v -39.89500 18.27500 -46.88000
v -39.89500 23.32500 -46.88000
v -48.34500 23.32500 -46.88000
v -48.77000 17.62500 -47.11000
v -48.47000 17.62500 -47.11000
v -48.47000 23.97500 -47.11000
v -48.77000 23.97500 -47.11000
v -48.77000 17.62500 -46.69000
v -48.47000 17.62500 -46.69000
v -48.47000 23.97500 -46.69000
v -48.77000 23.97500 -46.69000
v -39.77000 17.62500 -47.11000
v -39.47000 17.62500 -47.11000
v -39.47000 23.97500 -47.11000
v -39.77000 23.97500 -47.11000
v -39.77000 17.62500 -46.69000
v -39.47000 17.62500 -46.69000
v -39.47000 23.97500 -46.69000
v -39.77000 23.97500 -46.69000
v -48.92000 23.45000 -47.11000
v -39.32000 23.45000 -47.11000
v -39.32000 23.75000 -47.11000
v -48.92000 23.75000 -47.11000
v -48.92000 23.45000 -46.69000
v -39.32000 23.45000 -46.69000
v -39.32000 23.75000 -46.69000
v -48.92000 23.75000 -46.69000
v -48.92000 17.85000 -47.11000
v -39.32000 17.85000 -47.11000
v -39.32000 18.15000 -47.11000
v -48.92000 18.15000 -47.11000
v -48.92000 17.85000 -46.69000
v -39.32000 17.85000 -46.69000
v -39.32000 18.15000 -46.69000
v -48.92000 18.15000 -46.69000
v -44.21000 18.10000 -47.16000
v -44.03000 18.10000 -47.16000
v -44.03000 23.50000 -47.16000
v -44.21000 23.50000 -47.16000
v -44.21000 18.10000 -46.84000
v -44.03000 18.10000 -46.84000
v -44.03000 23.50000 -46.84000
v -44.21000 23.50000 -46.84000
v -49.32000 23.94000 -46.98500
v -38.92000 23.94000 -46.98500
v -38.92000 24.22000 -46.98500
v -49.32000 24.22000 -46.98500
v -49.32000 23.94000 -45.53500
v -38.92000 23.94000 -45.53500
v -38.92000 24.22000 -45.53500
v -49.32000 24.22000 -45.53500
v -49.07000 17.67500 -47.79500
v -39.17000 17.67500 -47.79500
v -39.17000 17.92500 -47.79500
v -49.07000 17.92500 -47.79500
v -49.07000 17.67500 -47.04500
v -39.17000 17.67500 -47.04500
v -39.17000 17.92500 -47.04500
v -49.07000 17.92500 -47.04500
v -30.10500 18.27500 -47.12000
v -21.65500 18.27500 -47.12000
v -21.65500 23.32500 -47.12000
v -30.10500 23.32500 -47.12000
v -30.10500 18.27500 -46.88000
v -21.65500 18.27500 -46.88000
v -21.65500 23.32500 -46.88000
v -30.10500 23.32500 -46.88000
v -30.53000 17.62500 -47.11000
v -30.23000 17.62500 -47.11000
v -30.23000 23.97500 -47.11000
v -30.53000 23.97500 -47.11000
v -30.53000 17.62500 -46.69000
v -30.23000 17.62500 -46.69000
v -30.23000 23.97500 -46.69000
v -30.53000 23.97500 -46.69000
v -21.53000 17.62500 -47.11000
v -21.23000 17.62500 -47.11000
v -21.23000 23.97500 -47.11000
v -21.53000 23.97500 -47.11000
v -21.53000 17.62500 -46.69000
v -21.23000 17.62500 -46.69000
v -21.23000 23.97500 -46.69000
v -21.53000 23.97500 -46.69000
v -30.68000 23.45000 -47.11000
v -21.08000 23.45000 -47.11000
v -21.08000 23.75000 -47.11000
v -30.68000 23.75000 -47.11000
v -30.68000 23.45000 -46.69000
v -21.08000 23.45000 -46.69000
v -21.08000 23.75000 -46.69000
v -30.68000 23.75000 -46.69000
v -30.68000 17.85000 -47.11000
v -21.08000 17.85000 -47.11000
v -21.08000 18.15000 -47.11000
v -30.68000 18.15000 -47.11000
v -30.68000 17.85000 -46.69000
v -21.08000 17.85000 -46.69000
v -21.08000 18.15000 -46.69000
v -30.68000 18.15000 -46.69000
v -25.97000 18.10000 -47.16000
v -25.79000 18.10000 -47.16000
v -25.79000 23.50000 -47.16000
v -25.97000 23.50000 -47.16000
v -25.97000 18.10000 -46.84000
v -25.79000 18.10000 -46.84000
v -25.79000 23.50000 -46.84000
v -25.97000 23.50000 -46.84000
v -31.08000 23.94000 -46.98500
v -20.68000 23.94000 -46.98500
v -20.68000 24.22000 -46.98500
v -31.08000 24.22000 -46.98500
v -31.08000 23.94000 -45.53500
v -20.68000 23.94000 -45.53500
v -20.68000 24.22000 -45.53500
v -31.08000 24.22000 -45.53500
v -30.83000 17.67500 -47.79500
v -20.93000 17.67500 -47.79500
v -20.93000 17.92500 -47.79500
v -30.83000 17.92500 -47.79500
v -30.83000 17.67500 -47.04500
v -20.93000 17.67500 -47.04500
v -20.93000 17.92500 -47.04500
v -30.83000 17.92500 -47.04500
v -54.00000 14.00000 -46.50000
v -16.00000 14.00000 -46.50000
v -16.00000 16.10000 -46.50000
v -54.00000 16.10000 -46.50000
v -54.00000 14.00000 -46.40000
v -16.00000 14.00000 -46.40000
v -16.00000 16.10000 -46.40000
v -54.00000 16.10000 -46.40000
v -54.00000 14.00000 -10.50000
v -23.80000 14.00000 -10.50000
v -23.80000 28.00000 -10.50000
v -54.00000 28.00000 -10.50000
v -54.00000 14.00000 -9.50000
v -23.80000 14.00000 -9.50000
v -23.80000 28.00000 -9.50000
v -54.00000 28.00000 -9.50000
v -18.00000 14.00000 -10.50000
v -16.00000 14.00000 -10.50000
v -16.00000 28.00000 -10.50000
v -18.00000 28.00000 -10.50000
v -18.00000 14.00000 -9.50000
v -16.00000 14.00000 -9.50000
v -16.00000 28.00000 -9.50000
v -18.00000 28.00000 -9.50000
v -23.80000 22.80000 -10.50000
v -18.00000 22.80000 -10.50000
v -18.00000 28.00000 -10.50000
v -23.80000 28.00000 -10.50000
v -23.80000 22.80000 -9.50000
v -18.00000 22.80000 -9.50000
v -18.00000 28.00000 -9.50000
v -23.80000 28.00000 -9.50000
v -23.64000 14.09000 -10.12000
v -18.16000 14.09000 -10.12000
v -18.16000 22.71000 -10.12000
v -23.64000 22.71000 -10.12000
v -23.64000 14.09000 -9.88000
v -18.16000 14.09000 -9.88000
v -18.16000 22.71000 -9.88000
v -23.64000 22.71000 -9.88000
v -20.31000 18.20000 -10.21000
v -19.59000 18.20000 -10.21000
v -19.59000 21.20000 -10.21000
v -20.31000 21.20000 -10.21000
v -20.31000 18.20000 -10.09000
v -19.59000 18.20000 -10.09000
v -19.59000 21.20000 -10.09000
v -20.31000 21.20000 -10.09000
v -23.92500 13.77500 -10.38000
v -23.67500 13.77500 -10.38000
v -23.67500 23.02500 -10.38000
v -23.92500 23.02500 -10.38000
v -23.92500 13.77500 -9.98000
v -23.67500 13.77500 -9.98000
v -23.67500 23.02500 -9.98000
v -23.92500 23.02500 -9.98000
v -18.12500 13.77500 -10.38000
v -17.87500 13.77500 -10.38000
v -17.87500 23.02500 -10.38000
v -18.12500 23.02500 -10.38000
v -18.12500 13.77500 -9.98000
v -17.87500 13.77500 -9.98000
v -17.87500 23.02500 -9.98000
v -18.12500 23.02500 -9.98000
v -24.05000 22.67500 -10.38000
v -17.75000 22.67500 -10.38000
v -17.75000 22.92500 -10.38000
v -24.05000 22.92500 -10.38000
v -24.05000 22.67500 -9.98000
v -17.75000 22.67500 -9.98000
v -17.75000 22.92500 -9.98000
v -24.05000 22.92500 -9.98000
v -25.45000 19.70000 -10.29000
v -23.75000 19.70000 -10.29000
v -23.75000 20.50000 -10.29000
v -25.45000 20.50000 -10.29000
v -25.45000 19.70000 -10.15000
v -23.75000 19.70000 -10.15000
v -23.75000 20.50000 -10.15000
v -25.45000 20.50000 -10.15000
v 16.00000 14.00000 -47.50000
v 54.00000 14.00000 -47.50000
v 54.00000 18.00000 -47.50000
v 16.00000 18.00000 -47.50000
v 16.00000 14.00000 -46.50000
v 54.00000 14.00000 -46.50000
v 54.00000 18.00000 -46.50000
v 16.00000 18.00000 -46.50000
v 16.00000 23.60000 -47.50000
v 54.00000 23.60000 -47.50000
v 54.00000 28.00000 -47.50000
v 16.00000 28.00000 -47.50000
v 16.00000 23.60000 -46.50000
v 54.00000 23.60000 -46.50000
v 54.00000 28.00000 -46.50000
v 16.00000 28.00000 -46.50000
v 16.00000 18.00000 -47.50000
v 21.38000 18.00000 -47.50000
v 21.38000 23.60000 -47.50000
v 16.00000 23.60000 -47.50000
v 16.00000 18.00000 -46.50000
v 21.38000 18.00000 -46.50000
v 21.38000 23.60000 -46.50000
v 16.00000 23.60000 -46.50000
v 30.38000 18.00000 -47.50000
v 39.62000 18.00000 -47.50000
v 39.62000 23.60000 -47.50000
v 30.38000 23.60000 -47.50000
v 30.38000 18.00000 -46.50000
v 39.62000 18.00000 -46.50000
v 39.62000 23.60000 -46.50000
v 30.38000 23.60000 -46.50000
v 48.62000 18.00000 -47.50000
v 54.00000 18.00000 -47.50000
v 54.00000 23.60000 -47.50000
v 48.62000 23.60000 -47.50000
v 48.62000 18.00000 -46.50000
v 54.00000 18.00000 -46.50000
v 54.00000 23.60000 -46.50000
v 48.62000 23.60000 -46.50000
v 21.65500 18.27500 -47.12000
v 30.10500 18.27500 -47.12000
v 30.10500 23.32500 -47.12000
v 21.65500 23.32500 -47.12000
v 21.65500 18.27500 -46.88000
v 30.10500 18.27500 -46.88000
v 30.10500 23.32500 -46.88000
v 21.65500 23.32500 -46.88000
v 21.23000 17.62500 -47.11000
v 21.53000 17.62500 -47.11000
v 21.53000 23.97500 -47.11000
v 21.23000 23.97500 -47.11000
v 21.23000 17.62500 -46.69000
v 21.53000 17.62500 -46.69000
v 21.53000 23.97500 -46.69000
v 21.23000 23.97500 -46.69000
v 30.23000 17.62500 -47.11000
v 30.53000 17.62500 -47.11000
v 30.53000 23.97500 -47.11000
v 30.23000 23.97500 -47.11000
v 30.23000 17.62500 -46.69000
v 30.53000 17.62500 -46.69000
v 30.53000 23.97500 -46.69000
v 30.23000 23.97500 -46.69000
v 21.08000 23.45000 -47.11000
v 30.68000 23.45000 -47.11000
v 30.68000 23.75000 -47.11000
v 21.08000 23.75000 -47.11000
v 21.08000 23.45000 -46.69000
v 30.68000 23.45000 -46.69000
v 30.68000 23.75000 -46.69000
v 21.08000 23.75000 -46.69000
v 21.08000 17.85000 -47.11000
v 30.68000 17.85000 -47.11000
v 30.68000 18.15000 -47.11000
v 21.08000 18.15000 -47.11000
v 21.08000 17.85000 -46.69000
v 30.68000 17.85000 -46.69000
v 30.68000 18.15000 -46.69000
v 21.08000 18.15000 -46.69000
v 25.79000 18.10000 -47.16000
v 25.97000 18.10000 -47.16000
v 25.97000 23.50000 -47.16000
v 25.79000 23.50000 -47.16000
v 25.79000 18.10000 -46.84000
v 25.97000 18.10000 -46.84000
v 25.97000 23.50000 -46.84000
v 25.79000 23.50000 -46.84000
v 20.68000 23.94000 -46.98500
v 31.08000 23.94000 -46.98500
v 31.08000 24.22000 -46.98500
v 20.68000 24.22000 -46.98500
v 20.68000 23.94000 -45.53500
v 31.08000 23.94000 -45.53500
v 31.08000 24.22000 -45.53500
v 20.68000 24.22000 -45.53500
v 20.93000 17.67500 -47.79500
v 30.83000 17.67500 -47.79500
v 30.83000 17.92500 -47.79500
v 20.93000 17.92500 -47.79500
v 20.93000 17.67500 -47.04500
v 30.83000 17.67500 -47.04500
v 30.83000 17.92500 -47.04500
v 20.93000 17.92500 -47.04500
v 39.89500 18.27500 -47.12000
v 48.34500 18.27500 -47.12000
v 48.34500 23.32500 -47.12000
v 39.89500 23.32500 -47.12000
v 39.89500 18.27500 -46.88000
v 48.34500 18.27500 -46.88000
v 48.34500 23.32500 -46.88000
v 39.89500 23.32500 -46.88000
v 39.47000 17.62500 -47.11000
v 39.77000 17.62500 -47.11000
v 39.77000 23.97500 -47.11000
v 39.47000 23.97500 -47.11000
v 39.47000 17.62500 -46.69000
v 39.77000 17.62500 -46.69000
v 39.77000 23.97500 -46.69000
v 39.47000 23.97500 -46.69000
v 48.47000 17.62500 -47.11000
v 48.77000 17.62500 -47.11000
v 48.77000 23.97500 -47.11000
v 48.47000 23.97500 -47.11000
v 48.47000 17.62500 -46.69000
v 48.77000 17.62500 -46.69000
v 48.77000 23.97500 -46.69000
v 48.47000 23.97500 -46.69000
v 39.32000 23.45000 -47.11000
v 48.92000 23.45000 -47.11000
v 48.92000 23.75000 -47.11000
v 39.32000 23.75000 -47.11000
v 39.32000 23.45000 -46.69000
v 48.92000 23.45000 -46.69000
v 48.92000 23.75000 -46.69000
v 39.32000 23.75000 -46.69000
v 39.32000 17.85000 -47.11000
v 48.92000 17.85000 -47.11000
v 48.92000 18.15000 -47.11000
v 39.32000 18.15000 -47.11000
v 39.32000 17.85000 -46.69000
v 48.92000 17.85000 -46.69000
v 48.92000 18.15000 -46.69000
v 39.32000 18.15000 -46.69000
v 44.03000 18.10000 -47.16000
v 44.21000 18.10000 -47.16000
v 44.21000 23.50000 -47.16000
v 44.03000 23.50000 -47.16000
v 44.03000 18.10000 -46.84000
v 44.21000 18.10000 -46.84000
v 44.21000 23.50000 -46.84000
v 44.03000 23.50000 -46.84000
v 38.92000 23.94000 -46.98500
v 49.32000 23.94000 -46.98500
v 49.32000 24.22000 -46.98500
v 38.92000 24.22000 -46.98500
v 38.92000 23.94000 -45.53500
v 49.32000 23.94000 -45.53500
v 49.32000 24.22000 -45.53500
v 38.92000 24.22000 -45.53500
v 39.17000 17.67500 -47.79500
v 49.07000 17.67500 -47.79500
v 49.07000 17.92500 -47.79500
v 39.17000 17.92500 -47.79500
v 39.17000 17.67500 -47.04500
v 49.07000 17.67500 -47.04500
v 49.07000 17.92500 -47.04500
v 39.17000 17.92500 -47.04500
v 16.00000 14.00000 -46.50000
v 54.00000 14.00000 -46.50000
v 54.00000 16.10000 -46.50000
v 16.00000 16.10000 -46.50000
v 16.00000 14.00000 -46.40000
v 54.00000 14.00000 -46.40000
v 54.00000 16.10000 -46.40000
v 16.00000 16.10000 -46.40000
v 16.00000 14.00000 -10.50000
v 18.00000 14.00000 -10.50000
v 18.00000 28.00000 -10.50000
v 16.00000 28.00000 -10.50000
v 16.00000 14.00000 -9.50000
v 18.00000 14.00000 -9.50000
v 18.00000 28.00000 -9.50000
v 16.00000 28.00000 -9.50000
v 23.80000 14.00000 -10.50000
v 54.00000 14.00000 -10.50000
v 54.00000 28.00000 -10.50000
v 23.80000 28.00000 -10.50000
v 23.80000 14.00000 -9.50000
v 54.00000 14.00000 -9.50000
v 54.00000 28.00000 -9.50000
v 23.80000 28.00000 -9.50000
v 18.00000 22.80000 -10.50000
v 23.80000 22.80000 -10.50000
v 23.80000 28.00000 -10.50000
v 18.00000 28.00000 -10.50000
v 18.00000 22.80000 -9.50000
v 23.80000 22.80000 -9.50000
v 23.80000 28.00000 -9.50000
v 18.00000 28.00000 -9.50000
v 18.16000 14.09000 -10.12000
v 23.64000 14.09000 -10.12000
v 23.64000 22.71000 -10.12000
v 18.16000 22.71000 -10.12000
v 18.16000 14.09000 -9.88000
v 23.64000 14.09000 -9.88000
v 23.64000 22.71000 -9.88000
v 18.16000 22.71000 -9.88000
v 21.49000 18.20000 -10.21000
v 22.21000 18.20000 -10.21000
v 22.21000 21.20000 -10.21000
v 21.49000 21.20000 -10.21000
v 21.49000 18.20000 -10.09000
v 22.21000 18.20000 -10.09000
v 22.21000 21.20000 -10.09000
v 21.49000 21.20000 -10.09000
v 17.87500 13.77500 -10.38000
v 18.12500 13.77500 -10.38000
v 18.12500 23.02500 -10.38000
v 17.87500 23.02500 -10.38000
v 17.87500 13.77500 -9.98000
v 18.12500 13.77500 -9.98000
v 18.12500 23.02500 -9.98000
v 17.87500 23.02500 -9.98000
v 23.67500 13.77500 -10.38000
v 23.92500 13.77500 -10.38000
v 23.92500 23.02500 -10.38000
v 23.67500 23.02500 -10.38000
v 23.67500 13.77500 -9.98000
v 23.92500 13.77500 -9.98000
v 23.92500 23.02500 -9.98000
v 23.67500 23.02500 -9.98000
v 17.75000 22.67500 -10.38000
v 24.05000 22.67500 -10.38000
v 24.05000 22.92500 -10.38000
v 17.75000 22.92500 -10.38000
v 17.75000 22.67500 -9.98000
v 24.05000 22.67500 -9.98000
v 24.05000 22.92500 -9.98000
v 17.75000 22.92500 -9.98000
v 23.75000 19.70000 -10.29000
v 25.45000 19.70000 -10.29000
v 25.45000 20.50000 -10.29000
v 23.75000 20.50000 -10.29000
v 23.75000 19.70000 -10.15000
v 25.45000 19.70000 -10.15000
v 25.45000 20.50000 -10.15000
v 23.75000 20.50000 -10.15000
v 54.00000 14.00000 -47.50000
v 92.00000 14.00000 -47.50000
v 92.00000 18.00000 -47.50000
v 54.00000 18.00000 -47.50000
v 54.00000 14.00000 -46.50000
v 92.00000 14.00000 -46.50000
v 92.00000 18.00000 -46.50000
v 54.00000 18.00000 -46.50000
v 54.00000 23.60000 -47.50000
v 92.00000 23.60000 -47.50000
v 92.00000 28.00000 -47.50000
v 54.00000 28.00000 -47.50000
v 54.00000 23.60000 -46.50000
v 92.00000 23.60000 -46.50000
v 92.00000 28.00000 -46.50000
v 54.00000 28.00000 -46.50000
v 54.00000 18.00000 -47.50000
v 59.38000 18.00000 -47.50000
v 59.38000 23.60000 -47.50000
v 54.00000 23.60000 -47.50000
v 54.00000 18.00000 -46.50000
v 59.38000 18.00000 -46.50000
v 59.38000 23.60000 -46.50000
v 54.00000 23.60000 -46.50000
v 68.38000 18.00000 -47.50000
v 77.62000 18.00000 -47.50000
v 77.62000 23.60000 -47.50000
v 68.38000 23.60000 -47.50000
v 68.38000 18.00000 -46.50000
v 77.62000 18.00000 -46.50000
v 77.62000 23.60000 -46.50000
v 68.38000 23.60000 -46.50000
v 86.62000 18.00000 -47.50000
v 92.00000 18.00000 -47.50000
v 92.00000 23.60000 -47.50000
v 86.62000 23.60000 -47.50000
v 86.62000 18.00000 -46.50000
v 92.00000 18.00000 -46.50000
v 92.00000 23.60000 -46.50000
v 86.62000 23.60000 -46.50000
v 59.65500 18.27500 -47.12000
v 68.10500 18.27500 -47.12000
v 68.10500 23.32500 -47.12000
v 59.65500 23.32500 -47.12000
v 59.65500 18.27500 -46.88000
v 68.10500 18.27500 -46.88000
v 68.10500 23.32500 -46.88000
v 59.65500 23.32500 -46.88000
v 59.23000 17.62500 -47.11000
v 59.53000 17.62500 -47.11000
v 59.53000 23.97500 -47.11000
v 59.23000 23.97500 -47.11000
v 59.23000 17.62500 -46.69000
v 59.53000 17.62500 -46.69000
v 59.53000 23.97500 -46.69000
v 59.23000 23.97500 -46.69000
v 68.23000 17.62500 -47.11000
v 68.53000 17.62500 -47.11000
v 68.53000 23.97500 -47.11000
v 68.23000 23.97500 -47.11000
v 68.23000 17.62500 -46.69000
v 68.53000 17.62500 -46.69000
v 68.53000 23.97500 -46.69000
v 68.23000 23.97500 -46.69000
v 59.08000 23.45000 -47.11000
v 68.68000 23.45000 -47.11000
v 68.68000 23.75000 -47.11000
v 59.08000 23.75000 -47.11000
v 59.08000 23.45000 -46.69000
v 68.68000 23.45000 -46.69000
v 68.68000 23.75000 -46.69000
v 59.08000 23.75000 -46.69000
v 59.08000 17.85000 -47.11000
v 68.68000 17.85000 -47.11000
v 68.68000 18.15000 -47.11000
v 59.08000 18.15000 -47.11000
v 59.08000 17.85000 -46.69000
v 68.68000 17.85000 -46.69000
v 68.68000 18.15000 -46.69000
v 59.08000 18.15000 -46.69000
v 63.79000 18.10000 -47.16000
v 63.97000 18.10000 -47.16000
v 63.97000 23.50000 -47.16000
v 63.79000 23.50000 -47.16000
v 63.79000 18.10000 -46.84000
v 63.97000 18.10000 -46.84000
v 63.97000 23.50000 -46.84000
v 63.79000 23.50000 -46.84000
v 58.68000 23.94000 -46.98500
v 69.08000 23.94000 -46.98500
v 69.08000 24.22000 -46.98500
v 58.68000 24.22000 -46.98500
v 58.68000 23.94000 -45.53500
v 69.08000 23.94000 -45.53500
v 69.08000 24.22000 -45.53500
v 58.68000 24.22000 -45.53500
v 58.93000 17.67500 -47.79500
v 68.83000 17.67500 -47.79500
v 68.83000 17.92500 -47.79500
v 58.93000 17.92500 -47.79500
v 58.93000 17.67500 -47.04500
v 68.83000 17.67500 -47.04500
v 68.83000 17.92500 -47.04500
v 58.93000 17.92500 -47.04500
v 77.89500 18.27500 -47.12000
v 86.34500 18.27500 -47.12000
v 86.34500 23.32500 -47.12000
v 77.89500 23.32500 -47.12000
v 77.89500 18.27500 -46.88000
v 86.34500 18.27500 -46.88000
v 86.34500 23.32500 -46.88000
v 77.89500 23.32500 -46.88000
v 77.47000 17.62500 -47.11000
v 77.77000 17.62500 -47.11000
v 77.77000 23.97500 -47.11000
v 77.47000 23.97500 -47.11000
v 77.47000 17.62500 -46.69000
v 77.77000 17.62500 -46.69000
v 77.77000 23.97500 -46.69000
v 77.47000 23.97500 -46.69000
v 86.47000 17.62500 -47.11000
v 86.77000 17.62500 -47.11000
v 86.77000 23.97500 -47.11000
v 86.47000 23.97500 -47.11000
v 86.47000 17.62500 -46.69000
v 86.77000 17.62500 -46.69000
v 86.77000 23.97500 -46.69000
v 86.47000 23.97500 -46.69000
v 77.32000 23.45000 -47.11000
v 86.92000 23.45000 -47.11000
v 86.92000 23.75000 -47.11000
v 77.32000 23.75000 -47.11000
v 77.32000 23.45000 -46.69000
v 86.92000 23.45000 -46.69000
v 86.92000 23.75000 -46.69000
v 77.32000 23.75000 -46.69000
v 77.32000 17.85000 -47.11000
v 86.92000 17.85000 -47.11000
v 86.92000 18.15000 -47.11000
v 77.32000 18.15000 -47.11000
v 77.32000 17.85000 -46.69000
v 86.92000 17.85000 -46.69000
v 86.92000 18.15000 -46.69000
v 77.32000 18.15000 -46.69000
v 82.03000 18.10000 -47.16000
v 82.21000 18.10000 -47.16000
v 82.21000 23.50000 -47.16000
v 82.03000 23.50000 -47.16000
v 82.03000 18.10000 -46.84000
v 82.21000 18.10000 -46.84000
v 82.21000 23.50000 -46.84000
v 82.03000 23.50000 -46.84000
v 76.92000 23.94000 -46.98500
v 87.32000 23.94000 -46.98500
v 87.32000 24.22000 -46.98500
v 76.92000 24.22000 -46.98500
v 76.92000 23.94000 -45.53500
v 87.32000 23.94000 -45.53500
v 87.32000 24.22000 -45.53500
v 76.92000 24.22000 -45.53500
v 77.17000 17.67500 -47.79500
v 87.07000 17.67500 -47.79500
v 87.07000 17.92500 -47.79500
v 77.17000 17.92500 -47.79500
v 77.17000 17.67500 -47.04500
v 87.07000 17.67500 -47.04500
v 87.07000 17.92500 -47.04500
v 77.17000 17.92500 -47.04500
v 54.00000 14.00000 -46.50000
v 92.00000 14.00000 -46.50000
v 92.00000 16.10000 -46.50000
v 54.00000 16.10000 -46.50000
v 54.00000 14.00000 -46.40000
v 92.00000 14.00000 -46.40000
v 92.00000 16.10000 -46.40000
v 54.00000 16.10000 -46.40000
v 54.00000 14.00000 -10.50000
v 84.20000 14.00000 -10.50000
v 84.20000 28.00000 -10.50000
v 54.00000 28.00000 -10.50000
v 54.00000 14.00000 -9.50000
v 84.20000 14.00000 -9.50000
v 84.20000 28.00000 -9.50000
v 54.00000 28.00000 -9.50000
v 90.00000 14.00000 -10.50000
v 92.00000 14.00000 -10.50000
v 92.00000 28.00000 -10.50000
v 90.00000 28.00000 -10.50000
v 90.00000 14.00000 -9.50000
v 92.00000 14.00000 -9.50000
v 92.00000 28.00000 -9.50000
v 90.00000 28.00000 -9.50000
v 84.20000 22.80000 -10.50000
v 90.00000 22.80000 -10.50000
v 90.00000 28.00000 -10.50000
v 84.20000 28.00000 -10.50000
v 84.20000 22.80000 -9.50000
v 90.00000 22.80000 -9.50000
v 90.00000 28.00000 -9.50000
v 84.20000 28.00000 -9.50000
v 84.36000 14.09000 -10.12000
v 89.84000 14.09000 -10.12000
v 89.84000 22.71000 -10.12000
v 84.36000 22.71000 -10.12000
v 84.36000 14.09000 -9.88000
v 89.84000 14.09000 -9.88000
v 89.84000 22.71000 -9.88000
v 84.36000 22.71000 -9.88000
v 87.69000 18.20000 -10.21000
v 88.41000 18.20000 -10.21000
v 88.41000 21.20000 -10.21000
v 87.69000 21.20000 -10.21000
v 87.69000 18.20000 -10.09000
v 88.41000 18.20000 -10.09000
v 88.41000 21.20000 -10.09000
v 87.69000 21.20000 -10.09000
v 84.07500 13.77500 -10.38000
v 84.32500 13.77500 -10.38000
v 84.32500 23.02500 -10.38000
v 84.07500 23.02500 -10.38000
v 84.07500 13.77500 -9.98000
v 84.32500 13.77500 -9.98000
v 84.32500 23.02500 -9.98000
v 84.07500 23.02500 -9.98000
v 89.87500 13.77500 -10.38000
v 90.12500 13.77500 -10.38000
v 90.12500 23.02500 -10.38000
v 89.87500 23.02500 -10.38000
v 89.87500 13.77500 -9.98000
v 90.12500 13.77500 -9.98000
v 90.12500 23.02500 -9.98000
v 89.87500 23.02500 -9.98000
v 83.95000 22.67500 -10.38000
v 90.25000 22.67500 -10.38000
v 90.25000 22.92500 -10.38000
v 83.95000 22.92500 -10.38000
v 83.95000 22.67500 -9.98000
v 90.25000 22.67500 -9.98000
v 90.25000 22.92500 -9.98000
v 83.95000 22.92500 -9.98000
v 82.55000 19.70000 -10.29000
v 84.25000 19.70000 -10.29000
v 84.25000 20.50000 -10.29000
v 82.55000 20.50000 -10.29000
v 82.55000 19.70000 -10.15000
v 84.25000 19.70000 -10.15000
v 84.25000 20.50000 -10.15000
v 82.55000 20.50000 -10.15000
v -92.00000 14.00000 46.50000
v -46.00000 14.00000 46.50000
v -46.00000 18.00000 46.50000
v -92.00000 18.00000 46.50000
v -92.00000 14.00000 47.50000
v -46.00000 14.00000 47.50000
v -46.00000 18.00000 47.50000
v -92.00000 18.00000 47.50000
v -92.00000 23.60000 46.50000
v -46.00000 23.60000 46.50000
v -46.00000 28.00000 46.50000
v -92.00000 28.00000 46.50000
v -92.00000 23.60000 47.50000
v -46.00000 23.60000 47.50000
v -46.00000 28.00000 47.50000
v -92.00000 28.00000 47.50000
v -92.00000 18.00000 46.50000
v -84.54000 18.00000 46.50000
v -84.54000 23.60000 46.50000
v -92.00000 23.60000 46.50000
v -92.00000 18.00000 47.50000
v -84.54000 18.00000 47.50000
v -84.54000 23.60000 47.50000
v -92.00000 23.60000 47.50000
v -75.54000 18.00000 46.50000
v -62.46000 18.00000 46.50000
v -62.46000 23.60000 46.50000
v -75.54000 23.60000 46.50000
v -75.54000 18.00000 47.50000
v -62.46000 18.00000 47.50000
v -62.46000 23.60000 47.50000
v -75.54000 23.60000 47.50000
v -53.46000 18.00000 46.50000
v -46.00000 18.00000 46.50000
v -46.00000 23.60000 46.50000
v -53.46000 23.60000 46.50000
v -53.46000 18.00000 47.50000
v -46.00000 18.00000 47.50000
v -46.00000 23.60000 47.50000
v -53.46000 23.60000 47.50000
v -84.26500 18.27500 46.88000
v -75.81500 18.27500 46.88000
v -75.81500 23.32500 46.88000
v -84.26500 23.32500 46.88000
v -84.26500 18.27500 47.12000
v -75.81500 18.27500 47.12000
v -75.81500 23.32500 47.12000
v -84.26500 23.32500 47.12000
v -84.69000 17.62500 46.69000
v -84.39000 17.62500 46.69000
v -84.39000 23.97500 46.69000
v -84.69000 23.97500 46.69000
v -84.69000 17.62500 47.11000
v -84.39000 17.62500 47.11000
v -84.39000 23.97500 47.11000
v -84.69000 23.97500 47.11000
v -75.69000 17.62500 46.69000
v -75.39000 17.62500 46.69000
v -75.39000 23.97500 46.69000
v -75.69000 23.97500 46.69000
v -75.69000 17.62500 47.11000
v -75.39000 17.62500 47.11000
v -75.39000 23.97500 47.11000
v -75.69000 23.97500 47.11000
v -84.84000 23.45000 46.69000
v -75.24000 23.45000 46.69000
v -75.24000 23.75000 46.69000
v -84.84000 23.75000 46.69000
v -84.84000 23.45000 47.11000
v -75.24000 23.45000 47.11000
v -75.24000 23.75000 47.11000
v -84.84000 23.75000 47.11000
v -84.84000 17.85000 46.69000
v -75.24000 17.85000 46.69000
v -75.24000 18.15000 46.69000
v -84.84000 18.15000 46.69000
v -84.84000 17.85000 47.11000
v -75.24000 17.85000 47.11000
v -75.24000 18.15000 47.11000
v -84.84000 18.15000 47.11000
v -80.13000 18.10000 46.84000
v -79.95000 18.10000 46.84000
v -79.95000 23.50000 46.84000
v -80.13000 23.50000 46.84000
v -80.13000 18.10000 47.16000
v -79.95000 18.10000 47.16000
v -79.95000 23.50000 47.16000
v -80.13000 23.50000 47.16000
v -85.24000 23.94000 45.53500
v -74.84000 23.94000 45.53500
v -74.84000 24.22000 45.53500
v -85.24000 24.22000 45.53500
v -85.24000 23.94000 46.98500
v -74.84000 23.94000 46.98500
v -74.84000 24.22000 46.98500
v -85.24000 24.22000 46.98500
v -84.99000 17.67500 47.04500
v -75.09000 17.67500 47.04500
v -75.09000 17.92500 47.04500
v -84.99000 17.92500 47.04500
v -84.99000 17.67500 47.79500
v -75.09000 17.67500 47.79500
v -75.09000 17.92500 47.79500
v -84.99000 17.92500 47.79500
v -62.18500 18.27500 46.88000
v -53.73500 18.27500 46.88000
v -53.73500 23.32500 46.88000
v -62.18500 23.32500 46.88000
v -62.18500 18.27500 47.12000
v -53.73500 18.27500 47.12000
v -53.73500 23.32500 47.12000
v -62.18500 23.32500 47.12000
v -62.61000 17.62500 46.69000
v -62.31000 17.62500 46.69000
v -62.31000 23.97500 46.69000
v -62.61000 23.97500 46.69000
v -62.61000 17.62500 47.11000
v -62.31000 17.62500 47.11000
v -62.31000 23.97500 47.11000
v -62.61000 23.97500 47.11000
v -53.61000 17.62500 46.69000
v -53.31000 17.62500 46.69000
v -53.31000 23.97500 46.69000
v -53.61000 23.97500 46.69000
v -53.61000 17.62500 47.11000
v -53.31000 17.62500 47.11000
v -53.31000 23.97500 47.11000
v -53.61000 23.97500 47.11000
v -62.76000 23.45000 46.69000
v -53.16000 23.45000 46.69000
v -53.16000 23.75000 46.69000
v -62.76000 23.75000 46.69000
v -62.76000 23.45000 47.11000
v -53.16000 23.45000 47.11000
v -53.16000 23.75000 47.11000
v -62.76000 23.75000 47.11000
v -62.76000 17.85000 46.69000
v -53.16000 17.85000 46.69000
v -53.16000 18.15000 46.69000
v -62.76000 18.15000 46.69000
v -62.76000 17.85000 47.11000
v -53.16000 17.85000 47.11000
v -53.16000 18.15000 47.11000
v -62.76000 18.15000 47.11000
v -58.05000 18.10000 46.84000
v -57.87000 18.10000 46.84000
v -57.87000 23.50000 46.84000
v -58.05000 23.50000 46.84000
v -58.05000 18.10000 47.16000
v -57.87000 18.10000 47.16000
v -57.87000 23.50000 47.16000
v -58.05000 23.50000 47.16000
v -63.16000 23.94000 45.53500
v -52.76000 23.94000 45.53500
v -52.76000 24.22000 45.53500
v -63.16000 24.22000 45.53500
v -63.16000 23.94000 46.98500
v -52.76000 23.94000 46.98500
v -52.76000 24.22000 46.98500
v -63.16000 24.22000 46.98500
v -62.91000 17.67500 47.04500
v -53.01000 17.67500 47.04500
v -53.01000 17.92500 47.04500
v -62.91000 17.92500 47.04500
v -62.91000 17.67500 47.79500
v -53.01000 17.67500 47.79500
v -53.01000 17.92500 47.79500
v -62.91000 17.92500 47.79500
v -92.00000 14.00000 46.40000
v -46.00000 14.00000 46.40000
v -46.00000 16.10000 46.40000
v -92.00000 16.10000 46.40000
v -92.00000 14.00000 46.50000
v -46.00000 14.00000 46.50000
v -46.00000 16.10000 46.50000
v -92.00000 16.10000 46.50000
v -92.00000 14.00000 9.50000
v -90.00000 14.00000 9.50000
v -90.00000 28.00000 9.50000
v -92.00000 28.00000 9.50000
v -92.00000 14.00000 10.50000
v -90.00000 14.00000 10.50000
v -90.00000 28.00000 10.50000
v -92.00000 28.00000 10.50000
v -84.20000 14.00000 9.50000
v -46.00000 14.00000 9.50000
v -46.00000 28.00000 9.50000
v -84.20000 28.00000 9.50000
v -84.20000 14.00000 10.50000
v -46.00000 14.00000 10.50000
v -46.00000 28.00000 10.50000
v -84.20000 28.00000 10.50000
v -90.00000 22.80000 9.50000
v -84.20000 22.80000 9.50000
v -84.20000 28.00000 9.50000
v -90.00000 28.00000 9.50000
v -90.00000 22.80000 10.50000
v -84.20000 22.80000 10.50000
v -84.20000 28.00000 10.50000
v -90.00000 28.00000 10.50000
v -89.84000 14.09000 9.88000
v -84.36000 14.09000 9.88000
v -84.36000 22.71000 9.88000
v -89.84000 22.71000 9.88000
v -89.84000 14.09000 10.12000
v -84.36000 14.09000 10.12000
v -84.36000 22.71000 10.12000
v -89.84000 22.71000 10.12000
v -86.51000 18.20000 9.79000
v -85.79000 18.20000 9.79000
v -85.79000 21.20000 9.79000
v -86.51000 21.20000 9.79000
v -86.51000 18.20000 9.91000
v -85.79000 18.20000 9.91000
v -85.79000 21.20000 9.91000
v -86.51000 21.20000 9.91000
v -90.12500 13.77500 9.62000
v -89.87500 13.77500 9.62000
v -89.87500 23.02500 9.62000
v -90.12500 23.02500 9.62000
v -90.12500 13.77500 10.02000
v -89.87500 13.77500 10.02000
v -89.87500 23.02500 10.02000
v -90.12500 23.02500 10.02000
v -84.32500 13.77500 9.62000
v -84.07500 13.77500 9.62000
v -84.07500 23.02500 9.62000
v -84.32500 23.02500 9.62000
v -84.32500 13.77500 10.02000
v -84.07500 13.77500 10.02000
v -84.07500 23.02500 10.02000
v -84.32500 23.02500 10.02000
v -90.25000 22.67500 9.62000
v -83.95000 22.67500 9.62000
v -83.95000 22.92500 9.62000
v -90.25000 22.92500 9.62000
v -90.25000 22.67500 10.02000
v -83.95000 22.67500 10.02000
v -83.95000 22.92500 10.02000
v -90.25000 22.92500 10.02000
v -84.25000 19.70000 9.71000
v -82.55000 19.70000 9.71000
v -82.55000 20.50000 9.71000
v -84.25000 20.50000 9.71000
v -84.25000 19.70000 9.85000
v -82.55000 19.70000 9.85000
v -82.55000 20.50000 9.85000
v -84.25000 20.50000 9.85000
v -46.00000 14.00000 46.50000
v 0.00000 14.00000 46.50000
v 0.00000 18.00000 46.50000
v -46.00000 18.00000 46.50000
v -46.00000 14.00000 47.50000
v 0.00000 14.00000 47.50000
v 0.00000 18.00000 47.50000
v -46.00000 18.00000 47.50000
v -46.00000 23.60000 46.50000
v 0.00000 23.60000 46.50000
v 0.00000 28.00000 46.50000
v -46.00000 28.00000 46.50000
v -46.00000 23.60000 47.50000
v 0.00000 23.60000 47.50000
v 0.00000 28.00000 47.50000
v -46.00000 28.00000 47.50000
v -46.00000 18.00000 46.50000
v -38.54000 18.00000 46.50000
v -38.54000 23.60000 46.50000
v -46.00000 23.60000 46.50000
v -46.00000 18.00000 47.50000
v -38.54000 18.00000 47.50000
v -38.54000 23.60000 47.50000
v -46.00000 23.60000 47.50000
v -29.54000 18.00000 46.50000
v -16.46000 18.00000 46.50000
v -16.46000 23.60000 46.50000
v -29.54000 23.60000 46.50000
v -29.54000 18.00000 47.50000
v -16.46000 18.00000 47.50000
v -16.46000 23.60000 47.50000
v -29.54000 23.60000 47.50000
v -7.46000 18.00000 46.50000
v 0.00000 18.00000 46.50000
v 0.00000 23.60000 46.50000
v -7.46000 23.60000 46.50000
v -7.46000 18.00000 47.50000
v 0.00000 18.00000 47.50000
v 0.00000 23.60000 47.50000
v -7.46000 23.60000 47.50000
v -38.26500 18.27500 46.88000
v -29.81500 18.27500 46.88000
v -29.81500 23.32500 46.88000
v -38.26500 23.32500 46.88000
v -38.26500 18.27500 47.12000
v -29.81500 18.27500 47.12000
v -29.81500 23.32500 47.12000
v -38.26500 23.32500 47.12000
v -38.69000 17.62500 46.69000
v -38.39000 17.62500 46.69000
v -38.39000 23.97500 46.69000
v -38.69000 23.97500 46.69000
v -38.69000 17.62500 47.11000
v -38.39000 17.62500 47.11000
v -38.39000 23.97500 47.11000
v -38.69000 23.97500 47.11000
v -29.69000 17.62500 46.69000
v -29.39000 17.62500 46.69000
v -29.39000 23.97500 46.69000
v -29.69000 23.97500 46.69000
v -29.69000 17.62500 47.11000
v -29.39000 17.62500 47.11000
v -29.39000 23.97500 47.11000
v -29.69000 23.97500 47.11000
v -38.84000 23.45000 46.69000
v -29.24000 23.45000 46.69000
v -29.24000 23.75000 46.69000
v -38.84000 23.75000 46.69000
v -38.84000 23.45000 47.11000
v -29.24000 23.45000 47.11000
v -29.24000 23.75000 47.11000
v -38.84000 23.75000 47.11000
v -38.84000 17.85000 46.69000
v -29.24000 17.85000 46.69000
v -29.24000 18.15000 46.69000
v -38.84000 18.15000 46.69000
v -38.84000 17.85000 47.11000
v -29.24000 17.85000 47.11000
v -29.24000 18.15000 47.11000
v -38.84000 18.15000 47.11000
v -34.13000 18.10000 46.84000
v -33.95000 18.10000 46.84000
v -33.95000 23.50000 46.84000
v -34.13000 23.50000 46.84000
v -34.13000 18.10000 47.16000
v -33.95000 18.10000 47.16000
v -33.95000 23.50000 47.16000
v -34.13000 23.50000 47.16000
v -39.24000 23.94000 45.53500
v -28.84000 23.94000 45.53500
v -28.84000 24.22000 45.53500
v -39.24000 24.22000 45.53500
v -39.24000 23.94000 46.98500
v -28.84000 23.94000 46.98500
v -28.84000 24.22000 46.98500
v -39.24000 24.22000 46.98500
v -38.99000 17.67500 47.04500
v -29.09000 17.67500 47.04500
v -29.09000 17.92500 47.04500
v -38.99000 17.92500 47.04500
v -38.99000 17.67500 47.79500
v -29.09000 17.67500 47.79500
v -29.09000 17.92500 47.79500
v -38.99000 17.92500 47.79500
v -16.18500 18.27500 46.88000
v -7.73500 18.27500 46.88000
v -7.73500 23.32500 46.88000
v -16.18500 23.32500 46.88000
v -16.18500 18.27500 47.12000
v -7.73500 18.27500 47.12000
v -7.73500 23.32500 47.12000
v -16.18500 23.32500 47.12000
v -16.61000 17.62500 46.69000
v -16.31000 17.62500 46.69000
v -16.31000 23.97500 46.69000
v -16.61000 23.97500 46.69000
v -16.61000 17.62500 47.11000
v -16.31000 17.62500 47.11000
v -16.31000 23.97500 47.11000
v -16.61000 23.97500 47.11000
v -7.61000 17.62500 46.69000
v -7.31000 17.62500 46.69000
v -7.31000 23.97500 46.69000
v -7.61000 23.97500 46.69000
v -7.61000 17.62500 47.11000
v -7.31000 17.62500 47.11000
v -7.31000 23.97500 47.11000
v -7.61000 23.97500 47.11000
v -16.76000 23.45000 46.69000
v -7.16000 23.45000 46.69000
v -7.16000 23.75000 46.69000
v -16.76000 23.75000 46.69000
v -16.76000 23.45000 47.11000
v -7.16000 23.45000 47.11000
v -7.16000 23.75000 47.11000
v -16.76000 23.75000 47.11000
v -16.76000 17.85000 46.69000
v -7.16000 17.85000 46.69000
v -7.16000 18.15000 46.69000
v -16.76000 18.15000 46.69000
v -16.76000 17.85000 47.11000
v -7.16000 17.85000 47.11000
v -7.16000 18.15000 47.11000
v -16.76000 18.15000 47.11000
v -12.05000 18.10000 46.84000
v -11.87000 18.10000 46.84000
v -11.87000 23.50000 46.84000
v -12.05000 23.50000 46.84000
v -12.05000 18.10000 47.16000
v -11.87000 18.10000 47.16000
v -11.87000 23.50000 47.16000
v -12.05000 23.50000 47.16000
v -17.16000 23.94000 45.53500
v -6.76000 23.94000 45.53500
v -6.76000 24.22000 45.53500
v -17.16000 24.22000 45.53500
v -17.16000 23.94000 46.98500
v -6.76000 23.94000 46.98500
v -6.76000 24.22000 46.98500
v -17.16000 24.22000 46.98500
v -16.91000 17.67500 47.04500
v -7.01000 17.67500 47.04500
v -7.01000 17.92500 47.04500
v -16.91000 17.92500 47.04500
v -16.91000 17.67500 47.79500
v -7.01000 17.67500 47.79500
v -7.01000 17.92500 47.79500
v -16.91000 17.92500 47.79500
v -46.00000 14.00000 46.40000
v 0.00000 14.00000 46.40000
v 0.00000 16.10000 46.40000
v -46.00000 16.10000 46.40000
v -46.00000 14.00000 46.50000
v 0.00000 14.00000 46.50000
v 0.00000 16.10000 46.50000
v -46.00000 16.10000 46.50000
v -46.00000 14.00000 9.50000
v -44.00000 14.00000 9.50000
v -44.00000 28.00000 9.50000
v -46.00000 28.00000 9.50000
v -46.00000 14.00000 10.50000
v -44.00000 14.00000 10.50000
v -44.00000 28.00000 10.50000
v -46.00000 28.00000 10.50000
v -38.20000 14.00000 9.50000
v 0.00000 14.00000 9.50000
v 0.00000 28.00000 9.50000
v -38.20000 28.00000 9.50000
v -38.20000 14.00000 10.50000
v 0.00000 14.00000 10.50000
v 0.00000 28.00000 10.50000
v -38.20000 28.00000 10.50000
v -44.00000 22.80000 9.50000
v -38.20000 22.80000 9.50000
v -38.20000 28.00000 9.50000
v -44.00000 28.00000 9.50000
v -44.00000 22.80000 10.50000
v -38.20000 22.80000 10.50000
v -38.20000 28.00000 10.50000
v -44.00000 28.00000 10.50000
v -43.84000 14.09000 9.88000
v -38.36000 14.09000 9.88000
v -38.36000 22.71000 9.88000
v -43.84000 22.71000 9.88000
v -43.84000 14.09000 10.12000
v -38.36000 14.09000 10.12000
v -38.36000 22.71000 10.12000
v -43.84000 22.71000 10.12000
v -40.51000 18.20000 9.79000
v -39.79000 18.20000 9.79000
v -39.79000 21.20000 9.79000
v -40.51000 21.20000 9.79000
v -40.51000 18.20000 9.91000
v -39.79000 18.20000 9.91000
v -39.79000 21.20000 9.91000
v -40.51000 21.20000 9.91000
v -44.12500 13.77500 9.62000
v -43.87500 13.77500 9.62000
v -43.87500 23.02500 9.62000
v -44.12500 23.02500 9.62000
v -44.12500 13.77500 10.02000
v -43.87500 13.77500 10.02000
v -43.87500 23.02500 10.02000
v -44.12500 23.02500 10.02000
v -38.32500 13.77500 9.62000
v -38.07500 13.77500 9.62000
v -38.07500 23.02500 9.62000
v -38.32500 23.02500 9.62000
v -38.32500 13.77500 10.02000
v -38.07500 13.77500 10.02000
v -38.07500 23.02500 10.02000
v -38.32500 23.02500 10.02000
v -44.25000 22.67500 9.62000
v -37.95000 22.67500 9.62000
v -37.95000 22.92500 9.62000
v -44.25000 22.92500 9.62000
v -44.25000 22.67500 10.02000
v -37.95000 22.67500 10.02000
v -37.95000 22.92500 10.02000
v -44.25000 22.92500 10.02000
v -38.25000 19.70000 9.71000
v -36.55000 19.70000 9.71000
v -36.55000 20.50000 9.71000
v -38.25000 20.50000 9.71000
v -38.25000 19.70000 9.85000
v -36.55000 19.70000 9.85000
v -36.55000 20.50000 9.85000
v -38.25000 20.50000 9.85000
v 0.00000 14.00000 46.50000
v 46.00000 14.00000 46.50000
v 46.00000 18.00000 46.50000
v 0.00000 18.00000 46.50000
v 0.00000 14.00000 47.50000
v 46.00000 14.00000 47.50000
v 46.00000 18.00000 47.50000
v 0.00000 18.00000 47.50000
v 0.00000 23.60000 46.50000
v 46.00000 23.60000 46.50000
v 46.00000 28.00000 46.50000
v 0.00000 28.00000 46.50000
v 0.00000 23.60000 47.50000
v 46.00000 23.60000 47.50000
v 46.00000 28.00000 47.50000
v 0.00000 28.00000 47.50000
v 0.00000 18.00000 46.50000
v 7.46000 18.00000 46.50000
v 7.46000 23.60000 46.50000
v 0.00000 23.60000 46.50000
v 0.00000 18.00000 47.50000
v 7.46000 18.00000 47.50000
v 7.46000 23.60000 47.50000
v 0.00000 23.60000 47.50000
v 16.46000 18.00000 46.50000
v 29.54000 18.00000 46.50000
v 29.54000 23.60000 46.50000
v 16.46000 23.60000 46.50000
v 16.46000 18.00000 47.50000
v 29.54000 18.00000 47.50000
v 29.54000 23.60000 47.50000
v 16.46000 23.60000 47.50000
v 38.54000 18.00000 46.50000
v 46.00000 18.00000 46.50000
v 46.00000 23.60000 46.50000
v 38.54000 23.60000 46.50000
v 38.54000 18.00000 47.50000
v 46.00000 18.00000 47.50000
v 46.00000 23.60000 47.50000
v 38.54000 23.60000 47.50000
v 7.73500 18.27500 46.88000
v 16.18500 18.27500 46.88000
v 16.18500 23.32500 46.88000
v 7.73500 23.32500 46.88000
v 7.73500 18.27500 47.12000
v 16.18500 18.27500 47.12000
v 16.18500 23.32500 47.12000
v 7.73500 23.32500 47.12000
v 7.31000 17.62500 46.69000
v 7.61000 17.62500 46.69000
v 7.61000 23.97500 46.69000
v 7.31000 23.97500 46.69000
v 7.31000 17.62500 47.11000
v 7.61000 17.62500 47.11000
v 7.61000 23.97500 47.11000
v 7.31000 23.97500 47.11000
v 16.31000 17.62500 46.69000
v 16.61000 17.62500 46.69000
v 16.61000 23.97500 46.69000
v 16.31000 23.97500 46.69000
v 16.31000 17.62500 47.11000
v 16.61000 17.62500 47.11000
v 16.61000 23.97500 47.11000
v 16.31000 23.97500 47.11000
v 7.16000 23.45000 46.69000
v 16.76000 23.45000 46.69000
v 16.76000 23.75000 46.69000
v 7.16000 23.75000 46.69000
v 7.16000 23.45000 47.11000
v 16.76000 23.45000 47.11000
v 16.76000 23.75000 47.11000
v 7.16000 23.75000 47.11000
v 7.16000 17.85000 46.69000
v 16.76000 17.85000 46.69000
v 16.76000 18.15000 46.69000
v 7.16000 18.15000 46.69000
v 7.16000 17.85000 47.11000
v 16.76000 17.85000 47.11000
v 16.76000 18.15000 47.11000
v 7.16000 18.15000 47.11000
v 11.87000 18.10000 46.84000
v 12.05000 18.10000 46.84000
v 12.05000 23.50000 46.84000
v 11.87000 23.50000 46.84000
v 11.87000 18.10000 47.16000
v 12.05000 18.10000 47.16000
v 12.05000 23.50000 47.16000
v 11.87000 23.50000 47.16000
v 6.76000 23.94000 45.53500
v 17.16000 23.94000 45.53500
v 17.16000 24.22000 45.53500
v 6.76000 24.22000 45.53500
v 6.76000 23.94000 46.98500
v 17.16000 23.94000 46.98500
v 17.16000 24.22000 46.98500
v 6.76000 24.22000 46.98500
v 7.01000 17.67500 47.04500
v 16.91000 17.67500 47.04500
v 16.91000 17.92500 47.04500
v 7.01000 17.92500 47.04500
v 7.01000 17.67500 47.79500
v 16.91000 17.67500 47.79500
v 16.91000 17.92500 47.79500
v 7.01000 17.92500 47.79500
v 29.81500 18.27500 46.88000
v 38.26500 18.27500 46.88000
v 38.26500 23.32500 46.88000
v 29.81500 23.32500 46.88000
v 29.81500 18.27500 47.12000
v 38.26500 18.27500 47.12000
v 38.26500 23.32500 47.12000
v 29.81500 23.32500 47.12000
v 29.39000 17.62500 46.69000
v 29.69000 17.62500 46.69000
v 29.69000 23.97500 46.69000
v 29.39000 23.97500 46.69000
v 29.39000 17.62500 47.11000
v 29.69000 17.62500 47.11000
v 29.69000 23.97500 47.11000
v 29.39000 23.97500 47.11000
v 38.39000 17.62500 46.69000
v 38.69000 17.62500 46.69000
v 38.69000 23.97500 46.69000
v 38.39000 23.97500 46.69000
v 38.39000 17.62500 47.11000
v 38.69000 17.62500 47.11000
v 38.69000 23.97500 47.11000
v 38.39000 23.97500 47.11000
v 29.24000 23.45000 46.69000
v 38.84000 23.45000 46.69000
v 38.84000 23.75000 46.69000
v 29.24000 23.75000 46.69000
v 29.24000 23.45000 47.11000
v 38.84000 23.45000 47.11000
v 38.84000 23.75000 47.11000
v 29.24000 23.75000 47.11000
v 29.24000 17.85000 46.69000
v 38.84000 17.85000 46.69000
v 38.84000 18.15000 46.69000
v 29.24000 18.15000 46.69000
v 29.24000 17.85000 47.11000
v 38.84000 17.85000 47.11000
v 38.84000 18.15000 47.11000
v 29.24000 18.15000 47.11000
v 33.95000 18.10000 46.84000
v 34.13000 18.10000 46.84000
v 34.13000 23.50000 46.84000
v 33.95000 23.50000 46.84000
v 33.95000 18.10000 47.16000
v 34.13000 18.10000 47.16000
v 34.13000 23.50000 47.16000
v 33.95000 23.50000 47.16000
v 28.84000 23.94000 45.53500
v 39.24000 23.94000 45.53500
v 39.24000 24.22000 45.53500
v 28.84000 24.22000 45.53500
v 28.84000 23.94000 46.98500
v 39.24000 23.94000 46.98500
v 39.24000 24.22000 46.98500
v 28.84000 24.22000 46.98500
v 29.09000 17.67500 47.04500
v 38.99000 17.67500 47.04500
v 38.99000 17.92500 47.04500
v 29.09000 17.92500 47.04500
v 29.09000 17.67500 47.79500
v 38.99000 17.67500 47.79500
v 38.99000 17.92500 47.79500
v 29.09000 17.92500 47.79500
v 0.00000 14.00000 46.40000
v 46.00000 14.00000 46.40000
v 46.00000 16.10000 46.40000
v 0.00000 16.10000 46.40000
v 0.00000 14.00000 46.50000
v 46.00000 14.00000 46.50000
v 46.00000 16.10000 46.50000
v 0.00000 16.10000 46.50000
v 0.00000 14.00000 9.50000
v 38.20000 14.00000 9.50000
v 38.20000 28.00000 9.50000
v 0.00000 28.00000 9.50000
v 0.00000 14.00000 10.50000
v 38.20000 14.00000 10.50000
v 38.20000 28.00000 10.50000
v 0.00000 28.00000 10.50000
v 44.00000 14.00000 9.50000
v 46.00000 14.00000 9.50000
v 46.00000 28.00000 9.50000
v 44.00000 28.00000 9.50000
v 44.00000 14.00000 10.50000
v 46.00000 14.00000 10.50000
v 46.00000 28.00000 10.50000
v 44.00000 28.00000 10.50000
v 38.20000 22.80000 9.50000
v 44.00000 22.80000 9.50000
v 44.00000 28.00000 9.50000
v 38.20000 28.00000 9.50000
v 38.20000 22.80000 10.50000
v 44.00000 22.80000 10.50000
v 44.00000 28.00000 10.50000
v 38.20000 28.00000 10.50000
v 38.36000 14.09000 9.88000
v 43.84000 14.09000 9.88000
v 43.84000 22.71000 9.88000
v 38.36000 22.71000 9.88000
v 38.36000 14.09000 10.12000
v 43.84000 14.09000 10.12000
v 43.84000 22.71000 10.12000
v 38.36000 22.71000 10.12000
v 41.69000 18.20000 9.79000
v 42.41000 18.20000 9.79000
v 42.41000 21.20000 9.79000
v 41.69000 21.20000 9.79000
v 41.69000 18.20000 9.91000
v 42.41000 18.20000 9.91000
v 42.41000 21.20000 9.91000
v 41.69000 21.20000 9.91000
v 38.07500 13.77500 9.62000
v 38.32500 13.77500 9.62000
v 38.32500 23.02500 9.62000
v 38.07500 23.02500 9.62000
v 38.07500 13.77500 10.02000
v 38.32500 13.77500 10.02000
v 38.32500 23.02500 10.02000
v 38.07500 23.02500 10.02000
v 43.87500 13.77500 9.62000
v 44.12500 13.77500 9.62000
v 44.12500 23.02500 9.62000
v 43.87500 23.02500 9.62000
v 43.87500 13.77500 10.02000
v 44.12500 13.77500 10.02000
v 44.12500 23.02500 10.02000
v 43.87500 23.02500 10.02000
v 37.95000 22.67500 9.62000
v 44.25000 22.67500 9.62000
v 44.25000 22.92500 9.62000
v 37.95000 22.92500 9.62000
v 37.95000 22.67500 10.02000
v 44.25000 22.67500 10.02000
v 44.25000 22.92500 10.02000
v 37.95000 22.92500 10.02000
v 36.55000 19.70000 9.71000
v 38.25000 19.70000 9.71000
v 38.25000 20.50000 9.71000
v 36.55000 20.50000 9.71000
v 36.55000 19.70000 9.85000
v 38.25000 19.70000 9.85000
v 38.25000 20.50000 9.85000
v 36.55000 20.50000 9.85000
v 46.00000 14.00000 46.50000
v 92.00000 14.00000 46.50000
v 92.00000 18.00000 46.50000
v 46.00000 18.00000 46.50000
v 46.00000 14.00000 47.50000
v 92.00000 14.00000 47.50000
v 92.00000 18.00000 47.50000
v 46.00000 18.00000 47.50000
v 46.00000 23.60000 46.50000
v 92.00000 23.60000 46.50000
v 92.00000 28.00000 46.50000
v 46.00000 28.00000 46.50000
v 46.00000 23.60000 47.50000
v 92.00000 23.60000 47.50000
v 92.00000 28.00000 47.50000
v 46.00000 28.00000 47.50000
v 46.00000 18.00000 46.50000
v 53.46000 18.00000 46.50000
v 53.46000 23.60000 46.50000
v 46.00000 23.60000 46.50000
v 46.00000 18.00000 47.50000
v 53.46000 18.00000 47.50000
v 53.46000 23.60000 47.50000
v 46.00000 23.60000 47.50000
v 62.46000 18.00000 46.50000
v 75.54000 18.00000 46.50000
v 75.54000 23.60000 46.50000
v 62.46000 23.60000 46.50000
v 62.46000 18.00000 47.50000
v 75.54000 18.00000 47.50000
v 75.54000 23.60000 47.50000
v 62.46000 23.60000 47.50000
v 84.54000 18.00000 46.50000
v 92.00000 18.00000 46.50000
v 92.00000 23.60000 46.50000
v 84.54000 23.60000 46.50000
v 84.54000 18.00000 47.50000
v 92.00000 18.00000 47.50000
v 92.00000 23.60000 47.50000
v 84.54000 23.60000 47.50000
v 53.73500 18.27500 46.88000
v 62.18500 18.27500 46.88000
v 62.18500 23.32500 46.88000
v 53.73500 23.32500 46.88000
v 53.73500 18.27500 47.12000
v 62.18500 18.27500 47.12000
v 62.18500 23.32500 47.12000
v 53.73500 23.32500 47.12000
v 53.31000 17.62500 46.69000
v 53.61000 17.62500 46.69000
v 53.61000 23.97500 46.69000
v 53.31000 23.97500 46.69000
v 53.31000 17.62500 47.11000
v 53.61000 17.62500 47.11000
v 53.61000 23.97500 47.11000
v 53.31000 23.97500 47.11000
v 62.31000 17.62500 46.69000
v 62.61000 17.62500 46.69000
v 62.61000 23.97500 46.69000
v 62.31000 23.97500 46.69000
v 62.31000 17.62500 47.11000
v 62.61000 17.62500 47.11000
v 62.61000 23.97500 47.11000
v 62.31000 23.97500 47.11000
v 53.16000 23.45000 46.69000
v 62.76000 23.45000 46.69000
v 62.76000 23.75000 46.69000
v 53.16000 23.75000 46.69000
v 53.16000 23.45000 47.11000
v 62.76000 23.45000 47.11000
v 62.76000 23.75000 47.11000
v 53.16000 23.75000 47.11000
v 53.16000 17.85000 46.69000
v 62.76000 17.85000 46.69000
v 62.76000 18.15000 46.69000
v 53.16000 18.15000 46.69000
v 53.16000 17.85000 47.11000
v 62.76000 17.85000 47.11000
v 62.76000 18.15000 47.11000
v 53.16000 18.15000 47.11000
v 57.87000 18.10000 46.84000
v 58.05000 18.10000 46.84000
v 58.05000 23.50000 46.84000
v 57.87000 23.50000 46.84000
v 57.87000 18.10000 47.16000
v 58.05000 18.10000 47.16000
v 58.05000 23.50000 47.16000
v 57.87000 23.50000 47.16000
v 52.76000 23.94000 45.53500
v 63.16000 23.94000 45.53500
v 63.16000 24.22000 45.53500
v 52.76000 24.22000 45.53500
v 52.76000 23.94000 46.98500
v 63.16000 23.94000 46.98500
v 63.16000 24.22000 46.98500
v 52.76000 24.22000 46.98500
v 53.01000 17.67500 47.04500
v 62.91000 17.67500 47.04500
v 62.91000 17.92500 47.04500
v 53.01000 17.92500 47.04500
v 53.01000 17.67500 47.79500
v 62.91000 17.67500 47.79500
v 62.91000 17.92500 47.79500
v 53.01000 17.92500 47.79500
v 75.81500 18.27500 46.88000
v 84.26500 18.27500 46.88000
v 84.26500 23.32500 46.88000
v 75.81500 23.32500 46.88000
v 75.81500 18.27500 47.12000
v 84.26500 18.27500 47.12000
v 84.26500 23.32500 47.12000
v 75.81500 23.32500 47.12000
v 75.39000 17.62500 46.69000
v 75.69000 17.62500 46.69000
v 75.69000 23.97500 46.69000
v 75.39000 23.97500 46.69000
v 75.39000 17.62500 47.11000
v 75.69000 17.62500 47.11000
v 75.69000 23.97500 47.11000
v 75.39000 23.97500 47.11000
v 84.39000 17.62500 46.69000
v 84.69000 17.62500 46.69000
v 84.69000 23.97500 46.69000
v 84.39000 23.97500 46.69000
v 84.39000 17.62500 47.11000
v 84.69000 17.62500 47.11000
v 84.69000 23.97500 47.11000
v 84.39000 23.97500 47.11000
v 75.24000 23.45000 46.69000
v 84.84000 23.45000 46.69000
v 84.84000 23.75000 46.69000
v 75.24000 23.75000 46.69000
v 75.24000 23.45000 47.11000
v 84.84000 23.45000 47.11000
v 84.84000 23.75000 47.11000
v 75.24000 23.75000 47.11000
v 75.24000 17.85000 46.69000
v 84.84000 17.85000 46.69000
v 84.84000 18.15000 46.69000
v 75.24000 18.15000 46.69000
v 75.24000 17.85000 47.11000
v 84.84000 17.85000 47.11000
v 84.84000 18.15000 47.11000
v 75.24000 18.15000 47.11000
v 79.95000 18.10000 46.84000
v 80.13000 18.10000 46.84000
v 80.13000 23.50000 46.84000
v 79.95000 23.50000 46.84000
v 79.95000 18.10000 47.16000
v 80.13000 18.10000 47.16000
v 80.13000 23.50000 47.16000
v 79.95000 23.50000 47.16000
v 74.84000 23.94000 45.53500
v 85.24000 23.94000 45.53500
v 85.24000 24.22000 45.53500
v 74.84000 24.22000 45.53500
v 74.84000 23.94000 46.98500
v 85.24000 23.94000 46.98500
v 85.24000 24.22000 46.98500
v 74.84000 24.22000 46.98500
v 75.09000 17.67500 47.04500
v 84.99000 17.67500 47.04500
v 84.99000 17.92500 47.04500
v 75.09000 17.92500 47.04500
v 75.09000 17.67500 47.79500
v 84.99000 17.67500 47.79500
v 84.99000 17.92500 47.79500
v 75.09000 17.92500 47.79500
v 46.00000 14.00000 46.40000
v 92.00000 14.00000 46.40000
v 92.00000 16.10000 46.40000
v 46.00000 16.10000 46.40000
v 46.00000 14.00000 46.50000
v 92.00000 14.00000 46.50000
v 92.00000 16.10000 46.50000
v 46.00000 16.10000 46.50000
v 46.00000 14.00000 9.50000
v 84.20000 14.00000 9.50000
v 84.20000 28.00000 9.50000
v 46.00000 28.00000 9.50000
v 46.00000 14.00000 10.50000
v 84.20000 14.00000 10.50000
v 84.20000 28.00000 10.50000
v 46.00000 28.00000 10.50000
v 90.00000 14.00000 9.50000
v 92.00000 14.00000 9.50000
v 92.00000 28.00000 9.50000
v 90.00000 28.00000 9.50000
v 90.00000 14.00000 10.50000
v 92.00000 14.00000 10.50000
v 92.00000 28.00000 10.50000
v 90.00000 28.00000 10.50000
v 84.20000 22.80000 9.50000
v 90.00000 22.80000 9.50000
v 90.00000 28.00000 9.50000
v 84.20000 28.00000 9.50000
v 84.20000 22.80000 10.50000
v 90.00000 22.80000 10.50000
v 90.00000 28.00000 10.50000
v 84.20000 28.00000 10.50000
v 84.36000 14.09000 9.88000
v 89.84000 14.09000 9.88000
v 89.84000 22.71000 9.88000
v 84.36000 22.71000 9.88000
v 84.36000 14.09000 10.12000
v 89.84000 14.09000 10.12000
v 89.84000 22.71000 10.12000
v 84.36000 22.71000 10.12000
v 87.69000 18.20000 9.79000
v 88.41000 18.20000 9.79000
v 88.41000 21.20000 9.79000
v 87.69000 21.20000 9.79000
v 87.69000 18.20000 9.91000
v 88.41000 18.20000 9.91000
v 88.41000 21.20000 9.91000
v 87.69000 21.20000 9.91000
v 84.07500 13.77500 9.62000
v 84.32500 13.77500 9.62000
v 84.32500 23.02500 9.62000
v 84.07500 23.02500 9.62000
v 84.07500 13.77500 10.02000
v 84.32500 13.77500 10.02000
v 84.32500 23.02500 10.02000
v 84.07500 23.02500 10.02000
v 89.87500 13.77500 9.62000
v 90.12500 13.77500 9.62000
v 90.12500 23.02500 9.62000
v 89.87500 23.02500 9.62000
v 89.87500 13.77500 10.02000
v 90.12500 13.77500 10.02000
v 90.12500 23.02500 10.02000
v 89.87500 23.02500 10.02000
v 83.95000 22.67500 9.62000
v 90.25000 22.67500 9.62000
v 90.25000 22.92500 9.62000
v 83.95000 22.92500 9.62000
v 83.95000 22.67500 10.02000
v 90.25000 22.67500 10.02000
v 90.25000 22.92500 10.02000
v 83.95000 22.92500 10.02000
v 82.55000 19.70000 9.71000
v 84.25000 19.70000 9.71000
v 84.25000 20.50000 9.71000
v 82.55000 20.50000 9.71000
v 82.55000 19.70000 9.85000
v 84.25000 19.70000 9.85000
v 84.25000 20.50000 9.85000
v 82.55000 20.50000 9.85000
v -54.50000 14.00000 -47.00000
v -53.50000 14.00000 -47.00000
v -53.50000 28.00000 -47.00000
v -54.50000 28.00000 -47.00000
v -54.50000 14.00000 -10.00000
v -53.50000 14.00000 -10.00000
v -53.50000 28.00000 -10.00000
v -54.50000 28.00000 -10.00000
v -16.50000 14.00000 -47.00000
v -15.50000 14.00000 -47.00000
v -15.50000 28.00000 -47.00000
v -16.50000 28.00000 -47.00000
v -16.50000 14.00000 -10.00000
v -15.50000 14.00000 -10.00000
v -15.50000 28.00000 -10.00000
v -16.50000 28.00000 -10.00000
v 15.50000 14.00000 -47.00000
v 16.50000 14.00000 -47.00000
v 16.50000 28.00000 -47.00000
v 15.50000 28.00000 -47.00000
v 15.50000 14.00000 -10.00000
v 16.50000 14.00000 -10.00000
v 16.50000 28.00000 -10.00000
v 15.50000 28.00000 -10.00000
v 53.50000 14.00000 -47.00000
v 54.50000 14.00000 -47.00000
v 54.50000 28.00000 -47.00000
v 53.50000 28.00000 -47.00000
v 53.50000 14.00000 -10.00000
v 54.50000 14.00000 -10.00000
v 54.50000 28.00000 -10.00000
v 53.50000 28.00000 -10.00000
v -46.50000 14.00000 10.00000
v -45.50000 14.00000 10.00000
v -45.50000 28.00000 10.00000
v -46.50000 28.00000 10.00000
v -46.50000 14.00000 47.00000
v -45.50000 14.00000 47.00000
v -45.50000 28.00000 47.00000
v -46.50000 28.00000 47.00000
v -0.50000 14.00000 10.00000
v 0.50000 14.00000 10.00000
v 0.50000 28.00000 10.00000
v -0.50000 28.00000 10.00000
v -0.50000 14.00000 47.00000
v 0.50000 14.00000 47.00000
v 0.50000 28.00000 47.00000
v -0.50000 28.00000 47.00000
v 45.50000 14.00000 10.00000
v 46.50000 14.00000 10.00000
v 46.50000 28.00000 10.00000
v 45.50000 28.00000 10.00000
v 45.50000 14.00000 47.00000
v 46.50000 14.00000 47.00000
v 46.50000 28.00000 47.00000
v 45.50000 28.00000 47.00000
v -92.00000 14.00000 -9.50500
v 92.00000 14.00000 -9.50500
v 92.00000 15.30000 -9.50500
v -92.00000 15.30000 -9.50500
v -92.00000 14.00000 -9.41500
v 92.00000 14.00000 -9.41500
v 92.00000 15.30000 -9.41500
v -92.00000 15.30000 -9.41500
v -92.00000 14.00000 9.41500
v 92.00000 14.00000 9.41500
v 92.00000 15.30000 9.41500
v -92.00000 15.30000 9.41500
v -92.00000 14.00000 9.50500
v 92.00000 14.00000 9.50500
v 92.00000 15.30000 9.50500
v -92.00000 15.30000 9.50500
v -92.00000 27.49000 -10.00000
v 92.00000 27.49000 -10.00000
v 92.00000 27.67000 -10.00000
v -92.00000 27.67000 -10.00000
v -92.00000 27.49000 10.00000
v 92.00000 27.49000 10.00000
v 92.00000 27.67000 10.00000
v -92.00000 27.67000 10.00000
v -82.00000 27.40000 -0.70000
v -74.00000 27.40000 -0.70000
v -74.00000 27.50000 -0.70000
v -82.00000 27.50000 -0.70000
v -82.00000 27.40000 0.70000
v -74.00000 27.40000 0.70000
v -74.00000 27.50000 0.70000
v -82.00000 27.50000 0.70000
v -56.00000 27.40000 -0.70000
v -48.00000 27.40000 -0.70000
v -48.00000 27.50000 -0.70000
v -56.00000 27.50000 -0.70000
v -56.00000 27.40000 0.70000
v -48.00000 27.40000 0.70000
v -48.00000 27.50000 0.70000
v -56.00000 27.50000 0.70000
v -30.00000 27.40000 -0.70000
v -22.00000 27.40000 -0.70000
v -22.00000 27.50000 -0.70000
v -30.00000 27.50000 -0.70000
v -30.00000 27.40000 0.70000
v -22.00000 27.40000 0.70000
v -22.00000 27.50000 0.70000
v -30.00000 27.50000 0.70000
v -4.00000 27.40000 -0.70000
v 4.00000 27.40000 -0.70000
v 4.00000 27.50000 -0.70000
v -4.00000 27.50000 -0.70000
v -4.00000 27.40000 0.70000
v 4.00000 27.40000 0.70000
v 4.00000 27.50000 0.70000
v -4.00000 27.50000 0.70000
v 22.00000 27.40000 -0.70000
v 30.00000 27.40000 -0.70000
v 30.00000 27.50000 -0.70000
v 22.00000 27.50000 -0.70000
v 22.00000 27.40000 0.70000
v 30.00000 27.40000 0.70000
v 30.00000 27.50000 0.70000
v 22.00000 27.50000 0.70000
v 48.00000 27.40000 -0.70000
v 56.00000 27.40000 -0.70000
v 56.00000 27.50000 -0.70000
v 48.00000 27.50000 -0.70000
v 48.00000 27.40000 0.70000
v 56.00000 27.40000 0.70000
v 56.00000 27.50000 0.70000
v 48.00000 27.50000 0.70000
v 74.00000 27.40000 -0.70000
v 82.00000 27.40000 -0.70000
v 82.00000 27.50000 -0.70000
v 74.00000 27.50000 -0.70000
v 74.00000 27.40000 0.70000
v 82.00000 27.40000 0.70000
v 82.00000 27.50000 0.70000
v 74.00000 27.50000 0.70000
v -92.27500 0.00000 -48.15500
v -91.72500 0.00000 -48.15500
v -91.72500 28.00000 -48.15500
v -92.27500 28.00000 -48.15500
v -92.27500 0.00000 -47.00500
v -91.72500 0.00000 -47.00500
v -91.72500 28.00000 -47.00500
v -92.27500 28.00000 -47.00500
v -92.27500 0.00000 47.00500
v -91.72500 0.00000 47.00500
v -91.72500 28.00000 47.00500
v -92.27500 28.00000 47.00500
v -92.27500 0.00000 48.15500
v -91.72500 0.00000 48.15500
v -91.72500 28.00000 48.15500
v -92.27500 28.00000 48.15500
v -54.27500 0.00000 -48.15500
v -53.72500 0.00000 -48.15500
v -53.72500 28.00000 -48.15500
v -54.27500 28.00000 -48.15500
v -54.27500 0.00000 -47.00500
v -53.72500 0.00000 -47.00500
v -53.72500 28.00000 -47.00500
v -54.27500 28.00000 -47.00500
v -54.27500 0.00000 47.00500
v -53.72500 0.00000 47.00500
v -53.72500 28.00000 47.00500
v -54.27500 28.00000 47.00500
v -54.27500 0.00000 48.15500
v -53.72500 0.00000 48.15500
v -53.72500 28.00000 48.15500
v -54.27500 28.00000 48.15500
v -16.27500 0.00000 -48.15500
v -15.72500 0.00000 -48.15500
v -15.72500 28.00000 -48.15500
v -16.27500 28.00000 -48.15500
v -16.27500 0.00000 -47.00500
v -15.72500 0.00000 -47.00500
v -15.72500 28.00000 -47.00500
v -16.27500 28.00000 -47.00500
v -16.27500 0.00000 47.00500
v -15.72500 0.00000 47.00500
v -15.72500 28.00000 47.00500
v -16.27500 28.00000 47.00500
v -16.27500 0.00000 48.15500
v -15.72500 0.00000 48.15500
v -15.72500 28.00000 48.15500
v -16.27500 28.00000 48.15500
v 15.72500 0.00000 -48.15500
v 16.27500 0.00000 -48.15500
v 16.27500 28.00000 -48.15500
v 15.72500 28.00000 -48.15500
v 15.72500 0.00000 -47.00500
v 16.27500 0.00000 -47.00500
v 16.27500 28.00000 -47.00500
v 15.72500 28.00000 -47.00500
v 15.72500 0.00000 47.00500
v 16.27500 0.00000 47.00500
v 16.27500 28.00000 47.00500
v 15.72500 28.00000 47.00500
v 15.72500 0.00000 48.15500
v 16.27500 0.00000 48.15500
v 16.27500 28.00000 48.15500
v 15.72500 28.00000 48.15500
v 53.72500 0.00000 -48.15500
v 54.27500 0.00000 -48.15500
v 54.27500 28.00000 -48.15500
v 53.72500 28.00000 -48.15500
v 53.72500 0.00000 -47.00500
v 54.27500 0.00000 -47.00500
v 54.27500 28.00000 -47.00500
v 53.72500 28.00000 -47.00500
v 53.72500 0.00000 47.00500
v 54.27500 0.00000 47.00500
v 54.27500 28.00000 47.00500
v 53.72500 28.00000 47.00500
v 53.72500 0.00000 48.15500
v 54.27500 0.00000 48.15500
v 54.27500 28.00000 48.15500
v 53.72500 28.00000 48.15500
v 91.72500 0.00000 -48.15500
v 92.27500 0.00000 -48.15500
v 92.27500 28.00000 -48.15500
v 91.72500 28.00000 -48.15500
v 91.72500 0.00000 -47.00500
v 92.27500 0.00000 -47.00500
v 92.27500 28.00000 -47.00500
v 91.72500 28.00000 -47.00500
v 91.72500 0.00000 47.00500
v 92.27500 0.00000 47.00500
v 92.27500 28.00000 47.00500
v 91.72500 28.00000 47.00500
v 91.72500 0.00000 48.15500
v 92.27500 0.00000 48.15500
v 92.27500 28.00000 48.15500
v 91.72500 28.00000 48.15500
v -92.00000 13.86000 -47.76000
v 92.00000 13.86000 -47.76000
v 92.00000 14.34000 -47.76000
v -92.00000 14.34000 -47.76000
v -92.00000 13.86000 -47.48000
v 92.00000 13.86000 -47.48000
v 92.00000 14.34000 -47.48000
v -92.00000 14.34000 -47.48000
v -92.00000 13.86000 47.48000
v 92.00000 13.86000 47.48000
v 92.00000 14.34000 47.48000
v -92.00000 14.34000 47.48000
v -92.00000 13.86000 47.76000
v 92.00000 13.86000 47.76000
v 92.00000 14.34000 47.76000
v -92.00000 14.34000 47.76000
v -93.00000 27.87500 -48.06500
v 93.00000 27.87500 -48.06500
v 93.00000 28.42500 -48.06500
v -93.00000 28.42500 -48.06500
v -93.00000 27.87500 -47.41500
v 93.00000 27.87500 -47.41500
v 93.00000 28.42500 -47.41500
v -93.00000 28.42500 -47.41500
v -93.00000 27.87500 47.41500
v 93.00000 27.87500 47.41500
v 93.00000 28.42500 47.41500
v -93.00000 28.42500 47.41500
v -93.00000 27.87500 48.06500
v 93.00000 27.87500 48.06500
v 93.00000 28.42500 48.06500
v -93.00000 28.42500 48.06500
v -16.00000 0.00000 -47.50000
v -6.00000 0.00000 -47.50000
v -6.00000 14.00000 -47.50000
v -16.00000 14.00000 -47.50000
v -16.00000 0.00000 -46.50000
v -6.00000 0.00000 -46.50000
v -6.00000 14.00000 -46.50000
v -16.00000 14.00000 -46.50000
v 6.00000 0.00000 -47.50000
v 16.00000 0.00000 -47.50000
v 16.00000 14.00000 -47.50000
v 6.00000 14.00000 -47.50000
v 6.00000 0.00000 -46.50000
v 16.00000 0.00000 -46.50000
v 16.00000 14.00000 -46.50000
v 6.00000 14.00000 -46.50000
v -6.00000 10.00000 -47.50000
v 6.00000 10.00000 -47.50000
v 6.00000 14.00000 -47.50000
v -6.00000 14.00000 -47.50000
v -6.00000 10.00000 -46.50000
v 6.00000 10.00000 -46.50000
v 6.00000 14.00000 -46.50000
v -6.00000 14.00000 -46.50000
v -6.16000 -0.20000 -47.44500
v -5.84000 -0.20000 -47.44500
v -5.84000 10.20000 -47.44500
v -6.16000 10.20000 -47.44500
v -6.16000 -0.20000 -46.99500
v -5.84000 -0.20000 -46.99500
v -5.84000 10.20000 -46.99500
v -6.16000 10.20000 -46.99500
v 5.84000 -0.20000 -47.44500
v 6.16000 -0.20000 -47.44500
v 6.16000 10.20000 -47.44500
v 5.84000 10.20000 -47.44500
v 5.84000 -0.20000 -46.99500
v 6.16000 -0.20000 -46.99500
v 6.16000 10.20000 -46.99500
v 5.84000 10.20000 -46.99500
v -6.25000 9.84000 -47.44500
v 6.25000 9.84000 -47.44500
v 6.25000 10.16000 -47.44500
v -6.25000 10.16000 -47.44500
v -6.25000 9.84000 -46.99500
v 6.25000 9.84000 -46.99500
v 6.25000 10.16000 -46.99500
v -6.25000 10.16000 -46.99500
v -16.00000 14.00000 -47.50000
v -4.50000 14.00000 -47.50000
v -4.50000 28.00000 -47.50000
v -16.00000 28.00000 -47.50000
v -16.00000 14.00000 -46.50000
v -4.50000 14.00000 -46.50000
v -4.50000 28.00000 -46.50000
v -16.00000 28.00000 -46.50000
v 4.50000 14.00000 -47.50000
v 16.00000 14.00000 -47.50000
v 16.00000 28.00000 -47.50000
v 4.50000 28.00000 -47.50000
v 4.50000 14.00000 -46.50000
v 16.00000 14.00000 -46.50000
v 16.00000 28.00000 -46.50000
v 4.50000 28.00000 -46.50000
v -4.50000 23.00000 -47.50000
v 4.50000 23.00000 -47.50000
v 4.50000 28.00000 -47.50000
v -4.50000 28.00000 -47.50000
v -4.50000 23.00000 -46.50000
v 4.50000 23.00000 -46.50000
v 4.50000 28.00000 -46.50000
v -4.50000 28.00000 -46.50000
v -4.66000 13.80000 -47.44500
v -4.34000 13.80000 -47.44500
v -4.34000 23.20000 -47.44500
v -4.66000 23.20000 -47.44500
v -4.66000 13.80000 -46.99500
v -4.34000 13.80000 -46.99500
v -4.34000 23.20000 -46.99500
v -4.66000 23.20000 -46.99500
v 4.34000 13.80000 -47.44500
v 4.66000 13.80000 -47.44500
v 4.66000 23.20000 -47.44500
v 4.34000 23.20000 -47.44500
v 4.34000 13.80000 -46.99500
v 4.66000 13.80000 -46.99500
v 4.66000 23.20000 -46.99500
v 4.34000 23.20000 -46.99500
v -4.75000 22.84000 -47.44500
v 4.75000 22.84000 -47.44500
v 4.75000 23.16000 -47.44500
v -4.75000 23.16000 -47.44500
v -4.75000 22.84000 -46.99500
v 4.75000 22.84000 -46.99500
v 4.75000 23.16000 -46.99500
v -4.75000 23.16000 -46.99500
v -4.32500 14.10000 -47.12000
v 4.32500 14.10000 -47.12000
v 4.32500 22.90000 -47.12000
v -4.32500 22.90000 -47.12000
v -4.32500 14.10000 -46.88000
v 4.32500 14.10000 -46.88000
v 4.32500 22.90000 -46.88000
v -4.32500 22.90000 -46.88000
v -3.50000 18.30000 -47.21000
v 3.50000 18.30000 -47.21000
v 3.50000 21.70000 -47.21000
v -3.50000 21.70000 -47.21000
v -3.50000 18.30000 -47.09000
v 3.50000 18.30000 -47.09000
v 3.50000 21.70000 -47.09000
v -3.50000 21.70000 -47.09000
v -16.50000 0.00000 -47.00000
v -15.50000 0.00000 -47.00000
v -15.50000 14.00000 -47.00000
v -16.50000 14.00000 -47.00000
v -16.50000 0.00000 -10.00000
v -15.50000 0.00000 -10.00000
v -15.50000 14.00000 -10.00000
v -16.50000 14.00000 -10.00000
v 15.50000 0.00000 -47.00000
v 16.50000 0.00000 -47.00000
v 16.50000 14.00000 -47.00000
v 15.50000 14.00000 -47.00000
v 15.50000 0.00000 -10.00000
v 16.50000 0.00000 -10.00000
v 16.50000 14.00000 -10.00000
v 15.50000 14.00000 -10.00000
v -16.00000 0.00000 -10.50000
v -8.00000 0.00000 -10.50000
v -8.00000 14.00000 -10.50000
v -16.00000 14.00000 -10.50000
v -16.00000 0.00000 -9.50000
v -8.00000 0.00000 -9.50000
v -8.00000 14.00000 -9.50000
v -16.00000 14.00000 -9.50000
v 8.00000 0.00000 -10.50000
v 16.00000 0.00000 -10.50000
v 16.00000 14.00000 -10.50000
v 8.00000 14.00000 -10.50000
v 8.00000 0.00000 -9.50000
v 16.00000 0.00000 -9.50000
v 16.00000 14.00000 -9.50000
v 8.00000 14.00000 -9.50000
v -8.00000 10.60000 -10.50000
v 8.00000 10.60000 -10.50000
v 8.00000 14.00000 -10.50000
v -8.00000 14.00000 -10.50000
v -8.00000 10.60000 -9.50000
v 8.00000 10.60000 -9.50000
v 8.00000 14.00000 -9.50000
v -8.00000 14.00000 -9.50000
v -8.50000 10.37500 -11.25000
v 8.50000 10.37500 -11.25000
v 8.50000 10.82500 -11.25000
v -8.50000 10.82500 -11.25000
v -8.50000 10.37500 -10.05000
v 8.50000 10.37500 -10.05000
v 8.50000 10.82500 -10.05000
v -8.50000 10.82500 -10.05000
v -16.50000 14.00000 -47.00000
v -15.50000 14.00000 -47.00000
v -15.50000 28.00000 -47.00000
v -16.50000 28.00000 -47.00000
v -16.50000 14.00000 -10.00000
v -15.50000 14.00000 -10.00000
v -15.50000 28.00000 -10.00000
v -16.50000 28.00000 -10.00000
v 15.50000 14.00000 -47.00000
v 16.50000 14.00000 -47.00000
v 16.50000 28.00000 -47.00000
v 15.50000 28.00000 -47.00000
v 15.50000 14.00000 -10.00000
v 16.50000 14.00000 -10.00000
v 16.50000 28.00000 -10.00000
v 15.50000 28.00000 -10.00000
v -16.00000 14.00000 -10.50000
v -8.00000 14.00000 -10.50000
v -8.00000 28.00000 -10.50000
v -16.00000 28.00000 -10.50000
v -16.00000 14.00000 -9.50000
v -8.00000 14.00000 -9.50000
v -8.00000 28.00000 -9.50000
v -16.00000 28.00000 -9.50000
v 8.00000 14.00000 -10.50000
v 16.00000 14.00000 -10.50000
v 16.00000 28.00000 -10.50000
v 8.00000 28.00000 -10.50000
v 8.00000 14.00000 -9.50000
v 16.00000 14.00000 -9.50000
v 16.00000 28.00000 -9.50000
v 8.00000 28.00000 -9.50000
v -8.00000 24.60000 -10.50000
v 8.00000 24.60000 -10.50000
v 8.00000 28.00000 -10.50000
v -8.00000 28.00000 -10.50000
v -8.00000 24.60000 -9.50000
v 8.00000 24.60000 -9.50000
v 8.00000 28.00000 -9.50000
v -8.00000 28.00000 -9.50000
v -8.50000 24.37500 -11.25000
v 8.50000 24.37500 -11.25000
v 8.50000 24.82500 -11.25000
v -8.50000 24.82500 -11.25000
v -8.50000 24.37500 -10.05000
v 8.50000 24.37500 -10.05000
v 8.50000 24.82500 -10.05000
v -8.50000 24.82500 -10.05000
v -18.00000 13.87500 -58.00000
v 18.00000 13.87500 -58.00000
v 18.00000 14.42500 -58.00000
v -18.00000 14.42500 -58.00000
v -18.00000 13.87500 -47.00000
v 18.00000 13.87500 -47.00000
v 18.00000 14.42500 -47.00000
v -18.00000 14.42500 -47.00000
v -18.00000 12.92500 -57.82500
v 18.00000 12.92500 -57.82500
v 18.00000 14.17500 -57.82500
v -18.00000 14.17500 -57.82500
v -18.00000 12.92500 -57.17500
v 18.00000 12.92500 -57.17500
v 18.00000 14.17500 -57.17500
v -18.00000 14.17500 -57.17500
v -14.90000 0.00000 -54.40000
v -13.10000 0.00000 -54.40000
v -13.10000 14.00000 -54.40000
v -14.90000 14.00000 -54.40000
v -14.90000 0.00000 -52.60000
v -13.10000 0.00000 -52.60000
v -13.10000 14.00000 -52.60000
v -14.90000 14.00000 -52.60000
v -15.00000 0.00000 -54.51000
v -13.00000 0.00000 -54.51000
v -13.00000 4.40000 -54.51000
v -15.00000 4.40000 -54.51000
v -15.00000 0.00000 -54.41000
v -13.00000 0.00000 -54.41000
v -13.00000 4.40000 -54.41000
v -15.00000 4.40000 -54.41000
v 13.10000 0.00000 -54.40000
v 14.90000 0.00000 -54.40000
v 14.90000 14.00000 -54.40000
v 13.10000 14.00000 -54.40000
v 13.10000 0.00000 -52.60000
v 14.90000 0.00000 -52.60000
v 14.90000 14.00000 -52.60000
v 13.10000 14.00000 -52.60000
v 13.00000 0.00000 -54.51000
v 15.00000 0.00000 -54.51000
v 15.00000 4.40000 -54.51000
v 13.00000 4.40000 -54.51000
v 13.00000 0.00000 -54.41000
v 15.00000 0.00000 -54.41000
v 15.00000 4.40000 -54.41000
v 13.00000 4.40000 -54.41000
v -17.09000 14.30000 -57.89000
v -16.91000 14.30000 -57.89000
v -16.91000 17.80000 -57.89000
v -17.09000 17.80000 -57.89000
v -17.09000 14.30000 -57.71000
v -16.91000 14.30000 -57.71000
v -16.91000 17.80000 -57.71000
v -17.09000 17.80000 -57.71000
v -14.09000 14.30000 -57.89000
v -13.91000 14.30000 -57.89000
v -13.91000 17.80000 -57.89000
v -14.09000 17.80000 -57.89000
v -14.09000 14.30000 -57.71000
v -13.91000 14.30000 -57.71000
v -13.91000 17.80000 -57.71000
v -14.09000 17.80000 -57.71000
v -11.09000 14.30000 -57.89000
v -10.91000 14.30000 -57.89000
v -10.91000 17.80000 -57.89000
v -11.09000 17.80000 -57.89000
v -11.09000 14.30000 -57.71000
v -10.91000 14.30000 -57.71000
v -10.91000 17.80000 -57.71000
v -11.09000 17.80000 -57.71000
v -8.09000 14.30000 -57.89000
v -7.91000 14.30000 -57.89000
v -7.91000 17.80000 -57.89000
v -8.09000 17.80000 -57.89000
v -8.09000 14.30000 -57.71000
v -7.91000 14.30000 -57.71000
v -7.91000 17.80000 -57.71000
v -8.09000 17.80000 -57.71000
v -5.09000 14.30000 -57.89000
v -4.91000 14.30000 -57.89000
v -4.91000 17.80000 -57.89000
v -5.09000 17.80000 -57.89000
v -5.09000 14.30000 -57.71000
v -4.91000 14.30000 -57.71000
v -4.91000 17.80000 -57.71000
v -5.09000 17.80000 -57.71000
v -2.09000 14.30000 -57.89000
v -1.91000 14.30000 -57.89000
v -1.91000 17.80000 -57.89000
v -2.09000 17.80000 -57.89000
v -2.09000 14.30000 -57.71000
v -1.91000 14.30000 -57.71000
v -1.91000 17.80000 -57.71000
v -2.09000 17.80000 -57.71000
v 0.91000 14.30000 -57.89000
v 1.09000 14.30000 -57.89000
v 1.09000 17.80000 -57.89000
v 0.91000 17.80000 -57.89000
v 0.91000 14.30000 -57.71000
v 1.09000 14.30000 -57.71000
v 1.09000 17.80000 -57.71000
v 0.91000 17.80000 -57.71000
v 3.91000 14.30000 -57.89000
v 4.09000 14.30000 -57.89000
v 4.09000 17.80000 -57.89000
v 3.91000 17.80000 -57.89000
v 3.91000 14.30000 -57.71000
v 4.09000 14.30000 -57.71000
v 4.09000 17.80000 -57.71000
v 3.91000 17.80000 -57.71000
v 6.91000 14.30000 -57.89000
v 7.09000 14.30000 -57.89000
v 7.09000 17.80000 -57.89000
v 6.91000 17.80000 -57.89000
v 6.91000 14.30000 -57.71000
v 7.09000 14.30000 -57.71000
v 7.09000 17.80000 -57.71000
v 6.91000 17.80000 -57.71000
v 9.91000 14.30000 -57.89000
v 10.09000 14.30000 -57.89000
v 10.09000 17.80000 -57.89000
v 9.91000 17.80000 -57.89000
v 9.91000 14.30000 -57.71000
v 10.09000 14.30000 -57.71000
v 10.09000 17.80000 -57.71000
v 9.91000 17.80000 -57.71000
v 12.91000 14.30000 -57.89000
v 13.09000 14.30000 -57.89000
v 13.09000 17.80000 -57.89000
v 12.91000 17.80000 -57.89000
v 12.91000 14.30000 -57.71000
v 13.09000 14.30000 -57.71000
v 13.09000 17.80000 -57.71000
v 12.91000 17.80000 -57.71000
v 15.91000 14.30000 -57.89000
v 16.09000 14.30000 -57.89000
v 16.09000 17.80000 -57.89000
v 15.91000 17.80000 -57.89000
v 15.91000 14.30000 -57.71000
v 16.09000 14.30000 -57.71000
v 16.09000 17.80000 -57.71000
v 15.91000 17.80000 -57.71000
v -18.00000 17.68000 -57.92500
v 18.00000 17.68000 -57.92500
v 18.00000 17.88000 -57.92500
v -18.00000 17.88000 -57.92500
v -18.00000 17.68000 -57.67500
v 18.00000 17.68000 -57.67500
v 18.00000 17.88000 -57.67500
v -18.00000 17.88000 -57.67500
v -18.00000 16.17500 -57.90000
v 18.00000 16.17500 -57.90000
v 18.00000 16.32500 -57.90000
v -18.00000 16.32500 -57.90000
v -18.00000 16.17500 -57.70000
v 18.00000 16.17500 -57.70000
v 18.00000 16.32500 -57.70000
v -18.00000 16.32500 -57.70000
v -17.90000 15.15000 -53.25000
v -17.70000 15.15000 -53.25000
v -17.70000 18.25000 -53.25000
v -17.90000 18.25000 -53.25000
v -17.90000 15.15000 -46.75000
v -17.70000 15.15000 -46.75000
v -17.70000 18.25000 -46.75000
v -17.90000 18.25000 -46.75000
v 17.70000 15.15000 -53.25000
v 17.90000 15.15000 -53.25000
v 17.90000 18.25000 -53.25000
v 17.70000 18.25000 -53.25000
v 17.70000 15.15000 -46.75000
v 17.90000 15.15000 -46.75000
v 17.90000 18.25000 -46.75000
v 17.70000 18.25000 -46.75000
v -17.90000 15.15000 -57.25000
v -17.70000 15.15000 -57.25000
v -17.70000 18.25000 -57.25000
v -17.90000 18.25000 -57.25000
v -17.90000 15.15000 -50.75000
v -17.70000 15.15000 -50.75000
v -17.70000 18.25000 -50.75000
v -17.90000 18.25000 -50.75000
v 17.70000 15.15000 -57.25000
v 17.90000 15.15000 -57.25000
v 17.90000 18.25000 -57.25000
v 17.70000 18.25000 -57.25000
v 17.70000 15.15000 -50.75000
v 17.90000 15.15000 -50.75000
v 17.90000 18.25000 -50.75000
v 17.70000 18.25000 -50.75000
v -11.00000 0.00000 -61.15000
v 11.00000 0.00000 -61.15000
v 11.00000 0.40000 -61.15000
v -11.00000 0.40000 -61.15000
v -11.00000 0.00000 -58.85000
v 11.00000 0.00000 -58.85000
v 11.00000 0.40000 -58.85000
v -11.00000 0.40000 -58.85000
v -10.00000 0.22000 -60.00000
v 10.00000 0.22000 -60.00000
v 10.00000 0.62000 -60.00000
v -10.00000 0.62000 -60.00000
v -10.00000 0.22000 -57.70000
v 10.00000 0.22000 -57.70000
v 10.00000 0.62000 -57.70000
v -10.00000 0.62000 -57.70000
v -9.00000 0.44000 -58.85000
v 9.00000 0.44000 -58.85000
v 9.00000 0.84000 -58.85000
v -9.00000 0.84000 -58.85000
v -9.00000 0.44000 -56.55000
v 9.00000 0.44000 -56.55000
v 9.00000 0.84000 -56.55000
v -9.00000 0.84000 -56.55000
v -6.75000 22.40000 -47.94500
v 6.75000 22.40000 -47.94500
v 6.75000 27.20000 -47.94500
v -6.75000 27.20000 -47.94500
v -6.75000 22.40000 -47.49500
v 6.75000 22.40000 -47.49500
v 6.75000 27.20000 -47.49500
v -6.75000 27.20000 -47.49500
v -5.25000 23.20000 -48.06000
v 5.25000 23.20000 -48.06000
v 5.25000 26.40000 -48.06000
v -5.25000 26.40000 -48.06000
v -5.25000 23.20000 -47.88000
v 5.25000 23.20000 -47.88000
v 5.25000 26.40000 -47.88000
v -5.25000 26.40000 -47.88000
v -8.90000 0.00000 -14.12000
v -1.10000 0.00000 -14.12000
v -1.10000 0.50000 -14.12000
v -8.90000 0.50000 -14.12000
v -8.90000 0.00000 -13.00000
v -1.10000 0.00000 -13.00000
v -1.10000 0.50000 -13.00000
v -8.90000 0.50000 -13.00000
v -8.90000 0.50000 -15.24000
v -1.10000 0.50000 -15.24000
v -1.10000 1.00000 -15.24000
v -8.90000 1.00000 -15.24000
v -8.90000 0.50000 -14.12000
v -1.10000 0.50000 -14.12000
v -1.10000 1.00000 -14.12000
v -8.90000 1.00000 -14.12000
v -8.90000 1.00000 -16.36000
v -1.10000 1.00000 -16.36000
v -1.10000 1.50000 -16.36000
v -8.90000 1.50000 -16.36000
v -8.90000 1.00000 -15.24000
v -1.10000 1.00000 -15.24000
v -1.10000 1.50000 -15.24000
v -8.90000 1.50000 -15.24000
v -8.90000 1.50000 -17.48000
v -1.10000 1.50000 -17.48000
v -1.10000 2.00000 -17.48000
v -8.90000 2.00000 -17.48000
v -8.90000 1.50000 -16.36000
v -1.10000 1.50000 -16.36000
v -1.10000 2.00000 -16.36000
v -8.90000 2.00000 -16.36000
v -8.90000 2.00000 -18.60000
v -1.10000 2.00000 -18.60000
v -1.10000 2.50000 -18.60000
v -8.90000 2.50000 -18.60000
v -8.90000 2.00000 -17.48000
v -1.10000 2.00000 -17.48000
v -1.10000 2.50000 -17.48000
v -8.90000 2.50000 -17.48000
v -8.90000 2.50000 -19.72000
v -1.10000 2.50000 -19.72000
v -1.10000 3.00000 -19.72000
v -8.90000 3.00000 -19.72000
v -8.90000 2.50000 -18.60000
v -1.10000 2.50000 -18.60000
v -1.10000 3.00000 -18.60000
v -8.90000 3.00000 -18.60000
v -8.90000 3.00000 -20.84000
v -1.10000 3.00000 -20.84000
v -1.10000 3.50000 -20.84000
v -8.90000 3.50000 -20.84000
v -8.90000 3.00000 -19.72000
v -1.10000 3.00000 -19.72000
v -1.10000 3.50000 -19.72000
v -8.90000 3.50000 -19.72000
v -8.90000 3.50000 -21.96000
v -1.10000 3.50000 -21.96000
v -1.10000 4.00000 -21.96000
v -8.90000 4.00000 -21.96000
v -8.90000 3.50000 -20.84000
v -1.10000 3.50000 -20.84000
v -1.10000 4.00000 -20.84000
v -8.90000 4.00000 -20.84000
v -8.90000 4.00000 -23.08000
v -1.10000 4.00000 -23.08000
v -1.10000 4.50000 -23.08000
v -8.90000 4.50000 -23.08000
v -8.90000 4.00000 -21.96000
v -1.10000 4.00000 -21.96000
v -1.10000 4.50000 -21.96000
v -8.90000 4.50000 -21.96000
v -8.90000 4.50000 -24.20000
v -1.10000 4.50000 -24.20000
v -1.10000 5.00000 -24.20000
v -8.90000 5.00000 -24.20000
v -8.90000 4.50000 -23.08000
v -1.10000 4.50000 -23.08000
v -1.10000 5.00000 -23.08000
v -8.90000 5.00000 -23.08000
v -8.90000 5.00000 -25.32000
v -1.10000 5.00000 -25.32000
v -1.10000 5.50000 -25.32000
v -8.90000 5.50000 -25.32000
v -8.90000 5.00000 -24.20000
v -1.10000 5.00000 -24.20000
v -1.10000 5.50000 -24.20000
v -8.90000 5.50000 -24.20000
v -8.90000 5.50000 -26.44000
v -1.10000 5.50000 -26.44000
v -1.10000 6.00000 -26.44000
v -8.90000 6.00000 -26.44000
v -8.90000 5.50000 -25.32000
v -1.10000 5.50000 -25.32000
v -1.10000 6.00000 -25.32000
v -8.90000 6.00000 -25.32000
v -8.90000 6.00000 -27.56000
v -1.10000 6.00000 -27.56000
v -1.10000 6.50000 -27.56000
v -8.90000 6.50000 -27.56000
v -8.90000 6.00000 -26.44000
v -1.10000 6.00000 -26.44000
v -1.10000 6.50000 -26.44000
v -8.90000 6.50000 -26.44000
v -8.90000 6.50000 -28.68000
v -1.10000 6.50000 -28.68000
v -1.10000 7.00000 -28.68000
v -8.90000 7.00000 -28.68000
v -8.90000 6.50000 -27.56000
v -1.10000 6.50000 -27.56000
v -1.10000 7.00000 -27.56000
v -8.90000 7.00000 -27.56000
v -9.25000 6.77500 -33.90000
v 9.25000 6.77500 -33.90000
v 9.25000 7.32500 -33.90000
v -9.25000 7.32500 -33.90000
v -9.25000 6.77500 -26.10000
v 9.25000 6.77500 -26.10000
v 9.25000 7.32500 -26.10000
v -9.25000 7.32500 -26.10000
v 1.10000 7.00000 -30.00000
v 8.90000 7.00000 -30.00000
v 8.90000 7.50000 -30.00000
v 1.10000 7.50000 -30.00000
v 1.10000 7.00000 -28.88000
v 8.90000 7.00000 -28.88000
v 8.90000 7.50000 -28.88000
v 1.10000 7.50000 -28.88000
v 1.10000 7.50000 -28.88000
v 8.90000 7.50000 -28.88000
v 8.90000 8.00000 -28.88000
v 1.10000 8.00000 -28.88000
v 1.10000 7.50000 -27.76000
v 8.90000 7.50000 -27.76000
v 8.90000 8.00000 -27.76000
v 1.10000 8.00000 -27.76000
v 1.10000 8.00000 -27.76000
v 8.90000 8.00000 -27.76000
v 8.90000 8.50000 -27.76000
v 1.10000 8.50000 -27.76000
v 1.10000 8.00000 -26.64000
v 8.90000 8.00000 -26.64000
v 8.90000 8.50000 -26.64000
v 1.10000 8.50000 -26.64000
v 1.10000 8.50000 -26.64000
v 8.90000 8.50000 -26.64000
v 8.90000 9.00000 -26.64000
v 1.10000 9.00000 -26.64000
v 1.10000 8.50000 -25.52000
v 8.90000 8.50000 -25.52000
v 8.90000 9.00000 -25.52000
v 1.10000 9.00000 -25.52000
v 1.10000 9.00000 -25.52000
v 8.90000 9.00000 -25.52000
v 8.90000 9.50000 -25.52000
v 1.10000 9.50000 -25.52000
v 1.10000 9.00000 -24.40000
v 8.90000 9.00000 -24.40000
v 8.90000 9.50000 -24.40000
v 1.10000 9.50000 -24.40000
v 1.10000 9.50000 -24.40000
v 8.90000 9.50000 -24.40000
v 8.90000 10.00000 -24.40000
v 1.10000 10.00000 -24.40000
v 1.10000 9.50000 -23.28000
v 8.90000 9.50000 -23.28000
v 8.90000 10.00000 -23.28000
v 1.10000 10.00000 -23.28000
v 1.10000 10.00000 -23.28000
v 8.90000 10.00000 -23.28000
v 8.90000 10.50000 -23.28000
v 1.10000 10.50000 -23.28000
v 1.10000 10.00000 -22.16000
v 8.90000 10.00000 -22.16000
v 8.90000 10.50000 -22.16000
v 1.10000 10.50000 -22.16000
v 1.10000 10.50000 -22.16000
v 8.90000 10.50000 -22.16000
v 8.90000 11.00000 -22.16000
v 1.10000 11.00000 -22.16000
v 1.10000 10.50000 -21.04000
v 8.90000 10.50000 -21.04000
v 8.90000 11.00000 -21.04000
v 1.10000 11.00000 -21.04000
v 1.10000 11.00000 -21.04000
v 8.90000 11.00000 -21.04000
v 8.90000 11.50000 -21.04000
v 1.10000 11.50000 -21.04000
v 1.10000 11.00000 -19.92000
v 8.90000 11.00000 -19.92000
v 8.90000 11.50000 -19.92000
v 1.10000 11.50000 -19.92000
v 1.10000 11.50000 -19.92000
v 8.90000 11.50000 -19.92000
v 8.90000 12.00000 -19.92000
v 1.10000 12.00000 -19.92000
v 1.10000 11.50000 -18.80000
v 8.90000 11.50000 -18.80000
v 8.90000 12.00000 -18.80000
v 1.10000 12.00000 -18.80000
v 1.10000 12.00000 -18.80000
v 8.90000 12.00000 -18.80000
v 8.90000 12.50000 -18.80000
v 1.10000 12.50000 -18.80000
v 1.10000 12.00000 -17.68000
v 8.90000 12.00000 -17.68000
v 8.90000 12.50000 -17.68000
v 1.10000 12.50000 -17.68000
v 1.10000 12.50000 -17.68000
v 8.90000 12.50000 -17.68000
v 8.90000 13.00000 -17.68000
v 1.10000 13.00000 -17.68000
v 1.10000 12.50000 -16.56000
v 8.90000 12.50000 -16.56000
v 8.90000 13.00000 -16.56000
v 1.10000 13.00000 -16.56000
v 1.10000 13.00000 -16.56000
v 8.90000 13.00000 -16.56000
v 8.90000 13.50000 -16.56000
v 1.10000 13.50000 -16.56000
v 1.10000 13.00000 -15.44000
v 8.90000 13.00000 -15.44000
v 8.90000 13.50000 -15.44000
v 1.10000 13.50000 -15.44000
v 1.10000 13.50000 -15.44000
v 8.90000 13.50000 -15.44000
v 8.90000 14.00000 -15.44000
v 1.10000 14.00000 -15.44000
v 1.10000 13.50000 -14.32000
v 8.90000 13.50000 -14.32000
v 8.90000 14.00000 -14.32000
v 1.10000 14.00000 -14.32000
v -9.10000 0.00000 -13.50000
v -0.90000 0.00000 -13.50000
v -0.90000 0.30000 -13.50000
v -9.10000 0.30000 -13.50000
v -9.10000 0.00000 -8.50000
v -0.90000 0.00000 -8.50000
v -0.90000 0.30000 -8.50000
v -9.10000 0.30000 -8.50000
v 0.90000 14.00000 -13.50000
v 9.10000 14.00000 -13.50000
v 9.10000 14.30000 -13.50000
v 0.90000 14.30000 -13.50000
v 0.90000 14.00000 -8.50000
v 9.10000 14.00000 -8.50000
v 9.10000 14.30000 -8.50000
v 0.90000 14.30000 -8.50000
v -9.08000 0.20000 -14.08000
v -8.92000 0.20000 -14.08000
v -8.92000 3.40000 -14.08000
v -9.08000 3.40000 -14.08000
v -9.08000 0.20000 -13.92000
v -8.92000 0.20000 -13.92000
v -8.92000 3.40000 -13.92000
v -9.08000 3.40000 -13.92000
v -9.08000 1.02000 -16.08000
v -8.92000 1.02000 -16.08000
v -8.92000 4.22000 -16.08000
v -9.08000 4.22000 -16.08000
v -9.08000 1.02000 -15.92000
v -8.92000 1.02000 -15.92000
v -8.92000 4.22000 -15.92000
v -9.08000 4.22000 -15.92000
v -9.08000 1.84000 -18.08000
v -8.92000 1.84000 -18.08000
v -8.92000 5.04000 -18.08000
v -9.08000 5.04000 -18.08000
v -9.08000 1.84000 -17.92000
v -8.92000 1.84000 -17.92000
v -8.92000 5.04000 -17.92000
v -9.08000 5.04000 -17.92000
v -9.08000 2.66000 -20.08000
v -8.92000 2.66000 -20.08000
v -8.92000 5.86000 -20.08000
v -9.08000 5.86000 -20.08000
v -9.08000 2.66000 -19.92000
v -8.92000 2.66000 -19.92000
v -8.92000 5.86000 -19.92000
v -9.08000 5.86000 -19.92000
v -9.08000 3.48000 -22.08000
v -8.92000 3.48000 -22.08000
v -8.92000 6.68000 -22.08000
v -9.08000 6.68000 -22.08000
v -9.08000 3.48000 -21.92000
v -8.92000 3.48000 -21.92000
v -8.92000 6.68000 -21.92000
v -9.08000 6.68000 -21.92000
v -9.08000 4.30000 -24.08000
v -8.92000 4.30000 -24.08000
v -8.92000 7.50000 -24.08000
v -9.08000 7.50000 -24.08000
v -9.08000 4.30000 -23.92000
v -8.92000 4.30000 -23.92000
v -8.92000 7.50000 -23.92000
v -9.08000 7.50000 -23.92000
v -9.08000 5.12000 -26.08000
v -8.92000 5.12000 -26.08000
v -8.92000 8.32000 -26.08000
v -9.08000 8.32000 -26.08000
v -9.08000 5.12000 -25.92000
v -8.92000 5.12000 -25.92000
v -8.92000 8.32000 -25.92000
v -9.08000 8.32000 -25.92000
v -9.08000 5.94000 -28.08000
v -8.92000 5.94000 -28.08000
v -8.92000 9.14000 -28.08000
v -9.08000 9.14000 -28.08000
v -9.08000 5.94000 -27.92000
v -8.92000 5.94000 -27.92000
v -8.92000 9.14000 -27.92000
v -9.08000 9.14000 -27.92000
v -1.08000 0.20000 -14.08000
v -0.92000 0.20000 -14.08000
v -0.92000 3.40000 -14.08000
v -1.08000 3.40000 -14.08000
v -1.08000 0.20000 -13.92000
v -0.92000 0.20000 -13.92000
v -0.92000 3.40000 -13.92000
v -1.08000 3.40000 -13.92000
v -1.08000 1.02000 -16.08000
v -0.92000 1.02000 -16.08000
v -0.92000 4.22000 -16.08000
v -1.08000 4.22000 -16.08000
v -1.08000 1.02000 -15.92000
v -0.92000 1.02000 -15.92000
v -0.92000 4.22000 -15.92000
v -1.08000 4.22000 -15.92000
v -1.08000 1.84000 -18.08000
v -0.92000 1.84000 -18.08000
v -0.92000 5.04000 -18.08000
v -1.08000 5.04000 -18.08000
v -1.08000 1.84000 -17.92000
v -0.92000 1.84000 -17.92000
v -0.92000 5.04000 -17.92000
v -1.08000 5.04000 -17.92000
v -1.08000 2.66000 -20.08000
v -0.92000 2.66000 -20.08000
v -0.92000 5.86000 -20.08000
v -1.08000 5.86000 -20.08000
v -1.08000 2.66000 -19.92000
v -0.92000 2.66000 -19.92000
v -0.92000 5.86000 -19.92000
v -1.08000 5.86000 -19.92000
v -1.08000 3.48000 -22.08000
v -0.92000 3.48000 -22.08000
v -0.92000 6.68000 -22.08000
v -1.08000 6.68000 -22.08000
v -1.08000 3.48000 -21.92000
v -0.92000 3.48000 -21.92000
v -0.92000 6.68000 -21.92000
v -1.08000 6.68000 -21.92000
v -1.08000 4.30000 -24.08000
v -0.92000 4.30000 -24.08000
v -0.92000 7.50000 -24.08000
v -1.08000 7.50000 -24.08000
v -1.08000 4.30000 -23.92000
v -0.92000 4.30000 -23.92000
v -0.92000 7.50000 -23.92000
v -1.08000 7.50000 -23.92000
v -1.08000 5.12000 -26.08000
v -0.92000 5.12000 -26.08000
v -0.92000 8.32000 -26.08000
v -1.08000 8.32000 -26.08000
v -1.08000 5.12000 -25.92000
v -0.92000 5.12000 -25.92000
v -0.92000 8.32000 -25.92000
v -1.08000 8.32000 -25.92000
v -1.08000 5.94000 -28.08000
v -0.92000 5.94000 -28.08000
v -0.92000 9.14000 -28.08000
v -1.08000 9.14000 -28.08000
v -1.08000 5.94000 -27.92000
v -0.92000 5.94000 -27.92000
v -0.92000 9.14000 -27.92000
v -1.08000 9.14000 -27.92000
v 0.92000 7.20000 -29.08000
v 1.08000 7.20000 -29.08000
v 1.08000 10.40000 -29.08000
v 0.92000 10.40000 -29.08000
v 0.92000 7.20000 -28.92000
v 1.08000 7.20000 -28.92000
v 1.08000 10.40000 -28.92000
v 0.92000 10.40000 -28.92000
v 0.92000 8.02000 -27.08000
v 1.08000 8.02000 -27.08000
v 1.08000 11.22000 -27.08000
v 0.92000 11.22000 -27.08000
v 0.92000 8.02000 -26.92000
v 1.08000 8.02000 -26.92000
v 1.08000 11.22000 -26.92000
v 0.92000 11.22000 -26.92000
v 0.92000 8.84000 -25.08000
v 1.08000 8.84000 -25.08000
v 1.08000 12.04000 -25.08000
v 0.92000 12.04000 -25.08000
v 0.92000 8.84000 -24.92000
v 1.08000 8.84000 -24.92000
v 1.08000 12.04000 -24.92000
v 0.92000 12.04000 -24.92000
v 0.92000 9.66000 -23.08000
v 1.08000 9.66000 -23.08000
v 1.08000 12.86000 -23.08000
v 0.92000 12.86000 -23.08000
v 0.92000 9.66000 -22.92000
v 1.08000 9.66000 -22.92000
v 1.08000 12.86000 -22.92000
v 0.92000 12.86000 -22.92000
v 0.92000 10.48000 -21.08000
v 1.08000 10.48000 -21.08000
v 1.08000 13.68000 -21.08000
v 0.92000 13.68000 -21.08000
v 0.92000 10.48000 -20.92000
v 1.08000 10.48000 -20.92000
v 1.08000 13.68000 -20.92000
v 0.92000 13.68000 -20.92000
v 0.92000 11.30000 -19.08000
v 1.08000 11.30000 -19.08000
v 1.08000 14.50000 -19.08000
v 0.92000 14.50000 -19.08000
v 0.92000 11.30000 -18.92000
v 1.08000 11.30000 -18.92000
v 1.08000 14.50000 -18.92000
v 0.92000 14.50000 -18.92000
v 0.92000 12.12000 -17.08000
v 1.08000 12.12000 -17.08000
v 1.08000 15.32000 -17.08000
v 0.92000 15.32000 -17.08000
v 0.92000 12.12000 -16.92000
v 1.08000 12.12000 -16.92000
v 1.08000 15.32000 -16.92000
v 0.92000 15.32000 -16.92000
v 0.92000 12.94000 -15.08000
v 1.08000 12.94000 -15.08000
v 1.08000 16.14000 -15.08000
v 0.92000 16.14000 -15.08000
v 0.92000 12.94000 -14.92000
v 1.08000 12.94000 -14.92000
v 1.08000 16.14000 -14.92000
v 0.92000 16.14000 -14.92000
v 8.92000 7.20000 -29.08000
v 9.08000 7.20000 -29.08000
v 9.08000 10.40000 -29.08000
v 8.92000 10.40000 -29.08000
v 8.92000 7.20000 -28.92000
v 9.08000 7.20000 -28.92000
v 9.08000 10.40000 -28.92000
v 8.92000 10.40000 -28.92000
v 8.92000 8.02000 -27.08000
v 9.08000 8.02000 -27.08000
v 9.08000 11.22000 -27.08000
v 8.92000 11.22000 -27.08000
v 8.92000 8.02000 -26.92000
v 9.08000 8.02000 -26.92000
v 9.08000 11.22000 -26.92000
v 8.92000 11.22000 -26.92000
v 8.92000 8.84000 -25.08000
v 9.08000 8.84000 -25.08000
v 9.08000 12.04000 -25.08000
v 8.92000 12.04000 -25.08000
v 8.92000 8.84000 -24.92000
v 9.08000 8.84000 -24.92000
v 9.08000 12.04000 -24.92000
v 8.92000 12.04000 -24.92000
v 8.92000 9.66000 -23.08000
v 9.08000 9.66000 -23.08000
v 9.08000 12.86000 -23.08000
v 8.92000 12.86000 -23.08000
v 8.92000 9.66000 -22.92000
v 9.08000 9.66000 -22.92000
v 9.08000 12.86000 -22.92000
v 8.92000 12.86000 -22.92000
v 8.92000 10.48000 -21.08000
v 9.08000 10.48000 -21.08000
v 9.08000 13.68000 -21.08000
v 8.92000 13.68000 -21.08000
v 8.92000 10.48000 -20.92000
v 9.08000 10.48000 -20.92000
v 9.08000 13.68000 -20.92000
v 8.92000 13.68000 -20.92000
v 8.92000 11.30000 -19.08000
v 9.08000 11.30000 -19.08000
v 9.08000 14.50000 -19.08000
v 8.92000 14.50000 -19.08000
v 8.92000 11.30000 -18.92000
v 9.08000 11.30000 -18.92000
v 9.08000 14.50000 -18.92000
v 8.92000 14.50000 -18.92000
v 8.92000 12.12000 -17.08000
v 9.08000 12.12000 -17.08000
v 9.08000 15.32000 -17.08000
v 8.92000 15.32000 -17.08000
v 8.92000 12.12000 -16.92000
v 9.08000 12.12000 -16.92000
v 9.08000 15.32000 -16.92000
v 8.92000 15.32000 -16.92000
v 8.92000 12.94000 -15.08000
v 9.08000 12.94000 -15.08000
v 9.08000 16.14000 -15.08000
v 8.92000 16.14000 -15.08000
v 8.92000 12.94000 -14.92000
v 9.08000 12.94000 -14.92000
v 9.08000 16.14000 -14.92000
v 8.92000 16.14000 -14.92000
v -9.25000 7.20000 -33.59000
v 9.25000 7.20000 -33.59000
v 9.25000 10.40000 -33.59000
v -9.25000 10.40000 -33.59000
v -9.25000 7.20000 -33.41000
v 9.25000 7.20000 -33.41000
v 9.25000 10.40000 -33.41000
v -9.25000 10.40000 -33.41000
v -95.00000 28.75000 -50.20000
v 95.00000 28.75000 -50.20000
v 95.00000 35.40000 0.00000
v -95.00000 35.40000 0.00000
v -95.00000 28.41000 -50.20000
v 95.00000 28.41000 -50.20000
v 95.00000 35.06000 0.00000
v -95.00000 35.06000 0.00000
v -95.00000 28.75000 50.20000
v 95.00000 28.75000 50.20000
v 95.00000 35.40000 0.00000
v -95.00000 35.40000 0.00000
v -95.00000 28.41000 50.20000
v 95.00000 28.41000 50.20000
v 95.00000 35.06000 0.00000
v -95.00000 35.06000 0.00000
v -92.60000 28.00000 -47.00000
v -92.60000 28.00000 47.00000
v -92.60000 35.40000 0.00000
v -91.80000 28.00000 -47.00000
v -91.80000 28.00000 47.00000
v -91.80000 35.40000 0.00000
v 91.80000 28.00000 -47.00000
v 91.80000 35.40000 0.00000
v 91.80000 28.00000 47.00000
v 92.60000 28.00000 -47.00000
v 92.60000 35.40000 0.00000
v 92.60000 28.00000 47.00000
v -96.00000 35.17500 -0.62500
v 96.00000 35.17500 -0.62500
v 96.00000 35.72500 -0.62500
v -96.00000 35.72500 -0.62500
v -96.00000 35.17500 0.62500
v 96.00000 35.17500 0.62500
v 96.00000 35.72500 0.62500
v -96.00000 35.72500 0.62500
v -96.00000 28.22500 -50.67500
v 96.00000 28.22500 -50.67500
v 96.00000 29.07500 -50.67500
v -96.00000 29.07500 -50.67500
v -96.00000 28.22500 -50.12500
v 96.00000 28.22500 -50.12500
v 96.00000 29.07500 -50.12500
v -96.00000 29.07500 -50.12500
v -96.00000 28.22500 50.12500
v 96.00000 28.22500 50.12500
v 96.00000 29.07500 50.12500
v -96.00000 29.07500 50.12500
v -96.00000 28.22500 50.67500
v 96.00000 28.22500 50.67500
v 96.00000 29.07500 50.67500
v -96.00000 29.07500 50.67500
v -96.00000 28.19000 -51.06000
v 96.00000 28.19000 -51.06000
v 96.00000 28.51000 -51.06000
v -96.00000 28.51000 -51.06000
v -96.00000 28.19000 -50.64000
v 96.00000 28.19000 -50.64000
v 96.00000 28.51000 -50.64000
v -96.00000 28.51000 -50.64000
v -96.00000 28.19000 50.64000
v 96.00000 28.19000 50.64000
v 96.00000 28.51000 50.64000
v -96.00000 28.51000 50.64000
v -96.00000 28.19000 51.06000
v 96.00000 28.19000 51.06000
v 96.00000 28.51000 51.06000
v -96.00000 28.51000 51.06000
v -95.50000 35.15519 -2.59768
v 95.50000 35.15519 -2.59768
v 95.50000 35.31380 -2.61869
v -95.50000 35.31380 -2.61869
v -95.50000 35.21034 -2.18131
v 95.50000 35.21034 -2.18131
v 95.50000 35.36896 -2.20232
v -95.50000 35.36896 -2.20232
v -95.50000 35.21034 2.18131
v 95.50000 35.21034 2.18131
v 95.50000 35.36896 2.20232
v -95.50000 35.36896 2.20232
v -95.50000 35.15519 2.59768
v 95.50000 35.15519 2.59768
v 95.50000 35.31380 2.61869
v -95.50000 35.31380 2.61869
v -95.50000 34.83726 -4.99768
v 95.50000 34.83726 -4.99768
v 95.50000 34.99587 -5.01869
v -95.50000 34.99587 -5.01869
v -95.50000 34.89241 -4.58131
v 95.50000 34.89241 -4.58131
v 95.50000 35.05103 -4.60232
v -95.50000 35.05103 -4.60232
v -95.50000 34.89241 4.58131
v 95.50000 34.89241 4.58131
v 95.50000 35.05103 4.60232
v -95.50000 35.05103 4.60232
v -95.50000 34.83726 4.99768
v 95.50000 34.83726 4.99768
v 95.50000 34.99587 5.01869
v -95.50000 34.99587 5.01869
v -95.50000 34.51933 -7.39768
v 95.50000 34.51933 -7.39768
v 95.50000 34.67794 -7.41869
v -95.50000 34.67794 -7.41869
v -95.50000 34.57449 -6.98131
v 95.50000 34.57449 -6.98131
v 95.50000 34.73310 -7.00232
v -95.50000 34.73310 -7.00232
v -95.50000 34.57449 6.98131
v 95.50000 34.57449 6.98131
v 95.50000 34.73310 7.00232
v -95.50000 34.73310 7.00232
v -95.50000 34.51933 7.39768
v 95.50000 34.51933 7.39768
v 95.50000 34.67794 7.41869
v -95.50000 34.67794 7.41869
v -95.50000 34.20140 -9.79768
v 95.50000 34.20140 -9.79768
v 95.50000 34.36002 -9.81869
v -95.50000 34.36002 -9.81869
v -95.50000 34.25656 -9.38131
v 95.50000 34.25656 -9.38131
v 95.50000 34.41517 -9.40232
v -95.50000 34.41517 -9.40232
v -95.50000 34.25656 9.38131
v 95.50000 34.25656 9.38131
v 95.50000 34.41517 9.40232
v -95.50000 34.41517 9.40232
v -95.50000 34.20140 9.79768
v 95.50000 34.20140 9.79768
v 95.50000 34.36002 9.81869
v -95.50000 34.36002 9.81869
v -95.50000 33.88347 -12.19768
v 95.50000 33.88347 -12.19768
v 95.50000 34.04209 -12.21869
v -95.50000 34.04209 -12.21869
v -95.50000 33.93863 -11.78131
v 95.50000 33.93863 -11.78131
v 95.50000 34.09724 -11.80232
v -95.50000 34.09724 -11.80232
v -95.50000 33.93863 11.78131
v 95.50000 33.93863 11.78131
v 95.50000 34.09724 11.80232
v -95.50000 34.09724 11.80232
v -95.50000 33.88347 12.19768
v 95.50000 33.88347 12.19768
v 95.50000 34.04209 12.21869
v -95.50000 34.04209 12.21869
v -95.50000 33.56555 -14.59768
v 95.50000 33.56555 -14.59768
v 95.50000 33.72416 -14.61869
v -95.50000 33.72416 -14.61869
v -95.50000 33.62070 -14.18131
v 95.50000 33.62070 -14.18131
v 95.50000 33.77932 -14.20232
v -95.50000 33.77932 -14.20232
v -95.50000 33.62070 14.18131
v 95.50000 33.62070 14.18131
v 95.50000 33.77932 14.20232
v -95.50000 33.77932 14.20232
v -95.50000 33.56555 14.59768
v 95.50000 33.56555 14.59768
v 95.50000 33.72416 14.61869
v -95.50000 33.72416 14.61869
v -95.50000 33.24762 -16.99768
v 95.50000 33.24762 -16.99768
v 95.50000 33.40623 -17.01869
v -95.50000 33.40623 -17.01869
v -95.50000 33.30277 -16.58131
v 95.50000 33.30277 -16.58131
v 95.50000 33.46139 -16.60232
v -95.50000 33.46139 -16.60232
v -95.50000 33.30277 16.58131
v 95.50000 33.30277 16.58131
v 95.50000 33.46139 16.60232
v -95.50000 33.46139 16.60232
v -95.50000 33.24762 16.99768
v 95.50000 33.24762 16.99768
v 95.50000 33.40623 17.01869
v -95.50000 33.40623 17.01869
v -95.50000 32.92969 -19.39768
v 95.50000 32.92969 -19.39768
v 95.50000 33.08830 -19.41869
v -95.50000 33.08830 -19.41869
v -95.50000 32.98484 -18.98131
v 95.50000 32.98484 -18.98131
v 95.50000 33.14346 -19.00232
v -95.50000 33.14346 -19.00232
v -95.50000 32.98484 18.98131
v 95.50000 32.98484 18.98131
v 95.50000 33.14346 19.00232
v -95.50000 33.14346 19.00232
v -95.50000 32.92969 19.39768
v 95.50000 32.92969 19.39768
v 95.50000 33.08830 19.41869
v -95.50000 33.08830 19.41869
v -95.50000 32.61176 -21.79768
v 95.50000 32.61176 -21.79768
v 95.50000 32.77037 -21.81869
v -95.50000 32.77037 -21.81869
v -95.50000 32.66692 -21.38131
v 95.50000 32.66692 -21.38131
v 95.50000 32.82553 -21.40232
v -95.50000 32.82553 -21.40232
v -95.50000 32.66692 21.38131
v 95.50000 32.66692 21.38131
v 95.50000 32.82553 21.40232
v -95.50000 32.82553 21.40232
v -95.50000 32.61176 21.79768
v 95.50000 32.61176 21.79768
v 95.50000 32.77037 21.81869
v -95.50000 32.77037 21.81869
v -95.50000 32.29383 -24.19768
v 95.50000 32.29383 -24.19768
v 95.50000 32.45245 -24.21869
v -95.50000 32.45245 -24.21869
v -95.50000 32.34899 -23.78131
v 95.50000 32.34899 -23.78131
v 95.50000 32.50760 -23.80232
v -95.50000 32.50760 -23.80232
v -95.50000 32.34899 23.78131
v 95.50000 32.34899 23.78131
v 95.50000 32.50760 23.80232
v -95.50000 32.50760 23.80232
v -95.50000 32.29383 24.19768
v 95.50000 32.29383 24.19768
v 95.50000 32.45245 24.21869
v -95.50000 32.45245 24.21869
v -95.50000 31.97590 -26.59768
v 95.50000 31.97590 -26.59768
v 95.50000 32.13452 -26.61869
v -95.50000 32.13452 -26.61869
v -95.50000 32.03106 -26.18131
v 95.50000 32.03106 -26.18131
v 95.50000 32.18967 -26.20232
v -95.50000 32.18967 -26.20232
v -95.50000 32.03106 26.18131
v 95.50000 32.03106 26.18131
v 95.50000 32.18967 26.20232
v -95.50000 32.18967 26.20232
v -95.50000 31.97590 26.59768
v 95.50000 31.97590 26.59768
v 95.50000 32.13452 26.61869
v -95.50000 32.13452 26.61869
v -95.50000 31.65798 -28.99768
v 95.50000 31.65798 -28.99768
v 95.50000 31.81659 -29.01869
v -95.50000 31.81659 -29.01869
v -95.50000 31.71313 -28.58131
v 95.50000 31.71313 -28.58131
v 95.50000 31.87175 -28.60232
v -95.50000 31.87175 -28.60232
v -95.50000 31.71313 28.58131
v 95.50000 31.71313 28.58131
v 95.50000 31.87175 28.60232
v -95.50000 31.87175 28.60232
v -95.50000 31.65798 28.99768
v 95.50000 31.65798 28.99768
v 95.50000 31.81659 29.01869
v -95.50000 31.81659 29.01869
v -95.50000 31.34005 -31.39768
v 95.50000 31.34005 -31.39768
v 95.50000 31.49866 -31.41869
v -95.50000 31.49866 -31.41869
v -95.50000 31.39520 -30.98131
v 95.50000 31.39520 -30.98131
v 95.50000 31.55382 -31.00232
v -95.50000 31.55382 -31.00232
v -95.50000 31.39520 30.98131
v 95.50000 31.39520 30.98131
v 95.50000 31.55382 31.00232
v -95.50000 31.55382 31.00232
v -95.50000 31.34005 31.39768
v 95.50000 31.34005 31.39768
v 95.50000 31.49866 31.41869
v -95.50000 31.49866 31.41869
v -95.50000 31.02212 -33.79768
v 95.50000 31.02212 -33.79768
v 95.50000 31.18073 -33.81869
v -95.50000 31.18073 -33.81869
v -95.50000 31.07727 -33.38131
v 95.50000 31.07727 -33.38131
v 95.50000 31.23589 -33.40232
v -95.50000 31.23589 -33.40232
v -95.50000 31.07727 33.38131
v 95.50000 31.07727 33.38131
v 95.50000 31.23589 33.40232
v -95.50000 31.23589 33.40232
v -95.50000 31.02212 33.79768
v 95.50000 31.02212 33.79768
v 95.50000 31.18073 33.81869
v -95.50000 31.18073 33.81869
v -95.50000 30.70419 -36.19768
v 95.50000 30.70419 -36.19768
v 95.50000 30.86281 -36.21869
v -95.50000 30.86281 -36.21869
v -95.50000 30.75935 -35.78131
v 95.50000 30.75935 -35.78131
v 95.50000 30.91796 -35.80232
v -95.50000 30.91796 -35.80232
v -95.50000 30.75935 35.78131
v 95.50000 30.75935 35.78131
v 95.50000 30.91796 35.80232
v -95.50000 30.91796 35.80232
v -95.50000 30.70419 36.19768
v 95.50000 30.70419 36.19768
v 95.50000 30.86281 36.21869
v -95.50000 30.86281 36.21869
v -95.50000 30.38626 -38.59768
v 95.50000 30.38626 -38.59768
v 95.50000 30.54488 -38.61869
v -95.50000 30.54488 -38.61869
v -95.50000 30.44142 -38.18131
v 95.50000 30.44142 -38.18131
v 95.50000 30.60003 -38.20232
v -95.50000 30.60003 -38.20232
v -95.50000 30.44142 38.18131
v 95.50000 30.44142 38.18131
v 95.50000 30.60003 38.20232
v -95.50000 30.60003 38.20232
v -95.50000 30.38626 38.59768
v 95.50000 30.38626 38.59768
v 95.50000 30.54488 38.61869
v -95.50000 30.54488 38.61869
v -95.50000 30.06833 -40.99768
v 95.50000 30.06833 -40.99768
v 95.50000 30.22695 -41.01869
v -95.50000 30.22695 -41.01869
v -95.50000 30.12349 -40.58131
v 95.50000 30.12349 -40.58131
v 95.50000 30.28210 -40.60232
v -95.50000 30.28210 -40.60232
v -95.50000 30.12349 40.58131
v 95.50000 30.12349 40.58131
v 95.50000 30.28210 40.60232
v -95.50000 30.28210 40.60232
v -95.50000 30.06833 40.99768
v 95.50000 30.06833 40.99768
v 95.50000 30.22695 41.01869
v -95.50000 30.22695 41.01869
v -95.50000 29.75041 -43.39768
v 95.50000 29.75041 -43.39768
v 95.50000 29.90902 -43.41869
v -95.50000 29.90902 -43.41869
v -95.50000 29.80556 -42.98131
v 95.50000 29.80556 -42.98131
v 95.50000 29.96418 -43.00232
v -95.50000 29.96418 -43.00232
v -95.50000 29.80556 42.98131
v 95.50000 29.80556 42.98131
v 95.50000 29.96418 43.00232
v -95.50000 29.96418 43.00232
v -95.50000 29.75041 43.39768
v 95.50000 29.75041 43.39768
v 95.50000 29.90902 43.41869
v -95.50000 29.90902 43.41869
v -95.50000 29.43248 -45.79768
v 95.50000 29.43248 -45.79768
v 95.50000 29.59109 -45.81869
v -95.50000 29.59109 -45.81869
v -95.50000 29.48763 -45.38131
v 95.50000 29.48763 -45.38131
v 95.50000 29.64625 -45.40232
v -95.50000 29.64625 -45.40232
v -95.50000 29.48763 45.38131
v 95.50000 29.48763 45.38131
v 95.50000 29.64625 45.40232
v -95.50000 29.64625 45.40232
v -95.50000 29.43248 45.79768
v 95.50000 29.43248 45.79768
v 95.50000 29.59109 45.81869
v -95.50000 29.59109 45.81869
v -95.50000 29.11455 -48.19768
v 95.50000 29.11455 -48.19768
v 95.50000 29.27316 -48.21869
v -95.50000 29.27316 -48.21869
v -95.50000 29.16970 -47.78131
v 95.50000 29.16970 -47.78131
v 95.50000 29.32832 -47.80232
v -95.50000 29.32832 -47.80232
v -95.50000 29.16970 47.78131
v 95.50000 29.16970 47.78131
v 95.50000 29.32832 47.80232
v -95.50000 29.32832 47.80232
v -95.50000 29.11455 48.19768
v 95.50000 29.11455 48.19768
v 95.50000 29.27316 48.21869
v -95.50000 29.27316 48.21869
v -82.17500 0.00000 -50.92500
v -81.82500 0.00000 -50.92500
v -81.82500 28.00000 -50.92500
v -82.17500 28.00000 -50.92500
v -82.17500 0.00000 -50.57500
v -81.82500 0.00000 -50.57500
v -81.82500 28.00000 -50.57500
v -82.17500 28.00000 -50.57500
v -82.17500 0.00000 50.57500
v -81.82500 0.00000 50.57500
v -81.82500 28.00000 50.57500
v -82.17500 28.00000 50.57500
v -82.17500 0.00000 50.92500
v -81.82500 0.00000 50.92500
v -81.82500 28.00000 50.92500
v -82.17500 28.00000 50.92500
v -16.17500 0.00000 -50.92500
v -15.82500 0.00000 -50.92500
v -15.82500 28.00000 -50.92500
v -16.17500 28.00000 -50.92500
v -16.17500 0.00000 -50.57500
v -15.82500 0.00000 -50.57500
v -15.82500 28.00000 -50.57500
v -16.17500 28.00000 -50.57500
v -16.17500 0.00000 50.57500
v -15.82500 0.00000 50.57500
v -15.82500 28.00000 50.57500
v -16.17500 28.00000 50.57500
v -16.17500 0.00000 50.92500
v -15.82500 0.00000 50.92500
v -15.82500 28.00000 50.92500
v -16.17500 28.00000 50.92500
v 15.82500 0.00000 -50.92500
v 16.17500 0.00000 -50.92500
v 16.17500 28.00000 -50.92500
v 15.82500 28.00000 -50.92500
v 15.82500 0.00000 -50.57500
v 16.17500 0.00000 -50.57500
v 16.17500 28.00000 -50.57500
v 15.82500 28.00000 -50.57500
v 15.82500 0.00000 50.57500
v 16.17500 0.00000 50.57500
v 16.17500 28.00000 50.57500
v 15.82500 28.00000 50.57500
v 15.82500 0.00000 50.92500
v 16.17500 0.00000 50.92500
v 16.17500 28.00000 50.92500
v 15.82500 28.00000 50.92500
v 81.82500 0.00000 -50.92500
v 82.17500 0.00000 -50.92500
v 82.17500 28.00000 -50.92500
v 81.82500 28.00000 -50.92500
v 81.82500 0.00000 -50.57500
v 82.17500 0.00000 -50.57500
v 82.17500 28.00000 -50.57500
v 81.82500 28.00000 -50.57500
v 81.82500 0.00000 50.57500
v 82.17500 0.00000 50.57500
v 82.17500 28.00000 50.57500
v 81.82500 28.00000 50.57500
v 81.82500 0.00000 50.92500
v 82.17500 0.00000 50.92500
v 82.17500 28.00000 50.92500
v 81.82500 28.00000 50.92500
v -22.00000 31.80000 -58.80000
v -22.00000 31.80000 -19.00000
v 0.00000 38.20000 -19.00000
v 0.00000 38.20000 -58.80000
v -22.00000 31.46000 -58.80000
v -22.00000 31.46000 -19.00000
v 0.00000 37.86000 -19.00000
v 0.00000 37.86000 -58.80000
v 22.00000 31.80000 -58.80000
v 22.00000 31.80000 -19.00000
v 0.00000 38.20000 -19.00000
v 0.00000 38.20000 -58.80000
v 22.00000 31.46000 -58.80000
v 22.00000 31.46000 -19.00000
v 0.00000 37.86000 -19.00000
v 0.00000 37.86000 -58.80000
v -22.00000 31.80000 -59.25000
v 0.00000 38.20000 -59.25000
v 22.00000 31.80000 -59.25000
v -22.00000 31.80000 -58.35000
v 0.00000 38.20000 -58.35000
v 22.00000 31.80000 -58.35000
v -0.52500 37.97500 -58.80000
v 0.52500 37.97500 -58.80000
v 0.52500 38.52500 -58.80000
v -0.52500 38.52500 -58.80000
v -0.52500 37.97500 -19.00000
v 0.52500 37.97500 -19.00000
v 0.52500 38.52500 -19.00000
v -0.52500 38.52500 -19.00000
v -18.87500 14.00000 -49.10000
v -18.12500 14.00000 -49.10000
v -18.12500 28.00000 -49.10000
v -18.87500 28.00000 -49.10000
v -18.87500 14.00000 -46.90000
v -18.12500 14.00000 -46.90000
v -18.12500 28.00000 -46.90000
v -18.87500 28.00000 -46.90000
v 18.12500 14.00000 -49.10000
v 18.87500 14.00000 -49.10000
v 18.87500 28.00000 -49.10000
v 18.12500 28.00000 -49.10000
v 18.12500 14.00000 -46.90000
v 18.87500 14.00000 -46.90000
v 18.87500 28.00000 -46.90000
v 18.12500 28.00000 -46.90000
v -74.10000 1.88000 -30.00000
v -71.90000 1.88000 -30.00000
v -71.90000 2.12000 -30.00000
v -74.10000 2.12000 -30.00000
v -74.10000 1.88000 -28.00000
v -71.90000 1.88000 -28.00000
v -71.90000 2.12000 -28.00000
v -74.10000 2.12000 -28.00000
v -74.10000 2.20000 -28.21000
v -71.90000 2.20000 -28.21000
v -71.90000 4.20000 -28.21000
v -74.10000 4.20000 -28.21000
v -74.10000 2.20000 -27.99000
v -71.90000 2.20000 -27.99000
v -71.90000 4.20000 -27.99000
v -74.10000 4.20000 -27.99000
v -73.87000 0.00000 -29.77000
v -73.73000 0.00000 -29.77000
v -73.73000 2.00000 -29.77000
v -73.87000 2.00000 -29.77000
v -73.87000 0.00000 -29.63000
v -73.73000 0.00000 -29.63000
v -73.73000 2.00000 -29.63000
v -73.87000 2.00000 -29.63000
v -73.87000 0.00000 -28.37000
v -73.73000 0.00000 -28.37000
v -73.73000 2.00000 -28.37000
v -73.87000 2.00000 -28.37000
v -73.87000 0.00000 -28.23000
v -73.73000 0.00000 -28.23000
v -73.73000 2.00000 -28.23000
v -73.87000 2.00000 -28.23000
v -72.27000 0.00000 -29.77000
v -72.13000 0.00000 -29.77000
v -72.13000 2.00000 -29.77000
v -72.27000 2.00000 -29.77000
v -72.27000 0.00000 -29.63000
v -72.13000 0.00000 -29.63000
v -72.13000 2.00000 -29.63000
v -72.27000 2.00000 -29.63000
v -72.27000 0.00000 -28.37000
v -72.13000 0.00000 -28.37000
v -72.13000 2.00000 -28.37000
v -72.27000 2.00000 -28.37000
v -72.27000 0.00000 -28.23000
v -72.13000 0.00000 -28.23000
v -72.13000 2.00000 -28.23000
v -72.27000 2.00000 -28.23000
v -71.92000 1.90000 -29.17000
v -71.78000 1.90000 -29.17000
v -71.78000 3.40000 -29.17000
v -71.92000 3.40000 -29.17000
v -71.92000 1.90000 -29.03000
v -71.78000 1.90000 -29.03000
v -71.78000 3.40000 -29.03000
v -71.92000 3.40000 -29.03000
v -72.47500 3.34000 -30.20000
v -70.92500 3.34000 -30.20000
v -70.92500 3.46000 -30.20000
v -72.47500 3.46000 -30.20000
v -72.47500 3.34000 -28.30000
v -70.92500 3.34000 -28.30000
v -70.92500 3.46000 -28.30000
v -72.47500 3.46000 -28.30000
v -36.10000 1.88000 -30.00000
v -33.90000 1.88000 -30.00000
v -33.90000 2.12000 -30.00000
v -36.10000 2.12000 -30.00000
v -36.10000 1.88000 -28.00000
v -33.90000 1.88000 -28.00000
v -33.90000 2.12000 -28.00000
v -36.10000 2.12000 -28.00000
v -36.10000 2.20000 -28.21000
v -33.90000 2.20000 -28.21000
v -33.90000 4.20000 -28.21000
v -36.10000 4.20000 -28.21000
v -36.10000 2.20000 -27.99000
v -33.90000 2.20000 -27.99000
v -33.90000 4.20000 -27.99000
v -36.10000 4.20000 -27.99000
v -35.87000 0.00000 -29.77000
v -35.73000 0.00000 -29.77000
v -35.73000 2.00000 -29.77000
v -35.87000 2.00000 -29.77000
v -35.87000 0.00000 -29.63000
v -35.73000 0.00000 -29.63000
v -35.73000 2.00000 -29.63000
v -35.87000 2.00000 -29.63000
v -35.87000 0.00000 -28.37000
v -35.73000 0.00000 -28.37000
v -35.73000 2.00000 -28.37000
v -35.87000 2.00000 -28.37000
v -35.87000 0.00000 -28.23000
v -35.73000 0.00000 -28.23000
v -35.73000 2.00000 -28.23000
v -35.87000 2.00000 -28.23000
v -34.27000 0.00000 -29.77000
v -34.13000 0.00000 -29.77000
v -34.13000 2.00000 -29.77000
v -34.27000 2.00000 -29.77000
v -34.27000 0.00000 -29.63000
v -34.13000 0.00000 -29.63000
v -34.13000 2.00000 -29.63000
v -34.27000 2.00000 -29.63000
v -34.27000 0.00000 -28.37000
v -34.13000 0.00000 -28.37000
v -34.13000 2.00000 -28.37000
v -34.27000 2.00000 -28.37000
v -34.27000 0.00000 -28.23000
v -34.13000 0.00000 -28.23000
v -34.13000 2.00000 -28.23000
v -34.27000 2.00000 -28.23000
v -33.92000 1.90000 -29.17000
v -33.78000 1.90000 -29.17000
v -33.78000 3.40000 -29.17000
v -33.92000 3.40000 -29.17000
v -33.92000 1.90000 -29.03000
v -33.78000 1.90000 -29.03000
v -33.78000 3.40000 -29.03000
v -33.92000 3.40000 -29.03000
v -34.47500 3.34000 -30.20000
v -32.92500 3.34000 -30.20000
v -32.92500 3.46000 -30.20000
v -34.47500 3.46000 -30.20000
v -34.47500 3.34000 -28.30000
v -32.92500 3.34000 -28.30000
v -32.92500 3.46000 -28.30000
v -34.47500 3.46000 -28.30000
v 33.90000 1.88000 -30.00000
v 36.10000 1.88000 -30.00000
v 36.10000 2.12000 -30.00000
v 33.90000 2.12000 -30.00000
v 33.90000 1.88000 -28.00000
v 36.10000 1.88000 -28.00000
v 36.10000 2.12000 -28.00000
v 33.90000 2.12000 -28.00000
v 33.90000 2.20000 -28.21000
v 36.10000 2.20000 -28.21000
v 36.10000 4.20000 -28.21000
v 33.90000 4.20000 -28.21000
v 33.90000 2.20000 -27.99000
v 36.10000 2.20000 -27.99000
v 36.10000 4.20000 -27.99000
v 33.90000 4.20000 -27.99000
v 34.13000 0.00000 -29.77000
v 34.27000 0.00000 -29.77000
v 34.27000 2.00000 -29.77000
v 34.13000 2.00000 -29.77000
v 34.13000 0.00000 -29.63000
v 34.27000 0.00000 -29.63000
v 34.27000 2.00000 -29.63000
v 34.13000 2.00000 -29.63000
v 34.13000 0.00000 -28.37000
v 34.27000 0.00000 -28.37000
v 34.27000 2.00000 -28.37000
v 34.13000 2.00000 -28.37000
v 34.13000 0.00000 -28.23000
v 34.27000 0.00000 -28.23000
v 34.27000 2.00000 -28.23000
v 34.13000 2.00000 -28.23000
v 35.73000 0.00000 -29.77000
v 35.87000 0.00000 -29.77000
v 35.87000 2.00000 -29.77000
v 35.73000 2.00000 -29.77000
v 35.73000 0.00000 -29.63000
v 35.87000 0.00000 -29.63000
v 35.87000 2.00000 -29.63000
v 35.73000 2.00000 -29.63000
v 35.73000 0.00000 -28.37000
v 35.87000 0.00000 -28.37000
v 35.87000 2.00000 -28.37000
v 35.73000 2.00000 -28.37000
v 35.73000 0.00000 -28.23000
v 35.87000 0.00000 -28.23000
v 35.87000 2.00000 -28.23000
v 35.73000 2.00000 -28.23000
v 36.08000 1.90000 -29.17000
v 36.22000 1.90000 -29.17000
v 36.22000 3.40000 -29.17000
v 36.08000 3.40000 -29.17000
v 36.08000 1.90000 -29.03000
v 36.22000 1.90000 -29.03000
v 36.22000 3.40000 -29.03000
v 36.08000 3.40000 -29.03000
v 35.52500 3.34000 -30.20000
v 37.07500 3.34000 -30.20000
v 37.07500 3.46000 -30.20000
v 35.52500 3.46000 -30.20000
v 35.52500 3.34000 -28.30000
v 37.07500 3.34000 -28.30000
v 37.07500 3.46000 -28.30000
v 35.52500 3.46000 -28.30000
v 71.90000 1.88000 -30.00000
v 74.10000 1.88000 -30.00000
v 74.10000 2.12000 -30.00000
v 71.90000 2.12000 -30.00000
v 71.90000 1.88000 -28.00000
v 74.10000 1.88000 -28.00000
v 74.10000 2.12000 -28.00000
v 71.90000 2.12000 -28.00000
v 71.90000 2.20000 -28.21000
v 74.10000 2.20000 -28.21000
v 74.10000 4.20000 -28.21000
v 71.90000 4.20000 -28.21000
v 71.90000 2.20000 -27.99000
v 74.10000 2.20000 -27.99000
v 74.10000 4.20000 -27.99000
v 71.90000 4.20000 -27.99000
v 72.13000 0.00000 -29.77000
v 72.27000 0.00000 -29.77000
v 72.27000 2.00000 -29.77000
v 72.13000 2.00000 -29.77000
v 72.13000 0.00000 -29.63000
v 72.27000 0.00000 -29.63000
v 72.27000 2.00000 -29.63000
v 72.13000 2.00000 -29.63000
v 72.13000 0.00000 -28.37000
v 72.27000 0.00000 -28.37000
v 72.27000 2.00000 -28.37000
v 72.13000 2.00000 -28.37000
v 72.13000 0.00000 -28.23000
v 72.27000 0.00000 -28.23000
v 72.27000 2.00000 -28.23000
v 72.13000 2.00000 -28.23000
v 73.73000 0.00000 -29.77000
v 73.87000 0.00000 -29.77000
v 73.87000 2.00000 -29.77000
v 73.73000 2.00000 -29.77000
v 73.73000 0.00000 -29.63000
v 73.87000 0.00000 -29.63000
v 73.87000 2.00000 -29.63000
v 73.73000 2.00000 -29.63000
v 73.73000 0.00000 -28.37000
v 73.87000 0.00000 -28.37000
v 73.87000 2.00000 -28.37000
v 73.73000 2.00000 -28.37000
v 73.73000 0.00000 -28.23000
v 73.87000 0.00000 -28.23000
v 73.87000 2.00000 -28.23000
v 73.73000 2.00000 -28.23000
v 74.08000 1.90000 -29.17000
v 74.22000 1.90000 -29.17000
v 74.22000 3.40000 -29.17000
v 74.08000 3.40000 -29.17000
v 74.08000 1.90000 -29.03000
v 74.22000 1.90000 -29.03000
v 74.22000 3.40000 -29.03000
v 74.08000 3.40000 -29.03000
v 73.52500 3.34000 -30.20000
v 75.07500 3.34000 -30.20000
v 75.07500 3.46000 -30.20000
v 73.52500 3.46000 -30.20000
v 73.52500 3.34000 -28.30000
v 75.07500 3.34000 -28.30000
v 75.07500 3.46000 -28.30000
v 73.52500 3.46000 -28.30000
v -67.90000 1.88000 30.00000
v -70.10000 1.88000 30.00000
v -70.10000 2.12000 30.00000
v -67.90000 2.12000 30.00000
v -67.90000 1.88000 28.00000
v -70.10000 1.88000 28.00000
v -70.10000 2.12000 28.00000
v -67.90000 2.12000 28.00000
v -67.90000 2.20000 30.01000
v -70.10000 2.20000 30.01000
v -70.10000 4.20000 30.01000
v -67.90000 4.20000 30.01000
v -67.90000 2.20000 29.79000
v -70.10000 2.20000 29.79000
v -70.10000 4.20000 29.79000
v -67.90000 4.20000 29.79000
v -69.87000 0.00000 28.23000
v -69.73000 0.00000 28.23000
v -69.73000 2.00000 28.23000
v -69.87000 2.00000 28.23000
v -69.87000 0.00000 28.37000
v -69.73000 0.00000 28.37000
v -69.73000 2.00000 28.37000
v -69.87000 2.00000 28.37000
v -69.87000 0.00000 29.63000
v -69.73000 0.00000 29.63000
v -69.73000 2.00000 29.63000
v -69.87000 2.00000 29.63000
v -69.87000 0.00000 29.77000
v -69.73000 0.00000 29.77000
v -69.73000 2.00000 29.77000
v -69.87000 2.00000 29.77000
v -68.27000 0.00000 28.23000
v -68.13000 0.00000 28.23000
v -68.13000 2.00000 28.23000
v -68.27000 2.00000 28.23000
v -68.27000 0.00000 28.37000
v -68.13000 0.00000 28.37000
v -68.13000 2.00000 28.37000
v -68.27000 2.00000 28.37000
v -68.27000 0.00000 29.63000
v -68.13000 0.00000 29.63000
v -68.13000 2.00000 29.63000
v -68.27000 2.00000 29.63000
v -68.27000 0.00000 29.77000
v -68.13000 0.00000 29.77000
v -68.13000 2.00000 29.77000
v -68.27000 2.00000 29.77000
v -67.92000 1.90000 28.83000
v -67.78000 1.90000 28.83000
v -67.78000 3.40000 28.83000
v -67.92000 3.40000 28.83000
v -67.92000 1.90000 28.97000
v -67.78000 1.90000 28.97000
v -67.78000 3.40000 28.97000
v -67.92000 3.40000 28.97000
v -68.47500 3.34000 27.80000
v -66.92500 3.34000 27.80000
v -66.92500 3.46000 27.80000
v -68.47500 3.46000 27.80000
v -68.47500 3.34000 29.70000
v -66.92500 3.34000 29.70000
v -66.92500 3.46000 29.70000
v -68.47500 3.46000 29.70000
v -21.90000 1.88000 30.00000
v -24.10000 1.88000 30.00000
v -24.10000 2.12000 30.00000
v -21.90000 2.12000 30.00000
v -21.90000 1.88000 28.00000
v -24.10000 1.88000 28.00000
v -24.10000 2.12000 28.00000
v -21.90000 2.12000 28.00000
v -21.90000 2.20000 30.01000
v -24.10000 2.20000 30.01000
v -24.10000 4.20000 30.01000
v -21.90000 4.20000 30.01000
v -21.90000 2.20000 29.79000
v -24.10000 2.20000 29.79000
v -24.10000 4.20000 29.79000
v -21.90000 4.20000 29.79000
v -23.87000 0.00000 28.23000
v -23.73000 0.00000 28.23000
v -23.73000 2.00000 28.23000
v -23.87000 2.00000 28.23000
v -23.87000 0.00000 28.37000
v -23.73000 0.00000 28.37000
v -23.73000 2.00000 28.37000
v -23.87000 2.00000 28.37000
v -23.87000 0.00000 29.63000
v -23.73000 0.00000 29.63000
v -23.73000 2.00000 29.63000
v -23.87000 2.00000 29.63000
v -23.87000 0.00000 29.77000
v -23.73000 0.00000 29.77000
v -23.73000 2.00000 29.77000
v -23.87000 2.00000 29.77000
v -22.27000 0.00000 28.23000
v -22.13000 0.00000 28.23000
v -22.13000 2.00000 28.23000
v -22.27000 2.00000 28.23000
v -22.27000 0.00000 28.37000
v -22.13000 0.00000 28.37000
v -22.13000 2.00000 28.37000
v -22.27000 2.00000 28.37000
v -22.27000 0.00000 29.63000
v -22.13000 0.00000 29.63000
v -22.13000 2.00000 29.63000
v -22.27000 2.00000 29.63000
v -22.27000 0.00000 29.77000
v -22.13000 0.00000 29.77000
v -22.13000 2.00000 29.77000
v -22.27000 2.00000 29.77000
v -21.92000 1.90000 28.83000
v -21.78000 1.90000 28.83000
v -21.78000 3.40000 28.83000
v -21.92000 3.40000 28.83000
v -21.92000 1.90000 28.97000
v -21.78000 1.90000 28.97000
v -21.78000 3.40000 28.97000
v -21.92000 3.40000 28.97000
v -22.47500 3.34000 27.80000
v -20.92500 3.34000 27.80000
v -20.92500 3.46000 27.80000
v -22.47500 3.46000 27.80000
v -22.47500 3.34000 29.70000
v -20.92500 3.34000 29.70000
v -20.92500 3.46000 29.70000
v -22.47500 3.46000 29.70000
v 24.10000 1.88000 30.00000
v 21.90000 1.88000 30.00000
v 21.90000 2.12000 30.00000
v 24.10000 2.12000 30.00000
v 24.10000 1.88000 28.00000
v 21.90000 1.88000 28.00000
v 21.90000 2.12000 28.00000
v 24.10000 2.12000 28.00000
v 24.10000 2.20000 30.01000
v 21.90000 2.20000 30.01000
v 21.90000 4.20000 30.01000
v 24.10000 4.20000 30.01000
v 24.10000 2.20000 29.79000
v 21.90000 2.20000 29.79000
v 21.90000 4.20000 29.79000
v 24.10000 4.20000 29.79000
v 22.13000 0.00000 28.23000
v 22.27000 0.00000 28.23000
v 22.27000 2.00000 28.23000
v 22.13000 2.00000 28.23000
v 22.13000 0.00000 28.37000
v 22.27000 0.00000 28.37000
v 22.27000 2.00000 28.37000
v 22.13000 2.00000 28.37000
v 22.13000 0.00000 29.63000
v 22.27000 0.00000 29.63000
v 22.27000 2.00000 29.63000
v 22.13000 2.00000 29.63000
v 22.13000 0.00000 29.77000
v 22.27000 0.00000 29.77000
v 22.27000 2.00000 29.77000
v 22.13000 2.00000 29.77000
v 23.73000 0.00000 28.23000
v 23.87000 0.00000 28.23000
v 23.87000 2.00000 28.23000
v 23.73000 2.00000 28.23000
v 23.73000 0.00000 28.37000
v 23.87000 0.00000 28.37000
v 23.87000 2.00000 28.37000
v 23.73000 2.00000 28.37000
v 23.73000 0.00000 29.63000
v 23.87000 0.00000 29.63000
v 23.87000 2.00000 29.63000
v 23.73000 2.00000 29.63000
v 23.73000 0.00000 29.77000
v 23.87000 0.00000 29.77000
v 23.87000 2.00000 29.77000
v 23.73000 2.00000 29.77000
v 24.08000 1.90000 28.83000
v 24.22000 1.90000 28.83000
v 24.22000 3.40000 28.83000
v 24.08000 3.40000 28.83000
v 24.08000 1.90000 28.97000
v 24.22000 1.90000 28.97000
v 24.22000 3.40000 28.97000
v 24.08000 3.40000 28.97000
v 23.52500 3.34000 27.80000
v 25.07500 3.34000 27.80000
v 25.07500 3.46000 27.80000
v 23.52500 3.46000 27.80000
v 23.52500 3.34000 29.70000
v 25.07500 3.34000 29.70000
v 25.07500 3.46000 29.70000
v 23.52500 3.46000 29.70000
v 70.10000 1.88000 30.00000
v 67.90000 1.88000 30.00000
v 67.90000 2.12000 30.00000
v 70.10000 2.12000 30.00000
v 70.10000 1.88000 28.00000
v 67.90000 1.88000 28.00000
v 67.90000 2.12000 28.00000
v 70.10000 2.12000 28.00000
v 70.10000 2.20000 30.01000
v 67.90000 2.20000 30.01000
v 67.90000 4.20000 30.01000
v 70.10000 4.20000 30.01000
v 70.10000 2.20000 29.79000
v 67.90000 2.20000 29.79000
v 67.90000 4.20000 29.79000
v 70.10000 4.20000 29.79000
v 68.13000 0.00000 28.23000
v 68.27000 0.00000 28.23000
v 68.27000 2.00000 28.23000
v 68.13000 2.00000 28.23000
v 68.13000 0.00000 28.37000
v 68.27000 0.00000 28.37000
v 68.27000 2.00000 28.37000
v 68.13000 2.00000 28.37000
v 68.13000 0.00000 29.63000
v 68.27000 0.00000 29.63000
v 68.27000 2.00000 29.63000
v 68.13000 2.00000 29.63000
v 68.13000 0.00000 29.77000
v 68.27000 0.00000 29.77000
v 68.27000 2.00000 29.77000
v 68.13000 2.00000 29.77000
v 69.73000 0.00000 28.23000
v 69.87000 0.00000 28.23000
v 69.87000 2.00000 28.23000
v 69.73000 2.00000 28.23000
v 69.73000 0.00000 28.37000
v 69.87000 0.00000 28.37000
v 69.87000 2.00000 28.37000
v 69.73000 2.00000 28.37000
v 69.73000 0.00000 29.63000
v 69.87000 0.00000 29.63000
v 69.87000 2.00000 29.63000
v 69.73000 2.00000 29.63000
v 69.73000 0.00000 29.77000
v 69.87000 0.00000 29.77000
v 69.87000 2.00000 29.77000
v 69.73000 2.00000 29.77000
v 70.08000 1.90000 28.83000
v 70.22000 1.90000 28.83000
v 70.22000 3.40000 28.83000
v 70.08000 3.40000 28.83000
v 70.08000 1.90000 28.97000
v 70.22000 1.90000 28.97000
v 70.22000 3.40000 28.97000
v 70.08000 3.40000 28.97000
v 69.52500 3.34000 27.80000
v 71.07500 3.34000 27.80000
v 71.07500 3.46000 27.80000
v 69.52500 3.46000 27.80000
v 69.52500 3.34000 29.70000
v 71.07500 3.34000 29.70000
v 71.07500 3.46000 29.70000
v 69.52500 3.46000 29.70000
v -74.10000 15.88000 -30.00000
v -71.90000 15.88000 -30.00000
v -71.90000 16.12000 -30.00000
v -74.10000 16.12000 -30.00000
v -74.10000 15.88000 -28.00000
v -71.90000 15.88000 -28.00000
v -71.90000 16.12000 -28.00000
v -74.10000 16.12000 -28.00000
v -74.10000 16.20000 -28.21000
v -71.90000 16.20000 -28.21000
v -71.90000 18.20000 -28.21000
v -74.10000 18.20000 -28.21000
v -74.10000 16.20000 -27.99000
v -71.90000 16.20000 -27.99000
v -71.90000 18.20000 -27.99000
v -74.10000 18.20000 -27.99000
v -73.87000 14.00000 -29.77000
v -73.73000 14.00000 -29.77000
v -73.73000 16.00000 -29.77000
v -73.87000 16.00000 -29.77000
v -73.87000 14.00000 -29.63000
v -73.73000 14.00000 -29.63000
v -73.73000 16.00000 -29.63000
v -73.87000 16.00000 -29.63000
v -73.87000 14.00000 -28.37000
v -73.73000 14.00000 -28.37000
v -73.73000 16.00000 -28.37000
v -73.87000 16.00000 -28.37000
v -73.87000 14.00000 -28.23000
v -73.73000 14.00000 -28.23000
v -73.73000 16.00000 -28.23000
v -73.87000 16.00000 -28.23000
v -72.27000 14.00000 -29.77000
v -72.13000 14.00000 -29.77000
v -72.13000 16.00000 -29.77000
v -72.27000 16.00000 -29.77000
v -72.27000 14.00000 -29.63000
v -72.13000 14.00000 -29.63000
v -72.13000 16.00000 -29.63000
v -72.27000 16.00000 -29.63000
v -72.27000 14.00000 -28.37000
v -72.13000 14.00000 -28.37000
v -72.13000 16.00000 -28.37000
v -72.27000 16.00000 -28.37000
v -72.27000 14.00000 -28.23000
v -72.13000 14.00000 -28.23000
v -72.13000 16.00000 -28.23000
v -72.27000 16.00000 -28.23000
v -71.92000 15.90000 -29.17000
v -71.78000 15.90000 -29.17000
v -71.78000 17.40000 -29.17000
v -71.92000 17.40000 -29.17000
v -71.92000 15.90000 -29.03000
v -71.78000 15.90000 -29.03000
v -71.78000 17.40000 -29.03000
v -71.92000 17.40000 -29.03000
v -72.47500 17.34000 -30.20000
v -70.92500 17.34000 -30.20000
v -70.92500 17.46000 -30.20000
v -72.47500 17.46000 -30.20000
v -72.47500 17.34000 -28.30000
v -70.92500 17.34000 -28.30000
v -70.92500 17.46000 -28.30000
v -72.47500 17.46000 -28.30000
v -36.10000 15.88000 -30.00000
v -33.90000 15.88000 -30.00000
v -33.90000 16.12000 -30.00000
v -36.10000 16.12000 -30.00000
v -36.10000 15.88000 -28.00000
v -33.90000 15.88000 -28.00000
v -33.90000 16.12000 -28.00000
v -36.10000 16.12000 -28.00000
v -36.10000 16.20000 -28.21000
v -33.90000 16.20000 -28.21000
v -33.90000 18.20000 -28.21000
v -36.10000 18.20000 -28.21000
v -36.10000 16.20000 -27.99000
v -33.90000 16.20000 -27.99000
v -33.90000 18.20000 -27.99000
v -36.10000 18.20000 -27.99000
v -35.87000 14.00000 -29.77000
v -35.73000 14.00000 -29.77000
v -35.73000 16.00000 -29.77000
v -35.87000 16.00000 -29.77000
v -35.87000 14.00000 -29.63000
v -35.73000 14.00000 -29.63000
v -35.73000 16.00000 -29.63000
v -35.87000 16.00000 -29.63000
v -35.87000 14.00000 -28.37000
v -35.73000 14.00000 -28.37000
v -35.73000 16.00000 -28.37000
v -35.87000 16.00000 -28.37000
v -35.87000 14.00000 -28.23000
v -35.73000 14.00000 -28.23000
v -35.73000 16.00000 -28.23000
v -35.87000 16.00000 -28.23000
v -34.27000 14.00000 -29.77000
v -34.13000 14.00000 -29.77000
v -34.13000 16.00000 -29.77000
v -34.27000 16.00000 -29.77000
v -34.27000 14.00000 -29.63000
v -34.13000 14.00000 -29.63000
v -34.13000 16.00000 -29.63000
v -34.27000 16.00000 -29.63000
v -34.27000 14.00000 -28.37000
v -34.13000 14.00000 -28.37000
v -34.13000 16.00000 -28.37000
v -34.27000 16.00000 -28.37000
v -34.27000 14.00000 -28.23000
v -34.13000 14.00000 -28.23000
v -34.13000 16.00000 -28.23000
v -34.27000 16.00000 -28.23000
v -33.92000 15.90000 -29.17000
v -33.78000 15.90000 -29.17000
v -33.78000 17.40000 -29.17000
v -33.92000 17.40000 -29.17000
v -33.92000 15.90000 -29.03000
v -33.78000 15.90000 -29.03000
v -33.78000 17.40000 -29.03000
v -33.92000 17.40000 -29.03000
v -34.47500 17.34000 -30.20000
v -32.92500 17.34000 -30.20000
v -32.92500 17.46000 -30.20000
v -34.47500 17.46000 -30.20000
v -34.47500 17.34000 -28.30000
v -32.92500 17.34000 -28.30000
v -32.92500 17.46000 -28.30000
v -34.47500 17.46000 -28.30000
v 33.90000 15.88000 -30.00000
v 36.10000 15.88000 -30.00000
v 36.10000 16.12000 -30.00000
v 33.90000 16.12000 -30.00000
v 33.90000 15.88000 -28.00000
v 36.10000 15.88000 -28.00000
v 36.10000 16.12000 -28.00000
v 33.90000 16.12000 -28.00000
v 33.90000 16.20000 -28.21000
v 36.10000 16.20000 -28.21000
v 36.10000 18.20000 -28.21000
v 33.90000 18.20000 -28.21000
v 33.90000 16.20000 -27.99000
v 36.10000 16.20000 -27.99000
v 36.10000 18.20000 -27.99000
v 33.90000 18.20000 -27.99000
v 34.13000 14.00000 -29.77000
v 34.27000 14.00000 -29.77000
v 34.27000 16.00000 -29.77000
v 34.13000 16.00000 -29.77000
v 34.13000 14.00000 -29.63000
v 34.27000 14.00000 -29.63000
v 34.27000 16.00000 -29.63000
v 34.13000 16.00000 -29.63000
v 34.13000 14.00000 -28.37000
v 34.27000 14.00000 -28.37000
v 34.27000 16.00000 -28.37000
v 34.13000 16.00000 -28.37000
v 34.13000 14.00000 -28.23000
v 34.27000 14.00000 -28.23000
v 34.27000 16.00000 -28.23000
v 34.13000 16.00000 -28.23000
v 35.73000 14.00000 -29.77000
v 35.87000 14.00000 -29.77000
v 35.87000 16.00000 -29.77000
v 35.73000 16.00000 -29.77000
v 35.73000 14.00000 -29.63000
v 35.87000 14.00000 -29.63000
v 35.87000 16.00000 -29.63000
v 35.73000 16.00000 -29.63000
v 35.73000 14.00000 -28.37000
v 35.87000 14.00000 -28.37000
v 35.87000 16.00000 -28.37000
v 35.73000 16.00000 -28.37000
v 35.73000 14.00000 -28.23000
v 35.87000 14.00000 -28.23000
v 35.87000 16.00000 -28.23000
v 35.73000 16.00000 -28.23000
v 36.08000 15.90000 -29.17000
v 36.22000 15.90000 -29.17000
v 36.22000 17.40000 -29.17000
v 36.08000 17.40000 -29.17000
v 36.08000 15.90000 -29.03000
v 36.22000 15.90000 -29.03000
v 36.22000 17.40000 -29.03000
v 36.08000 17.40000 -29.03000
v 35.52500 17.34000 -30.20000
v 37.07500 17.34000 -30.20000
v 37.07500 17.46000 -30.20000
v 35.52500 17.46000 -30.20000
v 35.52500 17.34000 -28.30000
v 37.07500 17.34000 -28.30000
v 37.07500 17.46000 -28.30000
v 35.52500 17.46000 -28.30000
v 71.90000 15.88000 -30.00000
v 74.10000 15.88000 -30.00000
v 74.10000 16.12000 -30.00000
v 71.90000 16.12000 -30.00000
v 71.90000 15.88000 -28.00000
v 74.10000 15.88000 -28.00000
v 74.10000 16.12000 -28.00000
v 71.90000 16.12000 -28.00000
v 71.90000 16.20000 -28.21000
v 74.10000 16.20000 -28.21000
v 74.10000 18.20000 -28.21000
v 71.90000 18.20000 -28.21000
v 71.90000 16.20000 -27.99000
v 74.10000 16.20000 -27.99000
v 74.10000 18.20000 -27.99000
v 71.90000 18.20000 -27.99000
v 72.13000 14.00000 -29.77000
v 72.27000 14.00000 -29.77000
v 72.27000 16.00000 -29.77000
v 72.13000 16.00000 -29.77000
v 72.13000 14.00000 -29.63000
v 72.27000 14.00000 -29.63000
v 72.27000 16.00000 -29.63000
v 72.13000 16.00000 -29.63000
v 72.13000 14.00000 -28.37000
v 72.27000 14.00000 -28.37000
v 72.27000 16.00000 -28.37000
v 72.13000 16.00000 -28.37000
v 72.13000 14.00000 -28.23000
v 72.27000 14.00000 -28.23000
v 72.27000 16.00000 -28.23000
v 72.13000 16.00000 -28.23000
v 73.73000 14.00000 -29.77000
v 73.87000 14.00000 -29.77000
v 73.87000 16.00000 -29.77000
v 73.73000 16.00000 -29.77000
v 73.73000 14.00000 -29.63000
v 73.87000 14.00000 -29.63000
v 73.87000 16.00000 -29.63000
v 73.73000 16.00000 -29.63000
v 73.73000 14.00000 -28.37000
v 73.87000 14.00000 -28.37000
v 73.87000 16.00000 -28.37000
v 73.73000 16.00000 -28.37000
v 73.73000 14.00000 -28.23000
v 73.87000 14.00000 -28.23000
v 73.87000 16.00000 -28.23000
v 73.73000 16.00000 -28.23000
v 74.08000 15.90000 -29.17000
v 74.22000 15.90000 -29.17000
v 74.22000 17.40000 -29.17000
v 74.08000 17.40000 -29.17000
v 74.08000 15.90000 -29.03000
v 74.22000 15.90000 -29.03000
v 74.22000 17.40000 -29.03000
v 74.08000 17.40000 -29.03000
v 73.52500 17.34000 -30.20000
v 75.07500 17.34000 -30.20000
v 75.07500 17.46000 -30.20000
v 73.52500 17.46000 -30.20000
v 73.52500 17.34000 -28.30000
v 75.07500 17.34000 -28.30000
v 75.07500 17.46000 -28.30000
v 73.52500 17.46000 -28.30000
v -67.90000 15.88000 30.00000
v -70.10000 15.88000 30.00000
v -70.10000 16.12000 30.00000
v -67.90000 16.12000 30.00000
v -67.90000 15.88000 28.00000
v -70.10000 15.88000 28.00000
v -70.10000 16.12000 28.00000
v -67.90000 16.12000 28.00000
v -67.90000 16.20000 30.01000
v -70.10000 16.20000 30.01000
v -70.10000 18.20000 30.01000
v -67.90000 18.20000 30.01000
v -67.90000 16.20000 29.79000
v -70.10000 16.20000 29.79000
v -70.10000 18.20000 29.79000
v -67.90000 18.20000 29.79000
v -69.87000 14.00000 28.23000
v -69.73000 14.00000 28.23000
v -69.73000 16.00000 28.23000
v -69.87000 16.00000 28.23000
v -69.87000 14.00000 28.37000
v -69.73000 14.00000 28.37000
v -69.73000 16.00000 28.37000
v -69.87000 16.00000 28.37000
v -69.87000 14.00000 29.63000
v -69.73000 14.00000 29.63000
v -69.73000 16.00000 29.63000
v -69.87000 16.00000 29.63000
v -69.87000 14.00000 29.77000
v -69.73000 14.00000 29.77000
v -69.73000 16.00000 29.77000
v -69.87000 16.00000 29.77000
v -68.27000 14.00000 28.23000
v -68.13000 14.00000 28.23000
v -68.13000 16.00000 28.23000
v -68.27000 16.00000 28.23000
v -68.27000 14.00000 28.37000
v -68.13000 14.00000 28.37000
v -68.13000 16.00000 28.37000
v -68.27000 16.00000 28.37000
v -68.27000 14.00000 29.63000
v -68.13000 14.00000 29.63000
v -68.13000 16.00000 29.63000
v -68.27000 16.00000 29.63000
v -68.27000 14.00000 29.77000
v -68.13000 14.00000 29.77000
v -68.13000 16.00000 29.77000
v -68.27000 16.00000 29.77000
v -67.92000 15.90000 28.83000
v -67.78000 15.90000 28.83000
v -67.78000 17.40000 28.83000
v -67.92000 17.40000 28.83000
v -67.92000 15.90000 28.97000
v -67.78000 15.90000 28.97000
v -67.78000 17.40000 28.97000
v -67.92000 17.40000 28.97000
v -68.47500 17.34000 27.80000
v -66.92500 17.34000 27.80000
v -66.92500 17.46000 27.80000
v -68.47500 17.46000 27.80000
v -68.47500 17.34000 29.70000
v -66.92500 17.34000 29.70000
v -66.92500 17.46000 29.70000
v -68.47500 17.46000 29.70000
v -21.90000 15.88000 30.00000
v -24.10000 15.88000 30.00000
v -24.10000 16.12000 30.00000
v -21.90000 16.12000 30.00000
v -21.90000 15.88000 28.00000
v -24.10000 15.88000 28.00000
v -24.10000 16.12000 28.00000
v -21.90000 16.12000 28.00000
v -21.90000 16.20000 30.01000
v -24.10000 16.20000 30.01000
v -24.10000 18.20000 30.01000
v -21.90000 18.20000 30.01000
v -21.90000 16.20000 29.79000
v -24.10000 16.20000 29.79000
v -24.10000 18.20000 29.79000
v -21.90000 18.20000 29.79000
v -23.87000 14.00000 28.23000
v -23.73000 14.00000 28.23000
v -23.73000 16.00000 28.23000
v -23.87000 16.00000 28.23000
v -23.87000 14.00000 28.37000
v -23.73000 14.00000 28.37000
v -23.73000 16.00000 28.37000
v -23.87000 16.00000 28.37000
v -23.87000 14.00000 29.63000
v -23.73000 14.00000 29.63000
v -23.73000 16.00000 29.63000
v -23.87000 16.00000 29.63000
v -23.87000 14.00000 29.77000
v -23.73000 14.00000 29.77000
v -23.73000 16.00000 29.77000
v -23.87000 16.00000 29.77000
v -22.27000 14.00000 28.23000
v -22.13000 14.00000 28.23000
v -22.13000 16.00000 28.23000
v -22.27000 16.00000 28.23000
v -22.27000 14.00000 28.37000
v -22.13000 14.00000 28.37000
v -22.13000 16.00000 28.37000
v -22.27000 16.00000 28.37000
v -22.27000 14.00000 29.63000
v -22.13000 14.00000 29.63000
v -22.13000 16.00000 29.63000
v -22.27000 16.00000 29.63000
v -22.27000 14.00000 29.77000
v -22.13000 14.00000 29.77000
v -22.13000 16.00000 29.77000
v -22.27000 16.00000 29.77000
v -21.92000 15.90000 28.83000
v -21.78000 15.90000 28.83000
v -21.78000 17.40000 28.83000
v -21.92000 17.40000 28.83000
v -21.92000 15.90000 28.97000
v -21.78000 15.90000 28.97000
v -21.78000 17.40000 28.97000
v -21.92000 17.40000 28.97000
v -22.47500 17.34000 27.80000
v -20.92500 17.34000 27.80000
v -20.92500 17.46000 27.80000
v -22.47500 17.46000 27.80000
v -22.47500 17.34000 29.70000
v -20.92500 17.34000 29.70000
v -20.92500 17.46000 29.70000
v -22.47500 17.46000 29.70000
v 24.10000 15.88000 30.00000
v 21.90000 15.88000 30.00000
v 21.90000 16.12000 30.00000
v 24.10000 16.12000 30.00000
v 24.10000 15.88000 28.00000
v 21.90000 15.88000 28.00000
v 21.90000 16.12000 28.00000
v 24.10000 16.12000 28.00000
v 24.10000 16.20000 30.01000
v 21.90000 16.20000 30.01000
v 21.90000 18.20000 30.01000
v 24.10000 18.20000 30.01000
v 24.10000 16.20000 29.79000
v 21.90000 16.20000 29.79000
v 21.90000 18.20000 29.79000
v 24.10000 18.20000 29.79000
v 22.13000 14.00000 28.23000
v 22.27000 14.00000 28.23000
v 22.27000 16.00000 28.23000
v 22.13000 16.00000 28.23000
v 22.13000 14.00000 28.37000
v 22.27000 14.00000 28.37000
v 22.27000 16.00000 28.37000
v 22.13000 16.00000 28.37000
v 22.13000 14.00000 29.63000
v 22.27000 14.00000 29.63000
v 22.27000 16.00000 29.63000
v 22.13000 16.00000 29.63000
v 22.13000 14.00000 29.77000
v 22.27000 14.00000 29.77000
v 22.27000 16.00000 29.77000
v 22.13000 16.00000 29.77000
v 23.73000 14.00000 28.23000
v 23.87000 14.00000 28.23000
v 23.87000 16.00000 28.23000
v 23.73000 16.00000 28.23000
v 23.73000 14.00000 28.37000
v 23.87000 14.00000 28.37000
v 23.87000 16.00000 28.37000
v 23.73000 16.00000 28.37000
v 23.73000 14.00000 29.63000
v 23.87000 14.00000 29.63000
v 23.87000 16.00000 29.63000
v 23.73000 16.00000 29.63000
v 23.73000 14.00000 29.77000
v 23.87000 14.00000 29.77000
v 23.87000 16.00000 29.77000
v 23.73000 16.00000 29.77000
v 24.08000 15.90000 28.83000
v 24.22000 15.90000 28.83000
v 24.22000 17.40000 28.83000
v 24.08000 17.40000 28.83000
v 24.08000 15.90000 28.97000
v 24.22000 15.90000 28.97000
v 24.22000 17.40000 28.97000
v 24.08000 17.40000 28.97000
v 23.52500 17.34000 27.80000
v 25.07500 17.34000 27.80000
v 25.07500 17.46000 27.80000
v 23.52500 17.46000 27.80000
v 23.52500 17.34000 29.70000
v 25.07500 17.34000 29.70000
v 25.07500 17.46000 29.70000
v 23.52500 17.46000 29.70000
v 70.10000 15.88000 30.00000
v 67.90000 15.88000 30.00000
v 67.90000 16.12000 30.00000
v 70.10000 16.12000 30.00000
v 70.10000 15.88000 28.00000
v 67.90000 15.88000 28.00000
v 67.90000 16.12000 28.00000
v 70.10000 16.12000 28.00000
v 70.10000 16.20000 30.01000
v 67.90000 16.20000 30.01000
v 67.90000 18.20000 30.01000
v 70.10000 18.20000 30.01000
v 70.10000 16.20000 29.79000
v 67.90000 16.20000 29.79000
v 67.90000 18.20000 29.79000
v 70.10000 18.20000 29.79000
v 68.13000 14.00000 28.23000
v 68.27000 14.00000 28.23000
v 68.27000 16.00000 28.23000
v 68.13000 16.00000 28.23000
v 68.13000 14.00000 28.37000
v 68.27000 14.00000 28.37000
v 68.27000 16.00000 28.37000
v 68.13000 16.00000 28.37000
v 68.13000 14.00000 29.63000
v 68.27000 14.00000 29.63000
v 68.27000 16.00000 29.63000
v 68.13000 16.00000 29.63000
v 68.13000 14.00000 29.77000
v 68.27000 14.00000 29.77000
v 68.27000 16.00000 29.77000
v 68.13000 16.00000 29.77000
v 69.73000 14.00000 28.23000
v 69.87000 14.00000 28.23000
v 69.87000 16.00000 28.23000
v 69.73000 16.00000 28.23000
v 69.73000 14.00000 28.37000
v 69.87000 14.00000 28.37000
v 69.87000 16.00000 28.37000
v 69.73000 16.00000 28.37000
v 69.73000 14.00000 29.63000
v 69.87000 14.00000 29.63000
v 69.87000 16.00000 29.63000
v 69.73000 16.00000 29.63000
v 69.73000 14.00000 29.77000
v 69.87000 14.00000 29.77000
v 69.87000 16.00000 29.77000
v 69.73000 16.00000 29.77000
v 70.08000 15.90000 28.83000
v 70.22000 15.90000 28.83000
v 70.22000 17.40000 28.83000
v 70.08000 17.40000 28.83000
v 70.08000 15.90000 28.97000
v 70.22000 15.90000 28.97000
v 70.22000 17.40000 28.97000
v 70.08000 17.40000 28.97000
v 69.52500 17.34000 27.80000
v 71.07500 17.34000 27.80000
v 71.07500 17.46000 27.80000
v 69.52500 17.46000 27.80000
v 69.52500 17.34000 29.70000
v 71.07500 17.34000 29.70000
v 71.07500 17.46000 29.70000
v 69.52500 17.46000 29.70000
o Foundation
usemtl Concrete
f 1 2 3 4
f 5 8 7 6
f 1 5 6 2
f 4 3 7 8
f 1 4 8 5
f 2 6 7 3
o GroundFloor
usemtl Floor
f 9 10 11 12
f 13 16 15 14
f 9 13 14 10
f 12 11 15 16
f 9 12 16 13
f 10 14 15 11
o CeilingTop
usemtl ConcreteLight
f 25 26 27 28
f 29 32 31 30
f 25 29 30 26
f 28 27 31 32
f 25 28 32 29
f 26 30 31 27
o A1_FrontRoom1_Bottom
usemtl WhiteBrick
f 353 354 355 356
f 357 360 359 358
f 353 357 358 354
f 356 355 359 360
f 353 356 360 357
f 354 358 359 355
o A1_FrontRoom1_Top
usemtl WhiteBrick
f 361 362 363 364
f 365 368 367 366
f 361 365 366 362
f 364 363 367 368
f 361 364 368 365
f 362 366 367 363
o A1_FrontRoom1_Pier0
usemtl WhiteBrick
f 369 370 371 372
f 373 376 375 374
f 369 373 374 370
f 372 371 375 376
f 369 372 376 373
f 370 374 375 371
o A1_FrontRoom1_Pier1
usemtl WhiteBrick
f 377 378 379 380
f 381 384 383 382
f 377 381 382 378
f 380 379 383 384
f 377 380 384 381
f 378 382 383 379
o A1_FrontRoom1_Pier2
usemtl WhiteBrick
f 385 386 387 388
f 389 392 391 390
f 385 389 390 386
f 388 387 391 392
f 385 388 392 389
f 386 390 391 387
o A1_FrontRoom1_Window1_Glass
usemtl Glass
f 393 394 395 396
f 397 400 399 398
f 393 397 398 394
f 396 395 399 400
f 393 396 400 397
f 394 398 399 395
o A1_FrontRoom1_Window1_Jamb-4.5
usemtl MetalDark
f 401 402 403 404
f 405 408 407 406
f 401 405 406 402
f 404 403 407 408
f 401 404 408 405
f 402 406 407 403
o A1_FrontRoom1_Window1_Jamb4.5
usemtl MetalDark
f 409 410 411 412
f 413 416 415 414
f 409 413 414 410
f 412 411 415 416
f 409 412 416 413
f 410 414 415 411
o A1_FrontRoom1_Window1_Head
usemtl MetalDark
f 417 418 419 420
f 421 424 423 422
f 417 421 422 418
f 420 419 423 424
f 417 420 424 421
f 418 422 423 419
o A1_FrontRoom1_Window1_SillFrame
usemtl MetalDark
f 425 426 427 428
f 429 432 431 430
f 425 429 430 426
f 428 427 431 432
f 425 428 432 429
f 426 430 431 427
o A1_FrontRoom1_Window1_Mullion
usemtl MetalDark
f 433 434 435 436
f 437 440 439 438
f 433 437 438 434
f 436 435 439 440
f 433 436 440 437
f 434 438 439 435
o A1_FrontRoom1_Window1_Shade
usemtl ConcreteLight
f 441 442 443 444
f 445 448 447 446
f 441 445 446 442
f 444 443 447 448
f 441 444 448 445
f 442 446 447 443
o A1_FrontRoom1_Window1_InteriorSill
usemtl ConcreteLight
f 449 450 451 452
f 453 456 455 454
f 449 453 454 450
f 452 451 455 456
f 449 452 456 453
f 450 454 455 451
o A1_FrontRoom1_Window2_Glass
usemtl Glass
f 457 458 459 460
f 461 464 463 462
f 457 461 462 458
f 460 459 463 464
f 457 460 464 461
f 458 462 463 459
o A1_FrontRoom1_Window2_Jamb-4.5
usemtl MetalDark
f 465 466 467 468
f 469 472 471 470
f 465 469 470 466
f 468 467 471 472
f 465 468 472 469
f 466 470 471 467
o A1_FrontRoom1_Window2_Jamb4.5
usemtl MetalDark
f 473 474 475 476
f 477 480 479 478
f 473 477 478 474
f 476 475 479 480
f 473 476 480 477
f 474 478 479 475
o A1_FrontRoom1_Window2_Head
usemtl MetalDark
f 481 482 483 484
f 485 488 487 486
f 481 485 486 482
f 484 483 487 488
f 481 484 488 485
f 482 486 487 483
o A1_FrontRoom1_Window2_SillFrame
usemtl MetalDark
f 489 490 491 492
f 493 496 495 494
f 489 493 494 490
f 492 491 495 496
f 489 492 496 493
f 490 494 495 491
o A1_FrontRoom1_Window2_Mullion
usemtl MetalDark
f 497 498 499 500
f 501 504 503 502
f 497 501 502 498
f 500 499 503 504
f 497 500 504 501
f 498 502 503 499
o A1_FrontRoom1_Window2_Shade
usemtl ConcreteLight
f 505 506 507 508
f 509 512 511 510
f 505 509 510 506
f 508 507 511 512
f 505 508 512 509
f 506 510 511 507
o A1_FrontRoom1_Window2_InteriorSill
usemtl ConcreteLight
f 513 514 515 516
f 517 520 519 518
f 513 517 518 514
f 516 515 519 520
f 513 516 520 517
f 514 518 519 515
o A1_FrontRoom1_GreenPlinth
usemtl Green
f 521 522 523 524
f 525 528 527 526
f 521 525 526 522
f 524 523 527 528
f 521 524 528 525
f 522 526 527 523
o A1_FrontRoom2_Bottom
usemtl WhiteBrick
f 601 602 603 604
f 605 608 607 606
f 601 605 606 602
f 604 603 607 608
f 601 604 608 605
f 602 606 607 603
o A1_FrontRoom2_Top
usemtl WhiteBrick
f 609 610 611 612
f 613 616 615 614
f 609 613 614 610
f 612 611 615 616
f 609 612 616 613
f 610 614 615 611
o A1_FrontRoom2_Pier0
usemtl WhiteBrick
f 617 618 619 620
f 621 624 623 622
f 617 621 622 618
f 620 619 623 624
f 617 620 624 621
f 618 622 623 619
o A1_FrontRoom2_Pier1
usemtl WhiteBrick
f 625 626 627 628
f 629 632 631 630
f 625 629 630 626
f 628 627 631 632
f 625 628 632 629
f 626 630 631 627
o A1_FrontRoom2_Pier2
usemtl WhiteBrick
f 633 634 635 636
f 637 640 639 638
f 633 637 638 634
f 636 635 639 640
f 633 636 640 637
f 634 638 639 635
o A1_FrontRoom2_Window1_Glass
usemtl Glass
f 641 642 643 644
f 645 648 647 646
f 641 645 646 642
f 644 643 647 648
f 641 644 648 645
f 642 646 647 643
o A1_FrontRoom2_Window1_Jamb-4.5
usemtl MetalDark
f 649 650 651 652
f 653 656 655 654
f 649 653 654 650
f 652 651 655 656
f 649 652 656 653
f 650 654 655 651
o A1_FrontRoom2_Window1_Jamb4.5
usemtl MetalDark
f 657 658 659 660
f 661 664 663 662
f 657 661 662 658
f 660 659 663 664
f 657 660 664 661
f 658 662 663 659
o A1_FrontRoom2_Window1_Head
usemtl MetalDark
f 665 666 667 668
f 669 672 671 670
f 665 669 670 666
f 668 667 671 672
f 665 668 672 669
f 666 670 671 667
o A1_FrontRoom2_Window1_SillFrame
usemtl MetalDark
f 673 674 675 676
f 677 680 679 678
f 673 677 678 674
f 676 675 679 680
f 673 676 680 677
f 674 678 679 675
o A1_FrontRoom2_Window1_Mullion
usemtl MetalDark
f 681 682 683 684
f 685 688 687 686
f 681 685 686 682
f 684 683 687 688
f 681 684 688 685
f 682 686 687 683
o A1_FrontRoom2_Window1_Shade
usemtl ConcreteLight
f 689 690 691 692
f 693 696 695 694
f 689 693 694 690
f 692 691 695 696
f 689 692 696 693
f 690 694 695 691
o A1_FrontRoom2_Window1_InteriorSill
usemtl ConcreteLight
f 697 698 699 700
f 701 704 703 702
f 697 701 702 698
f 700 699 703 704
f 697 700 704 701
f 698 702 703 699
o A1_FrontRoom2_Window2_Glass
usemtl Glass
f 705 706 707 708
f 709 712 711 710
f 705 709 710 706
f 708 707 711 712
f 705 708 712 709
f 706 710 711 707
o A1_FrontRoom2_Window2_Jamb-4.5
usemtl MetalDark
f 713 714 715 716
f 717 720 719 718
f 713 717 718 714
f 716 715 719 720
f 713 716 720 717
f 714 718 719 715
o A1_FrontRoom2_Window2_Jamb4.5
usemtl MetalDark
f 721 722 723 724
f 725 728 727 726
f 721 725 726 722
f 724 723 727 728
f 721 724 728 725
f 722 726 727 723
o A1_FrontRoom2_Window2_Head
usemtl MetalDark
f 729 730 731 732
f 733 736 735 734
f 729 733 734 730
f 732 731 735 736
f 729 732 736 733
f 730 734 735 731
o A1_FrontRoom2_Window2_SillFrame
usemtl MetalDark
f 737 738 739 740
f 741 744 743 742
f 737 741 742 738
f 740 739 743 744
f 737 740 744 741
f 738 742 743 739
o A1_FrontRoom2_Window2_Mullion
usemtl MetalDark
f 745 746 747 748
f 749 752 751 750
f 745 749 750 746
f 748 747 751 752
f 745 748 752 749
f 746 750 751 747
o A1_FrontRoom2_Window2_Shade
usemtl ConcreteLight
f 753 754 755 756
f 757 760 759 758
f 753 757 758 754
f 756 755 759 760
f 753 756 760 757
f 754 758 759 755
o A1_FrontRoom2_Window2_InteriorSill
usemtl ConcreteLight
f 761 762 763 764
f 765 768 767 766
f 761 765 766 762
f 764 763 767 768
f 761 764 768 765
f 762 766 767 763
o A1_FrontRoom2_GreenPlinth
usemtl Green
f 769 770 771 772
f 773 776 775 774
f 769 773 774 770
f 772 771 775 776
f 769 772 776 773
f 770 774 775 771
o A1_FrontRoom3_Bottom
usemtl WhiteBrick
f 849 850 851 852
f 853 856 855 854
f 849 853 854 850
f 852 851 855 856
f 849 852 856 853
f 850 854 855 851
o A1_FrontRoom3_Top
usemtl WhiteBrick
f 857 858 859 860
f 861 864 863 862
f 857 861 862 858
f 860 859 863 864
f 857 860 864 861
f 858 862 863 859
o A1_FrontRoom3_Pier0
usemtl WhiteBrick
f 865 866 867 868
f 869 872 871 870
f 865 869 870 866
f 868 867 871 872
f 865 868 872 869
f 866 870 871 867
o A1_FrontRoom3_Pier1
usemtl WhiteBrick
f 873 874 875 876
f 877 880 879 878
f 873 877 878 874
f 876 875 879 880
f 873 876 880 877
f 874 878 879 875
o A1_FrontRoom3_Pier2
usemtl WhiteBrick
f 881 882 883 884
f 885 888 887 886
f 881 885 886 882
f 884 883 887 888
f 881 884 888 885
f 882 886 887 883
o A1_FrontRoom3_Window1_Glass
usemtl Glass
f 889 890 891 892
f 893 896 895 894
f 889 893 894 890
f 892 891 895 896
f 889 892 896 893
f 890 894 895 891
o A1_FrontRoom3_Window1_Jamb-4.5
usemtl MetalDark
f 897 898 899 900
f 901 904 903 902
f 897 901 902 898
f 900 899 903 904
f 897 900 904 901
f 898 902 903 899
o A1_FrontRoom3_Window1_Jamb4.5
usemtl MetalDark
f 905 906 907 908
f 909 912 911 910
f 905 909 910 906
f 908 907 911 912
f 905 908 912 909
f 906 910 911 907
o A1_FrontRoom3_Window1_Head
usemtl MetalDark
f 913 914 915 916
f 917 920 919 918
f 913 917 918 914
f 916 915 919 920
f 913 916 920 917
f 914 918 919 915
o A1_FrontRoom3_Window1_SillFrame
usemtl MetalDark
f 921 922 923 924
f 925 928 927 926
f 921 925 926 922
f 924 923 927 928
f 921 924 928 925
f 922 926 927 923
o A1_FrontRoom3_Window1_Mullion
usemtl MetalDark
f 929 930 931 932
f 933 936 935 934
f 929 933 934 930
f 932 931 935 936
f 929 932 936 933
f 930 934 935 931
o A1_FrontRoom3_Window1_Shade
usemtl ConcreteLight
f 937 938 939 940
f 941 944 943 942
f 937 941 942 938
f 940 939 943 944
f 937 940 944 941
f 938 942 943 939
o A1_FrontRoom3_Window1_InteriorSill
usemtl ConcreteLight
f 945 946 947 948
f 949 952 951 950
f 945 949 950 946
f 948 947 951 952
f 945 948 952 949
f 946 950 951 947
o A1_FrontRoom3_Window2_Glass
usemtl Glass
f 953 954 955 956
f 957 960 959 958
f 953 957 958 954
f 956 955 959 960
f 953 956 960 957
f 954 958 959 955
o A1_FrontRoom3_Window2_Jamb-4.5
usemtl MetalDark
f 961 962 963 964
f 965 968 967 966
f 961 965 966 962
f 964 963 967 968
f 961 964 968 965
f 962 966 967 963
o A1_FrontRoom3_Window2_Jamb4.5
usemtl MetalDark
f 969 970 971 972
f 973 976 975 974
f 969 973 974 970
f 972 971 975 976
f 969 972 976 973
f 970 974 975 971
o A1_FrontRoom3_Window2_Head
usemtl MetalDark
f 977 978 979 980
f 981 984 983 982
f 977 981 982 978
f 980 979 983 984
f 977 980 984 981
f 978 982 983 979
o A1_FrontRoom3_Window2_SillFrame
usemtl MetalDark
f 985 986 987 988
f 989 992 991 990
f 985 989 990 986
f 988 987 991 992
f 985 988 992 989
f 986 990 991 987
o A1_FrontRoom3_Window2_Mullion
usemtl MetalDark
f 993 994 995 996
f 997 1000 999 998
f 993 997 998 994
f 996 995 999 1000
f 993 996 1000 997
f 994 998 999 995
o A1_FrontRoom3_Window2_Shade
usemtl ConcreteLight
f 1001 1002 1003 1004
f 1005 1008 1007 1006
f 1001 1005 1006 1002
f 1004 1003 1007 1008
f 1001 1004 1008 1005
f 1002 1006 1007 1003
o A1_FrontRoom3_Window2_InteriorSill
usemtl ConcreteLight
f 1009 1010 1011 1012
f 1013 1016 1015 1014
f 1009 1013 1014 1010
f 1012 1011 1015 1016
f 1009 1012 1016 1013
f 1010 1014 1015 1011
o A1_FrontRoom3_GreenPlinth
usemtl Green
f 1017 1018 1019 1020
f 1021 1024 1023 1022
f 1017 1021 1022 1018
f 1020 1019 1023 1024
f 1017 1020 1024 1021
f 1018 1022 1023 1019
o A1_FrontRoom4_Bottom
usemtl WhiteBrick
f 1097 1098 1099 1100
f 1101 1104 1103 1102
f 1097 1101 1102 1098
f 1100 1099 1103 1104
f 1097 1100 1104 1101
f 1098 1102 1103 1099
o A1_FrontRoom4_Top
usemtl WhiteBrick
f 1105 1106 1107 1108
f 1109 1112 1111 1110
f 1105 1109 1110 1106
f 1108 1107 1111 1112
f 1105 1108 1112 1109
f 1106 1110 1111 1107
o A1_FrontRoom4_Pier0
usemtl WhiteBrick
f 1113 1114 1115 1116
f 1117 1120 1119 1118
f 1113 1117 1118 1114
f 1116 1115 1119 1120
f 1113 1116 1120 1117
f 1114 1118 1119 1115
o A1_FrontRoom4_Pier1
usemtl WhiteBrick
f 1121 1122 1123 1124
f 1125 1128 1127 1126
f 1121 1125 1126 1122
f 1124 1123 1127 1128
f 1121 1124 1128 1125
f 1122 1126 1127 1123
o A1_FrontRoom4_Pier2
usemtl WhiteBrick
f 1129 1130 1131 1132
f 1133 1136 1135 1134
f 1129 1133 1134 1130
f 1132 1131 1135 1136
f 1129 1132 1136 1133
f 1130 1134 1135 1131
o A1_FrontRoom4_Window1_Glass
usemtl Glass
f 1137 1138 1139 1140
f 1141 1144 1143 1142
f 1137 1141 1142 1138
f 1140 1139 1143 1144
f 1137 1140 1144 1141
f 1138 1142 1143 1139
o A1_FrontRoom4_Window1_Jamb-4.5
usemtl MetalDark
f 1145 1146 1147 1148
f 1149 1152 1151 1150
f 1145 1149 1150 1146
f 1148 1147 1151 1152
f 1145 1148 1152 1149
f 1146 1150 1151 1147
o A1_FrontRoom4_Window1_Jamb4.5
usemtl MetalDark
f 1153 1154 1155 1156
f 1157 1160 1159 1158
f 1153 1157 1158 1154
f 1156 1155 1159 1160
f 1153 1156 1160 1157
f 1154 1158 1159 1155
o A1_FrontRoom4_Window1_Head
usemtl MetalDark
f 1161 1162 1163 1164
f 1165 1168 1167 1166
f 1161 1165 1166 1162
f 1164 1163 1167 1168
f 1161 1164 1168 1165
f 1162 1166 1167 1163
o A1_FrontRoom4_Window1_SillFrame
usemtl MetalDark
f 1169 1170 1171 1172
f 1173 1176 1175 1174
f 1169 1173 1174 1170
f 1172 1171 1175 1176
f 1169 1172 1176 1173
f 1170 1174 1175 1171
o A1_FrontRoom4_Window1_Mullion
usemtl MetalDark
f 1177 1178 1179 1180
f 1181 1184 1183 1182
f 1177 1181 1182 1178
f 1180 1179 1183 1184
f 1177 1180 1184 1181
f 1178 1182 1183 1179
o A1_FrontRoom4_Window1_Shade
usemtl ConcreteLight
f 1185 1186 1187 1188
f 1189 1192 1191 1190
f 1185 1189 1190 1186
f 1188 1187 1191 1192
f 1185 1188 1192 1189
f 1186 1190 1191 1187
o A1_FrontRoom4_Window1_InteriorSill
usemtl ConcreteLight
f 1193 1194 1195 1196
f 1197 1200 1199 1198
f 1193 1197 1198 1194
f 1196 1195 1199 1200
f 1193 1196 1200 1197
f 1194 1198 1199 1195
o A1_FrontRoom4_Window2_Glass
usemtl Glass
f 1201 1202 1203 1204
f 1205 1208 1207 1206
f 1201 1205 1206 1202
f 1204 1203 1207 1208
f 1201 1204 1208 1205
f 1202 1206 1207 1203
o A1_FrontRoom4_Window2_Jamb-4.5
usemtl MetalDark
f 1209 1210 1211 1212
f 1213 1216 1215 1214
f 1209 1213 1214 1210
f 1212 1211 1215 1216
f 1209 1212 1216 1213
f 1210 1214 1215 1211
o A1_FrontRoom4_Window2_Jamb4.5
usemtl MetalDark
f 1217 1218 1219 1220
f 1221 1224 1223 1222
f 1217 1221 1222 1218
f 1220 1219 1223 1224
f 1217 1220 1224 1221
f 1218 1222 1223 1219
o A1_FrontRoom4_Window2_Head
usemtl MetalDark
f 1225 1226 1227 1228
f 1229 1232 1231 1230
f 1225 1229 1230 1226
f 1228 1227 1231 1232
f 1225 1228 1232 1229
f 1226 1230 1231 1227
o A1_FrontRoom4_Window2_SillFrame
usemtl MetalDark
f 1233 1234 1235 1236
f 1237 1240 1239 1238
f 1233 1237 1238 1234
f 1236 1235 1239 1240
f 1233 1236 1240 1237
f 1234 1238 1239 1235
o A1_FrontRoom4_Window2_Mullion
usemtl MetalDark
f 1241 1242 1243 1244
f 1245 1248 1247 1246
f 1241 1245 1246 1242
f 1244 1243 1247 1248
f 1241 1244 1248 1245
f 1242 1246 1247 1243
o A1_FrontRoom4_Window2_Shade
usemtl ConcreteLight
f 1249 1250 1251 1252
f 1253 1256 1255 1254
f 1249 1253 1254 1250
f 1252 1251 1255 1256
f 1249 1252 1256 1253
f 1250 1254 1255 1251
o A1_FrontRoom4_Window2_InteriorSill
usemtl ConcreteLight
f 1257 1258 1259 1260
f 1261 1264 1263 1262
f 1257 1261 1262 1258
f 1260 1259 1263 1264
f 1257 1260 1264 1261
f 1258 1262 1263 1259
o A1_FrontRoom4_GreenPlinth
usemtl Green
f 1265 1266 1267 1268
f 1269 1272 1271 1270
f 1265 1269 1270 1266
f 1268 1267 1271 1272
f 1265 1268 1272 1269
f 1266 1270 1271 1267
o A1_BackRoom1_Bottom
usemtl WhiteBrick
f 1345 1346 1347 1348
f 1349 1352 1351 1350
f 1345 1349 1350 1346
f 1348 1347 1351 1352
f 1345 1348 1352 1349
f 1346 1350 1351 1347
o A1_BackRoom1_Top
usemtl WhiteBrick
f 1353 1354 1355 1356
f 1357 1360 1359 1358
f 1353 1357 1358 1354
f 1356 1355 1359 1360
f 1353 1356 1360 1357
f 1354 1358 1359 1355
o A1_BackRoom1_Pier0
usemtl WhiteBrick
f 1361 1362 1363 1364
f 1365 1368 1367 1366
f 1361 1365 1366 1362
f 1364 1363 1367 1368
f 1361 1364 1368 1365
f 1362 1366 1367 1363
o A1_BackRoom1_Pier1
usemtl WhiteBrick
f 1369 1370 1371 1372
f 1373 1376 1375 1374
f 1369 1373 1374 1370
f 1372 1371 1375 1376
f 1369 1372 1376 1373
f 1370 1374 1375 1371
o A1_BackRoom1_Pier2
usemtl WhiteBrick
f 1377 1378 1379 1380
f 1381 1384 1383 1382
f 1377 1381 1382 1378
f 1380 1379 1383 1384
f 1377 1380 1384 1381
f 1378 1382 1383 1379
o A1_BackRoom1_Window1_Glass
usemtl Glass
f 1385 1386 1387 1388
f 1389 1392 1391 1390
f 1385 1389 1390 1386
f 1388 1387 1391 1392
f 1385 1388 1392 1389
f 1386 1390 1391 1387
o A1_BackRoom1_Window1_Jamb-4.5
usemtl MetalDark
f 1393 1394 1395 1396
f 1397 1400 1399 1398
f 1393 1397 1398 1394
f 1396 1395 1399 1400
f 1393 1396 1400 1397
f 1394 1398 1399 1395
o A1_BackRoom1_Window1_Jamb4.5
usemtl MetalDark
f 1401 1402 1403 1404
f 1405 1408 1407 1406
f 1401 1405 1406 1402
f 1404 1403 1407 1408
f 1401 1404 1408 1405
f 1402 1406 1407 1403
o A1_BackRoom1_Window1_Head
usemtl MetalDark
f 1409 1410 1411 1412
f 1413 1416 1415 1414
f 1409 1413 1414 1410
f 1412 1411 1415 1416
f 1409 1412 1416 1413
f 1410 1414 1415 1411
o A1_BackRoom1_Window1_SillFrame
usemtl MetalDark
f 1417 1418 1419 1420
f 1421 1424 1423 1422
f 1417 1421 1422 1418
f 1420 1419 1423 1424
f 1417 1420 1424 1421
f 1418 1422 1423 1419
o A1_BackRoom1_Window1_Mullion
usemtl MetalDark
f 1425 1426 1427 1428
f 1429 1432 1431 1430
f 1425 1429 1430 1426
f 1428 1427 1431 1432
f 1425 1428 1432 1429
f 1426 1430 1431 1427
o A1_BackRoom1_Window1_Shade
usemtl ConcreteLight
f 1433 1434 1435 1436
f 1437 1440 1439 1438
f 1433 1437 1438 1434
f 1436 1435 1439 1440
f 1433 1436 1440 1437
f 1434 1438 1439 1435
o A1_BackRoom1_Window1_InteriorSill
usemtl ConcreteLight
f 1441 1442 1443 1444
f 1445 1448 1447 1446
f 1441 1445 1446 1442
f 1444 1443 1447 1448
f 1441 1444 1448 1445
f 1442 1446 1447 1443
o A1_BackRoom1_Window2_Glass
usemtl Glass
f 1449 1450 1451 1452
f 1453 1456 1455 1454
f 1449 1453 1454 1450
f 1452 1451 1455 1456
f 1449 1452 1456 1453
f 1450 1454 1455 1451
o A1_BackRoom1_Window2_Jamb-4.5
usemtl MetalDark
f 1457 1458 1459 1460
f 1461 1464 1463 1462
f 1457 1461 1462 1458
f 1460 1459 1463 1464
f 1457 1460 1464 1461
f 1458 1462 1463 1459
o A1_BackRoom1_Window2_Jamb4.5
usemtl MetalDark
f 1465 1466 1467 1468
f 1469 1472 1471 1470
f 1465 1469 1470 1466
f 1468 1467 1471 1472
f 1465 1468 1472 1469
f 1466 1470 1471 1467
o A1_BackRoom1_Window2_Head
usemtl MetalDark
f 1473 1474 1475 1476
f 1477 1480 1479 1478
f 1473 1477 1478 1474
f 1476 1475 1479 1480
f 1473 1476 1480 1477
f 1474 1478 1479 1475
o A1_BackRoom1_Window2_SillFrame
usemtl MetalDark
f 1481 1482 1483 1484
f 1485 1488 1487 1486
f 1481 1485 1486 1482
f 1484 1483 1487 1488
f 1481 1484 1488 1485
f 1482 1486 1487 1483
o A1_BackRoom1_Window2_Mullion
usemtl MetalDark
f 1489 1490 1491 1492
f 1493 1496 1495 1494
f 1489 1493 1494 1490
f 1492 1491 1495 1496
f 1489 1492 1496 1493
f 1490 1494 1495 1491
o A1_BackRoom1_Window2_Shade
usemtl ConcreteLight
f 1497 1498 1499 1500
f 1501 1504 1503 1502
f 1497 1501 1502 1498
f 1500 1499 1503 1504
f 1497 1500 1504 1501
f 1498 1502 1503 1499
o A1_BackRoom1_Window2_InteriorSill
usemtl ConcreteLight
f 1505 1506 1507 1508
f 1509 1512 1511 1510
f 1505 1509 1510 1506
f 1508 1507 1511 1512
f 1505 1508 1512 1509
f 1506 1510 1511 1507
o A1_BackRoom1_GreenPlinth
usemtl Green
f 1513 1514 1515 1516
f 1517 1520 1519 1518
f 1513 1517 1518 1514
f 1516 1515 1519 1520
f 1513 1516 1520 1517
f 1514 1518 1519 1515
o A1_BackRoom2_Bottom
usemtl WhiteBrick
f 1593 1594 1595 1596
f 1597 1600 1599 1598
f 1593 1597 1598 1594
f 1596 1595 1599 1600
f 1593 1596 1600 1597
f 1594 1598 1599 1595
o A1_BackRoom2_Top
usemtl WhiteBrick
f 1601 1602 1603 1604
f 1605 1608 1607 1606
f 1601 1605 1606 1602
f 1604 1603 1607 1608
f 1601 1604 1608 1605
f 1602 1606 1607 1603
o A1_BackRoom2_Pier0
usemtl WhiteBrick
f 1609 1610 1611 1612
f 1613 1616 1615 1614
f 1609 1613 1614 1610
f 1612 1611 1615 1616
f 1609 1612 1616 1613
f 1610 1614 1615 1611
o A1_BackRoom2_Pier1
usemtl WhiteBrick
f 1617 1618 1619 1620
f 1621 1624 1623 1622
f 1617 1621 1622 1618
f 1620 1619 1623 1624
f 1617 1620 1624 1621
f 1618 1622 1623 1619
o A1_BackRoom2_Pier2
usemtl WhiteBrick
f 1625 1626 1627 1628
f 1629 1632 1631 1630
f 1625 1629 1630 1626
f 1628 1627 1631 1632
f 1625 1628 1632 1629
f 1626 1630 1631 1627
o A1_BackRoom2_Window1_Glass
usemtl Glass
f 1633 1634 1635 1636
f 1637 1640 1639 1638
f 1633 1637 1638 1634
f 1636 1635 1639 1640
f 1633 1636 1640 1637
f 1634 1638 1639 1635
o A1_BackRoom2_Window1_Jamb-4.5
usemtl MetalDark
f 1641 1642 1643 1644
f 1645 1648 1647 1646
f 1641 1645 1646 1642
f 1644 1643 1647 1648
f 1641 1644 1648 1645
f 1642 1646 1647 1643
o A1_BackRoom2_Window1_Jamb4.5
usemtl MetalDark
f 1649 1650 1651 1652
f 1653 1656 1655 1654
f 1649 1653 1654 1650
f 1652 1651 1655 1656
f 1649 1652 1656 1653
f 1650 1654 1655 1651
o A1_BackRoom2_Window1_Head
usemtl MetalDark
f 1657 1658 1659 1660
f 1661 1664 1663 1662
f 1657 1661 1662 1658
f 1660 1659 1663 1664
f 1657 1660 1664 1661
f 1658 1662 1663 1659
o A1_BackRoom2_Window1_SillFrame
usemtl MetalDark
f 1665 1666 1667 1668
f 1669 1672 1671 1670
f 1665 1669 1670 1666
f 1668 1667 1671 1672
f 1665 1668 1672 1669
f 1666 1670 1671 1667
o A1_BackRoom2_Window1_Mullion
usemtl MetalDark
f 1673 1674 1675 1676
f 1677 1680 1679 1678
f 1673 1677 1678 1674
f 1676 1675 1679 1680
f 1673 1676 1680 1677
f 1674 1678 1679 1675
o A1_BackRoom2_Window1_Shade
usemtl ConcreteLight
f 1681 1682 1683 1684
f 1685 1688 1687 1686
f 1681 1685 1686 1682
f 1684 1683 1687 1688
f 1681 1684 1688 1685
f 1682 1686 1687 1683
o A1_BackRoom2_Window1_InteriorSill
usemtl ConcreteLight
f 1689 1690 1691 1692
f 1693 1696 1695 1694
f 1689 1693 1694 1690
f 1692 1691 1695 1696
f 1689 1692 1696 1693
f 1690 1694 1695 1691
o A1_BackRoom2_Window2_Glass
usemtl Glass
f 1697 1698 1699 1700
f 1701 1704 1703 1702
f 1697 1701 1702 1698
f 1700 1699 1703 1704
f 1697 1700 1704 1701
f 1698 1702 1703 1699
o A1_BackRoom2_Window2_Jamb-4.5
usemtl MetalDark
f 1705 1706 1707 1708
f 1709 1712 1711 1710
f 1705 1709 1710 1706
f 1708 1707 1711 1712
f 1705 1708 1712 1709
f 1706 1710 1711 1707
o A1_BackRoom2_Window2_Jamb4.5
usemtl MetalDark
f 1713 1714 1715 1716
f 1717 1720 1719 1718
f 1713 1717 1718 1714
f 1716 1715 1719 1720
f 1713 1716 1720 1717
f 1714 1718 1719 1715
o A1_BackRoom2_Window2_Head
usemtl MetalDark
f 1721 1722 1723 1724
f 1725 1728 1727 1726
f 1721 1725 1726 1722
f 1724 1723 1727 1728
f 1721 1724 1728 1725
f 1722 1726 1727 1723
o A1_BackRoom2_Window2_SillFrame
usemtl MetalDark
f 1729 1730 1731 1732
f 1733 1736 1735 1734
f 1729 1733 1734 1730
f 1732 1731 1735 1736
f 1729 1732 1736 1733
f 1730 1734 1735 1731
o A1_BackRoom2_Window2_Mullion
usemtl MetalDark
f 1737 1738 1739 1740
f 1741 1744 1743 1742
f 1737 1741 1742 1738
f 1740 1739 1743 1744
f 1737 1740 1744 1741
f 1738 1742 1743 1739
o A1_BackRoom2_Window2_Shade
usemtl ConcreteLight
f 1745 1746 1747 1748
f 1749 1752 1751 1750
f 1745 1749 1750 1746
f 1748 1747 1751 1752
f 1745 1748 1752 1749
f 1746 1750 1751 1747
o A1_BackRoom2_Window2_InteriorSill
usemtl ConcreteLight
f 1753 1754 1755 1756
f 1757 1760 1759 1758
f 1753 1757 1758 1754
f 1756 1755 1759 1760
f 1753 1756 1760 1757
f 1754 1758 1759 1755
o A1_BackRoom2_GreenPlinth
usemtl Green
f 1761 1762 1763 1764
f 1765 1768 1767 1766
f 1761 1765 1766 1762
f 1764 1763 1767 1768
f 1761 1764 1768 1765
f 1762 1766 1767 1763
o A1_BackRoom3_Bottom
usemtl WhiteBrick
f 1841 1842 1843 1844
f 1845 1848 1847 1846
f 1841 1845 1846 1842
f 1844 1843 1847 1848
f 1841 1844 1848 1845
f 1842 1846 1847 1843
o A1_BackRoom3_Top
usemtl WhiteBrick
f 1849 1850 1851 1852
f 1853 1856 1855 1854
f 1849 1853 1854 1850
f 1852 1851 1855 1856
f 1849 1852 1856 1853
f 1850 1854 1855 1851
o A1_BackRoom3_Pier0
usemtl WhiteBrick
f 1857 1858 1859 1860
f 1861 1864 1863 1862
f 1857 1861 1862 1858
f 1860 1859 1863 1864
f 1857 1860 1864 1861
f 1858 1862 1863 1859
o A1_BackRoom3_Pier1
usemtl WhiteBrick
f 1865 1866 1867 1868
f 1869 1872 1871 1870
f 1865 1869 1870 1866
f 1868 1867 1871 1872
f 1865 1868 1872 1869
f 1866 1870 1871 1867
o A1_BackRoom3_Pier2
usemtl WhiteBrick
f 1873 1874 1875 1876
f 1877 1880 1879 1878
f 1873 1877 1878 1874
f 1876 1875 1879 1880
f 1873 1876 1880 1877
f 1874 1878 1879 1875
o A1_BackRoom3_Window1_Glass
usemtl Glass
f 1881 1882 1883 1884
f 1885 1888 1887 1886
f 1881 1885 1886 1882
f 1884 1883 1887 1888
f 1881 1884 1888 1885
f 1882 1886 1887 1883
o A1_BackRoom3_Window1_Jamb-4.5
usemtl MetalDark
f 1889 1890 1891 1892
f 1893 1896 1895 1894
f 1889 1893 1894 1890
f 1892 1891 1895 1896
f 1889 1892 1896 1893
f 1890 1894 1895 1891
o A1_BackRoom3_Window1_Jamb4.5
usemtl MetalDark
f 1897 1898 1899 1900
f 1901 1904 1903 1902
f 1897 1901 1902 1898
f 1900 1899 1903 1904
f 1897 1900 1904 1901
f 1898 1902 1903 1899
o A1_BackRoom3_Window1_Head
usemtl MetalDark
f 1905 1906 1907 1908
f 1909 1912 1911 1910
f 1905 1909 1910 1906
f 1908 1907 1911 1912
f 1905 1908 1912 1909
f 1906 1910 1911 1907
o A1_BackRoom3_Window1_SillFrame
usemtl MetalDark
f 1913 1914 1915 1916
f 1917 1920 1919 1918
f 1913 1917 1918 1914
f 1916 1915 1919 1920
f 1913 1916 1920 1917
f 1914 1918 1919 1915
o A1_BackRoom3_Window1_Mullion
usemtl MetalDark
f 1921 1922 1923 1924
f 1925 1928 1927 1926
f 1921 1925 1926 1922
f 1924 1923 1927 1928
f 1921 1924 1928 1925
f 1922 1926 1927 1923
o A1_BackRoom3_Window1_Shade
usemtl ConcreteLight
f 1929 1930 1931 1932
f 1933 1936 1935 1934
f 1929 1933 1934 1930
f 1932 1931 1935 1936
f 1929 1932 1936 1933
f 1930 1934 1935 1931
o A1_BackRoom3_Window1_InteriorSill
usemtl ConcreteLight
f 1937 1938 1939 1940
f 1941 1944 1943 1942
f 1937 1941 1942 1938
f 1940 1939 1943 1944
f 1937 1940 1944 1941
f 1938 1942 1943 1939
o A1_BackRoom3_Window2_Glass
usemtl Glass
f 1945 1946 1947 1948
f 1949 1952 1951 1950
f 1945 1949 1950 1946
f 1948 1947 1951 1952
f 1945 1948 1952 1949
f 1946 1950 1951 1947
o A1_BackRoom3_Window2_Jamb-4.5
usemtl MetalDark
f 1953 1954 1955 1956
f 1957 1960 1959 1958
f 1953 1957 1958 1954
f 1956 1955 1959 1960
f 1953 1956 1960 1957
f 1954 1958 1959 1955
o A1_BackRoom3_Window2_Jamb4.5
usemtl MetalDark
f 1961 1962 1963 1964
f 1965 1968 1967 1966
f 1961 1965 1966 1962
f 1964 1963 1967 1968
f 1961 1964 1968 1965
f 1962 1966 1967 1963
o A1_BackRoom3_Window2_Head
usemtl MetalDark
f 1969 1970 1971 1972
f 1973 1976 1975 1974
f 1969 1973 1974 1970
f 1972 1971 1975 1976
f 1969 1972 1976 1973
f 1970 1974 1975 1971
o A1_BackRoom3_Window2_SillFrame
usemtl MetalDark
f 1977 1978 1979 1980
f 1981 1984 1983 1982
f 1977 1981 1982 1978
f 1980 1979 1983 1984
f 1977 1980 1984 1981
f 1978 1982 1983 1979
o A1_BackRoom3_Window2_Mullion
usemtl MetalDark
f 1985 1986 1987 1988
f 1989 1992 1991 1990
f 1985 1989 1990 1986
f 1988 1987 1991 1992
f 1985 1988 1992 1989
f 1986 1990 1991 1987
o A1_BackRoom3_Window2_Shade
usemtl ConcreteLight
f 1993 1994 1995 1996
f 1997 2000 1999 1998
f 1993 1997 1998 1994
f 1996 1995 1999 2000
f 1993 1996 2000 1997
f 1994 1998 1999 1995
o A1_BackRoom3_Window2_InteriorSill
usemtl ConcreteLight
f 2001 2002 2003 2004
f 2005 2008 2007 2006
f 2001 2005 2006 2002
f 2004 2003 2007 2008
f 2001 2004 2008 2005
f 2002 2006 2007 2003
o A1_BackRoom3_GreenPlinth
usemtl Green
f 2009 2010 2011 2012
f 2013 2016 2015 2014
f 2009 2013 2014 2010
f 2012 2011 2015 2016
f 2009 2012 2016 2013
f 2010 2014 2015 2011
o A1_BackRoom4_Bottom
usemtl WhiteBrick
f 2089 2090 2091 2092
f 2093 2096 2095 2094
f 2089 2093 2094 2090
f 2092 2091 2095 2096
f 2089 2092 2096 2093
f 2090 2094 2095 2091
o A1_BackRoom4_Top
usemtl WhiteBrick
f 2097 2098 2099 2100
f 2101 2104 2103 2102
f 2097 2101 2102 2098
f 2100 2099 2103 2104
f 2097 2100 2104 2101
f 2098 2102 2103 2099
o A1_BackRoom4_Pier0
usemtl WhiteBrick
f 2105 2106 2107 2108
f 2109 2112 2111 2110
f 2105 2109 2110 2106
f 2108 2107 2111 2112
f 2105 2108 2112 2109
f 2106 2110 2111 2107
o A1_BackRoom4_Pier1
usemtl WhiteBrick
f 2113 2114 2115 2116
f 2117 2120 2119 2118
f 2113 2117 2118 2114
f 2116 2115 2119 2120
f 2113 2116 2120 2117
f 2114 2118 2119 2115
o A1_BackRoom4_Pier2
usemtl WhiteBrick
f 2121 2122 2123 2124
f 2125 2128 2127 2126
f 2121 2125 2126 2122
f 2124 2123 2127 2128
f 2121 2124 2128 2125
f 2122 2126 2127 2123
o A1_BackRoom4_Window1_Glass
usemtl Glass
f 2129 2130 2131 2132
f 2133 2136 2135 2134
f 2129 2133 2134 2130
f 2132 2131 2135 2136
f 2129 2132 2136 2133
f 2130 2134 2135 2131
o A1_BackRoom4_Window1_Jamb-4.5
usemtl MetalDark
f 2137 2138 2139 2140
f 2141 2144 2143 2142
f 2137 2141 2142 2138
f 2140 2139 2143 2144
f 2137 2140 2144 2141
f 2138 2142 2143 2139
o A1_BackRoom4_Window1_Jamb4.5
usemtl MetalDark
f 2145 2146 2147 2148
f 2149 2152 2151 2150
f 2145 2149 2150 2146
f 2148 2147 2151 2152
f 2145 2148 2152 2149
f 2146 2150 2151 2147
o A1_BackRoom4_Window1_Head
usemtl MetalDark
f 2153 2154 2155 2156
f 2157 2160 2159 2158
f 2153 2157 2158 2154
f 2156 2155 2159 2160
f 2153 2156 2160 2157
f 2154 2158 2159 2155
o A1_BackRoom4_Window1_SillFrame
usemtl MetalDark
f 2161 2162 2163 2164
f 2165 2168 2167 2166
f 2161 2165 2166 2162
f 2164 2163 2167 2168
f 2161 2164 2168 2165
f 2162 2166 2167 2163
o A1_BackRoom4_Window1_Mullion
usemtl MetalDark
f 2169 2170 2171 2172
f 2173 2176 2175 2174
f 2169 2173 2174 2170
f 2172 2171 2175 2176
f 2169 2172 2176 2173
f 2170 2174 2175 2171
o A1_BackRoom4_Window1_Shade
usemtl ConcreteLight
f 2177 2178 2179 2180
f 2181 2184 2183 2182
f 2177 2181 2182 2178
f 2180 2179 2183 2184
f 2177 2180 2184 2181
f 2178 2182 2183 2179
o A1_BackRoom4_Window1_InteriorSill
usemtl ConcreteLight
f 2185 2186 2187 2188
f 2189 2192 2191 2190
f 2185 2189 2190 2186
f 2188 2187 2191 2192
f 2185 2188 2192 2189
f 2186 2190 2191 2187
o A1_BackRoom4_Window2_Glass
usemtl Glass
f 2193 2194 2195 2196
f 2197 2200 2199 2198
f 2193 2197 2198 2194
f 2196 2195 2199 2200
f 2193 2196 2200 2197
f 2194 2198 2199 2195
o A1_BackRoom4_Window2_Jamb-4.5
usemtl MetalDark
f 2201 2202 2203 2204
f 2205 2208 2207 2206
f 2201 2205 2206 2202
f 2204 2203 2207 2208
f 2201 2204 2208 2205
f 2202 2206 2207 2203
o A1_BackRoom4_Window2_Jamb4.5
usemtl MetalDark
f 2209 2210 2211 2212
f 2213 2216 2215 2214
f 2209 2213 2214 2210
f 2212 2211 2215 2216
f 2209 2212 2216 2213
f 2210 2214 2215 2211
o A1_BackRoom4_Window2_Head
usemtl MetalDark
f 2217 2218 2219 2220
f 2221 2224 2223 2222
f 2217 2221 2222 2218
f 2220 2219 2223 2224
f 2217 2220 2224 2221
f 2218 2222 2223 2219
o A1_BackRoom4_Window2_SillFrame
usemtl MetalDark
f 2225 2226 2227 2228
f 2229 2232 2231 2230
f 2225 2229 2230 2226
f 2228 2227 2231 2232
f 2225 2228 2232 2229
f 2226 2230 2231 2227
o A1_BackRoom4_Window2_Mullion
usemtl MetalDark
f 2233 2234 2235 2236
f 2237 2240 2239 2238
f 2233 2237 2238 2234
f 2236 2235 2239 2240
f 2233 2236 2240 2237
f 2234 2238 2239 2235
o A1_BackRoom4_Window2_Shade
usemtl ConcreteLight
f 2241 2242 2243 2244
f 2245 2248 2247 2246
f 2241 2245 2246 2242
f 2244 2243 2247 2248
f 2241 2244 2248 2245
f 2242 2246 2247 2243
o A1_BackRoom4_Window2_InteriorSill
usemtl ConcreteLight
f 2249 2250 2251 2252
f 2253 2256 2255 2254
f 2249 2253 2254 2250
f 2252 2251 2255 2256
f 2249 2252 2256 2253
f 2250 2254 2255 2251
o A1_BackRoom4_GreenPlinth
usemtl Green
f 2257 2258 2259 2260
f 2261 2264 2263 2262
f 2257 2261 2262 2258
f 2260 2259 2263 2264
f 2257 2260 2264 2261
f 2258 2262 2263 2259
o A1_FrontDivider_-54
usemtl WhiteBrick
f 2337 2338 2339 2340
f 2341 2344 2343 2342
f 2337 2341 2342 2338
f 2340 2339 2343 2344
f 2337 2340 2344 2341
f 2338 2342 2343 2339
o A1_FrontDivider_-16
usemtl WhiteBrick
f 2345 2346 2347 2348
f 2349 2352 2351 2350
f 2345 2349 2350 2346
f 2348 2347 2351 2352
f 2345 2348 2352 2349
f 2346 2350 2351 2347
o A1_FrontDivider_16
usemtl WhiteBrick
f 2353 2354 2355 2356
f 2357 2360 2359 2358
f 2353 2357 2358 2354
f 2356 2355 2359 2360
f 2353 2356 2360 2357
f 2354 2358 2359 2355
o A1_FrontDivider_54
usemtl WhiteBrick
f 2361 2362 2363 2364
f 2365 2368 2367 2366
f 2361 2365 2366 2362
f 2364 2363 2367 2368
f 2361 2364 2368 2365
f 2362 2366 2367 2363
o A1_BackDivider_-46
usemtl WhiteBrick
f 2369 2370 2371 2372
f 2373 2376 2375 2374
f 2369 2373 2374 2370
f 2372 2371 2375 2376
f 2369 2372 2376 2373
f 2370 2374 2375 2371
o A1_BackDivider_0
usemtl WhiteBrick
f 2377 2378 2379 2380
f 2381 2384 2383 2382
f 2377 2381 2382 2378
f 2380 2379 2383 2384
f 2377 2380 2384 2381
f 2378 2382 2383 2379
o A1_BackDivider_46
usemtl WhiteBrick
f 2385 2386 2387 2388
f 2389 2392 2391 2390
f 2385 2389 2390 2386
f 2388 2387 2391 2392
f 2385 2388 2392 2389
f 2386 2390 2391 2387
o A1_CorrSkirtFront
usemtl Green
f 2393 2394 2395 2396
f 2397 2400 2399 2398
f 2393 2397 2398 2394
f 2396 2395 2399 2400
f 2393 2396 2400 2397
f 2394 2398 2399 2395
o A1_CorrSkirtBack
usemtl Green
f 2401 2402 2403 2404
f 2405 2408 2407 2406
f 2401 2405 2406 2402
f 2404 2403 2407 2408
f 2401 2404 2408 2405
f 2402 2406 2407 2403
o A1_CorrCeiling
usemtl Ceiling
f 2409 2410 2411 2412
f 2413 2416 2415 2414
f 2409 2413 2414 2410
f 2412 2411 2415 2416
f 2409 2412 2416 2413
f 2410 2414 2415 2411
o A1_CorrLight_-78
usemtl LightPanel
f 2417 2418 2419 2420
f 2421 2424 2423 2422
f 2417 2421 2422 2418
f 2420 2419 2423 2424
f 2417 2420 2424 2421
f 2418 2422 2423 2419
o A1_CorrLight_-52
usemtl LightPanel
f 2425 2426 2427 2428
f 2429 2432 2431 2430
f 2425 2429 2430 2426
f 2428 2427 2431 2432
f 2425 2428 2432 2429
f 2426 2430 2431 2427
o A1_CorrLight_-26
usemtl LightPanel
f 2433 2434 2435 2436
f 2437 2440 2439 2438
f 2433 2437 2438 2434
f 2436 2435 2439 2440
f 2433 2436 2440 2437
f 2434 2438 2439 2435
o A1_CorrLight_0
usemtl LightPanel
f 2441 2442 2443 2444
f 2445 2448 2447 2446
f 2441 2445 2446 2442
f 2444 2443 2447 2448
f 2441 2444 2448 2445
f 2442 2446 2447 2443
o A1_CorrLight_26
usemtl LightPanel
f 2449 2450 2451 2452
f 2453 2456 2455 2454
f 2449 2453 2454 2450
f 2452 2451 2455 2456
f 2449 2452 2456 2453
f 2450 2454 2455 2451
o A1_CorrLight_52
usemtl LightPanel
f 2457 2458 2459 2460
f 2461 2464 2463 2462
f 2457 2461 2462 2458
f 2460 2459 2463 2464
f 2457 2460 2464 2461
f 2458 2462 2463 2459
o A1_CorrLight_78
usemtl LightPanel
f 2465 2466 2467 2468
f 2469 2472 2471 2470
f 2465 2469 2470 2466
f 2468 2467 2471 2472
f 2465 2468 2472 2469
f 2466 2470 2471 2467
o A2_FrontRoom1_Bottom
usemtl WhiteBrick
f 2473 2474 2475 2476
f 2477 2480 2479 2478
f 2473 2477 2478 2474
f 2476 2475 2479 2480
f 2473 2476 2480 2477
f 2474 2478 2479 2475
o A2_FrontRoom1_Top
usemtl WhiteBrick
f 2481 2482 2483 2484
f 2485 2488 2487 2486
f 2481 2485 2486 2482
f 2484 2483 2487 2488
f 2481 2484 2488 2485
f 2482 2486 2487 2483
o A2_FrontRoom1_Pier0
usemtl WhiteBrick
f 2489 2490 2491 2492
f 2493 2496 2495 2494
f 2489 2493 2494 2490
f 2492 2491 2495 2496
f 2489 2492 2496 2493
f 2490 2494 2495 2491
o A2_FrontRoom1_Pier1
usemtl WhiteBrick
f 2497 2498 2499 2500
f 2501 2504 2503 2502
f 2497 2501 2502 2498
f 2500 2499 2503 2504
f 2497 2500 2504 2501
f 2498 2502 2503 2499
o A2_FrontRoom1_Pier2
usemtl WhiteBrick
f 2505 2506 2507 2508
f 2509 2512 2511 2510
f 2505 2509 2510 2506
f 2508 2507 2511 2512
f 2505 2508 2512 2509
f 2506 2510 2511 2507
o A2_FrontRoom1_Window1_Glass
usemtl Glass
f 2513 2514 2515 2516
f 2517 2520 2519 2518
f 2513 2517 2518 2514
f 2516 2515 2519 2520
f 2513 2516 2520 2517
f 2514 2518 2519 2515
o A2_FrontRoom1_Window1_Jamb-4.5
usemtl MetalDark
f 2521 2522 2523 2524
f 2525 2528 2527 2526
f 2521 2525 2526 2522
f 2524 2523 2527 2528
f 2521 2524 2528 2525
f 2522 2526 2527 2523
o A2_FrontRoom1_Window1_Jamb4.5
usemtl MetalDark
f 2529 2530 2531 2532
f 2533 2536 2535 2534
f 2529 2533 2534 2530
f 2532 2531 2535 2536
f 2529 2532 2536 2533
f 2530 2534 2535 2531
o A2_FrontRoom1_Window1_Head
usemtl MetalDark
f 2537 2538 2539 2540
f 2541 2544 2543 2542
f 2537 2541 2542 2538
f 2540 2539 2543 2544
f 2537 2540 2544 2541
f 2538 2542 2543 2539
o A2_FrontRoom1_Window1_SillFrame
usemtl MetalDark
f 2545 2546 2547 2548
f 2549 2552 2551 2550
f 2545 2549 2550 2546
f 2548 2547 2551 2552
f 2545 2548 2552 2549
f 2546 2550 2551 2547
o A2_FrontRoom1_Window1_Mullion
usemtl MetalDark
f 2553 2554 2555 2556
f 2557 2560 2559 2558
f 2553 2557 2558 2554
f 2556 2555 2559 2560
f 2553 2556 2560 2557
f 2554 2558 2559 2555
o A2_FrontRoom1_Window1_Shade
usemtl ConcreteLight
f 2561 2562 2563 2564
f 2565 2568 2567 2566
f 2561 2565 2566 2562
f 2564 2563 2567 2568
f 2561 2564 2568 2565
f 2562 2566 2567 2563
o A2_FrontRoom1_Window1_InteriorSill
usemtl ConcreteLight
f 2569 2570 2571 2572
f 2573 2576 2575 2574
f 2569 2573 2574 2570
f 2572 2571 2575 2576
f 2569 2572 2576 2573
f 2570 2574 2575 2571
o A2_FrontRoom1_Window2_Glass
usemtl Glass
f 2577 2578 2579 2580
f 2581 2584 2583 2582
f 2577 2581 2582 2578
f 2580 2579 2583 2584
f 2577 2580 2584 2581
f 2578 2582 2583 2579
o A2_FrontRoom1_Window2_Jamb-4.5
usemtl MetalDark
f 2585 2586 2587 2588
f 2589 2592 2591 2590
f 2585 2589 2590 2586
f 2588 2587 2591 2592
f 2585 2588 2592 2589
f 2586 2590 2591 2587
o A2_FrontRoom1_Window2_Jamb4.5
usemtl MetalDark
f 2593 2594 2595 2596
f 2597 2600 2599 2598
f 2593 2597 2598 2594
f 2596 2595 2599 2600
f 2593 2596 2600 2597
f 2594 2598 2599 2595
o A2_FrontRoom1_Window2_Head
usemtl MetalDark
f 2601 2602 2603 2604
f 2605 2608 2607 2606
f 2601 2605 2606 2602
f 2604 2603 2607 2608
f 2601 2604 2608 2605
f 2602 2606 2607 2603
o A2_FrontRoom1_Window2_SillFrame
usemtl MetalDark
f 2609 2610 2611 2612
f 2613 2616 2615 2614
f 2609 2613 2614 2610
f 2612 2611 2615 2616
f 2609 2612 2616 2613
f 2610 2614 2615 2611
o A2_FrontRoom1_Window2_Mullion
usemtl MetalDark
f 2617 2618 2619 2620
f 2621 2624 2623 2622
f 2617 2621 2622 2618
f 2620 2619 2623 2624
f 2617 2620 2624 2621
f 2618 2622 2623 2619
o A2_FrontRoom1_Window2_Shade
usemtl ConcreteLight
f 2625 2626 2627 2628
f 2629 2632 2631 2630
f 2625 2629 2630 2626
f 2628 2627 2631 2632
f 2625 2628 2632 2629
f 2626 2630 2631 2627
o A2_FrontRoom1_Window2_InteriorSill
usemtl ConcreteLight
f 2633 2634 2635 2636
f 2637 2640 2639 2638
f 2633 2637 2638 2634
f 2636 2635 2639 2640
f 2633 2636 2640 2637
f 2634 2638 2639 2635
o A2_FrontRoom1_GreenPlinth
usemtl Green
f 2641 2642 2643 2644
f 2645 2648 2647 2646
f 2641 2645 2646 2642
f 2644 2643 2647 2648
f 2641 2644 2648 2645
f 2642 2646 2647 2643
o A2_FrontRoom2_Bottom
usemtl WhiteBrick
f 2721 2722 2723 2724
f 2725 2728 2727 2726
f 2721 2725 2726 2722
f 2724 2723 2727 2728
f 2721 2724 2728 2725
f 2722 2726 2727 2723
o A2_FrontRoom2_Top
usemtl WhiteBrick
f 2729 2730 2731 2732
f 2733 2736 2735 2734
f 2729 2733 2734 2730
f 2732 2731 2735 2736
f 2729 2732 2736 2733
f 2730 2734 2735 2731
o A2_FrontRoom2_Pier0
usemtl WhiteBrick
f 2737 2738 2739 2740
f 2741 2744 2743 2742
f 2737 2741 2742 2738
f 2740 2739 2743 2744
f 2737 2740 2744 2741
f 2738 2742 2743 2739
o A2_FrontRoom2_Pier1
usemtl WhiteBrick
f 2745 2746 2747 2748
f 2749 2752 2751 2750
f 2745 2749 2750 2746
f 2748 2747 2751 2752
f 2745 2748 2752 2749
f 2746 2750 2751 2747
o A2_FrontRoom2_Pier2
usemtl WhiteBrick
f 2753 2754 2755 2756
f 2757 2760 2759 2758
f 2753 2757 2758 2754
f 2756 2755 2759 2760
f 2753 2756 2760 2757
f 2754 2758 2759 2755
o A2_FrontRoom2_Window1_Glass
usemtl Glass
f 2761 2762 2763 2764
f 2765 2768 2767 2766
f 2761 2765 2766 2762
f 2764 2763 2767 2768
f 2761 2764 2768 2765
f 2762 2766 2767 2763
o A2_FrontRoom2_Window1_Jamb-4.5
usemtl MetalDark
f 2769 2770 2771 2772
f 2773 2776 2775 2774
f 2769 2773 2774 2770
f 2772 2771 2775 2776
f 2769 2772 2776 2773
f 2770 2774 2775 2771
o A2_FrontRoom2_Window1_Jamb4.5
usemtl MetalDark
f 2777 2778 2779 2780
f 2781 2784 2783 2782
f 2777 2781 2782 2778
f 2780 2779 2783 2784
f 2777 2780 2784 2781
f 2778 2782 2783 2779
o A2_FrontRoom2_Window1_Head
usemtl MetalDark
f 2785 2786 2787 2788
f 2789 2792 2791 2790
f 2785 2789 2790 2786
f 2788 2787 2791 2792
f 2785 2788 2792 2789
f 2786 2790 2791 2787
o A2_FrontRoom2_Window1_SillFrame
usemtl MetalDark
f 2793 2794 2795 2796
f 2797 2800 2799 2798
f 2793 2797 2798 2794
f 2796 2795 2799 2800
f 2793 2796 2800 2797
f 2794 2798 2799 2795
o A2_FrontRoom2_Window1_Mullion
usemtl MetalDark
f 2801 2802 2803 2804
f 2805 2808 2807 2806
f 2801 2805 2806 2802
f 2804 2803 2807 2808
f 2801 2804 2808 2805
f 2802 2806 2807 2803
o A2_FrontRoom2_Window1_Shade
usemtl ConcreteLight
f 2809 2810 2811 2812
f 2813 2816 2815 2814
f 2809 2813 2814 2810
f 2812 2811 2815 2816
f 2809 2812 2816 2813
f 2810 2814 2815 2811
o A2_FrontRoom2_Window1_InteriorSill
usemtl ConcreteLight
f 2817 2818 2819 2820
f 2821 2824 2823 2822
f 2817 2821 2822 2818
f 2820 2819 2823 2824
f 2817 2820 2824 2821
f 2818 2822 2823 2819
o A2_FrontRoom2_Window2_Glass
usemtl Glass
f 2825 2826 2827 2828
f 2829 2832 2831 2830
f 2825 2829 2830 2826
f 2828 2827 2831 2832
f 2825 2828 2832 2829
f 2826 2830 2831 2827
o A2_FrontRoom2_Window2_Jamb-4.5
usemtl MetalDark
f 2833 2834 2835 2836
f 2837 2840 2839 2838
f 2833 2837 2838 2834
f 2836 2835 2839 2840
f 2833 2836 2840 2837
f 2834 2838 2839 2835
o A2_FrontRoom2_Window2_Jamb4.5
usemtl MetalDark
f 2841 2842 2843 2844
f 2845 2848 2847 2846
f 2841 2845 2846 2842
f 2844 2843 2847 2848
f 2841 2844 2848 2845
f 2842 2846 2847 2843
o A2_FrontRoom2_Window2_Head
usemtl MetalDark
f 2849 2850 2851 2852
f 2853 2856 2855 2854
f 2849 2853 2854 2850
f 2852 2851 2855 2856
f 2849 2852 2856 2853
f 2850 2854 2855 2851
o A2_FrontRoom2_Window2_SillFrame
usemtl MetalDark
f 2857 2858 2859 2860
f 2861 2864 2863 2862
f 2857 2861 2862 2858
f 2860 2859 2863 2864
f 2857 2860 2864 2861
f 2858 2862 2863 2859
o A2_FrontRoom2_Window2_Mullion
usemtl MetalDark
f 2865 2866 2867 2868
f 2869 2872 2871 2870
f 2865 2869 2870 2866
f 2868 2867 2871 2872
f 2865 2868 2872 2869
f 2866 2870 2871 2867
o A2_FrontRoom2_Window2_Shade
usemtl ConcreteLight
f 2873 2874 2875 2876
f 2877 2880 2879 2878
f 2873 2877 2878 2874
f 2876 2875 2879 2880
f 2873 2876 2880 2877
f 2874 2878 2879 2875
o A2_FrontRoom2_Window2_InteriorSill
usemtl ConcreteLight
f 2881 2882 2883 2884
f 2885 2888 2887 2886
f 2881 2885 2886 2882
f 2884 2883 2887 2888
f 2881 2884 2888 2885
f 2882 2886 2887 2883
o A2_FrontRoom2_GreenPlinth
usemtl Green
f 2889 2890 2891 2892
f 2893 2896 2895 2894
f 2889 2893 2894 2890
f 2892 2891 2895 2896
f 2889 2892 2896 2893
f 2890 2894 2895 2891
o A2_FrontRoom3_Bottom
usemtl WhiteBrick
f 2969 2970 2971 2972
f 2973 2976 2975 2974
f 2969 2973 2974 2970
f 2972 2971 2975 2976
f 2969 2972 2976 2973
f 2970 2974 2975 2971
o A2_FrontRoom3_Top
usemtl WhiteBrick
f 2977 2978 2979 2980
f 2981 2984 2983 2982
f 2977 2981 2982 2978
f 2980 2979 2983 2984
f 2977 2980 2984 2981
f 2978 2982 2983 2979
o A2_FrontRoom3_Pier0
usemtl WhiteBrick
f 2985 2986 2987 2988
f 2989 2992 2991 2990
f 2985 2989 2990 2986
f 2988 2987 2991 2992
f 2985 2988 2992 2989
f 2986 2990 2991 2987
o A2_FrontRoom3_Pier1
usemtl WhiteBrick
f 2993 2994 2995 2996
f 2997 3000 2999 2998
f 2993 2997 2998 2994
f 2996 2995 2999 3000
f 2993 2996 3000 2997
f 2994 2998 2999 2995
o A2_FrontRoom3_Pier2
usemtl WhiteBrick
f 3001 3002 3003 3004
f 3005 3008 3007 3006
f 3001 3005 3006 3002
f 3004 3003 3007 3008
f 3001 3004 3008 3005
f 3002 3006 3007 3003
o A2_FrontRoom3_Window1_Glass
usemtl Glass
f 3009 3010 3011 3012
f 3013 3016 3015 3014
f 3009 3013 3014 3010
f 3012 3011 3015 3016
f 3009 3012 3016 3013
f 3010 3014 3015 3011
o A2_FrontRoom3_Window1_Jamb-4.5
usemtl MetalDark
f 3017 3018 3019 3020
f 3021 3024 3023 3022
f 3017 3021 3022 3018
f 3020 3019 3023 3024
f 3017 3020 3024 3021
f 3018 3022 3023 3019
o A2_FrontRoom3_Window1_Jamb4.5
usemtl MetalDark
f 3025 3026 3027 3028
f 3029 3032 3031 3030
f 3025 3029 3030 3026
f 3028 3027 3031 3032
f 3025 3028 3032 3029
f 3026 3030 3031 3027
o A2_FrontRoom3_Window1_Head
usemtl MetalDark
f 3033 3034 3035 3036
f 3037 3040 3039 3038
f 3033 3037 3038 3034
f 3036 3035 3039 3040
f 3033 3036 3040 3037
f 3034 3038 3039 3035
o A2_FrontRoom3_Window1_SillFrame
usemtl MetalDark
f 3041 3042 3043 3044
f 3045 3048 3047 3046
f 3041 3045 3046 3042
f 3044 3043 3047 3048
f 3041 3044 3048 3045
f 3042 3046 3047 3043
o A2_FrontRoom3_Window1_Mullion
usemtl MetalDark
f 3049 3050 3051 3052
f 3053 3056 3055 3054
f 3049 3053 3054 3050
f 3052 3051 3055 3056
f 3049 3052 3056 3053
f 3050 3054 3055 3051
o A2_FrontRoom3_Window1_Shade
usemtl ConcreteLight
f 3057 3058 3059 3060
f 3061 3064 3063 3062
f 3057 3061 3062 3058
f 3060 3059 3063 3064
f 3057 3060 3064 3061
f 3058 3062 3063 3059
o A2_FrontRoom3_Window1_InteriorSill
usemtl ConcreteLight
f 3065 3066 3067 3068
f 3069 3072 3071 3070
f 3065 3069 3070 3066
f 3068 3067 3071 3072
f 3065 3068 3072 3069
f 3066 3070 3071 3067
o A2_FrontRoom3_Window2_Glass
usemtl Glass
f 3073 3074 3075 3076
f 3077 3080 3079 3078
f 3073 3077 3078 3074
f 3076 3075 3079 3080
f 3073 3076 3080 3077
f 3074 3078 3079 3075
o A2_FrontRoom3_Window2_Jamb-4.5
usemtl MetalDark
f 3081 3082 3083 3084
f 3085 3088 3087 3086
f 3081 3085 3086 3082
f 3084 3083 3087 3088
f 3081 3084 3088 3085
f 3082 3086 3087 3083
o A2_FrontRoom3_Window2_Jamb4.5
usemtl MetalDark
f 3089 3090 3091 3092
f 3093 3096 3095 3094
f 3089 3093 3094 3090
f 3092 3091 3095 3096
f 3089 3092 3096 3093
f 3090 3094 3095 3091
o A2_FrontRoom3_Window2_Head
usemtl MetalDark
f 3097 3098 3099 3100
f 3101 3104 3103 3102
f 3097 3101 3102 3098
f 3100 3099 3103 3104
f 3097 3100 3104 3101
f 3098 3102 3103 3099
o A2_FrontRoom3_Window2_SillFrame
usemtl MetalDark
f 3105 3106 3107 3108
f 3109 3112 3111 3110
f 3105 3109 3110 3106
f 3108 3107 3111 3112
f 3105 3108 3112 3109
f 3106 3110 3111 3107
o A2_FrontRoom3_Window2_Mullion
usemtl MetalDark
f 3113 3114 3115 3116
f 3117 3120 3119 3118
f 3113 3117 3118 3114
f 3116 3115 3119 3120
f 3113 3116 3120 3117
f 3114 3118 3119 3115
o A2_FrontRoom3_Window2_Shade
usemtl ConcreteLight
f 3121 3122 3123 3124
f 3125 3128 3127 3126
f 3121 3125 3126 3122
f 3124 3123 3127 3128
f 3121 3124 3128 3125
f 3122 3126 3127 3123
o A2_FrontRoom3_Window2_InteriorSill
usemtl ConcreteLight
f 3129 3130 3131 3132
f 3133 3136 3135 3134
f 3129 3133 3134 3130
f 3132 3131 3135 3136
f 3129 3132 3136 3133
f 3130 3134 3135 3131
o A2_FrontRoom3_GreenPlinth
usemtl Green
f 3137 3138 3139 3140
f 3141 3144 3143 3142
f 3137 3141 3142 3138
f 3140 3139 3143 3144
f 3137 3140 3144 3141
f 3138 3142 3143 3139
o A2_FrontRoom4_Bottom
usemtl WhiteBrick
f 3217 3218 3219 3220
f 3221 3224 3223 3222
f 3217 3221 3222 3218
f 3220 3219 3223 3224
f 3217 3220 3224 3221
f 3218 3222 3223 3219
o A2_FrontRoom4_Top
usemtl WhiteBrick
f 3225 3226 3227 3228
f 3229 3232 3231 3230
f 3225 3229 3230 3226
f 3228 3227 3231 3232
f 3225 3228 3232 3229
f 3226 3230 3231 3227
o A2_FrontRoom4_Pier0
usemtl WhiteBrick
f 3233 3234 3235 3236
f 3237 3240 3239 3238
f 3233 3237 3238 3234
f 3236 3235 3239 3240
f 3233 3236 3240 3237
f 3234 3238 3239 3235
o A2_FrontRoom4_Pier1
usemtl WhiteBrick
f 3241 3242 3243 3244
f 3245 3248 3247 3246
f 3241 3245 3246 3242
f 3244 3243 3247 3248
f 3241 3244 3248 3245
f 3242 3246 3247 3243
o A2_FrontRoom4_Pier2
usemtl WhiteBrick
f 3249 3250 3251 3252
f 3253 3256 3255 3254
f 3249 3253 3254 3250
f 3252 3251 3255 3256
f 3249 3252 3256 3253
f 3250 3254 3255 3251
o A2_FrontRoom4_Window1_Glass
usemtl Glass
f 3257 3258 3259 3260
f 3261 3264 3263 3262
f 3257 3261 3262 3258
f 3260 3259 3263 3264
f 3257 3260 3264 3261
f 3258 3262 3263 3259
o A2_FrontRoom4_Window1_Jamb-4.5
usemtl MetalDark
f 3265 3266 3267 3268
f 3269 3272 3271 3270
f 3265 3269 3270 3266
f 3268 3267 3271 3272
f 3265 3268 3272 3269
f 3266 3270 3271 3267
o A2_FrontRoom4_Window1_Jamb4.5
usemtl MetalDark
f 3273 3274 3275 3276
f 3277 3280 3279 3278
f 3273 3277 3278 3274
f 3276 3275 3279 3280
f 3273 3276 3280 3277
f 3274 3278 3279 3275
o A2_FrontRoom4_Window1_Head
usemtl MetalDark
f 3281 3282 3283 3284
f 3285 3288 3287 3286
f 3281 3285 3286 3282
f 3284 3283 3287 3288
f 3281 3284 3288 3285
f 3282 3286 3287 3283
o A2_FrontRoom4_Window1_SillFrame
usemtl MetalDark
f 3289 3290 3291 3292
f 3293 3296 3295 3294
f 3289 3293 3294 3290
f 3292 3291 3295 3296
f 3289 3292 3296 3293
f 3290 3294 3295 3291
o A2_FrontRoom4_Window1_Mullion
usemtl MetalDark
f 3297 3298 3299 3300
f 3301 3304 3303 3302
f 3297 3301 3302 3298
f 3300 3299 3303 3304
f 3297 3300 3304 3301
f 3298 3302 3303 3299
o A2_FrontRoom4_Window1_Shade
usemtl ConcreteLight
f 3305 3306 3307 3308
f 3309 3312 3311 3310
f 3305 3309 3310 3306
f 3308 3307 3311 3312
f 3305 3308 3312 3309
f 3306 3310 3311 3307
o A2_FrontRoom4_Window1_InteriorSill
usemtl ConcreteLight
f 3313 3314 3315 3316
f 3317 3320 3319 3318
f 3313 3317 3318 3314
f 3316 3315 3319 3320
f 3313 3316 3320 3317
f 3314 3318 3319 3315
o A2_FrontRoom4_Window2_Glass
usemtl Glass
f 3321 3322 3323 3324
f 3325 3328 3327 3326
f 3321 3325 3326 3322
f 3324 3323 3327 3328
f 3321 3324 3328 3325
f 3322 3326 3327 3323
o A2_FrontRoom4_Window2_Jamb-4.5
usemtl MetalDark
f 3329 3330 3331 3332
f 3333 3336 3335 3334
f 3329 3333 3334 3330
f 3332 3331 3335 3336
f 3329 3332 3336 3333
f 3330 3334 3335 3331
o A2_FrontRoom4_Window2_Jamb4.5
usemtl MetalDark
f 3337 3338 3339 3340
f 3341 3344 3343 3342
f 3337 3341 3342 3338
f 3340 3339 3343 3344
f 3337 3340 3344 3341
f 3338 3342 3343 3339
o A2_FrontRoom4_Window2_Head
usemtl MetalDark
f 3345 3346 3347 3348
f 3349 3352 3351 3350
f 3345 3349 3350 3346
f 3348 3347 3351 3352
f 3345 3348 3352 3349
f 3346 3350 3351 3347
o A2_FrontRoom4_Window2_SillFrame
usemtl MetalDark
f 3353 3354 3355 3356
f 3357 3360 3359 3358
f 3353 3357 3358 3354
f 3356 3355 3359 3360
f 3353 3356 3360 3357
f 3354 3358 3359 3355
o A2_FrontRoom4_Window2_Mullion
usemtl MetalDark
f 3361 3362 3363 3364
f 3365 3368 3367 3366
f 3361 3365 3366 3362
f 3364 3363 3367 3368
f 3361 3364 3368 3365
f 3362 3366 3367 3363
o A2_FrontRoom4_Window2_Shade
usemtl ConcreteLight
f 3369 3370 3371 3372
f 3373 3376 3375 3374
f 3369 3373 3374 3370
f 3372 3371 3375 3376
f 3369 3372 3376 3373
f 3370 3374 3375 3371
o A2_FrontRoom4_Window2_InteriorSill
usemtl ConcreteLight
f 3377 3378 3379 3380
f 3381 3384 3383 3382
f 3377 3381 3382 3378
f 3380 3379 3383 3384
f 3377 3380 3384 3381
f 3378 3382 3383 3379
o A2_FrontRoom4_GreenPlinth
usemtl Green
f 3385 3386 3387 3388
f 3389 3392 3391 3390
f 3385 3389 3390 3386
f 3388 3387 3391 3392
f 3385 3388 3392 3389
f 3386 3390 3391 3387
o A2_BackRoom1_Bottom
usemtl WhiteBrick
f 3465 3466 3467 3468
f 3469 3472 3471 3470
f 3465 3469 3470 3466
f 3468 3467 3471 3472
f 3465 3468 3472 3469
f 3466 3470 3471 3467
o A2_BackRoom1_Top
usemtl WhiteBrick
f 3473 3474 3475 3476
f 3477 3480 3479 3478
f 3473 3477 3478 3474
f 3476 3475 3479 3480
f 3473 3476 3480 3477
f 3474 3478 3479 3475
o A2_BackRoom1_Pier0
usemtl WhiteBrick
f 3481 3482 3483 3484
f 3485 3488 3487 3486
f 3481 3485 3486 3482
f 3484 3483 3487 3488
f 3481 3484 3488 3485
f 3482 3486 3487 3483
o A2_BackRoom1_Pier1
usemtl WhiteBrick
f 3489 3490 3491 3492
f 3493 3496 3495 3494
f 3489 3493 3494 3490
f 3492 3491 3495 3496
f 3489 3492 3496 3493
f 3490 3494 3495 3491
o A2_BackRoom1_Pier2
usemtl WhiteBrick
f 3497 3498 3499 3500
f 3501 3504 3503 3502
f 3497 3501 3502 3498
f 3500 3499 3503 3504
f 3497 3500 3504 3501
f 3498 3502 3503 3499
o A2_BackRoom1_Window1_Glass
usemtl Glass
f 3505 3506 3507 3508
f 3509 3512 3511 3510
f 3505 3509 3510 3506
f 3508 3507 3511 3512
f 3505 3508 3512 3509
f 3506 3510 3511 3507
o A2_BackRoom1_Window1_Jamb-4.5
usemtl MetalDark
f 3513 3514 3515 3516
f 3517 3520 3519 3518
f 3513 3517 3518 3514
f 3516 3515 3519 3520
f 3513 3516 3520 3517
f 3514 3518 3519 3515
o A2_BackRoom1_Window1_Jamb4.5
usemtl MetalDark
f 3521 3522 3523 3524
f 3525 3528 3527 3526
f 3521 3525 3526 3522
f 3524 3523 3527 3528
f 3521 3524 3528 3525
f 3522 3526 3527 3523
o A2_BackRoom1_Window1_Head
usemtl MetalDark
f 3529 3530 3531 3532
f 3533 3536 3535 3534
f 3529 3533 3534 3530
f 3532 3531 3535 3536
f 3529 3532 3536 3533
f 3530 3534 3535 3531
o A2_BackRoom1_Window1_SillFrame
usemtl MetalDark
f 3537 3538 3539 3540
f 3541 3544 3543 3542
f 3537 3541 3542 3538
f 3540 3539 3543 3544
f 3537 3540 3544 3541
f 3538 3542 3543 3539
o A2_BackRoom1_Window1_Mullion
usemtl MetalDark
f 3545 3546 3547 3548
f 3549 3552 3551 3550
f 3545 3549 3550 3546
f 3548 3547 3551 3552
f 3545 3548 3552 3549
f 3546 3550 3551 3547
o A2_BackRoom1_Window1_Shade
usemtl ConcreteLight
f 3553 3554 3555 3556
f 3557 3560 3559 3558
f 3553 3557 3558 3554
f 3556 3555 3559 3560
f 3553 3556 3560 3557
f 3554 3558 3559 3555
o A2_BackRoom1_Window1_InteriorSill
usemtl ConcreteLight
f 3561 3562 3563 3564
f 3565 3568 3567 3566
f 3561 3565 3566 3562
f 3564 3563 3567 3568
f 3561 3564 3568 3565
f 3562 3566 3567 3563
o A2_BackRoom1_Window2_Glass
usemtl Glass
f 3569 3570 3571 3572
f 3573 3576 3575 3574
f 3569 3573 3574 3570
f 3572 3571 3575 3576
f 3569 3572 3576 3573
f 3570 3574 3575 3571
o A2_BackRoom1_Window2_Jamb-4.5
usemtl MetalDark
f 3577 3578 3579 3580
f 3581 3584 3583 3582
f 3577 3581 3582 3578
f 3580 3579 3583 3584
f 3577 3580 3584 3581
f 3578 3582 3583 3579
o A2_BackRoom1_Window2_Jamb4.5
usemtl MetalDark
f 3585 3586 3587 3588
f 3589 3592 3591 3590
f 3585 3589 3590 3586
f 3588 3587 3591 3592
f 3585 3588 3592 3589
f 3586 3590 3591 3587
o A2_BackRoom1_Window2_Head
usemtl MetalDark
f 3593 3594 3595 3596
f 3597 3600 3599 3598
f 3593 3597 3598 3594
f 3596 3595 3599 3600
f 3593 3596 3600 3597
f 3594 3598 3599 3595
o A2_BackRoom1_Window2_SillFrame
usemtl MetalDark
f 3601 3602 3603 3604
f 3605 3608 3607 3606
f 3601 3605 3606 3602
f 3604 3603 3607 3608
f 3601 3604 3608 3605
f 3602 3606 3607 3603
o A2_BackRoom1_Window2_Mullion
usemtl MetalDark
f 3609 3610 3611 3612
f 3613 3616 3615 3614
f 3609 3613 3614 3610
f 3612 3611 3615 3616
f 3609 3612 3616 3613
f 3610 3614 3615 3611
o A2_BackRoom1_Window2_Shade
usemtl ConcreteLight
f 3617 3618 3619 3620
f 3621 3624 3623 3622
f 3617 3621 3622 3618
f 3620 3619 3623 3624
f 3617 3620 3624 3621
f 3618 3622 3623 3619
o A2_BackRoom1_Window2_InteriorSill
usemtl ConcreteLight
f 3625 3626 3627 3628
f 3629 3632 3631 3630
f 3625 3629 3630 3626
f 3628 3627 3631 3632
f 3625 3628 3632 3629
f 3626 3630 3631 3627
o A2_BackRoom1_GreenPlinth
usemtl Green
f 3633 3634 3635 3636
f 3637 3640 3639 3638
f 3633 3637 3638 3634
f 3636 3635 3639 3640
f 3633 3636 3640 3637
f 3634 3638 3639 3635
o A2_BackRoom2_Bottom
usemtl WhiteBrick
f 3713 3714 3715 3716
f 3717 3720 3719 3718
f 3713 3717 3718 3714
f 3716 3715 3719 3720
f 3713 3716 3720 3717
f 3714 3718 3719 3715
o A2_BackRoom2_Top
usemtl WhiteBrick
f 3721 3722 3723 3724
f 3725 3728 3727 3726
f 3721 3725 3726 3722
f 3724 3723 3727 3728
f 3721 3724 3728 3725
f 3722 3726 3727 3723
o A2_BackRoom2_Pier0
usemtl WhiteBrick
f 3729 3730 3731 3732
f 3733 3736 3735 3734
f 3729 3733 3734 3730
f 3732 3731 3735 3736
f 3729 3732 3736 3733
f 3730 3734 3735 3731
o A2_BackRoom2_Pier1
usemtl WhiteBrick
f 3737 3738 3739 3740
f 3741 3744 3743 3742
f 3737 3741 3742 3738
f 3740 3739 3743 3744
f 3737 3740 3744 3741
f 3738 3742 3743 3739
o A2_BackRoom2_Pier2
usemtl WhiteBrick
f 3745 3746 3747 3748
f 3749 3752 3751 3750
f 3745 3749 3750 3746
f 3748 3747 3751 3752
f 3745 3748 3752 3749
f 3746 3750 3751 3747
o A2_BackRoom2_Window1_Glass
usemtl Glass
f 3753 3754 3755 3756
f 3757 3760 3759 3758
f 3753 3757 3758 3754
f 3756 3755 3759 3760
f 3753 3756 3760 3757
f 3754 3758 3759 3755
o A2_BackRoom2_Window1_Jamb-4.5
usemtl MetalDark
f 3761 3762 3763 3764
f 3765 3768 3767 3766
f 3761 3765 3766 3762
f 3764 3763 3767 3768
f 3761 3764 3768 3765
f 3762 3766 3767 3763
o A2_BackRoom2_Window1_Jamb4.5
usemtl MetalDark
f 3769 3770 3771 3772
f 3773 3776 3775 3774
f 3769 3773 3774 3770
f 3772 3771 3775 3776
f 3769 3772 3776 3773
f 3770 3774 3775 3771
o A2_BackRoom2_Window1_Head
usemtl MetalDark
f 3777 3778 3779 3780
f 3781 3784 3783 3782
f 3777 3781 3782 3778
f 3780 3779 3783 3784
f 3777 3780 3784 3781
f 3778 3782 3783 3779
o A2_BackRoom2_Window1_SillFrame
usemtl MetalDark
f 3785 3786 3787 3788
f 3789 3792 3791 3790
f 3785 3789 3790 3786
f 3788 3787 3791 3792
f 3785 3788 3792 3789
f 3786 3790 3791 3787
o A2_BackRoom2_Window1_Mullion
usemtl MetalDark
f 3793 3794 3795 3796
f 3797 3800 3799 3798
f 3793 3797 3798 3794
f 3796 3795 3799 3800
f 3793 3796 3800 3797
f 3794 3798 3799 3795
o A2_BackRoom2_Window1_Shade
usemtl ConcreteLight
f 3801 3802 3803 3804
f 3805 3808 3807 3806
f 3801 3805 3806 3802
f 3804 3803 3807 3808
f 3801 3804 3808 3805
f 3802 3806 3807 3803
o A2_BackRoom2_Window1_InteriorSill
usemtl ConcreteLight
f 3809 3810 3811 3812
f 3813 3816 3815 3814
f 3809 3813 3814 3810
f 3812 3811 3815 3816
f 3809 3812 3816 3813
f 3810 3814 3815 3811
o A2_BackRoom2_Window2_Glass
usemtl Glass
f 3817 3818 3819 3820
f 3821 3824 3823 3822
f 3817 3821 3822 3818
f 3820 3819 3823 3824
f 3817 3820 3824 3821
f 3818 3822 3823 3819
o A2_BackRoom2_Window2_Jamb-4.5
usemtl MetalDark
f 3825 3826 3827 3828
f 3829 3832 3831 3830
f 3825 3829 3830 3826
f 3828 3827 3831 3832
f 3825 3828 3832 3829
f 3826 3830 3831 3827
o A2_BackRoom2_Window2_Jamb4.5
usemtl MetalDark
f 3833 3834 3835 3836
f 3837 3840 3839 3838
f 3833 3837 3838 3834
f 3836 3835 3839 3840
f 3833 3836 3840 3837
f 3834 3838 3839 3835
o A2_BackRoom2_Window2_Head
usemtl MetalDark
f 3841 3842 3843 3844
f 3845 3848 3847 3846
f 3841 3845 3846 3842
f 3844 3843 3847 3848
f 3841 3844 3848 3845
f 3842 3846 3847 3843
o A2_BackRoom2_Window2_SillFrame
usemtl MetalDark
f 3849 3850 3851 3852
f 3853 3856 3855 3854
f 3849 3853 3854 3850
f 3852 3851 3855 3856
f 3849 3852 3856 3853
f 3850 3854 3855 3851
o A2_BackRoom2_Window2_Mullion
usemtl MetalDark
f 3857 3858 3859 3860
f 3861 3864 3863 3862
f 3857 3861 3862 3858
f 3860 3859 3863 3864
f 3857 3860 3864 3861
f 3858 3862 3863 3859
o A2_BackRoom2_Window2_Shade
usemtl ConcreteLight
f 3865 3866 3867 3868
f 3869 3872 3871 3870
f 3865 3869 3870 3866
f 3868 3867 3871 3872
f 3865 3868 3872 3869
f 3866 3870 3871 3867
o A2_BackRoom2_Window2_InteriorSill
usemtl ConcreteLight
f 3873 3874 3875 3876
f 3877 3880 3879 3878
f 3873 3877 3878 3874
f 3876 3875 3879 3880
f 3873 3876 3880 3877
f 3874 3878 3879 3875
o A2_BackRoom2_GreenPlinth
usemtl Green
f 3881 3882 3883 3884
f 3885 3888 3887 3886
f 3881 3885 3886 3882
f 3884 3883 3887 3888
f 3881 3884 3888 3885
f 3882 3886 3887 3883
o A2_BackRoom3_Bottom
usemtl WhiteBrick
f 3961 3962 3963 3964
f 3965 3968 3967 3966
f 3961 3965 3966 3962
f 3964 3963 3967 3968
f 3961 3964 3968 3965
f 3962 3966 3967 3963
o A2_BackRoom3_Top
usemtl WhiteBrick
f 3969 3970 3971 3972
f 3973 3976 3975 3974
f 3969 3973 3974 3970
f 3972 3971 3975 3976
f 3969 3972 3976 3973
f 3970 3974 3975 3971
o A2_BackRoom3_Pier0
usemtl WhiteBrick
f 3977 3978 3979 3980
f 3981 3984 3983 3982
f 3977 3981 3982 3978
f 3980 3979 3983 3984
f 3977 3980 3984 3981
f 3978 3982 3983 3979
o A2_BackRoom3_Pier1
usemtl WhiteBrick
f 3985 3986 3987 3988
f 3989 3992 3991 3990
f 3985 3989 3990 3986
f 3988 3987 3991 3992
f 3985 3988 3992 3989
f 3986 3990 3991 3987
o A2_BackRoom3_Pier2
usemtl WhiteBrick
f 3993 3994 3995 3996
f 3997 4000 3999 3998
f 3993 3997 3998 3994
f 3996 3995 3999 4000
f 3993 3996 4000 3997
f 3994 3998 3999 3995
o A2_BackRoom3_Window1_Glass
usemtl Glass
f 4001 4002 4003 4004
f 4005 4008 4007 4006
f 4001 4005 4006 4002
f 4004 4003 4007 4008
f 4001 4004 4008 4005
f 4002 4006 4007 4003
o A2_BackRoom3_Window1_Jamb-4.5
usemtl MetalDark
f 4009 4010 4011 4012
f 4013 4016 4015 4014
f 4009 4013 4014 4010
f 4012 4011 4015 4016
f 4009 4012 4016 4013
f 4010 4014 4015 4011
o A2_BackRoom3_Window1_Jamb4.5
usemtl MetalDark
f 4017 4018 4019 4020
f 4021 4024 4023 4022
f 4017 4021 4022 4018
f 4020 4019 4023 4024
f 4017 4020 4024 4021
f 4018 4022 4023 4019
o A2_BackRoom3_Window1_Head
usemtl MetalDark
f 4025 4026 4027 4028
f 4029 4032 4031 4030
f 4025 4029 4030 4026
f 4028 4027 4031 4032
f 4025 4028 4032 4029
f 4026 4030 4031 4027
o A2_BackRoom3_Window1_SillFrame
usemtl MetalDark
f 4033 4034 4035 4036
f 4037 4040 4039 4038
f 4033 4037 4038 4034
f 4036 4035 4039 4040
f 4033 4036 4040 4037
f 4034 4038 4039 4035
o A2_BackRoom3_Window1_Mullion
usemtl MetalDark
f 4041 4042 4043 4044
f 4045 4048 4047 4046
f 4041 4045 4046 4042
f 4044 4043 4047 4048
f 4041 4044 4048 4045
f 4042 4046 4047 4043
o A2_BackRoom3_Window1_Shade
usemtl ConcreteLight
f 4049 4050 4051 4052
f 4053 4056 4055 4054
f 4049 4053 4054 4050
f 4052 4051 4055 4056
f 4049 4052 4056 4053
f 4050 4054 4055 4051
o A2_BackRoom3_Window1_InteriorSill
usemtl ConcreteLight
f 4057 4058 4059 4060
f 4061 4064 4063 4062
f 4057 4061 4062 4058
f 4060 4059 4063 4064
f 4057 4060 4064 4061
f 4058 4062 4063 4059
o A2_BackRoom3_Window2_Glass
usemtl Glass
f 4065 4066 4067 4068
f 4069 4072 4071 4070
f 4065 4069 4070 4066
f 4068 4067 4071 4072
f 4065 4068 4072 4069
f 4066 4070 4071 4067
o A2_BackRoom3_Window2_Jamb-4.5
usemtl MetalDark
f 4073 4074 4075 4076
f 4077 4080 4079 4078
f 4073 4077 4078 4074
f 4076 4075 4079 4080
f 4073 4076 4080 4077
f 4074 4078 4079 4075
o A2_BackRoom3_Window2_Jamb4.5
usemtl MetalDark
f 4081 4082 4083 4084
f 4085 4088 4087 4086
f 4081 4085 4086 4082
f 4084 4083 4087 4088
f 4081 4084 4088 4085
f 4082 4086 4087 4083
o A2_BackRoom3_Window2_Head
usemtl MetalDark
f 4089 4090 4091 4092
f 4093 4096 4095 4094
f 4089 4093 4094 4090
f 4092 4091 4095 4096
f 4089 4092 4096 4093
f 4090 4094 4095 4091
o A2_BackRoom3_Window2_SillFrame
usemtl MetalDark
f 4097 4098 4099 4100
f 4101 4104 4103 4102
f 4097 4101 4102 4098
f 4100 4099 4103 4104
f 4097 4100 4104 4101
f 4098 4102 4103 4099
o A2_BackRoom3_Window2_Mullion
usemtl MetalDark
f 4105 4106 4107 4108
f 4109 4112 4111 4110
f 4105 4109 4110 4106
f 4108 4107 4111 4112
f 4105 4108 4112 4109
f 4106 4110 4111 4107
o A2_BackRoom3_Window2_Shade
usemtl ConcreteLight
f 4113 4114 4115 4116
f 4117 4120 4119 4118
f 4113 4117 4118 4114
f 4116 4115 4119 4120
f 4113 4116 4120 4117
f 4114 4118 4119 4115
o A2_BackRoom3_Window2_InteriorSill
usemtl ConcreteLight
f 4121 4122 4123 4124
f 4125 4128 4127 4126
f 4121 4125 4126 4122
f 4124 4123 4127 4128
f 4121 4124 4128 4125
f 4122 4126 4127 4123
o A2_BackRoom3_GreenPlinth
usemtl Green
f 4129 4130 4131 4132
f 4133 4136 4135 4134
f 4129 4133 4134 4130
f 4132 4131 4135 4136
f 4129 4132 4136 4133
f 4130 4134 4135 4131
o A2_BackRoom4_Bottom
usemtl WhiteBrick
f 4209 4210 4211 4212
f 4213 4216 4215 4214
f 4209 4213 4214 4210
f 4212 4211 4215 4216
f 4209 4212 4216 4213
f 4210 4214 4215 4211
o A2_BackRoom4_Top
usemtl WhiteBrick
f 4217 4218 4219 4220
f 4221 4224 4223 4222
f 4217 4221 4222 4218
f 4220 4219 4223 4224
f 4217 4220 4224 4221
f 4218 4222 4223 4219
o A2_BackRoom4_Pier0
usemtl WhiteBrick
f 4225 4226 4227 4228
f 4229 4232 4231 4230
f 4225 4229 4230 4226
f 4228 4227 4231 4232
f 4225 4228 4232 4229
f 4226 4230 4231 4227
o A2_BackRoom4_Pier1
usemtl WhiteBrick
f 4233 4234 4235 4236
f 4237 4240 4239 4238
f 4233 4237 4238 4234
f 4236 4235 4239 4240
f 4233 4236 4240 4237
f 4234 4238 4239 4235
o A2_BackRoom4_Pier2
usemtl WhiteBrick
f 4241 4242 4243 4244
f 4245 4248 4247 4246
f 4241 4245 4246 4242
f 4244 4243 4247 4248
f 4241 4244 4248 4245
f 4242 4246 4247 4243
o A2_BackRoom4_Window1_Glass
usemtl Glass
f 4249 4250 4251 4252
f 4253 4256 4255 4254
f 4249 4253 4254 4250
f 4252 4251 4255 4256
f 4249 4252 4256 4253
f 4250 4254 4255 4251
o A2_BackRoom4_Window1_Jamb-4.5
usemtl MetalDark
f 4257 4258 4259 4260
f 4261 4264 4263 4262
f 4257 4261 4262 4258
f 4260 4259 4263 4264
f 4257 4260 4264 4261
f 4258 4262 4263 4259
o A2_BackRoom4_Window1_Jamb4.5
usemtl MetalDark
f 4265 4266 4267 4268
f 4269 4272 4271 4270
f 4265 4269 4270 4266
f 4268 4267 4271 4272
f 4265 4268 4272 4269
f 4266 4270 4271 4267
o A2_BackRoom4_Window1_Head
usemtl MetalDark
f 4273 4274 4275 4276
f 4277 4280 4279 4278
f 4273 4277 4278 4274
f 4276 4275 4279 4280
f 4273 4276 4280 4277
f 4274 4278 4279 4275
o A2_BackRoom4_Window1_SillFrame
usemtl MetalDark
f 4281 4282 4283 4284
f 4285 4288 4287 4286
f 4281 4285 4286 4282
f 4284 4283 4287 4288
f 4281 4284 4288 4285
f 4282 4286 4287 4283
o A2_BackRoom4_Window1_Mullion
usemtl MetalDark
f 4289 4290 4291 4292
f 4293 4296 4295 4294
f 4289 4293 4294 4290
f 4292 4291 4295 4296
f 4289 4292 4296 4293
f 4290 4294 4295 4291
o A2_BackRoom4_Window1_Shade
usemtl ConcreteLight
f 4297 4298 4299 4300
f 4301 4304 4303 4302
f 4297 4301 4302 4298
f 4300 4299 4303 4304
f 4297 4300 4304 4301
f 4298 4302 4303 4299
o A2_BackRoom4_Window1_InteriorSill
usemtl ConcreteLight
f 4305 4306 4307 4308
f 4309 4312 4311 4310
f 4305 4309 4310 4306
f 4308 4307 4311 4312
f 4305 4308 4312 4309
f 4306 4310 4311 4307
o A2_BackRoom4_Window2_Glass
usemtl Glass
f 4313 4314 4315 4316
f 4317 4320 4319 4318
f 4313 4317 4318 4314
f 4316 4315 4319 4320
f 4313 4316 4320 4317
f 4314 4318 4319 4315
o A2_BackRoom4_Window2_Jamb-4.5
usemtl MetalDark
f 4321 4322 4323 4324
f 4325 4328 4327 4326
f 4321 4325 4326 4322
f 4324 4323 4327 4328
f 4321 4324 4328 4325
f 4322 4326 4327 4323
o A2_BackRoom4_Window2_Jamb4.5
usemtl MetalDark
f 4329 4330 4331 4332
f 4333 4336 4335 4334
f 4329 4333 4334 4330
f 4332 4331 4335 4336
f 4329 4332 4336 4333
f 4330 4334 4335 4331
o A2_BackRoom4_Window2_Head
usemtl MetalDark
f 4337 4338 4339 4340
f 4341 4344 4343 4342
f 4337 4341 4342 4338
f 4340 4339 4343 4344
f 4337 4340 4344 4341
f 4338 4342 4343 4339
o A2_BackRoom4_Window2_SillFrame
usemtl MetalDark
f 4345 4346 4347 4348
f 4349 4352 4351 4350
f 4345 4349 4350 4346
f 4348 4347 4351 4352
f 4345 4348 4352 4349
f 4346 4350 4351 4347
o A2_BackRoom4_Window2_Mullion
usemtl MetalDark
f 4353 4354 4355 4356
f 4357 4360 4359 4358
f 4353 4357 4358 4354
f 4356 4355 4359 4360
f 4353 4356 4360 4357
f 4354 4358 4359 4355
o A2_BackRoom4_Window2_Shade
usemtl ConcreteLight
f 4361 4362 4363 4364
f 4365 4368 4367 4366
f 4361 4365 4366 4362
f 4364 4363 4367 4368
f 4361 4364 4368 4365
f 4362 4366 4367 4363
o A2_BackRoom4_Window2_InteriorSill
usemtl ConcreteLight
f 4369 4370 4371 4372
f 4373 4376 4375 4374
f 4369 4373 4374 4370
f 4372 4371 4375 4376
f 4369 4372 4376 4373
f 4370 4374 4375 4371
o A2_BackRoom4_GreenPlinth
usemtl Green
f 4377 4378 4379 4380
f 4381 4384 4383 4382
f 4377 4381 4382 4378
f 4380 4379 4383 4384
f 4377 4380 4384 4381
f 4378 4382 4383 4379
o A2_FrontDivider_-54
usemtl WhiteBrick
f 4457 4458 4459 4460
f 4461 4464 4463 4462
f 4457 4461 4462 4458
f 4460 4459 4463 4464
f 4457 4460 4464 4461
f 4458 4462 4463 4459
o A2_FrontDivider_-16
usemtl WhiteBrick
f 4465 4466 4467 4468
f 4469 4472 4471 4470
f 4465 4469 4470 4466
f 4468 4467 4471 4472
f 4465 4468 4472 4469
f 4466 4470 4471 4467
o A2_FrontDivider_16
usemtl WhiteBrick
f 4473 4474 4475 4476
f 4477 4480 4479 4478
f 4473 4477 4478 4474
f 4476 4475 4479 4480
f 4473 4476 4480 4477
f 4474 4478 4479 4475
o A2_FrontDivider_54
usemtl WhiteBrick
f 4481 4482 4483 4484
f 4485 4488 4487 4486
f 4481 4485 4486 4482
f 4484 4483 4487 4488
f 4481 4484 4488 4485
f 4482 4486 4487 4483
o A2_BackDivider_-46
usemtl WhiteBrick
f 4489 4490 4491 4492
f 4493 4496 4495 4494
f 4489 4493 4494 4490
f 4492 4491 4495 4496
f 4489 4492 4496 4493
f 4490 4494 4495 4491
o A2_BackDivider_0
usemtl WhiteBrick
f 4497 4498 4499 4500
f 4501 4504 4503 4502
f 4497 4501 4502 4498
f 4500 4499 4503 4504
f 4497 4500 4504 4501
f 4498 4502 4503 4499
o A2_BackDivider_46
usemtl WhiteBrick
f 4505 4506 4507 4508
f 4509 4512 4511 4510
f 4505 4509 4510 4506
f 4508 4507 4511 4512
f 4505 4508 4512 4509
f 4506 4510 4511 4507
o A2_CorrSkirtFront
usemtl Green
f 4513 4514 4515 4516
f 4517 4520 4519 4518
f 4513 4517 4518 4514
f 4516 4515 4519 4520
f 4513 4516 4520 4517
f 4514 4518 4519 4515
o A2_CorrSkirtBack
usemtl Green
f 4521 4522 4523 4524
f 4525 4528 4527 4526
f 4521 4525 4526 4522
f 4524 4523 4527 4528
f 4521 4524 4528 4525
f 4522 4526 4527 4523
o A2_CorrCeiling
usemtl Ceiling
f 4529 4530 4531 4532
f 4533 4536 4535 4534
f 4529 4533 4534 4530
f 4532 4531 4535 4536
f 4529 4532 4536 4533
f 4530 4534 4535 4531
o A2_CorrLight_-78
usemtl LightPanel
f 4537 4538 4539 4540
f 4541 4544 4543 4542
f 4537 4541 4542 4538
f 4540 4539 4543 4544
f 4537 4540 4544 4541
f 4538 4542 4543 4539
o A2_CorrLight_-52
usemtl LightPanel
f 4545 4546 4547 4548
f 4549 4552 4551 4550
f 4545 4549 4550 4546
f 4548 4547 4551 4552
f 4545 4548 4552 4549
f 4546 4550 4551 4547
o A2_CorrLight_-26
usemtl LightPanel
f 4553 4554 4555 4556
f 4557 4560 4559 4558
f 4553 4557 4558 4554
f 4556 4555 4559 4560
f 4553 4556 4560 4557
f 4554 4558 4559 4555
o A2_CorrLight_0
usemtl LightPanel
f 4561 4562 4563 4564
f 4565 4568 4567 4566
f 4561 4565 4566 4562
f 4564 4563 4567 4568
f 4561 4564 4568 4565
f 4562 4566 4567 4563
o A2_CorrLight_26
usemtl LightPanel
f 4569 4570 4571 4572
f 4573 4576 4575 4574
f 4569 4573 4574 4570
f 4572 4571 4575 4576
f 4569 4572 4576 4573
f 4570 4574 4575 4571
o A2_CorrLight_52
usemtl LightPanel
f 4577 4578 4579 4580
f 4581 4584 4583 4582
f 4577 4581 4582 4578
f 4580 4579 4583 4584
f 4577 4580 4584 4581
f 4578 4582 4583 4579
o A2_CorrLight_78
usemtl LightPanel
f 4585 4586 4587 4588
f 4589 4592 4591 4590
f 4585 4589 4590 4586
f 4588 4587 4591 4592
f 4585 4588 4592 4589
f 4586 4590 4591 4587
o FrontPilaster_-92
usemtl ConcreteLight
f 4593 4594 4595 4596
f 4597 4600 4599 4598
f 4593 4597 4598 4594
f 4596 4595 4599 4600
f 4593 4596 4600 4597
f 4594 4598 4599 4595
o BackPilaster_-92
usemtl ConcreteLight
f 4601 4602 4603 4604
f 4605 4608 4607 4606
f 4601 4605 4606 4602
f 4604 4603 4607 4608
f 4601 4604 4608 4605
f 4602 4606 4607 4603
o FrontPilaster_-54
usemtl ConcreteLight
f 4609 4610 4611 4612
f 4613 4616 4615 4614
f 4609 4613 4614 4610
f 4612 4611 4615 4616
f 4609 4612 4616 4613
f 4610 4614 4615 4611
o BackPilaster_-54
usemtl ConcreteLight
f 4617 4618 4619 4620
f 4621 4624 4623 4622
f 4617 4621 4622 4618
f 4620 4619 4623 4624
f 4617 4620 4624 4621
f 4618 4622 4623 4619
o FrontPilaster_-16
usemtl ConcreteLight
f 4625 4626 4627 4628
f 4629 4632 4631 4630
f 4625 4629 4630 4626
f 4628 4627 4631 4632
f 4625 4628 4632 4629
f 4626 4630 4631 4627
o BackPilaster_-16
usemtl ConcreteLight
f 4633 4634 4635 4636
f 4637 4640 4639 4638
f 4633 4637 4638 4634
f 4636 4635 4639 4640
f 4633 4636 4640 4637
f 4634 4638 4639 4635
o FrontPilaster_16
usemtl ConcreteLight
f 4641 4642 4643 4644
f 4645 4648 4647 4646
f 4641 4645 4646 4642
f 4644 4643 4647 4648
f 4641 4644 4648 4645
f 4642 4646 4647 4643
o BackPilaster_16
usemtl ConcreteLight
f 4649 4650 4651 4652
f 4653 4656 4655 4654
f 4649 4653 4654 4650
f 4652 4651 4655 4656
f 4649 4652 4656 4653
f 4650 4654 4655 4651
o FrontPilaster_54
usemtl ConcreteLight
f 4657 4658 4659 4660
f 4661 4664 4663 4662
f 4657 4661 4662 4658
f 4660 4659 4663 4664
f 4657 4660 4664 4661
f 4658 4662 4663 4659
o BackPilaster_54
usemtl ConcreteLight
f 4665 4666 4667 4668
f 4669 4672 4671 4670
f 4665 4669 4670 4666
f 4668 4667 4671 4672
f 4665 4668 4672 4669
f 4666 4670 4671 4667
o FrontPilaster_92
usemtl ConcreteLight
f 4673 4674 4675 4676
f 4677 4680 4679 4678
f 4673 4677 4678 4674
f 4676 4675 4679 4680
f 4673 4676 4680 4677
f 4674 4678 4679 4675
o BackPilaster_92
usemtl ConcreteLight
f 4681 4682 4683 4684
f 4685 4688 4687 4686
f 4681 4685 4686 4682
f 4684 4683 4687 4688
f 4681 4684 4688 4685
f 4682 4686 4687 4683
o FrontFloorBand
usemtl ConcreteLight
f 4689 4690 4691 4692
f 4693 4696 4695 4694
f 4689 4693 4694 4690
f 4692 4691 4695 4696
f 4689 4692 4696 4693
f 4690 4694 4695 4691
o BackFloorBand
usemtl ConcreteLight
f 4697 4698 4699 4700
f 4701 4704 4703 4702
f 4697 4701 4702 4698
f 4700 4699 4703 4704
f 4697 4700 4704 4701
f 4698 4702 4703 4699
o FrontCornice
usemtl ConcreteLight
f 4705 4706 4707 4708
f 4709 4712 4711 4710
f 4705 4709 4710 4706
f 4708 4707 4711 4712
f 4705 4708 4712 4709
f 4706 4710 4711 4707
o BackCornice
usemtl ConcreteLight
f 4713 4714 4715 4716
f 4717 4720 4719 4718
f 4713 4717 4718 4714
f 4716 4715 4719 4720
f 4713 4716 4720 4717
f 4714 4718 4719 4715
o Entry_L
usemtl WhiteBrick
f 4721 4722 4723 4724
f 4725 4728 4727 4726
f 4721 4725 4726 4722
f 4724 4723 4727 4728
f 4721 4724 4728 4725
f 4722 4726 4727 4723
o Entry_R
usemtl WhiteBrick
f 4729 4730 4731 4732
f 4733 4736 4735 4734
f 4729 4733 4734 4730
f 4732 4731 4735 4736
f 4729 4732 4736 4733
f 4730 4734 4735 4731
o Entry_Header
usemtl WhiteBrick
f 4737 4738 4739 4740
f 4741 4744 4743 4742
f 4737 4741 4742 4738
f 4740 4739 4743 4744
f 4737 4740 4744 4741
f 4738 4742 4743 4739
o Entry_FrameL
usemtl MetalDark
f 4745 4746 4747 4748
f 4749 4752 4751 4750
f 4745 4749 4750 4746
f 4748 4747 4751 4752
f 4745 4748 4752 4749
f 4746 4750 4751 4747
o Entry_FrameR
usemtl MetalDark
f 4753 4754 4755 4756
f 4757 4760 4759 4758
f 4753 4757 4758 4754
f 4756 4755 4759 4760
f 4753 4756 4760 4757
f 4754 4758 4759 4755
o Entry_FrameT
usemtl MetalDark
f 4761 4762 4763 4764
f 4765 4768 4767 4766
f 4761 4765 4766 4762
f 4764 4763 4767 4768
f 4761 4764 4768 4765
f 4762 4766 4767 4763
o BalconyPortal_L
usemtl WhiteBrick
f 4769 4770 4771 4772
f 4773 4776 4775 4774
f 4769 4773 4774 4770
f 4772 4771 4775 4776
f 4769 4772 4776 4773
f 4770 4774 4775 4771
o BalconyPortal_R
usemtl WhiteBrick
f 4777 4778 4779 4780
f 4781 4784 4783 4782
f 4777 4781 4782 4778
f 4780 4779 4783 4784
f 4777 4780 4784 4781
f 4778 4782 4783 4779
o BalconyPortal_Header
usemtl WhiteBrick
f 4785 4786 4787 4788
f 4789 4792 4791 4790
f 4785 4789 4790 4786
f 4788 4787 4791 4792
f 4785 4788 4792 4789
f 4786 4790 4791 4787
o BalconyPortal_FrameL
usemtl MetalDark
f 4793 4794 4795 4796
f 4797 4800 4799 4798
f 4793 4797 4798 4794
f 4796 4795 4799 4800
f 4793 4796 4800 4797
f 4794 4798 4799 4795
o BalconyPortal_FrameR
usemtl MetalDark
f 4801 4802 4803 4804
f 4805 4808 4807 4806
f 4801 4805 4806 4802
f 4804 4803 4807 4808
f 4801 4804 4808 4805
f 4802 4806 4807 4803
o BalconyPortal_FrameT
usemtl MetalDark
f 4809 4810 4811 4812
f 4813 4816 4815 4814
f 4809 4813 4814 4810
f 4812 4811 4815 4816
f 4809 4812 4816 4813
f 4810 4814 4815 4811
o BalconyDoorLeaf
usemtl DoorGreen
f 4817 4818 4819 4820
f 4821 4824 4823 4822
f 4817 4821 4822 4818
f 4820 4819 4823 4824
f 4817 4820 4824 4821
f 4818 4822 4823 4819
o BalconyDoorGlass
usemtl Glass
f 4825 4826 4827 4828
f 4829 4832 4831 4830
f 4825 4829 4830 4826
f 4828 4827 4831 4832
f 4825 4828 4832 4829
f 4826 4830 4831 4827
o CoreWallL_A1
usemtl WhiteBrick
f 4833 4834 4835 4836
f 4837 4840 4839 4838
f 4833 4837 4838 4834
f 4836 4835 4839 4840
f 4833 4836 4840 4837
f 4834 4838 4839 4835
o CoreWallR_A1
usemtl WhiteBrick
f 4841 4842 4843 4844
f 4845 4848 4847 4846
f 4841 4845 4846 4842
f 4844 4843 4847 4848
f 4841 4844 4848 4845
f 4842 4846 4847 4843
o CoreCorrL_A1
usemtl WhiteBrick
f 4849 4850 4851 4852
f 4853 4856 4855 4854
f 4849 4853 4854 4850
f 4852 4851 4855 4856
f 4849 4852 4856 4853
f 4850 4854 4855 4851
o CoreCorrR_A1
usemtl WhiteBrick
f 4857 4858 4859 4860
f 4861 4864 4863 4862
f 4857 4861 4862 4858
f 4860 4859 4863 4864
f 4857 4860 4864 4861
f 4858 4862 4863 4859
o CoreCorrHead_A1
usemtl WhiteBrick
f 4865 4866 4867 4868
f 4869 4872 4871 4870
f 4865 4869 4870 4866
f 4868 4867 4871 4872
f 4865 4868 4872 4869
f 4866 4870 4871 4867
o CorePortalBeam_A1
usemtl ConcreteLight
f 4873 4874 4875 4876
f 4877 4880 4879 4878
f 4873 4877 4878 4874
f 4876 4875 4879 4880
f 4873 4876 4880 4877
f 4874 4878 4879 4875
o CoreWallL_A2
usemtl WhiteBrick
f 4881 4882 4883 4884
f 4885 4888 4887 4886
f 4881 4885 4886 4882
f 4884 4883 4887 4888
f 4881 4884 4888 4885
f 4882 4886 4887 4883
o CoreWallR_A2
usemtl WhiteBrick
f 4889 4890 4891 4892
f 4893 4896 4895 4894
f 4889 4893 4894 4890
f 4892 4891 4895 4896
f 4889 4892 4896 4893
f 4890 4894 4895 4891
o CoreCorrL_A2
usemtl WhiteBrick
f 4897 4898 4899 4900
f 4901 4904 4903 4902
f 4897 4901 4902 4898
f 4900 4899 4903 4904
f 4897 4900 4904 4901
f 4898 4902 4903 4899
o CoreCorrR_A2
usemtl WhiteBrick
f 4905 4906 4907 4908
f 4909 4912 4911 4910
f 4905 4909 4910 4906
f 4908 4907 4911 4912
f 4905 4908 4912 4909
f 4906 4910 4911 4907
o CoreCorrHead_A2
usemtl WhiteBrick
f 4913 4914 4915 4916
f 4917 4920 4919 4918
f 4913 4917 4918 4914
f 4916 4915 4919 4920
f 4913 4916 4920 4917
f 4914 4918 4919 4915
o CorePortalBeam_A2
usemtl ConcreteLight
f 4921 4922 4923 4924
f 4925 4928 4927 4926
f 4921 4925 4926 4922
f 4924 4923 4927 4928
f 4921 4924 4928 4925
f 4922 4926 4927 4923
o BalconySlab
usemtl Concrete
f 4929 4930 4931 4932
f 4933 4936 4935 4934
f 4929 4933 4934 4930
f 4932 4931 4935 4936
f 4929 4932 4936 4933
f 4930 4934 4935 4931
o BalconyFascia
usemtl ConcreteLight
f 4937 4938 4939 4940
f 4941 4944 4943 4942
f 4937 4941 4942 4938
f 4940 4939 4943 4944
f 4937 4940 4944 4941
f 4938 4942 4943 4939
o BalconyColumn-14
usemtl ConcreteLight
f 4945 4946 4947 4948
f 4949 4952 4951 4950
f 4945 4949 4950 4946
f 4948 4947 4951 4952
f 4945 4948 4952 4949
f 4946 4950 4951 4947
o BalconyColumnGreen-14
usemtl Green
f 4953 4954 4955 4956
f 4957 4960 4959 4958
f 4953 4957 4958 4954
f 4956 4955 4959 4960
f 4953 4956 4960 4957
f 4954 4958 4959 4955
o BalconyColumn14
usemtl ConcreteLight
f 4961 4962 4963 4964
f 4965 4968 4967 4966
f 4961 4965 4966 4962
f 4964 4963 4967 4968
f 4961 4964 4968 4965
f 4962 4966 4967 4963
o BalconyColumnGreen14
usemtl Green
f 4969 4970 4971 4972
f 4973 4976 4975 4974
f 4969 4973 4974 4970
f 4972 4971 4975 4976
f 4969 4972 4976 4973
f 4970 4974 4975 4971
o BalRailPost-17
usemtl MetalDark
f 4977 4978 4979 4980
f 4981 4984 4983 4982
f 4977 4981 4982 4978
f 4980 4979 4983 4984
f 4977 4980 4984 4981
f 4978 4982 4983 4979
o BalRailPost-14
usemtl MetalDark
f 4985 4986 4987 4988
f 4989 4992 4991 4990
f 4985 4989 4990 4986
f 4988 4987 4991 4992
f 4985 4988 4992 4989
f 4986 4990 4991 4987
o BalRailPost-11
usemtl MetalDark
f 4993 4994 4995 4996
f 4997 5000 4999 4998
f 4993 4997 4998 4994
f 4996 4995 4999 5000
f 4993 4996 5000 4997
f 4994 4998 4999 4995
o BalRailPost-8
usemtl MetalDark
f 5001 5002 5003 5004
f 5005 5008 5007 5006
f 5001 5005 5006 5002
f 5004 5003 5007 5008
f 5001 5004 5008 5005
f 5002 5006 5007 5003
o BalRailPost-5
usemtl MetalDark
f 5009 5010 5011 5012
f 5013 5016 5015 5014
f 5009 5013 5014 5010
f 5012 5011 5015 5016
f 5009 5012 5016 5013
f 5010 5014 5015 5011
o BalRailPost-2
usemtl MetalDark
f 5017 5018 5019 5020
f 5021 5024 5023 5022
f 5017 5021 5022 5018
f 5020 5019 5023 5024
f 5017 5020 5024 5021
f 5018 5022 5023 5019
o BalRailPost1
usemtl MetalDark
f 5025 5026 5027 5028
f 5029 5032 5031 5030
f 5025 5029 5030 5026
f 5028 5027 5031 5032
f 5025 5028 5032 5029
f 5026 5030 5031 5027
o BalRailPost4
usemtl MetalDark
f 5033 5034 5035 5036
f 5037 5040 5039 5038
f 5033 5037 5038 5034
f 5036 5035 5039 5040
f 5033 5036 5040 5037
f 5034 5038 5039 5035
o BalRailPost7
usemtl MetalDark
f 5041 5042 5043 5044
f 5045 5048 5047 5046
f 5041 5045 5046 5042
f 5044 5043 5047 5048
f 5041 5044 5048 5045
f 5042 5046 5047 5043
o BalRailPost10
usemtl MetalDark
f 5049 5050 5051 5052
f 5053 5056 5055 5054
f 5049 5053 5054 5050
f 5052 5051 5055 5056
f 5049 5052 5056 5053
f 5050 5054 5055 5051
o BalRailPost13
usemtl MetalDark
f 5057 5058 5059 5060
f 5061 5064 5063 5062
f 5057 5061 5062 5058
f 5060 5059 5063 5064
f 5057 5060 5064 5061
f 5058 5062 5063 5059
o BalRailPost16
usemtl MetalDark
f 5065 5066 5067 5068
f 5069 5072 5071 5070
f 5065 5069 5070 5066
f 5068 5067 5071 5072
f 5065 5068 5072 5069
f 5066 5070 5071 5067
o BalRailTop
usemtl MetalDark
f 5073 5074 5075 5076
f 5077 5080 5079 5078
f 5073 5077 5078 5074
f 5076 5075 5079 5080
f 5073 5076 5080 5077
f 5074 5078 5079 5075
o BalRailMid
usemtl MetalDark
f 5081 5082 5083 5084
f 5085 5088 5087 5086
f 5081 5085 5086 5082
f 5084 5083 5087 5088
f 5081 5084 5088 5085
f 5082 5086 5087 5083
o BalRailSideL-50
usemtl MetalDark
f 5089 5090 5091 5092
f 5093 5096 5095 5094
f 5089 5093 5094 5090
f 5092 5091 5095 5096
f 5089 5092 5096 5093
f 5090 5094 5095 5091
o BalRailSideR-50
usemtl MetalDark
f 5097 5098 5099 5100
f 5101 5104 5103 5102
f 5097 5101 5102 5098
f 5100 5099 5103 5104
f 5097 5100 5104 5101
f 5098 5102 5103 5099
o BalRailSideL-54
usemtl MetalDark
f 5105 5106 5107 5108
f 5109 5112 5111 5110
f 5105 5109 5110 5106
f 5108 5107 5111 5112
f 5105 5108 5112 5109
f 5106 5110 5111 5107
o BalRailSideR-54
usemtl MetalDark
f 5113 5114 5115 5116
f 5117 5120 5119 5118
f 5113 5117 5118 5114
f 5116 5115 5119 5120
f 5113 5116 5120 5117
f 5114 5118 5119 5115
o EntryStep1
usemtl ConcreteLight
f 5121 5122 5123 5124
f 5125 5128 5127 5126
f 5121 5125 5126 5122
f 5124 5123 5127 5128
f 5121 5124 5128 5125
f 5122 5126 5127 5123
o EntryStep2
usemtl ConcreteLight
f 5129 5130 5131 5132
f 5133 5136 5135 5134
f 5129 5133 5134 5130
f 5132 5131 5135 5136
f 5129 5132 5136 5133
f 5130 5134 5135 5131
o EntryStep3
usemtl ConcreteLight
f 5137 5138 5139 5140
f 5141 5144 5143 5142
f 5137 5141 5142 5138
f 5140 5139 5143 5144
f 5137 5140 5144 5141
f 5138 5142 5143 5139
o CentralSignPanel
usemtl Green
f 5145 5146 5147 5148
f 5149 5152 5151 5150
f 5145 5149 5150 5146
f 5148 5147 5151 5152
f 5145 5148 5152 5149
f 5146 5150 5151 5147
o CentralSignInset
usemtl ConcreteLight
f 5153 5154 5155 5156
f 5157 5160 5159 5158
f 5153 5157 5158 5154
f 5156 5155 5159 5160
f 5153 5156 5160 5157
f 5154 5158 5159 5155
o MainRoofFront
usemtl RoofTile
f 5673 5674 5675 5676
f 5677 5680 5679 5678
f 5673 5677 5678 5674
f 5676 5675 5679 5680
f 5673 5676 5680 5677
f 5674 5678 5679 5675
o MainRoofBack
usemtl RoofTile
f 5681 5682 5683 5684
f 5685 5688 5687 5686
f 5681 5685 5686 5682
f 5684 5683 5687 5688
f 5681 5684 5688 5685
f 5682 5686 5687 5683
o MainRidgeCap
usemtl RoofRidge
f 5701 5702 5703 5704
f 5705 5708 5707 5706
f 5701 5705 5706 5702
f 5704 5703 5707 5708
f 5701 5704 5708 5705
f 5702 5706 5707 5703
o FrontFascia
usemtl RoofDark
f 5709 5710 5711 5712
f 5713 5716 5715 5714
f 5709 5713 5714 5710
f 5712 5711 5715 5716
f 5709 5712 5716 5713
f 5710 5714 5715 5711
o BackFascia
usemtl RoofDark
f 5717 5718 5719 5720
f 5721 5724 5723 5722
f 5717 5721 5722 5718
f 5720 5719 5723 5724
f 5717 5720 5724 5721
f 5718 5722 5723 5719
o FrontGutter
usemtl MetalDark
f 5725 5726 5727 5728
f 5729 5732 5731 5730
f 5725 5729 5730 5726
f 5728 5727 5731 5732
f 5725 5728 5732 5729
f 5726 5730 5731 5727
o BackGutter
usemtl MetalDark
f 5733 5734 5735 5736
f 5737 5740 5739 5738
f 5733 5737 5738 5734
f 5736 5735 5739 5740
f 5733 5736 5740 5737
f 5734 5738 5739 5735
o TileRibFront_0
usemtl RoofRidge
f 5741 5742 5743 5744
f 5745 5748 5747 5746
f 5741 5745 5746 5742
f 5744 5743 5747 5748
f 5741 5744 5748 5745
f 5742 5746 5747 5743
o TileRibBack_0
usemtl RoofRidge
f 5749 5750 5751 5752
f 5753 5756 5755 5754
f 5749 5753 5754 5750
f 5752 5751 5755 5756
f 5749 5752 5756 5753
f 5750 5754 5755 5751
o TileRibFront_1
usemtl RoofRidge
f 5757 5758 5759 5760
f 5761 5764 5763 5762
f 5757 5761 5762 5758
f 5760 5759 5763 5764
f 5757 5760 5764 5761
f 5758 5762 5763 5759
o TileRibBack_1
usemtl RoofRidge
f 5765 5766 5767 5768
f 5769 5772 5771 5770
f 5765 5769 5770 5766
f 5768 5767 5771 5772
f 5765 5768 5772 5769
f 5766 5770 5771 5767
o TileRibFront_2
usemtl RoofRidge
f 5773 5774 5775 5776
f 5777 5780 5779 5778
f 5773 5777 5778 5774
f 5776 5775 5779 5780
f 5773 5776 5780 5777
f 5774 5778 5779 5775
o TileRibBack_2
usemtl RoofRidge
f 5781 5782 5783 5784
f 5785 5788 5787 5786
f 5781 5785 5786 5782
f 5784 5783 5787 5788
f 5781 5784 5788 5785
f 5782 5786 5787 5783
o TileRibFront_3
usemtl RoofRidge
f 5789 5790 5791 5792
f 5793 5796 5795 5794
f 5789 5793 5794 5790
f 5792 5791 5795 5796
f 5789 5792 5796 5793
f 5790 5794 5795 5791
o TileRibBack_3
usemtl RoofRidge
f 5797 5798 5799 5800
f 5801 5804 5803 5802
f 5797 5801 5802 5798
f 5800 5799 5803 5804
f 5797 5800 5804 5801
f 5798 5802 5803 5799
o TileRibFront_4
usemtl RoofRidge
f 5805 5806 5807 5808
f 5809 5812 5811 5810
f 5805 5809 5810 5806
f 5808 5807 5811 5812
f 5805 5808 5812 5809
f 5806 5810 5811 5807
o TileRibBack_4
usemtl RoofRidge
f 5813 5814 5815 5816
f 5817 5820 5819 5818
f 5813 5817 5818 5814
f 5816 5815 5819 5820
f 5813 5816 5820 5817
f 5814 5818 5819 5815
o TileRibFront_5
usemtl RoofRidge
f 5821 5822 5823 5824
f 5825 5828 5827 5826
f 5821 5825 5826 5822
f 5824 5823 5827 5828
f 5821 5824 5828 5825
f 5822 5826 5827 5823
o TileRibBack_5
usemtl RoofRidge
f 5829 5830 5831 5832
f 5833 5836 5835 5834
f 5829 5833 5834 5830
f 5832 5831 5835 5836
f 5829 5832 5836 5833
f 5830 5834 5835 5831
o TileRibFront_6
usemtl RoofRidge
f 5837 5838 5839 5840
f 5841 5844 5843 5842
f 5837 5841 5842 5838
f 5840 5839 5843 5844
f 5837 5840 5844 5841
f 5838 5842 5843 5839
o TileRibBack_6
usemtl RoofRidge
f 5845 5846 5847 5848
f 5849 5852 5851 5850
f 5845 5849 5850 5846
f 5848 5847 5851 5852
f 5845 5848 5852 5849
f 5846 5850 5851 5847
o TileRibFront_7
usemtl RoofRidge
f 5853 5854 5855 5856
f 5857 5860 5859 5858
f 5853 5857 5858 5854
f 5856 5855 5859 5860
f 5853 5856 5860 5857
f 5854 5858 5859 5855
o TileRibBack_7
usemtl RoofRidge
f 5861 5862 5863 5864
f 5865 5868 5867 5866
f 5861 5865 5866 5862
f 5864 5863 5867 5868
f 5861 5864 5868 5865
f 5862 5866 5867 5863
o TileRibFront_8
usemtl RoofRidge
f 5869 5870 5871 5872
f 5873 5876 5875 5874
f 5869 5873 5874 5870
f 5872 5871 5875 5876
f 5869 5872 5876 5873
f 5870 5874 5875 5871
o TileRibBack_8
usemtl RoofRidge
f 5877 5878 5879 5880
f 5881 5884 5883 5882
f 5877 5881 5882 5878
f 5880 5879 5883 5884
f 5877 5880 5884 5881
f 5878 5882 5883 5879
o TileRibFront_9
usemtl RoofRidge
f 5885 5886 5887 5888
f 5889 5892 5891 5890
f 5885 5889 5890 5886
f 5888 5887 5891 5892
f 5885 5888 5892 5889
f 5886 5890 5891 5887
o TileRibBack_9
usemtl RoofRidge
f 5893 5894 5895 5896
f 5897 5900 5899 5898
f 5893 5897 5898 5894
f 5896 5895 5899 5900
f 5893 5896 5900 5897
f 5894 5898 5899 5895
o TileRibFront_10
usemtl RoofRidge
f 5901 5902 5903 5904
f 5905 5908 5907 5906
f 5901 5905 5906 5902
f 5904 5903 5907 5908
f 5901 5904 5908 5905
f 5902 5906 5907 5903
o TileRibBack_10
usemtl RoofRidge
f 5909 5910 5911 5912
f 5913 5916 5915 5914
f 5909 5913 5914 5910
f 5912 5911 5915 5916
f 5909 5912 5916 5913
f 5910 5914 5915 5911
o TileRibFront_11
usemtl RoofRidge
f 5917 5918 5919 5920
f 5921 5924 5923 5922
f 5917 5921 5922 5918
f 5920 5919 5923 5924
f 5917 5920 5924 5921
f 5918 5922 5923 5919
o TileRibBack_11
usemtl RoofRidge
f 5925 5926 5927 5928
f 5929 5932 5931 5930
f 5925 5929 5930 5926
f 5928 5927 5931 5932
f 5925 5928 5932 5929
f 5926 5930 5931 5927
o TileRibFront_12
usemtl RoofRidge
f 5933 5934 5935 5936
f 5937 5940 5939 5938
f 5933 5937 5938 5934
f 5936 5935 5939 5940
f 5933 5936 5940 5937
f 5934 5938 5939 5935
o TileRibBack_12
usemtl RoofRidge
f 5941 5942 5943 5944
f 5945 5948 5947 5946
f 5941 5945 5946 5942
f 5944 5943 5947 5948
f 5941 5944 5948 5945
f 5942 5946 5947 5943
o TileRibFront_13
usemtl RoofRidge
f 5949 5950 5951 5952
f 5953 5956 5955 5954
f 5949 5953 5954 5950
f 5952 5951 5955 5956
f 5949 5952 5956 5953
f 5950 5954 5955 5951
o TileRibBack_13
usemtl RoofRidge
f 5957 5958 5959 5960
f 5961 5964 5963 5962
f 5957 5961 5962 5958
f 5960 5959 5963 5964
f 5957 5960 5964 5961
f 5958 5962 5963 5959
o TileRibFront_14
usemtl RoofRidge
f 5965 5966 5967 5968
f 5969 5972 5971 5970
f 5965 5969 5970 5966
f 5968 5967 5971 5972
f 5965 5968 5972 5969
f 5966 5970 5971 5967
o TileRibBack_14
usemtl RoofRidge
f 5973 5974 5975 5976
f 5977 5980 5979 5978
f 5973 5977 5978 5974
f 5976 5975 5979 5980
f 5973 5976 5980 5977
f 5974 5978 5979 5975
o TileRibFront_15
usemtl RoofRidge
f 5981 5982 5983 5984
f 5985 5988 5987 5986
f 5981 5985 5986 5982
f 5984 5983 5987 5988
f 5981 5984 5988 5985
f 5982 5986 5987 5983
o TileRibBack_15
usemtl RoofRidge
f 5989 5990 5991 5992
f 5993 5996 5995 5994
f 5989 5993 5994 5990
f 5992 5991 5995 5996
f 5989 5992 5996 5993
f 5990 5994 5995 5991
o TileRibFront_16
usemtl RoofRidge
f 5997 5998 5999 6000
f 6001 6004 6003 6002
f 5997 6001 6002 5998
f 6000 5999 6003 6004
f 5997 6000 6004 6001
f 5998 6002 6003 5999
o TileRibBack_16
usemtl RoofRidge
f 6005 6006 6007 6008
f 6009 6012 6011 6010
f 6005 6009 6010 6006
f 6008 6007 6011 6012
f 6005 6008 6012 6009
f 6006 6010 6011 6007
o TileRibFront_17
usemtl RoofRidge
f 6013 6014 6015 6016
f 6017 6020 6019 6018
f 6013 6017 6018 6014
f 6016 6015 6019 6020
f 6013 6016 6020 6017
f 6014 6018 6019 6015
o TileRibBack_17
usemtl RoofRidge
f 6021 6022 6023 6024
f 6025 6028 6027 6026
f 6021 6025 6026 6022
f 6024 6023 6027 6028
f 6021 6024 6028 6025
f 6022 6026 6027 6023
o TileRibFront_18
usemtl RoofRidge
f 6029 6030 6031 6032
f 6033 6036 6035 6034
f 6029 6033 6034 6030
f 6032 6031 6035 6036
f 6029 6032 6036 6033
f 6030 6034 6035 6031
o TileRibBack_18
usemtl RoofRidge
f 6037 6038 6039 6040
f 6041 6044 6043 6042
f 6037 6041 6042 6038
f 6040 6039 6043 6044
f 6037 6040 6044 6041
f 6038 6042 6043 6039
o TileRibFront_19
usemtl RoofRidge
f 6045 6046 6047 6048
f 6049 6052 6051 6050
f 6045 6049 6050 6046
f 6048 6047 6051 6052
f 6045 6048 6052 6049
f 6046 6050 6051 6047
o TileRibBack_19
usemtl RoofRidge
f 6053 6054 6055 6056
f 6057 6060 6059 6058
f 6053 6057 6058 6054
f 6056 6055 6059 6060
f 6053 6056 6060 6057
f 6054 6058 6059 6055
o DownspoutF-82
usemtl MetalDark
f 6061 6062 6063 6064
f 6065 6068 6067 6066
f 6061 6065 6066 6062
f 6064 6063 6067 6068
f 6061 6064 6068 6065
f 6062 6066 6067 6063
o DownspoutB-82
usemtl MetalDark
f 6069 6070 6071 6072
f 6073 6076 6075 6074
f 6069 6073 6074 6070
f 6072 6071 6075 6076
f 6069 6072 6076 6073
f 6070 6074 6075 6071
o DownspoutF-16
usemtl MetalDark
f 6077 6078 6079 6080
f 6081 6084 6083 6082
f 6077 6081 6082 6078
f 6080 6079 6083 6084
f 6077 6080 6084 6081
f 6078 6082 6083 6079
o DownspoutB-16
usemtl MetalDark
f 6085 6086 6087 6088
f 6089 6092 6091 6090
f 6085 6089 6090 6086
f 6088 6087 6091 6092
f 6085 6088 6092 6089
f 6086 6090 6091 6087
o DownspoutF16
usemtl MetalDark
f 6093 6094 6095 6096
f 6097 6100 6099 6098
f 6093 6097 6098 6094
f 6096 6095 6099 6100
f 6093 6096 6100 6097
f 6094 6098 6099 6095
o DownspoutB16
usemtl MetalDark
f 6101 6102 6103 6104
f 6105 6108 6107 6106
f 6101 6105 6106 6102
f 6104 6103 6107 6108
f 6101 6104 6108 6105
f 6102 6106 6107 6103
o DownspoutF82
usemtl MetalDark
f 6109 6110 6111 6112
f 6113 6116 6115 6114
f 6109 6113 6114 6110
f 6112 6111 6115 6116
f 6109 6112 6116 6113
f 6110 6114 6115 6111
o DownspoutB82
usemtl MetalDark
f 6117 6118 6119 6120
f 6121 6124 6123 6122
f 6117 6121 6122 6118
f 6120 6119 6123 6124
f 6117 6120 6124 6121
f 6118 6122 6123 6119
o CrossRoofLeft
usemtl RoofTile
f 6125 6126 6127 6128
f 6129 6132 6131 6130
f 6125 6129 6130 6126
f 6128 6127 6131 6132
f 6125 6128 6132 6129
f 6126 6130 6131 6127
o CrossRoofRight
usemtl RoofTile
f 6133 6134 6135 6136
f 6137 6140 6139 6138
f 6133 6137 6138 6134
f 6136 6135 6139 6140
f 6133 6136 6140 6137
f 6134 6138 6139 6135
o CrossGableFront
usemtl WhiteBrick
f 6141 6143 6142
f 6144 6145 6146
f 6141 6142 6145 6144
f 6142 6143 6146 6145
f 6143 6141 6144 6146
o CrossRidge
usemtl RoofRidge
f 6147 6148 6149 6150
f 6151 6154 6153 6152
f 6147 6151 6152 6148
f 6150 6149 6153 6154
f 6147 6150 6154 6151
f 6148 6152 6153 6149
o CentralFin-18.5
usemtl ConcreteLight
f 6155 6156 6157 6158
f 6159 6162 6161 6160
f 6155 6159 6160 6156
f 6158 6157 6161 6162
f 6155 6158 6162 6159
f 6156 6160 6161 6157
o CentralFin18.5
usemtl ConcreteLight
f 6163 6164 6165 6166
f 6167 6170 6169 6168
f 6163 6167 6168 6164
f 6166 6165 6169 6170
f 6163 6166 6170 6167
f 6164 6168 6169 6165
o Chair_F_0_0_Seat
usemtl Chair
f 6171 6172 6173 6174
f 6175 6178 6177 6176
f 6171 6175 6176 6172
f 6174 6173 6177 6178
f 6171 6174 6178 6175
f 6172 6176 6177 6173
o Chair_F_0_0_Back
usemtl Chair
f 6179 6180 6181 6182
f 6183 6186 6185 6184
f 6179 6183 6184 6180
f 6182 6181 6185 6186
f 6179 6182 6186 6183
f 6180 6184 6185 6181
o Chair_F_0_0_Leg
usemtl MetalDark
f 6187 6188 6189 6190
f 6191 6194 6193 6192
f 6187 6191 6192 6188
f 6190 6189 6193 6194
f 6187 6190 6194 6191
f 6188 6192 6193 6189
o Chair_F_0_0_Leg
usemtl MetalDark
f 6195 6196 6197 6198
f 6199 6202 6201 6200
f 6195 6199 6200 6196
f 6198 6197 6201 6202
f 6195 6198 6202 6199
f 6196 6200 6201 6197
o Chair_F_0_0_Leg
usemtl MetalDark
f 6203 6204 6205 6206
f 6207 6210 6209 6208
f 6203 6207 6208 6204
f 6206 6205 6209 6210
f 6203 6206 6210 6207
f 6204 6208 6209 6205
o Chair_F_0_0_Leg
usemtl MetalDark
f 6211 6212 6213 6214
f 6215 6218 6217 6216
f 6211 6215 6216 6212
f 6214 6213 6217 6218
f 6211 6214 6218 6215
f 6212 6216 6217 6213
o Chair_F_0_0_TabletSupport
usemtl MetalDark
f 6219 6220 6221 6222
f 6223 6226 6225 6224
f 6219 6223 6224 6220
f 6222 6221 6225 6226
f 6219 6222 6226 6223
f 6220 6224 6225 6221
o Chair_F_0_0_Tablet
usemtl Wood
f 6227 6228 6229 6230
f 6231 6234 6233 6232
f 6227 6231 6232 6228
f 6230 6229 6233 6234
f 6227 6230 6234 6231
f 6228 6232 6233 6229
o Chair_F_0_1_Seat
usemtl Chair
f 6235 6236 6237 6238
f 6239 6242 6241 6240
f 6235 6239 6240 6236
f 6238 6237 6241 6242
f 6235 6238 6242 6239
f 6236 6240 6241 6237
o Chair_F_0_1_Back
usemtl Chair
f 6243 6244 6245 6246
f 6247 6250 6249 6248
f 6243 6247 6248 6244
f 6246 6245 6249 6250
f 6243 6246 6250 6247
f 6244 6248 6249 6245
o Chair_F_0_1_Leg
usemtl MetalDark
f 6251 6252 6253 6254
f 6255 6258 6257 6256
f 6251 6255 6256 6252
f 6254 6253 6257 6258
f 6251 6254 6258 6255
f 6252 6256 6257 6253
o Chair_F_0_1_Leg
usemtl MetalDark
f 6259 6260 6261 6262
f 6263 6266 6265 6264
f 6259 6263 6264 6260
f 6262 6261 6265 6266
f 6259 6262 6266 6263
f 6260 6264 6265 6261
o Chair_F_0_1_Leg
usemtl MetalDark
f 6267 6268 6269 6270
f 6271 6274 6273 6272
f 6267 6271 6272 6268
f 6270 6269 6273 6274
f 6267 6270 6274 6271
f 6268 6272 6273 6269
o Chair_F_0_1_Leg
usemtl MetalDark
f 6275 6276 6277 6278
f 6279 6282 6281 6280
f 6275 6279 6280 6276
f 6278 6277 6281 6282
f 6275 6278 6282 6279
f 6276 6280 6281 6277
o Chair_F_0_1_TabletSupport
usemtl MetalDark
f 6283 6284 6285 6286
f 6287 6290 6289 6288
f 6283 6287 6288 6284
f 6286 6285 6289 6290
f 6283 6286 6290 6287
f 6284 6288 6289 6285
o Chair_F_0_1_Tablet
usemtl Wood
f 6291 6292 6293 6294
f 6295 6298 6297 6296
f 6291 6295 6296 6292
f 6294 6293 6297 6298
f 6291 6294 6298 6295
f 6292 6296 6297 6293
o Chair_F_0_2_Seat
usemtl Chair
f 6299 6300 6301 6302
f 6303 6306 6305 6304
f 6299 6303 6304 6300
f 6302 6301 6305 6306
f 6299 6302 6306 6303
f 6300 6304 6305 6301
o Chair_F_0_2_Back
usemtl Chair
f 6307 6308 6309 6310
f 6311 6314 6313 6312
f 6307 6311 6312 6308
f 6310 6309 6313 6314
f 6307 6310 6314 6311
f 6308 6312 6313 6309
o Chair_F_0_2_Leg
usemtl MetalDark
f 6315 6316 6317 6318
f 6319 6322 6321 6320
f 6315 6319 6320 6316
f 6318 6317 6321 6322
f 6315 6318 6322 6319
f 6316 6320 6321 6317
o Chair_F_0_2_Leg
usemtl MetalDark
f 6323 6324 6325 6326
f 6327 6330 6329 6328
f 6323 6327 6328 6324
f 6326 6325 6329 6330
f 6323 6326 6330 6327
f 6324 6328 6329 6325
o Chair_F_0_2_Leg
usemtl MetalDark
f 6331 6332 6333 6334
f 6335 6338 6337 6336
f 6331 6335 6336 6332
f 6334 6333 6337 6338
f 6331 6334 6338 6335
f 6332 6336 6337 6333
o Chair_F_0_2_Leg
usemtl MetalDark
f 6339 6340 6341 6342
f 6343 6346 6345 6344
f 6339 6343 6344 6340
f 6342 6341 6345 6346
f 6339 6342 6346 6343
f 6340 6344 6345 6341
o Chair_F_0_2_TabletSupport
usemtl MetalDark
f 6347 6348 6349 6350
f 6351 6354 6353 6352
f 6347 6351 6352 6348
f 6350 6349 6353 6354
f 6347 6350 6354 6351
f 6348 6352 6353 6349
o Chair_F_0_2_Tablet
usemtl Wood
f 6355 6356 6357 6358
f 6359 6362 6361 6360
f 6355 6359 6360 6356
f 6358 6357 6361 6362
f 6355 6358 6362 6359
f 6356 6360 6361 6357
o Chair_F_0_3_Seat
usemtl Chair
f 6363 6364 6365 6366
f 6367 6370 6369 6368
f 6363 6367 6368 6364
f 6366 6365 6369 6370
f 6363 6366 6370 6367
f 6364 6368 6369 6365
o Chair_F_0_3_Back
usemtl Chair
f 6371 6372 6373 6374
f 6375 6378 6377 6376
f 6371 6375 6376 6372
f 6374 6373 6377 6378
f 6371 6374 6378 6375
f 6372 6376 6377 6373
o Chair_F_0_3_Leg
usemtl MetalDark
f 6379 6380 6381 6382
f 6383 6386 6385 6384
f 6379 6383 6384 6380
f 6382 6381 6385 6386
f 6379 6382 6386 6383
f 6380 6384 6385 6381
o Chair_F_0_3_Leg
usemtl MetalDark
f 6387 6388 6389 6390
f 6391 6394 6393 6392
f 6387 6391 6392 6388
f 6390 6389 6393 6394
f 6387 6390 6394 6391
f 6388 6392 6393 6389
o Chair_F_0_3_Leg
usemtl MetalDark
f 6395 6396 6397 6398
f 6399 6402 6401 6400
f 6395 6399 6400 6396
f 6398 6397 6401 6402
f 6395 6398 6402 6399
f 6396 6400 6401 6397
o Chair_F_0_3_Leg
usemtl MetalDark
f 6403 6404 6405 6406
f 6407 6410 6409 6408
f 6403 6407 6408 6404
f 6406 6405 6409 6410
f 6403 6406 6410 6407
f 6404 6408 6409 6405
o Chair_F_0_3_TabletSupport
usemtl MetalDark
f 6411 6412 6413 6414
f 6415 6418 6417 6416
f 6411 6415 6416 6412
f 6414 6413 6417 6418
f 6411 6414 6418 6415
f 6412 6416 6417 6413
o Chair_F_0_3_Tablet
usemtl Wood
f 6419 6420 6421 6422
f 6423 6426 6425 6424
f 6419 6423 6424 6420
f 6422 6421 6425 6426
f 6419 6422 6426 6423
f 6420 6424 6425 6421
o Chair_B_0_0_Seat
usemtl Chair
f 6427 6428 6429 6430
f 6431 6434 6433 6432
f 6427 6431 6432 6428
f 6430 6429 6433 6434
f 6427 6430 6434 6431
f 6428 6432 6433 6429
o Chair_B_0_0_Back
usemtl Chair
f 6435 6436 6437 6438
f 6439 6442 6441 6440
f 6435 6439 6440 6436
f 6438 6437 6441 6442
f 6435 6438 6442 6439
f 6436 6440 6441 6437
o Chair_B_0_0_Leg
usemtl MetalDark
f 6443 6444 6445 6446
f 6447 6450 6449 6448
f 6443 6447 6448 6444
f 6446 6445 6449 6450
f 6443 6446 6450 6447
f 6444 6448 6449 6445
o Chair_B_0_0_Leg
usemtl MetalDark
f 6451 6452 6453 6454
f 6455 6458 6457 6456
f 6451 6455 6456 6452
f 6454 6453 6457 6458
f 6451 6454 6458 6455
f 6452 6456 6457 6453
o Chair_B_0_0_Leg
usemtl MetalDark
f 6459 6460 6461 6462
f 6463 6466 6465 6464
f 6459 6463 6464 6460
f 6462 6461 6465 6466
f 6459 6462 6466 6463
f 6460 6464 6465 6461
o Chair_B_0_0_Leg
usemtl MetalDark
f 6467 6468 6469 6470
f 6471 6474 6473 6472
f 6467 6471 6472 6468
f 6470 6469 6473 6474
f 6467 6470 6474 6471
f 6468 6472 6473 6469
o Chair_B_0_0_TabletSupport
usemtl MetalDark
f 6475 6476 6477 6478
f 6479 6482 6481 6480
f 6475 6479 6480 6476
f 6478 6477 6481 6482
f 6475 6478 6482 6479
f 6476 6480 6481 6477
o Chair_B_0_0_Tablet
usemtl Wood
f 6483 6484 6485 6486
f 6487 6490 6489 6488
f 6483 6487 6488 6484
f 6486 6485 6489 6490
f 6483 6486 6490 6487
f 6484 6488 6489 6485
o Chair_B_0_1_Seat
usemtl Chair
f 6491 6492 6493 6494
f 6495 6498 6497 6496
f 6491 6495 6496 6492
f 6494 6493 6497 6498
f 6491 6494 6498 6495
f 6492 6496 6497 6493
o Chair_B_0_1_Back
usemtl Chair
f 6499 6500 6501 6502
f 6503 6506 6505 6504
f 6499 6503 6504 6500
f 6502 6501 6505 6506
f 6499 6502 6506 6503
f 6500 6504 6505 6501
o Chair_B_0_1_Leg
usemtl MetalDark
f 6507 6508 6509 6510
f 6511 6514 6513 6512
f 6507 6511 6512 6508
f 6510 6509 6513 6514
f 6507 6510 6514 6511
f 6508 6512 6513 6509
o Chair_B_0_1_Leg
usemtl MetalDark
f 6515 6516 6517 6518
f 6519 6522 6521 6520
f 6515 6519 6520 6516
f 6518 6517 6521 6522
f 6515 6518 6522 6519
f 6516 6520 6521 6517
o Chair_B_0_1_Leg
usemtl MetalDark
f 6523 6524 6525 6526
f 6527 6530 6529 6528
f 6523 6527 6528 6524
f 6526 6525 6529 6530
f 6523 6526 6530 6527
f 6524 6528 6529 6525
o Chair_B_0_1_Leg
usemtl MetalDark
f 6531 6532 6533 6534
f 6535 6538 6537 6536
f 6531 6535 6536 6532
f 6534 6533 6537 6538
f 6531 6534 6538 6535
f 6532 6536 6537 6533
o Chair_B_0_1_TabletSupport
usemtl MetalDark
f 6539 6540 6541 6542
f 6543 6546 6545 6544
f 6539 6543 6544 6540
f 6542 6541 6545 6546
f 6539 6542 6546 6543
f 6540 6544 6545 6541
o Chair_B_0_1_Tablet
usemtl Wood
f 6547 6548 6549 6550
f 6551 6554 6553 6552
f 6547 6551 6552 6548
f 6550 6549 6553 6554
f 6547 6550 6554 6551
f 6548 6552 6553 6549
o Chair_B_0_2_Seat
usemtl Chair
f 6555 6556 6557 6558
f 6559 6562 6561 6560
f 6555 6559 6560 6556
f 6558 6557 6561 6562
f 6555 6558 6562 6559
f 6556 6560 6561 6557
o Chair_B_0_2_Back
usemtl Chair
f 6563 6564 6565 6566
f 6567 6570 6569 6568
f 6563 6567 6568 6564
f 6566 6565 6569 6570
f 6563 6566 6570 6567
f 6564 6568 6569 6565
o Chair_B_0_2_Leg
usemtl MetalDark
f 6571 6572 6573 6574
f 6575 6578 6577 6576
f 6571 6575 6576 6572
f 6574 6573 6577 6578
f 6571 6574 6578 6575
f 6572 6576 6577 6573
o Chair_B_0_2_Leg
usemtl MetalDark
f 6579 6580 6581 6582
f 6583 6586 6585 6584
f 6579 6583 6584 6580
f 6582 6581 6585 6586
f 6579 6582 6586 6583
f 6580 6584 6585 6581
o Chair_B_0_2_Leg
usemtl MetalDark
f 6587 6588 6589 6590
f 6591 6594 6593 6592
f 6587 6591 6592 6588
f 6590 6589 6593 6594
f 6587 6590 6594 6591
f 6588 6592 6593 6589
o Chair_B_0_2_Leg
usemtl MetalDark
f 6595 6596 6597 6598
f 6599 6602 6601 6600
f 6595 6599 6600 6596
f 6598 6597 6601 6602
f 6595 6598 6602 6599
f 6596 6600 6601 6597
o Chair_B_0_2_TabletSupport
usemtl MetalDark
f 6603 6604 6605 6606
f 6607 6610 6609 6608
f 6603 6607 6608 6604
f 6606 6605 6609 6610
f 6603 6606 6610 6607
f 6604 6608 6609 6605
o Chair_B_0_2_Tablet
usemtl Wood
f 6611 6612 6613 6614
f 6615 6618 6617 6616
f 6611 6615 6616 6612
f 6614 6613 6617 6618
f 6611 6614 6618 6615
f 6612 6616 6617 6613
o Chair_B_0_3_Seat
usemtl Chair
f 6619 6620 6621 6622
f 6623 6626 6625 6624
f 6619 6623 6624 6620
f 6622 6621 6625 6626
f 6619 6622 6626 6623
f 6620 6624 6625 6621
o Chair_B_0_3_Back
usemtl Chair
f 6627 6628 6629 6630
f 6631 6634 6633 6632
f 6627 6631 6632 6628
f 6630 6629 6633 6634
f 6627 6630 6634 6631
f 6628 6632 6633 6629
o Chair_B_0_3_Leg
usemtl MetalDark
f 6635 6636 6637 6638
f 6639 6642 6641 6640
f 6635 6639 6640 6636
f 6638 6637 6641 6642
f 6635 6638 6642 6639
f 6636 6640 6641 6637
o Chair_B_0_3_Leg
usemtl MetalDark
f 6643 6644 6645 6646
f 6647 6650 6649 6648
f 6643 6647 6648 6644
f 6646 6645 6649 6650
f 6643 6646 6650 6647
f 6644 6648 6649 6645
o Chair_B_0_3_Leg
usemtl MetalDark
f 6651 6652 6653 6654
f 6655 6658 6657 6656
f 6651 6655 6656 6652
f 6654 6653 6657 6658
f 6651 6654 6658 6655
f 6652 6656 6657 6653
o Chair_B_0_3_Leg
usemtl MetalDark
f 6659 6660 6661 6662
f 6663 6666 6665 6664
f 6659 6663 6664 6660
f 6662 6661 6665 6666
f 6659 6662 6666 6663
f 6660 6664 6665 6661
o Chair_B_0_3_TabletSupport
usemtl MetalDark
f 6667 6668 6669 6670
f 6671 6674 6673 6672
f 6667 6671 6672 6668
f 6670 6669 6673 6674
f 6667 6670 6674 6671
f 6668 6672 6673 6669
o Chair_B_0_3_Tablet
usemtl Wood
f 6675 6676 6677 6678
f 6679 6682 6681 6680
f 6675 6679 6680 6676
f 6678 6677 6681 6682
f 6675 6678 6682 6679
f 6676 6680 6681 6677
o Chair_F_1_0_Seat
usemtl Chair
f 6683 6684 6685 6686
f 6687 6690 6689 6688
f 6683 6687 6688 6684
f 6686 6685 6689 6690
f 6683 6686 6690 6687
f 6684 6688 6689 6685
o Chair_F_1_0_Back
usemtl Chair
f 6691 6692 6693 6694
f 6695 6698 6697 6696
f 6691 6695 6696 6692
f 6694 6693 6697 6698
f 6691 6694 6698 6695
f 6692 6696 6697 6693
o Chair_F_1_0_Leg
usemtl MetalDark
f 6699 6700 6701 6702
f 6703 6706 6705 6704
f 6699 6703 6704 6700
f 6702 6701 6705 6706
f 6699 6702 6706 6703
f 6700 6704 6705 6701
o Chair_F_1_0_Leg
usemtl MetalDark
f 6707 6708 6709 6710
f 6711 6714 6713 6712
f 6707 6711 6712 6708
f 6710 6709 6713 6714
f 6707 6710 6714 6711
f 6708 6712 6713 6709
o Chair_F_1_0_Leg
usemtl MetalDark
f 6715 6716 6717 6718
f 6719 6722 6721 6720
f 6715 6719 6720 6716
f 6718 6717 6721 6722
f 6715 6718 6722 6719
f 6716 6720 6721 6717
o Chair_F_1_0_Leg
usemtl MetalDark
f 6723 6724 6725 6726
f 6727 6730 6729 6728
f 6723 6727 6728 6724
f 6726 6725 6729 6730
f 6723 6726 6730 6727
f 6724 6728 6729 6725
o Chair_F_1_0_TabletSupport
usemtl MetalDark
f 6731 6732 6733 6734
f 6735 6738 6737 6736
f 6731 6735 6736 6732
f 6734 6733 6737 6738
f 6731 6734 6738 6735
f 6732 6736 6737 6733
o Chair_F_1_0_Tablet
usemtl Wood
f 6739 6740 6741 6742
f 6743 6746 6745 6744
f 6739 6743 6744 6740
f 6742 6741 6745 6746
f 6739 6742 6746 6743
f 6740 6744 6745 6741
o Chair_F_1_1_Seat
usemtl Chair
f 6747 6748 6749 6750
f 6751 6754 6753 6752
f 6747 6751 6752 6748
f 6750 6749 6753 6754
f 6747 6750 6754 6751
f 6748 6752 6753 6749
o Chair_F_1_1_Back
usemtl Chair
f 6755 6756 6757 6758
f 6759 6762 6761 6760
f 6755 6759 6760 6756
f 6758 6757 6761 6762
f 6755 6758 6762 6759
f 6756 6760 6761 6757
o Chair_F_1_1_Leg
usemtl MetalDark
f 6763 6764 6765 6766
f 6767 6770 6769 6768
f 6763 6767 6768 6764
f 6766 6765 6769 6770
f 6763 6766 6770 6767
f 6764 6768 6769 6765
o Chair_F_1_1_Leg
usemtl MetalDark
f 6771 6772 6773 6774
f 6775 6778 6777 6776
f 6771 6775 6776 6772
f 6774 6773 6777 6778
f 6771 6774 6778 6775
f 6772 6776 6777 6773
o Chair_F_1_1_Leg
usemtl MetalDark
f 6779 6780 6781 6782
f 6783 6786 6785 6784
f 6779 6783 6784 6780
f 6782 6781 6785 6786
f 6779 6782 6786 6783
f 6780 6784 6785 6781
o Chair_F_1_1_Leg
usemtl MetalDark
f 6787 6788 6789 6790
f 6791 6794 6793 6792
f 6787 6791 6792 6788
f 6790 6789 6793 6794
f 6787 6790 6794 6791
f 6788 6792 6793 6789
o Chair_F_1_1_TabletSupport
usemtl MetalDark
f 6795 6796 6797 6798
f 6799 6802 6801 6800
f 6795 6799 6800 6796
f 6798 6797 6801 6802
f 6795 6798 6802 6799
f 6796 6800 6801 6797
o Chair_F_1_1_Tablet
usemtl Wood
f 6803 6804 6805 6806
f 6807 6810 6809 6808
f 6803 6807 6808 6804
f 6806 6805 6809 6810
f 6803 6806 6810 6807
f 6804 6808 6809 6805
o Chair_F_1_2_Seat
usemtl Chair
f 6811 6812 6813 6814
f 6815 6818 6817 6816
f 6811 6815 6816 6812
f 6814 6813 6817 6818
f 6811 6814 6818 6815
f 6812 6816 6817 6813
o Chair_F_1_2_Back
usemtl Chair
f 6819 6820 6821 6822
f 6823 6826 6825 6824
f 6819 6823 6824 6820
f 6822 6821 6825 6826
f 6819 6822 6826 6823
f 6820 6824 6825 6821
o Chair_F_1_2_Leg
usemtl MetalDark
f 6827 6828 6829 6830
f 6831 6834 6833 6832
f 6827 6831 6832 6828
f 6830 6829 6833 6834
f 6827 6830 6834 6831
f 6828 6832 6833 6829
o Chair_F_1_2_Leg
usemtl MetalDark
f 6835 6836 6837 6838
f 6839 6842 6841 6840
f 6835 6839 6840 6836
f 6838 6837 6841 6842
f 6835 6838 6842 6839
f 6836 6840 6841 6837
o Chair_F_1_2_Leg
usemtl MetalDark
f 6843 6844 6845 6846
f 6847 6850 6849 6848
f 6843 6847 6848 6844
f 6846 6845 6849 6850
f 6843 6846 6850 6847
f 6844 6848 6849 6845
o Chair_F_1_2_Leg
usemtl MetalDark
f 6851 6852 6853 6854
f 6855 6858 6857 6856
f 6851 6855 6856 6852
f 6854 6853 6857 6858
f 6851 6854 6858 6855
f 6852 6856 6857 6853
o Chair_F_1_2_TabletSupport
usemtl MetalDark
f 6859 6860 6861 6862
f 6863 6866 6865 6864
f 6859 6863 6864 6860
f 6862 6861 6865 6866
f 6859 6862 6866 6863
f 6860 6864 6865 6861
o Chair_F_1_2_Tablet
usemtl Wood
f 6867 6868 6869 6870
f 6871 6874 6873 6872
f 6867 6871 6872 6868
f 6870 6869 6873 6874
f 6867 6870 6874 6871
f 6868 6872 6873 6869
o Chair_F_1_3_Seat
usemtl Chair
f 6875 6876 6877 6878
f 6879 6882 6881 6880
f 6875 6879 6880 6876
f 6878 6877 6881 6882
f 6875 6878 6882 6879
f 6876 6880 6881 6877
o Chair_F_1_3_Back
usemtl Chair
f 6883 6884 6885 6886
f 6887 6890 6889 6888
f 6883 6887 6888 6884
f 6886 6885 6889 6890
f 6883 6886 6890 6887
f 6884 6888 6889 6885
o Chair_F_1_3_Leg
usemtl MetalDark
f 6891 6892 6893 6894
f 6895 6898 6897 6896
f 6891 6895 6896 6892
f 6894 6893 6897 6898
f 6891 6894 6898 6895
f 6892 6896 6897 6893
o Chair_F_1_3_Leg
usemtl MetalDark
f 6899 6900 6901 6902
f 6903 6906 6905 6904
f 6899 6903 6904 6900
f 6902 6901 6905 6906
f 6899 6902 6906 6903
f 6900 6904 6905 6901
o Chair_F_1_3_Leg
usemtl MetalDark
f 6907 6908 6909 6910
f 6911 6914 6913 6912
f 6907 6911 6912 6908
f 6910 6909 6913 6914
f 6907 6910 6914 6911
f 6908 6912 6913 6909
o Chair_F_1_3_Leg
usemtl MetalDark
f 6915 6916 6917 6918
f 6919 6922 6921 6920
f 6915 6919 6920 6916
f 6918 6917 6921 6922
f 6915 6918 6922 6919
f 6916 6920 6921 6917
o Chair_F_1_3_TabletSupport
usemtl MetalDark
f 6923 6924 6925 6926
f 6927 6930 6929 6928
f 6923 6927 6928 6924
f 6926 6925 6929 6930
f 6923 6926 6930 6927
f 6924 6928 6929 6925
o Chair_F_1_3_Tablet
usemtl Wood
f 6931 6932 6933 6934
f 6935 6938 6937 6936
f 6931 6935 6936 6932
f 6934 6933 6937 6938
f 6931 6934 6938 6935
f 6932 6936 6937 6933
o Chair_B_1_0_Seat
usemtl Chair
f 6939 6940 6941 6942
f 6943 6946 6945 6944
f 6939 6943 6944 6940
f 6942 6941 6945 6946
f 6939 6942 6946 6943
f 6940 6944 6945 6941
o Chair_B_1_0_Back
usemtl Chair
f 6947 6948 6949 6950
f 6951 6954 6953 6952
f 6947 6951 6952 6948
f 6950 6949 6953 6954
f 6947 6950 6954 6951
f 6948 6952 6953 6949
o Chair_B_1_0_Leg
usemtl MetalDark
f 6955 6956 6957 6958
f 6959 6962 6961 6960
f 6955 6959 6960 6956
f 6958 6957 6961 6962
f 6955 6958 6962 6959
f 6956 6960 6961 6957
o Chair_B_1_0_Leg
usemtl MetalDark
f 6963 6964 6965 6966
f 6967 6970 6969 6968
f 6963 6967 6968 6964
f 6966 6965 6969 6970
f 6963 6966 6970 6967
f 6964 6968 6969 6965
o Chair_B_1_0_Leg
usemtl MetalDark
f 6971 6972 6973 6974
f 6975 6978 6977 6976
f 6971 6975 6976 6972
f 6974 6973 6977 6978
f 6971 6974 6978 6975
f 6972 6976 6977 6973
o Chair_B_1_0_Leg
usemtl MetalDark
f 6979 6980 6981 6982
f 6983 6986 6985 6984
f 6979 6983 6984 6980
f 6982 6981 6985 6986
f 6979 6982 6986 6983
f 6980 6984 6985 6981
o Chair_B_1_0_TabletSupport
usemtl MetalDark
f 6987 6988 6989 6990
f 6991 6994 6993 6992
f 6987 6991 6992 6988
f 6990 6989 6993 6994
f 6987 6990 6994 6991
f 6988 6992 6993 6989
o Chair_B_1_0_Tablet
usemtl Wood
f 6995 6996 6997 6998
f 6999 7002 7001 7000
f 6995 6999 7000 6996
f 6998 6997 7001 7002
f 6995 6998 7002 6999
f 6996 7000 7001 6997
o Chair_B_1_1_Seat
usemtl Chair
f 7003 7004 7005 7006
f 7007 7010 7009 7008
f 7003 7007 7008 7004
f 7006 7005 7009 7010
f 7003 7006 7010 7007
f 7004 7008 7009 7005
o Chair_B_1_1_Back
usemtl Chair
f 7011 7012 7013 7014
f 7015 7018 7017 7016
f 7011 7015 7016 7012
f 7014 7013 7017 7018
f 7011 7014 7018 7015
f 7012 7016 7017 7013
o Chair_B_1_1_Leg
usemtl MetalDark
f 7019 7020 7021 7022
f 7023 7026 7025 7024
f 7019 7023 7024 7020
f 7022 7021 7025 7026
f 7019 7022 7026 7023
f 7020 7024 7025 7021
o Chair_B_1_1_Leg
usemtl MetalDark
f 7027 7028 7029 7030
f 7031 7034 7033 7032
f 7027 7031 7032 7028
f 7030 7029 7033 7034
f 7027 7030 7034 7031
f 7028 7032 7033 7029
o Chair_B_1_1_Leg
usemtl MetalDark
f 7035 7036 7037 7038
f 7039 7042 7041 7040
f 7035 7039 7040 7036
f 7038 7037 7041 7042
f 7035 7038 7042 7039
f 7036 7040 7041 7037
o Chair_B_1_1_Leg
usemtl MetalDark
f 7043 7044 7045 7046
f 7047 7050 7049 7048
f 7043 7047 7048 7044
f 7046 7045 7049 7050
f 7043 7046 7050 7047
f 7044 7048 7049 7045
o Chair_B_1_1_TabletSupport
usemtl MetalDark
f 7051 7052 7053 7054
f 7055 7058 7057 7056
f 7051 7055 7056 7052
f 7054 7053 7057 7058
f 7051 7054 7058 7055
f 7052 7056 7057 7053
o Chair_B_1_1_Tablet
usemtl Wood
f 7059 7060 7061 7062
f 7063 7066 7065 7064
f 7059 7063 7064 7060
f 7062 7061 7065 7066
f 7059 7062 7066 7063
f 7060 7064 7065 7061
o Chair_B_1_2_Seat
usemtl Chair
f 7067 7068 7069 7070
f 7071 7074 7073 7072
f 7067 7071 7072 7068
f 7070 7069 7073 7074
f 7067 7070 7074 7071
f 7068 7072 7073 7069
o Chair_B_1_2_Back
usemtl Chair
f 7075 7076 7077 7078
f 7079 7082 7081 7080
f 7075 7079 7080 7076
f 7078 7077 7081 7082
f 7075 7078 7082 7079
f 7076 7080 7081 7077
o Chair_B_1_2_Leg
usemtl MetalDark
f 7083 7084 7085 7086
f 7087 7090 7089 7088
f 7083 7087 7088 7084
f 7086 7085 7089 7090
f 7083 7086 7090 7087
f 7084 7088 7089 7085
o Chair_B_1_2_Leg
usemtl MetalDark
f 7091 7092 7093 7094
f 7095 7098 7097 7096
f 7091 7095 7096 7092
f 7094 7093 7097 7098
f 7091 7094 7098 7095
f 7092 7096 7097 7093
o Chair_B_1_2_Leg
usemtl MetalDark
f 7099 7100 7101 7102
f 7103 7106 7105 7104
f 7099 7103 7104 7100
f 7102 7101 7105 7106
f 7099 7102 7106 7103
f 7100 7104 7105 7101
o Chair_B_1_2_Leg
usemtl MetalDark
f 7107 7108 7109 7110
f 7111 7114 7113 7112
f 7107 7111 7112 7108
f 7110 7109 7113 7114
f 7107 7110 7114 7111
f 7108 7112 7113 7109
o Chair_B_1_2_TabletSupport
usemtl MetalDark
f 7115 7116 7117 7118
f 7119 7122 7121 7120
f 7115 7119 7120 7116
f 7118 7117 7121 7122
f 7115 7118 7122 7119
f 7116 7120 7121 7117
o Chair_B_1_2_Tablet
usemtl Wood
f 7123 7124 7125 7126
f 7127 7130 7129 7128
f 7123 7127 7128 7124
f 7126 7125 7129 7130
f 7123 7126 7130 7127
f 7124 7128 7129 7125
o Chair_B_1_3_Seat
usemtl Chair
f 7131 7132 7133 7134
f 7135 7138 7137 7136
f 7131 7135 7136 7132
f 7134 7133 7137 7138
f 7131 7134 7138 7135
f 7132 7136 7137 7133
o Chair_B_1_3_Back
usemtl Chair
f 7139 7140 7141 7142
f 7143 7146 7145 7144
f 7139 7143 7144 7140
f 7142 7141 7145 7146
f 7139 7142 7146 7143
f 7140 7144 7145 7141
o Chair_B_1_3_Leg
usemtl MetalDark
f 7147 7148 7149 7150
f 7151 7154 7153 7152
f 7147 7151 7152 7148
f 7150 7149 7153 7154
f 7147 7150 7154 7151
f 7148 7152 7153 7149
o Chair_B_1_3_Leg
usemtl MetalDark
f 7155 7156 7157 7158
f 7159 7162 7161 7160
f 7155 7159 7160 7156
f 7158 7157 7161 7162
f 7155 7158 7162 7159
f 7156 7160 7161 7157
o Chair_B_1_3_Leg
usemtl MetalDark
f 7163 7164 7165 7166
f 7167 7170 7169 7168
f 7163 7167 7168 7164
f 7166 7165 7169 7170
f 7163 7166 7170 7167
f 7164 7168 7169 7165
o Chair_B_1_3_Leg
usemtl MetalDark
f 7171 7172 7173 7174
f 7175 7178 7177 7176
f 7171 7175 7176 7172
f 7174 7173 7177 7178
f 7171 7174 7178 7175
f 7172 7176 7177 7173
o Chair_B_1_3_TabletSupport
usemtl MetalDark
f 7179 7180 7181 7182
f 7183 7186 7185 7184
f 7179 7183 7184 7180
f 7182 7181 7185 7186
f 7179 7182 7186 7183
f 7180 7184 7185 7181
o Chair_B_1_3_Tablet
usemtl Wood
f 7187 7188 7189 7190
f 7191 7194 7193 7192
f 7187 7191 7192 7188
f 7190 7189 7193 7194
f 7187 7190 7194 7191
f 7188 7192 7193 7189

# --- V7 appended corrections ---
o CentralFrontGable_SOLID
usemtl WhiteBrick
v -22.00000 31.80000 -59.65000
v 0.00000 38.20000 -59.65000
v 22.00000 31.80000 -59.65000
v -22.00000 31.80000 -57.95000
v 0.00000 38.20000 -57.95000
v 22.00000 31.80000 -57.95000
f 7195 7197 7196
f 7198 7199 7200
f 7195 7196 7199 7198
f 7196 7197 7200 7199
f 7197 7195 7198 7200
o CentralGable_BaseTrim
usemtl ConcreteLight
v -22.75000 31.52500 -60.15000
v 22.75000 31.52500 -60.15000
v 22.75000 32.17500 -60.15000
v -22.75000 32.17500 -60.15000
v -22.75000 31.52500 -59.45000
v 22.75000 31.52500 -59.45000
v 22.75000 32.17500 -59.45000
v -22.75000 32.17500 -59.45000
f 7201 7202 7203 7204
f 7205 7208 7207 7206
f 7201 7205 7206 7202
f 7204 7203 7207 7208
f 7201 7204 7208 7205
f 7202 7206 7207 7203
o CentralGable_TrimL
usemtl ConcreteLight
v -21.91899 31.52154 -60.21000
v 0.08101 37.92154 -60.21000
v -0.08101 38.47846 -60.21000
v -22.08101 32.07846 -60.21000
v -21.91899 31.52154 -59.49000
v 0.08101 37.92154 -59.49000
v -0.08101 38.47846 -59.49000
v -22.08101 32.07846 -59.49000
f 7209 7210 7211 7212
f 7213 7216 7215 7214
f 7209 7213 7214 7210
f 7212 7211 7215 7216
f 7209 7212 7216 7213
f 7210 7214 7215 7211
o CentralGable_TrimR
usemtl ConcreteLight
v -0.08101 37.92154 -60.21000
v 21.91899 31.52154 -60.21000
v 22.08101 32.07846 -60.21000
v 0.08101 38.47846 -60.21000
v -0.08101 37.92154 -59.49000
v 21.91899 31.52154 -59.49000
v 22.08101 32.07846 -59.49000
v 0.08101 38.47846 -59.49000
f 7217 7218 7219 7220
f 7221 7224 7223 7222
f 7217 7221 7222 7218
f 7220 7219 7223 7224
f 7217 7220 7224 7221
f 7218 7222 7223 7219
o CentralGable_VentBacking
usemtl Green
v -4.40000 32.90000 -60.01000
v 4.40000 32.90000 -60.01000
v 4.40000 35.60000 -60.01000
v -4.40000 35.60000 -60.01000
v -4.40000 32.90000 -59.79000
v 4.40000 32.90000 -59.79000
v 4.40000 35.60000 -59.79000
v -4.40000 35.60000 -59.79000
f 7225 7226 7227 7228
f 7229 7232 7231 7230
f 7225 7229 7230 7226
f 7228 7227 7231 7232
f 7225 7228 7232 7229
f 7226 7230 7231 7227
o CentralGable_VentSlat_0
usemtl MetalDark
v -3.60000 33.27000 -60.16000
v 3.60000 33.27000 -60.16000
v 3.60000 33.43000 -60.16000
v -3.60000 33.43000 -60.16000
v -3.60000 33.27000 -59.96000
v 3.60000 33.27000 -59.96000
v 3.60000 33.43000 -59.96000
v -3.60000 33.43000 -59.96000
f 7233 7234 7235 7236
f 7237 7240 7239 7238
f 7233 7237 7238 7234
f 7236 7235 7239 7240
f 7233 7236 7240 7237
f 7234 7238 7239 7235
o CentralGable_VentSlat_1
usemtl MetalDark
v -3.60000 33.70000 -60.16000
v 3.60000 33.70000 -60.16000
v 3.60000 33.86000 -60.16000
v -3.60000 33.86000 -60.16000
v -3.60000 33.70000 -59.96000
v 3.60000 33.70000 -59.96000
v 3.60000 33.86000 -59.96000
v -3.60000 33.86000 -59.96000
f 7241 7242 7243 7244
f 7245 7248 7247 7246
f 7241 7245 7246 7242
f 7244 7243 7247 7248
f 7241 7244 7248 7245
f 7242 7246 7247 7243
o CentralGable_VentSlat_2
usemtl MetalDark
v -3.60000 34.13000 -60.16000
v 3.60000 34.13000 -60.16000
v 3.60000 34.29000 -60.16000
v -3.60000 34.29000 -60.16000
v -3.60000 34.13000 -59.96000
v 3.60000 34.13000 -59.96000
v 3.60000 34.29000 -59.96000
v -3.60000 34.29000 -59.96000
f 7249 7250 7251 7252
f 7253 7256 7255 7254
f 7249 7253 7254 7250
f 7252 7251 7255 7256
f 7249 7252 7256 7253
f 7250 7254 7255 7251
o CentralGable_VentSlat_3
usemtl MetalDark
v -3.60000 34.56000 -60.16000
v 3.60000 34.56000 -60.16000
v 3.60000 34.72000 -60.16000
v -3.60000 34.72000 -60.16000
v -3.60000 34.56000 -59.96000
v 3.60000 34.56000 -59.96000
v 3.60000 34.72000 -59.96000
v -3.60000 34.72000 -59.96000
f 7257 7258 7259 7260
f 7261 7264 7263 7262
f 7257 7261 7262 7258
f 7260 7259 7263 7264
f 7257 7260 7264 7261
f 7258 7262 7263 7259
o CentralGable_VentSlat_4
usemtl MetalDark
v -3.60000 34.99000 -60.16000
v 3.60000 34.99000 -60.16000
v 3.60000 35.15000 -60.16000
v -3.60000 35.15000 -60.16000
v -3.60000 34.99000 -59.96000
v 3.60000 34.99000 -59.96000
v 3.60000 35.15000 -59.96000
v -3.60000 35.15000 -59.96000
f 7265 7266 7267 7268
f 7269 7272 7271 7270
f 7265 7269 7270 7266
f 7268 7267 7271 7272
f 7265 7268 7272 7269
f 7266 7270 7271 7267
o CentralGable_Soffit
usemtl Ceiling
v -21.75000 31.16000 -58.90000
v 21.75000 31.16000 -58.90000
v 21.75000 31.54000 -58.90000
v -21.75000 31.54000 -58.90000
v -21.75000 31.16000 -56.30000
v 21.75000 31.16000 -56.30000
v 21.75000 31.54000 -56.30000
v -21.75000 31.54000 -56.30000
f 7273 7274 7275 7276
f 7277 7280 7279 7278
f 7273 7277 7278 7274
f 7276 7275 7279 7280
f 7273 7276 7280 7277
f 7274 7278 7279 7275
o CentralGable_Fascia
usemtl RoofDark
v -22.50000 31.19000 -59.46000
v 22.50000 31.19000 -59.46000
v 22.50000 31.91000 -59.46000
v -22.50000 31.91000 -59.46000
v -22.50000 31.19000 -58.84000
v 22.50000 31.19000 -58.84000
v 22.50000 31.91000 -58.84000
v -22.50000 31.91000 -58.84000
f 7281 7282 7283 7284
f 7285 7288 7287 7286
f 7281 7285 7286 7282
f 7284 7283 7287 7288
f 7281 7284 7288 7285
f 7282 7286 7287 7283
o CentralUpperPilaster_-20.5
usemtl ConcreteLight
v -20.87500 18.00000 -48.52500
v -20.12500 18.00000 -48.52500
v -20.12500 28.00000 -48.52500
v -20.87500 28.00000 -48.52500
v -20.87500 18.00000 -47.17500
v -20.12500 18.00000 -47.17500
v -20.12500 28.00000 -47.17500
v -20.87500 28.00000 -47.17500
f 7289 7290 7291 7292
f 7293 7296 7295 7294
f 7289 7293 7294 7290
f 7292 7291 7295 7296
f 7289 7292 7296 7293
f 7290 7294 7295 7291
o CentralUpperPilaster_20.5
usemtl ConcreteLight
v 20.12500 18.00000 -48.52500
v 20.87500 18.00000 -48.52500
v 20.87500 28.00000 -48.52500
v 20.12500 28.00000 -48.52500
v 20.12500 18.00000 -47.17500
v 20.87500 18.00000 -47.17500
v 20.87500 28.00000 -47.17500
v 20.12500 28.00000 -47.17500
f 7297 7298 7299 7300
f 7301 7304 7303 7302
f 7297 7301 7302 7298
f 7300 7299 7303 7304
f 7297 7300 7304 7301
f 7298 7302 7303 7299
o CentralUpperBand
usemtl ConcreteLight
v -21.00000 28.17500 -48.17500
v 21.00000 28.17500 -48.17500
v 21.00000 28.72500 -48.17500
v -21.00000 28.72500 -48.17500
v -21.00000 28.17500 -47.62500
v 21.00000 28.17500 -47.62500
v 21.00000 28.72500 -47.62500
v -21.00000 28.72500 -47.62500
f 7305 7306 7307 7308
f 7309 7312 7311 7310
f 7305 7309 7310 7306
f 7308 7307 7311 7312
f 7305 7308 7312 7309
f 7306 7310 7311 7307
o GableBracket_-18
usemtl RoofDark
v -18.22500 30.17500 -58.82500
v -17.77500 30.17500 -58.82500
v -17.77500 31.32500 -58.82500
v -18.22500 31.32500 -58.82500
v -18.22500 30.17500 -57.77500
v -17.77500 30.17500 -57.77500
v -17.77500 31.32500 -57.77500
v -18.22500 31.32500 -57.77500
f 7313 7314 7315 7316
f 7317 7320 7319 7318
f 7313 7317 7318 7314
f 7316 7315 7319 7320
f 7313 7316 7320 7317
f 7314 7318 7319 7315
o GableBracket_-12
usemtl RoofDark
v -12.22500 30.17500 -58.82500
v -11.77500 30.17500 -58.82500
v -11.77500 31.32500 -58.82500
v -12.22500 31.32500 -58.82500
v -12.22500 30.17500 -57.77500
v -11.77500 30.17500 -57.77500
v -11.77500 31.32500 -57.77500
v -12.22500 31.32500 -57.77500
f 7321 7322 7323 7324
f 7325 7328 7327 7326
f 7321 7325 7326 7322
f 7324 7323 7327 7328
f 7321 7324 7328 7325
f 7322 7326 7327 7323
o GableBracket_-6
usemtl RoofDark
v -6.22500 30.17500 -58.82500
v -5.77500 30.17500 -58.82500
v -5.77500 31.32500 -58.82500
v -6.22500 31.32500 -58.82500
v -6.22500 30.17500 -57.77500
v -5.77500 30.17500 -57.77500
v -5.77500 31.32500 -57.77500
v -6.22500 31.32500 -57.77500
f 7329 7330 7331 7332
f 7333 7336 7335 7334
f 7329 7333 7334 7330
f 7332 7331 7335 7336
f 7329 7332 7336 7333
f 7330 7334 7335 7331
o GableBracket_0
usemtl RoofDark
v -0.22500 30.17500 -58.82500
v 0.22500 30.17500 -58.82500
v 0.22500 31.32500 -58.82500
v -0.22500 31.32500 -58.82500
v -0.22500 30.17500 -57.77500
v 0.22500 30.17500 -57.77500
v 0.22500 31.32500 -57.77500
v -0.22500 31.32500 -57.77500
f 7337 7338 7339 7340
f 7341 7344 7343 7342
f 7337 7341 7342 7338
f 7340 7339 7343 7344
f 7337 7340 7344 7341
f 7338 7342 7343 7339
o GableBracket_6
usemtl RoofDark
v 5.77500 30.17500 -58.82500
v 6.22500 30.17500 -58.82500
v 6.22500 31.32500 -58.82500
v 5.77500 31.32500 -58.82500
v 5.77500 30.17500 -57.77500
v 6.22500 30.17500 -57.77500
v 6.22500 31.32500 -57.77500
v 5.77500 31.32500 -57.77500
f 7345 7346 7347 7348
f 7349 7352 7351 7350
f 7345 7349 7350 7346
f 7348 7347 7351 7352
f 7345 7348 7352 7349
f 7346 7350 7351 7347
o GableBracket_12
usemtl RoofDark
v 11.77500 30.17500 -58.82500
v 12.22500 30.17500 -58.82500
v 12.22500 31.32500 -58.82500
v 11.77500 31.32500 -58.82500
v 11.77500 30.17500 -57.77500
v 12.22500 30.17500 -57.77500
v 12.22500 31.32500 -57.77500
v 11.77500 31.32500 -57.77500
f 7353 7354 7355 7356
f 7357 7360 7359 7358
f 7353 7357 7358 7354
f 7356 7355 7359 7360
f 7353 7356 7360 7357
f 7354 7358 7359 7355
o GableBracket_18
usemtl RoofDark
v 17.77500 30.17500 -58.82500
v 18.22500 30.17500 -58.82500
v 18.22500 31.32500 -58.82500
v 17.77500 31.32500 -58.82500
v 17.77500 30.17500 -57.77500
v 18.22500 30.17500 -57.77500
v 18.22500 31.32500 -57.77500
v 17.77500 31.32500 -57.77500
f 7361 7362 7363 7364
f 7365 7368 7367 7366
f 7361 7365 7366 7362
f 7364 7363 7367 7368
f 7361 7364 7368 7365
f 7362 7366 7367 7363

# --- V8 rebuilt classroom corridor walls ---
o A1_FrontClassroomCorridor1_Solid0
usemtl WhiteBrick
v -92.00000 0.00000 -10.50000
v -90.00000 0.00000 -10.50000
v -90.00000 14.00000 -10.50000
v -92.00000 14.00000 -10.50000
v -92.00000 0.00000 -9.50000
v -90.00000 0.00000 -9.50000
v -90.00000 14.00000 -9.50000
v -92.00000 14.00000 -9.50000
f 7369 7370 7371 7372
f 7373 7376 7375 7374
f 7369 7373 7374 7370
f 7372 7371 7375 7376
f 7369 7372 7376 7373
f 7370 7374 7375 7371
o A1_FrontClassroomCorridor1_Solid1
usemtl WhiteBrick
v -84.20000 0.00000 -10.50000
v -82.20000 0.00000 -10.50000
v -82.20000 14.00000 -10.50000
v -84.20000 14.00000 -10.50000
v -84.20000 0.00000 -9.50000
v -82.20000 0.00000 -9.50000
v -82.20000 14.00000 -9.50000
v -84.20000 14.00000 -9.50000
f 7377 7378 7379 7380
f 7381 7384 7383 7382
f 7377 7381 7382 7378
f 7380 7379 7383 7384
f 7377 7380 7384 7381
f 7378 7382 7383 7379
o A1_FrontClassroomCorridor1_Solid2
usemtl WhiteBrick
v -71.70000 0.00000 -10.50000
v -54.00000 0.00000 -10.50000
v -54.00000 14.00000 -10.50000
v -71.70000 14.00000 -10.50000
v -71.70000 0.00000 -9.50000
v -54.00000 0.00000 -9.50000
v -54.00000 14.00000 -9.50000
v -71.70000 14.00000 -9.50000
f 7385 7386 7387 7388
f 7389 7392 7391 7390
f 7385 7389 7390 7386
f 7388 7387 7391 7392
f 7385 7388 7392 7389
f 7386 7390 7391 7387
o A1_FrontClassroomCorridor1_DoorHeader
usemtl WhiteBrick
v -90.00000 8.80000 -10.50000
v -84.20000 8.80000 -10.50000
v -84.20000 14.00000 -10.50000
v -90.00000 14.00000 -10.50000
v -90.00000 8.80000 -9.50000
v -84.20000 8.80000 -9.50000
v -84.20000 14.00000 -9.50000
v -90.00000 14.00000 -9.50000
f 7393 7394 7395 7396
f 7397 7400 7399 7398
f 7393 7397 7398 7394
f 7396 7395 7399 7400
f 7393 7396 7400 7397
f 7394 7398 7399 7395
o A1_FrontClassroomCorridor1_DoorTrimL
usemtl ConcreteLight
v -90.11000 0.00000 -9.97000
v -89.89000 0.00000 -9.97000
v -89.89000 8.80000 -9.97000
v -90.11000 8.80000 -9.97000
v -90.11000 0.00000 -9.67000
v -89.89000 0.00000 -9.67000
v -89.89000 8.80000 -9.67000
v -90.11000 8.80000 -9.67000
f 7401 7402 7403 7404
f 7405 7408 7407 7406
f 7401 7405 7406 7402
f 7404 7403 7407 7408
f 7401 7404 7408 7405
f 7402 7406 7407 7403
o A1_FrontClassroomCorridor1_DoorTrimR
usemtl ConcreteLight
v -84.31000 0.00000 -9.97000
v -84.09000 0.00000 -9.97000
v -84.09000 8.80000 -9.97000
v -84.31000 8.80000 -9.97000
v -84.31000 0.00000 -9.67000
v -84.09000 0.00000 -9.67000
v -84.09000 8.80000 -9.67000
v -84.31000 8.80000 -9.67000
f 7409 7410 7411 7412
f 7413 7416 7415 7414
f 7409 7413 7414 7410
f 7412 7411 7415 7416
f 7409 7412 7416 7413
f 7410 7414 7415 7411
o A1_FrontClassroomCorridor1_DoorTrimTop
usemtl ConcreteLight
v -90.11000 8.69000 -9.97000
v -84.09000 8.69000 -9.97000
v -84.09000 8.91000 -9.97000
v -90.11000 8.91000 -9.97000
v -90.11000 8.69000 -9.67000
v -84.09000 8.69000 -9.67000
v -84.09000 8.91000 -9.67000
v -90.11000 8.91000 -9.67000
f 7417 7418 7419 7420
f 7421 7424 7423 7422
f 7417 7421 7422 7418
f 7420 7419 7423 7424
f 7417 7420 7424 7421
f 7418 7422 7423 7419
o A1_FrontClassroomCorridor1_ObsBottom
usemtl WhiteBrick
v -82.20000 0.00000 -10.50000
v -71.70000 0.00000 -10.50000
v -71.70000 3.60000 -10.50000
v -82.20000 3.60000 -10.50000
v -82.20000 0.00000 -9.50000
v -71.70000 0.00000 -9.50000
v -71.70000 3.60000 -9.50000
v -82.20000 3.60000 -9.50000
f 7425 7426 7427 7428
f 7429 7432 7431 7430
f 7425 7429 7430 7426
f 7428 7427 7431 7432
f 7425 7428 7432 7429
f 7426 7430 7431 7427
o A1_FrontClassroomCorridor1_ObsTop
usemtl WhiteBrick
v -82.20000 8.80000 -10.50000
v -71.70000 8.80000 -10.50000
v -71.70000 14.00000 -10.50000
v -82.20000 14.00000 -10.50000
v -82.20000 8.80000 -9.50000
v -71.70000 8.80000 -9.50000
v -71.70000 14.00000 -9.50000
v -82.20000 14.00000 -9.50000
f 7433 7434 7435 7436
f 7437 7440 7439 7438
f 7433 7437 7438 7434
f 7436 7435 7439 7440
f 7433 7436 7440 7437
f 7434 7438 7439 7435
o A1_FrontClassroomCorridor1_ObsGlass
usemtl Glass
v -81.96000 3.81000 -10.09000
v -71.94000 3.81000 -10.09000
v -71.94000 8.59000 -10.09000
v -81.96000 8.59000 -10.09000
v -81.96000 3.81000 -9.91000
v -71.94000 3.81000 -9.91000
v -71.94000 8.59000 -9.91000
v -81.96000 8.59000 -9.91000
f 7441 7442 7443 7444
f 7445 7448 7447 7446
f 7441 7445 7446 7442
f 7444 7443 7447 7448
f 7441 7444 7448 7445
f 7442 7446 7447 7443
o A1_FrontClassroomCorridor1_ObsFrameL
usemtl MetalDark
v -82.34000 3.32500 -10.18000
v -82.06000 3.32500 -10.18000
v -82.06000 9.07500 -10.18000
v -82.34000 9.07500 -10.18000
v -82.34000 3.32500 -9.82000
v -82.06000 3.32500 -9.82000
v -82.06000 9.07500 -9.82000
v -82.34000 9.07500 -9.82000
f 7449 7450 7451 7452
f 7453 7456 7455 7454
f 7449 7453 7454 7450
f 7452 7451 7455 7456
f 7449 7452 7456 7453
f 7450 7454 7455 7451
o A1_FrontClassroomCorridor1_ObsFrameR
usemtl MetalDark
v -71.84000 3.32500 -10.18000
v -71.56000 3.32500 -10.18000
v -71.56000 9.07500 -10.18000
v -71.84000 9.07500 -10.18000
v -71.84000 3.32500 -9.82000
v -71.56000 3.32500 -9.82000
v -71.56000 9.07500 -9.82000
v -71.84000 9.07500 -9.82000
f 7457 7458 7459 7460
f 7461 7464 7463 7462
f 7457 7461 7462 7458
f 7460 7459 7463 7464
f 7457 7460 7464 7461
f 7458 7462 7463 7459
o A1_FrontClassroomCorridor1_ObsFrameTop
usemtl MetalDark
v -82.42500 8.66000 -10.18000
v -71.47500 8.66000 -10.18000
v -71.47500 8.94000 -10.18000
v -82.42500 8.94000 -10.18000
v -82.42500 8.66000 -9.82000
v -71.47500 8.66000 -9.82000
v -71.47500 8.94000 -9.82000
v -82.42500 8.94000 -9.82000
f 7465 7466 7467 7468
f 7469 7472 7471 7470
f 7465 7469 7470 7466
f 7468 7467 7471 7472
f 7465 7468 7472 7469
f 7466 7470 7471 7467
o A1_FrontClassroomCorridor1_ObsFrameBottom
usemtl MetalDark
v -82.42500 3.46000 -10.18000
v -71.47500 3.46000 -10.18000
v -71.47500 3.74000 -10.18000
v -82.42500 3.74000 -10.18000
v -82.42500 3.46000 -9.82000
v -71.47500 3.46000 -9.82000
v -71.47500 3.74000 -9.82000
v -82.42500 3.74000 -9.82000
f 7473 7474 7475 7476
f 7477 7480 7479 7478
f 7473 7477 7478 7474
f 7476 7475 7479 7480
f 7473 7476 7480 7477
f 7474 7478 7479 7475
o A1_FrontClassroomCorridor1_ObsMullion
usemtl MetalDark
v -77.03000 3.72500 -10.15000
v -76.87000 3.72500 -10.15000
v -76.87000 8.67500 -10.15000
v -77.03000 8.67500 -10.15000
v -77.03000 3.72500 -9.85000
v -76.87000 3.72500 -9.85000
v -76.87000 8.67500 -9.85000
v -77.03000 8.67500 -9.85000
f 7481 7482 7483 7484
f 7485 7488 7487 7486
f 7481 7485 7486 7482
f 7484 7483 7487 7488
f 7481 7484 7488 7485
f 7482 7486 7487 7483
o A1_FrontClassroomCorridor1_ObsSill
usemtl ConcreteLight
v -82.55000 3.31000 -9.96000
v -71.35000 3.31000 -9.96000
v -71.35000 3.53000 -9.96000
v -82.55000 3.53000 -9.96000
v -82.55000 3.31000 -9.24000
v -71.35000 3.31000 -9.24000
v -71.35000 3.53000 -9.24000
v -82.55000 3.53000 -9.24000
f 7489 7490 7491 7492
f 7493 7496 7495 7494
f 7489 7493 7494 7490
f 7492 7491 7495 7496
f 7489 7492 7496 7493
f 7490 7494 7495 7491
o A1_FrontClassroomCorridor2_Solid0
usemtl WhiteBrick
v -54.00000 0.00000 -10.50000
v -36.30000 0.00000 -10.50000
v -36.30000 14.00000 -10.50000
v -54.00000 14.00000 -10.50000
v -54.00000 0.00000 -9.50000
v -36.30000 0.00000 -9.50000
v -36.30000 14.00000 -9.50000
v -54.00000 14.00000 -9.50000
f 7497 7498 7499 7500
f 7501 7504 7503 7502
f 7497 7501 7502 7498
f 7500 7499 7503 7504
f 7497 7500 7504 7501
f 7498 7502 7503 7499
o A1_FrontClassroomCorridor2_Solid1
usemtl WhiteBrick
v -25.80000 0.00000 -10.50000
v -23.80000 0.00000 -10.50000
v -23.80000 14.00000 -10.50000
v -25.80000 14.00000 -10.50000
v -25.80000 0.00000 -9.50000
v -23.80000 0.00000 -9.50000
v -23.80000 14.00000 -9.50000
v -25.80000 14.00000 -9.50000
f 7505 7506 7507 7508
f 7509 7512 7511 7510
f 7505 7509 7510 7506
f 7508 7507 7511 7512
f 7505 7508 7512 7509
f 7506 7510 7511 7507
o A1_FrontClassroomCorridor2_Solid2
usemtl WhiteBrick
v -18.00000 0.00000 -10.50000
v -16.00000 0.00000 -10.50000
v -16.00000 14.00000 -10.50000
v -18.00000 14.00000 -10.50000
v -18.00000 0.00000 -9.50000
v -16.00000 0.00000 -9.50000
v -16.00000 14.00000 -9.50000
v -18.00000 14.00000 -9.50000
f 7513 7514 7515 7516
f 7517 7520 7519 7518
f 7513 7517 7518 7514
f 7516 7515 7519 7520
f 7513 7516 7520 7517
f 7514 7518 7519 7515
o A1_FrontClassroomCorridor2_DoorHeader
usemtl WhiteBrick
v -23.80000 8.80000 -10.50000
v -18.00000 8.80000 -10.50000
v -18.00000 14.00000 -10.50000
v -23.80000 14.00000 -10.50000
v -23.80000 8.80000 -9.50000
v -18.00000 8.80000 -9.50000
v -18.00000 14.00000 -9.50000
v -23.80000 14.00000 -9.50000
f 7521 7522 7523 7524
f 7525 7528 7527 7526
f 7521 7525 7526 7522
f 7524 7523 7527 7528
f 7521 7524 7528 7525
f 7522 7526 7527 7523
o A1_FrontClassroomCorridor2_DoorTrimL
usemtl ConcreteLight
v -23.91000 0.00000 -9.97000
v -23.69000 0.00000 -9.97000
v -23.69000 8.80000 -9.97000
v -23.91000 8.80000 -9.97000
v -23.91000 0.00000 -9.67000
v -23.69000 0.00000 -9.67000
v -23.69000 8.80000 -9.67000
v -23.91000 8.80000 -9.67000
f 7529 7530 7531 7532
f 7533 7536 7535 7534
f 7529 7533 7534 7530
f 7532 7531 7535 7536
f 7529 7532 7536 7533
f 7530 7534 7535 7531
o A1_FrontClassroomCorridor2_DoorTrimR
usemtl ConcreteLight
v -18.11000 0.00000 -9.97000
v -17.89000 0.00000 -9.97000
v -17.89000 8.80000 -9.97000
v -18.11000 8.80000 -9.97000
v -18.11000 0.00000 -9.67000
v -17.89000 0.00000 -9.67000
v -17.89000 8.80000 -9.67000
v -18.11000 8.80000 -9.67000
f 7537 7538 7539 7540
f 7541 7544 7543 7542
f 7537 7541 7542 7538
f 7540 7539 7543 7544
f 7537 7540 7544 7541
f 7538 7542 7543 7539
o A1_FrontClassroomCorridor2_DoorTrimTop
usemtl ConcreteLight
v -23.91000 8.69000 -9.97000
v -17.89000 8.69000 -9.97000
v -17.89000 8.91000 -9.97000
v -23.91000 8.91000 -9.97000
v -23.91000 8.69000 -9.67000
v -17.89000 8.69000 -9.67000
v -17.89000 8.91000 -9.67000
v -23.91000 8.91000 -9.67000
f 7545 7546 7547 7548
f 7549 7552 7551 7550
f 7545 7549 7550 7546
f 7548 7547 7551 7552
f 7545 7548 7552 7549
f 7546 7550 7551 7547
o A1_FrontClassroomCorridor2_ObsBottom
usemtl WhiteBrick
v -36.30000 0.00000 -10.50000
v -25.80000 0.00000 -10.50000
v -25.80000 3.60000 -10.50000
v -36.30000 3.60000 -10.50000
v -36.30000 0.00000 -9.50000
v -25.80000 0.00000 -9.50000
v -25.80000 3.60000 -9.50000
v -36.30000 3.60000 -9.50000
f 7553 7554 7555 7556
f 7557 7560 7559 7558
f 7553 7557 7558 7554
f 7556 7555 7559 7560
f 7553 7556 7560 7557
f 7554 7558 7559 7555
o A1_FrontClassroomCorridor2_ObsTop
usemtl WhiteBrick
v -36.30000 8.80000 -10.50000
v -25.80000 8.80000 -10.50000
v -25.80000 14.00000 -10.50000
v -36.30000 14.00000 -10.50000
v -36.30000 8.80000 -9.50000
v -25.80000 8.80000 -9.50000
v -25.80000 14.00000 -9.50000
v -36.30000 14.00000 -9.50000
f 7561 7562 7563 7564
f 7565 7568 7567 7566
f 7561 7565 7566 7562
f 7564 7563 7567 7568
f 7561 7564 7568 7565
f 7562 7566 7567 7563
o A1_FrontClassroomCorridor2_ObsGlass
usemtl Glass
v -36.06000 3.81000 -10.09000
v -26.04000 3.81000 -10.09000
v -26.04000 8.59000 -10.09000
v -36.06000 8.59000 -10.09000
v -36.06000 3.81000 -9.91000
v -26.04000 3.81000 -9.91000
v -26.04000 8.59000 -9.91000
v -36.06000 8.59000 -9.91000
f 7569 7570 7571 7572
f 7573 7576 7575 7574
f 7569 7573 7574 7570
f 7572 7571 7575 7576
f 7569 7572 7576 7573
f 7570 7574 7575 7571
o A1_FrontClassroomCorridor2_ObsFrameL
usemtl MetalDark
v -36.44000 3.32500 -10.18000
v -36.16000 3.32500 -10.18000
v -36.16000 9.07500 -10.18000
v -36.44000 9.07500 -10.18000
v -36.44000 3.32500 -9.82000
v -36.16000 3.32500 -9.82000
v -36.16000 9.07500 -9.82000
v -36.44000 9.07500 -9.82000
f 7577 7578 7579 7580
f 7581 7584 7583 7582
f 7577 7581 7582 7578
f 7580 7579 7583 7584
f 7577 7580 7584 7581
f 7578 7582 7583 7579
o A1_FrontClassroomCorridor2_ObsFrameR
usemtl MetalDark
v -25.94000 3.32500 -10.18000
v -25.66000 3.32500 -10.18000
v -25.66000 9.07500 -10.18000
v -25.94000 9.07500 -10.18000
v -25.94000 3.32500 -9.82000
v -25.66000 3.32500 -9.82000
v -25.66000 9.07500 -9.82000
v -25.94000 9.07500 -9.82000
f 7585 7586 7587 7588
f 7589 7592 7591 7590
f 7585 7589 7590 7586
f 7588 7587 7591 7592
f 7585 7588 7592 7589
f 7586 7590 7591 7587
o A1_FrontClassroomCorridor2_ObsFrameTop
usemtl MetalDark
v -36.52500 8.66000 -10.18000
v -25.57500 8.66000 -10.18000
v -25.57500 8.94000 -10.18000
v -36.52500 8.94000 -10.18000
v -36.52500 8.66000 -9.82000
v -25.57500 8.66000 -9.82000
v -25.57500 8.94000 -9.82000
v -36.52500 8.94000 -9.82000
f 7593 7594 7595 7596
f 7597 7600 7599 7598
f 7593 7597 7598 7594
f 7596 7595 7599 7600
f 7593 7596 7600 7597
f 7594 7598 7599 7595
o A1_FrontClassroomCorridor2_ObsFrameBottom
usemtl MetalDark
v -36.52500 3.46000 -10.18000
v -25.57500 3.46000 -10.18000
v -25.57500 3.74000 -10.18000
v -36.52500 3.74000 -10.18000
v -36.52500 3.46000 -9.82000
v -25.57500 3.46000 -9.82000
v -25.57500 3.74000 -9.82000
v -36.52500 3.74000 -9.82000
f 7601 7602 7603 7604
f 7605 7608 7607 7606
f 7601 7605 7606 7602
f 7604 7603 7607 7608
f 7601 7604 7608 7605
f 7602 7606 7607 7603
o A1_FrontClassroomCorridor2_ObsMullion
usemtl MetalDark
v -31.13000 3.72500 -10.15000
v -30.97000 3.72500 -10.15000
v -30.97000 8.67500 -10.15000
v -31.13000 8.67500 -10.15000
v -31.13000 3.72500 -9.85000
v -30.97000 3.72500 -9.85000
v -30.97000 8.67500 -9.85000
v -31.13000 8.67500 -9.85000
f 7609 7610 7611 7612
f 7613 7616 7615 7614
f 7609 7613 7614 7610
f 7612 7611 7615 7616
f 7609 7612 7616 7613
f 7610 7614 7615 7611
o A1_FrontClassroomCorridor2_ObsSill
usemtl ConcreteLight
v -36.65000 3.31000 -9.96000
v -25.45000 3.31000 -9.96000
v -25.45000 3.53000 -9.96000
v -36.65000 3.53000 -9.96000
v -36.65000 3.31000 -9.24000
v -25.45000 3.31000 -9.24000
v -25.45000 3.53000 -9.24000
v -36.65000 3.53000 -9.24000
f 7617 7618 7619 7620
f 7621 7624 7623 7622
f 7617 7621 7622 7618
f 7620 7619 7623 7624
f 7617 7620 7624 7621
f 7618 7622 7623 7619
o A1_FrontClassroomCorridor3_Solid0
usemtl WhiteBrick
v 16.00000 0.00000 -10.50000
v 18.00000 0.00000 -10.50000
v 18.00000 14.00000 -10.50000
v 16.00000 14.00000 -10.50000
v 16.00000 0.00000 -9.50000
v 18.00000 0.00000 -9.50000
v 18.00000 14.00000 -9.50000
v 16.00000 14.00000 -9.50000
f 7625 7626 7627 7628
f 7629 7632 7631 7630
f 7625 7629 7630 7626
f 7628 7627 7631 7632
f 7625 7628 7632 7629
f 7626 7630 7631 7627
o A1_FrontClassroomCorridor3_Solid1
usemtl WhiteBrick
v 23.80000 0.00000 -10.50000
v 25.80000 0.00000 -10.50000
v 25.80000 14.00000 -10.50000
v 23.80000 14.00000 -10.50000
v 23.80000 0.00000 -9.50000
v 25.80000 0.00000 -9.50000
v 25.80000 14.00000 -9.50000
v 23.80000 14.00000 -9.50000
f 7633 7634 7635 7636
f 7637 7640 7639 7638
f 7633 7637 7638 7634
f 7636 7635 7639 7640
f 7633 7636 7640 7637
f 7634 7638 7639 7635
o A1_FrontClassroomCorridor3_Solid2
usemtl WhiteBrick
v 36.30000 0.00000 -10.50000
v 54.00000 0.00000 -10.50000
v 54.00000 14.00000 -10.50000
v 36.30000 14.00000 -10.50000
v 36.30000 0.00000 -9.50000
v 54.00000 0.00000 -9.50000
v 54.00000 14.00000 -9.50000
v 36.30000 14.00000 -9.50000
f 7641 7642 7643 7644
f 7645 7648 7647 7646
f 7641 7645 7646 7642
f 7644 7643 7647 7648
f 7641 7644 7648 7645
f 7642 7646 7647 7643
o A1_FrontClassroomCorridor3_DoorHeader
usemtl WhiteBrick
v 18.00000 8.80000 -10.50000
v 23.80000 8.80000 -10.50000
v 23.80000 14.00000 -10.50000
v 18.00000 14.00000 -10.50000
v 18.00000 8.80000 -9.50000
v 23.80000 8.80000 -9.50000
v 23.80000 14.00000 -9.50000
v 18.00000 14.00000 -9.50000
f 7649 7650 7651 7652
f 7653 7656 7655 7654
f 7649 7653 7654 7650
f 7652 7651 7655 7656
f 7649 7652 7656 7653
f 7650 7654 7655 7651
o A1_FrontClassroomCorridor3_DoorTrimL
usemtl ConcreteLight
v 17.89000 0.00000 -9.97000
v 18.11000 0.00000 -9.97000
v 18.11000 8.80000 -9.97000
v 17.89000 8.80000 -9.97000
v 17.89000 0.00000 -9.67000
v 18.11000 0.00000 -9.67000
v 18.11000 8.80000 -9.67000
v 17.89000 8.80000 -9.67000
f 7657 7658 7659 7660
f 7661 7664 7663 7662
f 7657 7661 7662 7658
f 7660 7659 7663 7664
f 7657 7660 7664 7661
f 7658 7662 7663 7659
o A1_FrontClassroomCorridor3_DoorTrimR
usemtl ConcreteLight
v 23.69000 0.00000 -9.97000
v 23.91000 0.00000 -9.97000
v 23.91000 8.80000 -9.97000
v 23.69000 8.80000 -9.97000
v 23.69000 0.00000 -9.67000
v 23.91000 0.00000 -9.67000
v 23.91000 8.80000 -9.67000
v 23.69000 8.80000 -9.67000
f 7665 7666 7667 7668
f 7669 7672 7671 7670
f 7665 7669 7670 7666
f 7668 7667 7671 7672
f 7665 7668 7672 7669
f 7666 7670 7671 7667
o A1_FrontClassroomCorridor3_DoorTrimTop
usemtl ConcreteLight
v 17.89000 8.69000 -9.97000
v 23.91000 8.69000 -9.97000
v 23.91000 8.91000 -9.97000
v 17.89000 8.91000 -9.97000
v 17.89000 8.69000 -9.67000
v 23.91000 8.69000 -9.67000
v 23.91000 8.91000 -9.67000
v 17.89000 8.91000 -9.67000
f 7673 7674 7675 7676
f 7677 7680 7679 7678
f 7673 7677 7678 7674
f 7676 7675 7679 7680
f 7673 7676 7680 7677
f 7674 7678 7679 7675
o A1_FrontClassroomCorridor3_ObsBottom
usemtl WhiteBrick
v 25.80000 0.00000 -10.50000
v 36.30000 0.00000 -10.50000
v 36.30000 3.60000 -10.50000
v 25.80000 3.60000 -10.50000
v 25.80000 0.00000 -9.50000
v 36.30000 0.00000 -9.50000
v 36.30000 3.60000 -9.50000
v 25.80000 3.60000 -9.50000
f 7681 7682 7683 7684
f 7685 7688 7687 7686
f 7681 7685 7686 7682
f 7684 7683 7687 7688
f 7681 7684 7688 7685
f 7682 7686 7687 7683
o A1_FrontClassroomCorridor3_ObsTop
usemtl WhiteBrick
v 25.80000 8.80000 -10.50000
v 36.30000 8.80000 -10.50000
v 36.30000 14.00000 -10.50000
v 25.80000 14.00000 -10.50000
v 25.80000 8.80000 -9.50000
v 36.30000 8.80000 -9.50000
v 36.30000 14.00000 -9.50000
v 25.80000 14.00000 -9.50000
f 7689 7690 7691 7692
f 7693 7696 7695 7694
f 7689 7693 7694 7690
f 7692 7691 7695 7696
f 7689 7692 7696 7693
f 7690 7694 7695 7691
o A1_FrontClassroomCorridor3_ObsGlass
usemtl Glass
v 26.04000 3.81000 -10.09000
v 36.06000 3.81000 -10.09000
v 36.06000 8.59000 -10.09000
v 26.04000 8.59000 -10.09000
v 26.04000 3.81000 -9.91000
v 36.06000 3.81000 -9.91000
v 36.06000 8.59000 -9.91000
v 26.04000 8.59000 -9.91000
f 7697 7698 7699 7700
f 7701 7704 7703 7702
f 7697 7701 7702 7698
f 7700 7699 7703 7704
f 7697 7700 7704 7701
f 7698 7702 7703 7699
o A1_FrontClassroomCorridor3_ObsFrameL
usemtl MetalDark
v 25.66000 3.32500 -10.18000
v 25.94000 3.32500 -10.18000
v 25.94000 9.07500 -10.18000
v 25.66000 9.07500 -10.18000
v 25.66000 3.32500 -9.82000
v 25.94000 3.32500 -9.82000
v 25.94000 9.07500 -9.82000
v 25.66000 9.07500 -9.82000
f 7705 7706 7707 7708
f 7709 7712 7711 7710
f 7705 7709 7710 7706
f 7708 7707 7711 7712
f 7705 7708 7712 7709
f 7706 7710 7711 7707
o A1_FrontClassroomCorridor3_ObsFrameR
usemtl MetalDark
v 36.16000 3.32500 -10.18000
v 36.44000 3.32500 -10.18000
v 36.44000 9.07500 -10.18000
v 36.16000 9.07500 -10.18000
v 36.16000 3.32500 -9.82000
v 36.44000 3.32500 -9.82000
v 36.44000 9.07500 -9.82000
v 36.16000 9.07500 -9.82000
f 7713 7714 7715 7716
f 7717 7720 7719 7718
f 7713 7717 7718 7714
f 7716 7715 7719 7720
f 7713 7716 7720 7717
f 7714 7718 7719 7715
o A1_FrontClassroomCorridor3_ObsFrameTop
usemtl MetalDark
v 25.57500 8.66000 -10.18000
v 36.52500 8.66000 -10.18000
v 36.52500 8.94000 -10.18000
v 25.57500 8.94000 -10.18000
v 25.57500 8.66000 -9.82000
v 36.52500 8.66000 -9.82000
v 36.52500 8.94000 -9.82000
v 25.57500 8.94000 -9.82000
f 7721 7722 7723 7724
f 7725 7728 7727 7726
f 7721 7725 7726 7722
f 7724 7723 7727 7728
f 7721 7724 7728 7725
f 7722 7726 7727 7723
o A1_FrontClassroomCorridor3_ObsFrameBottom
usemtl MetalDark
v 25.57500 3.46000 -10.18000
v 36.52500 3.46000 -10.18000
v 36.52500 3.74000 -10.18000
v 25.57500 3.74000 -10.18000
v 25.57500 3.46000 -9.82000
v 36.52500 3.46000 -9.82000
v 36.52500 3.74000 -9.82000
v 25.57500 3.74000 -9.82000
f 7729 7730 7731 7732
f 7733 7736 7735 7734
f 7729 7733 7734 7730
f 7732 7731 7735 7736
f 7729 7732 7736 7733
f 7730 7734 7735 7731
o A1_FrontClassroomCorridor3_ObsMullion
usemtl MetalDark
v 30.97000 3.72500 -10.15000
v 31.13000 3.72500 -10.15000
v 31.13000 8.67500 -10.15000
v 30.97000 8.67500 -10.15000
v 30.97000 3.72500 -9.85000
v 31.13000 3.72500 -9.85000
v 31.13000 8.67500 -9.85000
v 30.97000 8.67500 -9.85000
f 7737 7738 7739 7740
f 7741 7744 7743 7742
f 7737 7741 7742 7738
f 7740 7739 7743 7744
f 7737 7740 7744 7741
f 7738 7742 7743 7739
o A1_FrontClassroomCorridor3_ObsSill
usemtl ConcreteLight
v 25.45000 3.31000 -9.96000
v 36.65000 3.31000 -9.96000
v 36.65000 3.53000 -9.96000
v 25.45000 3.53000 -9.96000
v 25.45000 3.31000 -9.24000
v 36.65000 3.31000 -9.24000
v 36.65000 3.53000 -9.24000
v 25.45000 3.53000 -9.24000
f 7745 7746 7747 7748
f 7749 7752 7751 7750
f 7745 7749 7750 7746
f 7748 7747 7751 7752
f 7745 7748 7752 7749
f 7746 7750 7751 7747
o A1_FrontClassroomCorridor4_Solid0
usemtl WhiteBrick
v 54.00000 0.00000 -10.50000
v 71.70000 0.00000 -10.50000
v 71.70000 14.00000 -10.50000
v 54.00000 14.00000 -10.50000
v 54.00000 0.00000 -9.50000
v 71.70000 0.00000 -9.50000
v 71.70000 14.00000 -9.50000
v 54.00000 14.00000 -9.50000
f 7753 7754 7755 7756
f 7757 7760 7759 7758
f 7753 7757 7758 7754
f 7756 7755 7759 7760
f 7753 7756 7760 7757
f 7754 7758 7759 7755
o A1_FrontClassroomCorridor4_Solid1
usemtl WhiteBrick
v 82.20000 0.00000 -10.50000
v 84.20000 0.00000 -10.50000
v 84.20000 14.00000 -10.50000
v 82.20000 14.00000 -10.50000
v 82.20000 0.00000 -9.50000
v 84.20000 0.00000 -9.50000
v 84.20000 14.00000 -9.50000
v 82.20000 14.00000 -9.50000
f 7761 7762 7763 7764
f 7765 7768 7767 7766
f 7761 7765 7766 7762
f 7764 7763 7767 7768
f 7761 7764 7768 7765
f 7762 7766 7767 7763
o A1_FrontClassroomCorridor4_Solid2
usemtl WhiteBrick
v 90.00000 0.00000 -10.50000
v 92.00000 0.00000 -10.50000
v 92.00000 14.00000 -10.50000
v 90.00000 14.00000 -10.50000
v 90.00000 0.00000 -9.50000
v 92.00000 0.00000 -9.50000
v 92.00000 14.00000 -9.50000
v 90.00000 14.00000 -9.50000
f 7769 7770 7771 7772
f 7773 7776 7775 7774
f 7769 7773 7774 7770
f 7772 7771 7775 7776
f 7769 7772 7776 7773
f 7770 7774 7775 7771
o A1_FrontClassroomCorridor4_DoorHeader
usemtl WhiteBrick
v 84.20000 8.80000 -10.50000
v 90.00000 8.80000 -10.50000
v 90.00000 14.00000 -10.50000
v 84.20000 14.00000 -10.50000
v 84.20000 8.80000 -9.50000
v 90.00000 8.80000 -9.50000
v 90.00000 14.00000 -9.50000
v 84.20000 14.00000 -9.50000
f 7777 7778 7779 7780
f 7781 7784 7783 7782
f 7777 7781 7782 7778
f 7780 7779 7783 7784
f 7777 7780 7784 7781
f 7778 7782 7783 7779
o A1_FrontClassroomCorridor4_DoorTrimL
usemtl ConcreteLight
v 84.09000 0.00000 -9.97000
v 84.31000 0.00000 -9.97000
v 84.31000 8.80000 -9.97000
v 84.09000 8.80000 -9.97000
v 84.09000 0.00000 -9.67000
v 84.31000 0.00000 -9.67000
v 84.31000 8.80000 -9.67000
v 84.09000 8.80000 -9.67000
f 7785 7786 7787 7788
f 7789 7792 7791 7790
f 7785 7789 7790 7786
f 7788 7787 7791 7792
f 7785 7788 7792 7789
f 7786 7790 7791 7787
o A1_FrontClassroomCorridor4_DoorTrimR
usemtl ConcreteLight
v 89.89000 0.00000 -9.97000
v 90.11000 0.00000 -9.97000
v 90.11000 8.80000 -9.97000
v 89.89000 8.80000 -9.97000
v 89.89000 0.00000 -9.67000
v 90.11000 0.00000 -9.67000
v 90.11000 8.80000 -9.67000
v 89.89000 8.80000 -9.67000
f 7793 7794 7795 7796
f 7797 7800 7799 7798
f 7793 7797 7798 7794
f 7796 7795 7799 7800
f 7793 7796 7800 7797
f 7794 7798 7799 7795
o A1_FrontClassroomCorridor4_DoorTrimTop
usemtl ConcreteLight
v 84.09000 8.69000 -9.97000
v 90.11000 8.69000 -9.97000
v 90.11000 8.91000 -9.97000
v 84.09000 8.91000 -9.97000
v 84.09000 8.69000 -9.67000
v 90.11000 8.69000 -9.67000
v 90.11000 8.91000 -9.67000
v 84.09000 8.91000 -9.67000
f 7801 7802 7803 7804
f 7805 7808 7807 7806
f 7801 7805 7806 7802
f 7804 7803 7807 7808
f 7801 7804 7808 7805
f 7802 7806 7807 7803
o A1_FrontClassroomCorridor4_ObsBottom
usemtl WhiteBrick
v 71.70000 0.00000 -10.50000
v 82.20000 0.00000 -10.50000
v 82.20000 3.60000 -10.50000
v 71.70000 3.60000 -10.50000
v 71.70000 0.00000 -9.50000
v 82.20000 0.00000 -9.50000
v 82.20000 3.60000 -9.50000
v 71.70000 3.60000 -9.50000
f 7809 7810 7811 7812
f 7813 7816 7815 7814
f 7809 7813 7814 7810
f 7812 7811 7815 7816
f 7809 7812 7816 7813
f 7810 7814 7815 7811
o A1_FrontClassroomCorridor4_ObsTop
usemtl WhiteBrick
v 71.70000 8.80000 -10.50000
v 82.20000 8.80000 -10.50000
v 82.20000 14.00000 -10.50000
v 71.70000 14.00000 -10.50000
v 71.70000 8.80000 -9.50000
v 82.20000 8.80000 -9.50000
v 82.20000 14.00000 -9.50000
v 71.70000 14.00000 -9.50000
f 7817 7818 7819 7820
f 7821 7824 7823 7822
f 7817 7821 7822 7818
f 7820 7819 7823 7824
f 7817 7820 7824 7821
f 7818 7822 7823 7819
o A1_FrontClassroomCorridor4_ObsGlass
usemtl Glass
v 71.94000 3.81000 -10.09000
v 81.96000 3.81000 -10.09000
v 81.96000 8.59000 -10.09000
v 71.94000 8.59000 -10.09000
v 71.94000 3.81000 -9.91000
v 81.96000 3.81000 -9.91000
v 81.96000 8.59000 -9.91000
v 71.94000 8.59000 -9.91000
f 7825 7826 7827 7828
f 7829 7832 7831 7830
f 7825 7829 7830 7826
f 7828 7827 7831 7832
f 7825 7828 7832 7829
f 7826 7830 7831 7827
o A1_FrontClassroomCorridor4_ObsFrameL
usemtl MetalDark
v 71.56000 3.32500 -10.18000
v 71.84000 3.32500 -10.18000
v 71.84000 9.07500 -10.18000
v 71.56000 9.07500 -10.18000
v 71.56000 3.32500 -9.82000
v 71.84000 3.32500 -9.82000
v 71.84000 9.07500 -9.82000
v 71.56000 9.07500 -9.82000
f 7833 7834 7835 7836
f 7837 7840 7839 7838
f 7833 7837 7838 7834
f 7836 7835 7839 7840
f 7833 7836 7840 7837
f 7834 7838 7839 7835
o A1_FrontClassroomCorridor4_ObsFrameR
usemtl MetalDark
v 82.06000 3.32500 -10.18000
v 82.34000 3.32500 -10.18000
v 82.34000 9.07500 -10.18000
v 82.06000 9.07500 -10.18000
v 82.06000 3.32500 -9.82000
v 82.34000 3.32500 -9.82000
v 82.34000 9.07500 -9.82000
v 82.06000 9.07500 -9.82000
f 7841 7842 7843 7844
f 7845 7848 7847 7846
f 7841 7845 7846 7842
f 7844 7843 7847 7848
f 7841 7844 7848 7845
f 7842 7846 7847 7843
o A1_FrontClassroomCorridor4_ObsFrameTop
usemtl MetalDark
v 71.47500 8.66000 -10.18000
v 82.42500 8.66000 -10.18000
v 82.42500 8.94000 -10.18000
v 71.47500 8.94000 -10.18000
v 71.47500 8.66000 -9.82000
v 82.42500 8.66000 -9.82000
v 82.42500 8.94000 -9.82000
v 71.47500 8.94000 -9.82000
f 7849 7850 7851 7852
f 7853 7856 7855 7854
f 7849 7853 7854 7850
f 7852 7851 7855 7856
f 7849 7852 7856 7853
f 7850 7854 7855 7851
o A1_FrontClassroomCorridor4_ObsFrameBottom
usemtl MetalDark
v 71.47500 3.46000 -10.18000
v 82.42500 3.46000 -10.18000
v 82.42500 3.74000 -10.18000
v 71.47500 3.74000 -10.18000
v 71.47500 3.46000 -9.82000
v 82.42500 3.46000 -9.82000
v 82.42500 3.74000 -9.82000
v 71.47500 3.74000 -9.82000
f 7857 7858 7859 7860
f 7861 7864 7863 7862
f 7857 7861 7862 7858
f 7860 7859 7863 7864
f 7857 7860 7864 7861
f 7858 7862 7863 7859
o A1_FrontClassroomCorridor4_ObsMullion
usemtl MetalDark
v 76.87000 3.72500 -10.15000
v 77.03000 3.72500 -10.15000
v 77.03000 8.67500 -10.15000
v 76.87000 8.67500 -10.15000
v 76.87000 3.72500 -9.85000
v 77.03000 3.72500 -9.85000
v 77.03000 8.67500 -9.85000
v 76.87000 8.67500 -9.85000
f 7865 7866 7867 7868
f 7869 7872 7871 7870
f 7865 7869 7870 7866
f 7868 7867 7871 7872
f 7865 7868 7872 7869
f 7866 7870 7871 7867
o A1_FrontClassroomCorridor4_ObsSill
usemtl ConcreteLight
v 71.35000 3.31000 -9.96000
v 82.55000 3.31000 -9.96000
v 82.55000 3.53000 -9.96000
v 71.35000 3.53000 -9.96000
v 71.35000 3.31000 -9.24000
v 82.55000 3.31000 -9.24000
v 82.55000 3.53000 -9.24000
v 71.35000 3.53000 -9.24000
f 7873 7874 7875 7876
f 7877 7880 7879 7878
f 7873 7877 7878 7874
f 7876 7875 7879 7880
f 7873 7876 7880 7877
f 7874 7878 7879 7875
o A1_BackClassroomCorridor1_Solid0
usemtl WhiteBrick
v -92.00000 0.00000 9.50000
v -90.00000 0.00000 9.50000
v -90.00000 14.00000 9.50000
v -92.00000 14.00000 9.50000
v -92.00000 0.00000 10.50000
v -90.00000 0.00000 10.50000
v -90.00000 14.00000 10.50000
v -92.00000 14.00000 10.50000
f 7881 7882 7883 7884
f 7885 7888 7887 7886
f 7881 7885 7886 7882
f 7884 7883 7887 7888
f 7881 7884 7888 7885
f 7882 7886 7887 7883
o A1_BackClassroomCorridor1_Solid1
usemtl WhiteBrick
v -84.20000 0.00000 9.50000
v -82.20000 0.00000 9.50000
v -82.20000 14.00000 9.50000
v -84.20000 14.00000 9.50000
v -84.20000 0.00000 10.50000
v -82.20000 0.00000 10.50000
v -82.20000 14.00000 10.50000
v -84.20000 14.00000 10.50000
f 7889 7890 7891 7892
f 7893 7896 7895 7894
f 7889 7893 7894 7890
f 7892 7891 7895 7896
f 7889 7892 7896 7893
f 7890 7894 7895 7891
o A1_BackClassroomCorridor1_Solid2
usemtl WhiteBrick
v -71.70000 0.00000 9.50000
v -46.00000 0.00000 9.50000
v -46.00000 14.00000 9.50000
v -71.70000 14.00000 9.50000
v -71.70000 0.00000 10.50000
v -46.00000 0.00000 10.50000
v -46.00000 14.00000 10.50000
v -71.70000 14.00000 10.50000
f 7897 7898 7899 7900
f 7901 7904 7903 7902
f 7897 7901 7902 7898
f 7900 7899 7903 7904
f 7897 7900 7904 7901
f 7898 7902 7903 7899
o A1_BackClassroomCorridor1_DoorHeader
usemtl WhiteBrick
v -90.00000 8.80000 9.50000
v -84.20000 8.80000 9.50000
v -84.20000 14.00000 9.50000
v -90.00000 14.00000 9.50000
v -90.00000 8.80000 10.50000
v -84.20000 8.80000 10.50000
v -84.20000 14.00000 10.50000
v -90.00000 14.00000 10.50000
f 7905 7906 7907 7908
f 7909 7912 7911 7910
f 7905 7909 7910 7906
f 7908 7907 7911 7912
f 7905 7908 7912 7909
f 7906 7910 7911 7907
o A1_BackClassroomCorridor1_DoorTrimL
usemtl ConcreteLight
v -90.11000 0.00000 9.67000
v -89.89000 0.00000 9.67000
v -89.89000 8.80000 9.67000
v -90.11000 8.80000 9.67000
v -90.11000 0.00000 9.97000
v -89.89000 0.00000 9.97000
v -89.89000 8.80000 9.97000
v -90.11000 8.80000 9.97000
f 7913 7914 7915 7916
f 7917 7920 7919 7918
f 7913 7917 7918 7914
f 7916 7915 7919 7920
f 7913 7916 7920 7917
f 7914 7918 7919 7915
o A1_BackClassroomCorridor1_DoorTrimR
usemtl ConcreteLight
v -84.31000 0.00000 9.67000
v -84.09000 0.00000 9.67000
v -84.09000 8.80000 9.67000
v -84.31000 8.80000 9.67000
v -84.31000 0.00000 9.97000
v -84.09000 0.00000 9.97000
v -84.09000 8.80000 9.97000
v -84.31000 8.80000 9.97000
f 7921 7922 7923 7924
f 7925 7928 7927 7926
f 7921 7925 7926 7922
f 7924 7923 7927 7928
f 7921 7924 7928 7925
f 7922 7926 7927 7923
o A1_BackClassroomCorridor1_DoorTrimTop
usemtl ConcreteLight
v -90.11000 8.69000 9.67000
v -84.09000 8.69000 9.67000
v -84.09000 8.91000 9.67000
v -90.11000 8.91000 9.67000
v -90.11000 8.69000 9.97000
v -84.09000 8.69000 9.97000
v -84.09000 8.91000 9.97000
v -90.11000 8.91000 9.97000
f 7929 7930 7931 7932
f 7933 7936 7935 7934
f 7929 7933 7934 7930
f 7932 7931 7935 7936
f 7929 7932 7936 7933
f 7930 7934 7935 7931
o A1_BackClassroomCorridor1_ObsBottom
usemtl WhiteBrick
v -82.20000 0.00000 9.50000
v -71.70000 0.00000 9.50000
v -71.70000 3.60000 9.50000
v -82.20000 3.60000 9.50000
v -82.20000 0.00000 10.50000
v -71.70000 0.00000 10.50000
v -71.70000 3.60000 10.50000
v -82.20000 3.60000 10.50000
f 7937 7938 7939 7940
f 7941 7944 7943 7942
f 7937 7941 7942 7938
f 7940 7939 7943 7944
f 7937 7940 7944 7941
f 7938 7942 7943 7939
o A1_BackClassroomCorridor1_ObsTop
usemtl WhiteBrick
v -82.20000 8.80000 9.50000
v -71.70000 8.80000 9.50000
v -71.70000 14.00000 9.50000
v -82.20000 14.00000 9.50000
v -82.20000 8.80000 10.50000
v -71.70000 8.80000 10.50000
v -71.70000 14.00000 10.50000
v -82.20000 14.00000 10.50000
f 7945 7946 7947 7948
f 7949 7952 7951 7950
f 7945 7949 7950 7946
f 7948 7947 7951 7952
f 7945 7948 7952 7949
f 7946 7950 7951 7947
o A1_BackClassroomCorridor1_ObsGlass
usemtl Glass
v -81.96000 3.81000 9.91000
v -71.94000 3.81000 9.91000
v -71.94000 8.59000 9.91000
v -81.96000 8.59000 9.91000
v -81.96000 3.81000 10.09000
v -71.94000 3.81000 10.09000
v -71.94000 8.59000 10.09000
v -81.96000 8.59000 10.09000
f 7953 7954 7955 7956
f 7957 7960 7959 7958
f 7953 7957 7958 7954
f 7956 7955 7959 7960
f 7953 7956 7960 7957
f 7954 7958 7959 7955
o A1_BackClassroomCorridor1_ObsFrameL
usemtl MetalDark
v -82.34000 3.32500 9.82000
v -82.06000 3.32500 9.82000
v -82.06000 9.07500 9.82000
v -82.34000 9.07500 9.82000
v -82.34000 3.32500 10.18000
v -82.06000 3.32500 10.18000
v -82.06000 9.07500 10.18000
v -82.34000 9.07500 10.18000
f 7961 7962 7963 7964
f 7965 7968 7967 7966
f 7961 7965 7966 7962
f 7964 7963 7967 7968
f 7961 7964 7968 7965
f 7962 7966 7967 7963
o A1_BackClassroomCorridor1_ObsFrameR
usemtl MetalDark
v -71.84000 3.32500 9.82000
v -71.56000 3.32500 9.82000
v -71.56000 9.07500 9.82000
v -71.84000 9.07500 9.82000
v -71.84000 3.32500 10.18000
v -71.56000 3.32500 10.18000
v -71.56000 9.07500 10.18000
v -71.84000 9.07500 10.18000
f 7969 7970 7971 7972
f 7973 7976 7975 7974
f 7969 7973 7974 7970
f 7972 7971 7975 7976
f 7969 7972 7976 7973
f 7970 7974 7975 7971
o A1_BackClassroomCorridor1_ObsFrameTop
usemtl MetalDark
v -82.42500 8.66000 9.82000
v -71.47500 8.66000 9.82000
v -71.47500 8.94000 9.82000
v -82.42500 8.94000 9.82000
v -82.42500 8.66000 10.18000
v -71.47500 8.66000 10.18000
v -71.47500 8.94000 10.18000
v -82.42500 8.94000 10.18000
f 7977 7978 7979 7980
f 7981 7984 7983 7982
f 7977 7981 7982 7978
f 7980 7979 7983 7984
f 7977 7980 7984 7981
f 7978 7982 7983 7979
o A1_BackClassroomCorridor1_ObsFrameBottom
usemtl MetalDark
v -82.42500 3.46000 9.82000
v -71.47500 3.46000 9.82000
v -71.47500 3.74000 9.82000
v -82.42500 3.74000 9.82000
v -82.42500 3.46000 10.18000
v -71.47500 3.46000 10.18000
v -71.47500 3.74000 10.18000
v -82.42500 3.74000 10.18000
f 7985 7986 7987 7988
f 7989 7992 7991 7990
f 7985 7989 7990 7986
f 7988 7987 7991 7992
f 7985 7988 7992 7989
f 7986 7990 7991 7987
o A1_BackClassroomCorridor1_ObsMullion
usemtl MetalDark
v -77.03000 3.72500 9.85000
v -76.87000 3.72500 9.85000
v -76.87000 8.67500 9.85000
v -77.03000 8.67500 9.85000
v -77.03000 3.72500 10.15000
v -76.87000 3.72500 10.15000
v -76.87000 8.67500 10.15000
v -77.03000 8.67500 10.15000
f 7993 7994 7995 7996
f 7997 8000 7999 7998
f 7993 7997 7998 7994
f 7996 7995 7999 8000
f 7993 7996 8000 7997
f 7994 7998 7999 7995
o A1_BackClassroomCorridor1_ObsSill
usemtl ConcreteLight
v -82.55000 3.31000 9.24000
v -71.35000 3.31000 9.24000
v -71.35000 3.53000 9.24000
v -82.55000 3.53000 9.24000
v -82.55000 3.31000 9.96000
v -71.35000 3.31000 9.96000
v -71.35000 3.53000 9.96000
v -82.55000 3.53000 9.96000
f 8001 8002 8003 8004
f 8005 8008 8007 8006
f 8001 8005 8006 8002
f 8004 8003 8007 8008
f 8001 8004 8008 8005
f 8002 8006 8007 8003
o A1_BackClassroomCorridor2_Solid0
usemtl WhiteBrick
v -46.00000 0.00000 9.50000
v -44.00000 0.00000 9.50000
v -44.00000 14.00000 9.50000
v -46.00000 14.00000 9.50000
v -46.00000 0.00000 10.50000
v -44.00000 0.00000 10.50000
v -44.00000 14.00000 10.50000
v -46.00000 14.00000 10.50000
f 8009 8010 8011 8012
f 8013 8016 8015 8014
f 8009 8013 8014 8010
f 8012 8011 8015 8016
f 8009 8012 8016 8013
f 8010 8014 8015 8011
o A1_BackClassroomCorridor2_Solid1
usemtl WhiteBrick
v -38.20000 0.00000 9.50000
v -36.20000 0.00000 9.50000
v -36.20000 14.00000 9.50000
v -38.20000 14.00000 9.50000
v -38.20000 0.00000 10.50000
v -36.20000 0.00000 10.50000
v -36.20000 14.00000 10.50000
v -38.20000 14.00000 10.50000
f 8017 8018 8019 8020
f 8021 8024 8023 8022
f 8017 8021 8022 8018
f 8020 8019 8023 8024
f 8017 8020 8024 8021
f 8018 8022 8023 8019
o A1_BackClassroomCorridor2_Solid2
usemtl WhiteBrick
v -25.70000 0.00000 9.50000
v 0.00000 0.00000 9.50000
v 0.00000 14.00000 9.50000
v -25.70000 14.00000 9.50000
v -25.70000 0.00000 10.50000
v 0.00000 0.00000 10.50000
v 0.00000 14.00000 10.50000
v -25.70000 14.00000 10.50000
f 8025 8026 8027 8028
f 8029 8032 8031 8030
f 8025 8029 8030 8026
f 8028 8027 8031 8032
f 8025 8028 8032 8029
f 8026 8030 8031 8027
o A1_BackClassroomCorridor2_DoorHeader
usemtl WhiteBrick
v -44.00000 8.80000 9.50000
v -38.20000 8.80000 9.50000
v -38.20000 14.00000 9.50000
v -44.00000 14.00000 9.50000
v -44.00000 8.80000 10.50000
v -38.20000 8.80000 10.50000
v -38.20000 14.00000 10.50000
v -44.00000 14.00000 10.50000
f 8033 8034 8035 8036
f 8037 8040 8039 8038
f 8033 8037 8038 8034
f 8036 8035 8039 8040
f 8033 8036 8040 8037
f 8034 8038 8039 8035
o A1_BackClassroomCorridor2_DoorTrimL
usemtl ConcreteLight
v -44.11000 0.00000 9.67000
v -43.89000 0.00000 9.67000
v -43.89000 8.80000 9.67000
v -44.11000 8.80000 9.67000
v -44.11000 0.00000 9.97000
v -43.89000 0.00000 9.97000
v -43.89000 8.80000 9.97000
v -44.11000 8.80000 9.97000
f 8041 8042 8043 8044
f 8045 8048 8047 8046
f 8041 8045 8046 8042
f 8044 8043 8047 8048
f 8041 8044 8048 8045
f 8042 8046 8047 8043
o A1_BackClassroomCorridor2_DoorTrimR
usemtl ConcreteLight
v -38.31000 0.00000 9.67000
v -38.09000 0.00000 9.67000
v -38.09000 8.80000 9.67000
v -38.31000 8.80000 9.67000
v -38.31000 0.00000 9.97000
v -38.09000 0.00000 9.97000
v -38.09000 8.80000 9.97000
v -38.31000 8.80000 9.97000
f 8049 8050 8051 8052
f 8053 8056 8055 8054
f 8049 8053 8054 8050
f 8052 8051 8055 8056
f 8049 8052 8056 8053
f 8050 8054 8055 8051
o A1_BackClassroomCorridor2_DoorTrimTop
usemtl ConcreteLight
v -44.11000 8.69000 9.67000
v -38.09000 8.69000 9.67000
v -38.09000 8.91000 9.67000
v -44.11000 8.91000 9.67000
v -44.11000 8.69000 9.97000
v -38.09000 8.69000 9.97000
v -38.09000 8.91000 9.97000
v -44.11000 8.91000 9.97000
f 8057 8058 8059 8060
f 8061 8064 8063 8062
f 8057 8061 8062 8058
f 8060 8059 8063 8064
f 8057 8060 8064 8061
f 8058 8062 8063 8059
o A1_BackClassroomCorridor2_ObsBottom
usemtl WhiteBrick
v -36.20000 0.00000 9.50000
v -25.70000 0.00000 9.50000
v -25.70000 3.60000 9.50000
v -36.20000 3.60000 9.50000
v -36.20000 0.00000 10.50000
v -25.70000 0.00000 10.50000
v -25.70000 3.60000 10.50000
v -36.20000 3.60000 10.50000
f 8065 8066 8067 8068
f 8069 8072 8071 8070
f 8065 8069 8070 8066
f 8068 8067 8071 8072
f 8065 8068 8072 8069
f 8066 8070 8071 8067
o A1_BackClassroomCorridor2_ObsTop
usemtl WhiteBrick
v -36.20000 8.80000 9.50000
v -25.70000 8.80000 9.50000
v -25.70000 14.00000 9.50000
v -36.20000 14.00000 9.50000
v -36.20000 8.80000 10.50000
v -25.70000 8.80000 10.50000
v -25.70000 14.00000 10.50000
v -36.20000 14.00000 10.50000
f 8073 8074 8075 8076
f 8077 8080 8079 8078
f 8073 8077 8078 8074
f 8076 8075 8079 8080
f 8073 8076 8080 8077
f 8074 8078 8079 8075
o A1_BackClassroomCorridor2_ObsGlass
usemtl Glass
v -35.96000 3.81000 9.91000
v -25.94000 3.81000 9.91000
v -25.94000 8.59000 9.91000
v -35.96000 8.59000 9.91000
v -35.96000 3.81000 10.09000
v -25.94000 3.81000 10.09000
v -25.94000 8.59000 10.09000
v -35.96000 8.59000 10.09000
f 8081 8082 8083 8084
f 8085 8088 8087 8086
f 8081 8085 8086 8082
f 8084 8083 8087 8088
f 8081 8084 8088 8085
f 8082 8086 8087 8083
o A1_BackClassroomCorridor2_ObsFrameL
usemtl MetalDark
v -36.34000 3.32500 9.82000
v -36.06000 3.32500 9.82000
v -36.06000 9.07500 9.82000
v -36.34000 9.07500 9.82000
v -36.34000 3.32500 10.18000
v -36.06000 3.32500 10.18000
v -36.06000 9.07500 10.18000
v -36.34000 9.07500 10.18000
f 8089 8090 8091 8092
f 8093 8096 8095 8094
f 8089 8093 8094 8090
f 8092 8091 8095 8096
f 8089 8092 8096 8093
f 8090 8094 8095 8091
o A1_BackClassroomCorridor2_ObsFrameR
usemtl MetalDark
v -25.84000 3.32500 9.82000
v -25.56000 3.32500 9.82000
v -25.56000 9.07500 9.82000
v -25.84000 9.07500 9.82000
v -25.84000 3.32500 10.18000
v -25.56000 3.32500 10.18000
v -25.56000 9.07500 10.18000
v -25.84000 9.07500 10.18000
f 8097 8098 8099 8100
f 8101 8104 8103 8102
f 8097 8101 8102 8098
f 8100 8099 8103 8104
f 8097 8100 8104 8101
f 8098 8102 8103 8099
o A1_BackClassroomCorridor2_ObsFrameTop
usemtl MetalDark
v -36.42500 8.66000 9.82000
v -25.47500 8.66000 9.82000
v -25.47500 8.94000 9.82000
v -36.42500 8.94000 9.82000
v -36.42500 8.66000 10.18000
v -25.47500 8.66000 10.18000
v -25.47500 8.94000 10.18000
v -36.42500 8.94000 10.18000
f 8105 8106 8107 8108
f 8109 8112 8111 8110
f 8105 8109 8110 8106
f 8108 8107 8111 8112
f 8105 8108 8112 8109
f 8106 8110 8111 8107
o A1_BackClassroomCorridor2_ObsFrameBottom
usemtl MetalDark
v -36.42500 3.46000 9.82000
v -25.47500 3.46000 9.82000
v -25.47500 3.74000 9.82000
v -36.42500 3.74000 9.82000
v -36.42500 3.46000 10.18000
v -25.47500 3.46000 10.18000
v -25.47500 3.74000 10.18000
v -36.42500 3.74000 10.18000
f 8113 8114 8115 8116
f 8117 8120 8119 8118
f 8113 8117 8118 8114
f 8116 8115 8119 8120
f 8113 8116 8120 8117
f 8114 8118 8119 8115
o A1_BackClassroomCorridor2_ObsMullion
usemtl MetalDark
v -31.03000 3.72500 9.85000
v -30.87000 3.72500 9.85000
v -30.87000 8.67500 9.85000
v -31.03000 8.67500 9.85000
v -31.03000 3.72500 10.15000
v -30.87000 3.72500 10.15000
v -30.87000 8.67500 10.15000
v -31.03000 8.67500 10.15000
f 8121 8122 8123 8124
f 8125 8128 8127 8126
f 8121 8125 8126 8122
f 8124 8123 8127 8128
f 8121 8124 8128 8125
f 8122 8126 8127 8123
o A1_BackClassroomCorridor2_ObsSill
usemtl ConcreteLight
v -36.55000 3.31000 9.24000
v -25.35000 3.31000 9.24000
v -25.35000 3.53000 9.24000
v -36.55000 3.53000 9.24000
v -36.55000 3.31000 9.96000
v -25.35000 3.31000 9.96000
v -25.35000 3.53000 9.96000
v -36.55000 3.53000 9.96000
f 8129 8130 8131 8132
f 8133 8136 8135 8134
f 8129 8133 8134 8130
f 8132 8131 8135 8136
f 8129 8132 8136 8133
f 8130 8134 8135 8131
o A1_BackClassroomCorridor3_Solid0
usemtl WhiteBrick
v 0.00000 0.00000 9.50000
v 25.70000 0.00000 9.50000
v 25.70000 14.00000 9.50000
v 0.00000 14.00000 9.50000
v 0.00000 0.00000 10.50000
v 25.70000 0.00000 10.50000
v 25.70000 14.00000 10.50000
v 0.00000 14.00000 10.50000
f 8137 8138 8139 8140
f 8141 8144 8143 8142
f 8137 8141 8142 8138
f 8140 8139 8143 8144
f 8137 8140 8144 8141
f 8138 8142 8143 8139
o A1_BackClassroomCorridor3_Solid1
usemtl WhiteBrick
v 36.20000 0.00000 9.50000
v 38.20000 0.00000 9.50000
v 38.20000 14.00000 9.50000
v 36.20000 14.00000 9.50000
v 36.20000 0.00000 10.50000
v 38.20000 0.00000 10.50000
v 38.20000 14.00000 10.50000
v 36.20000 14.00000 10.50000
f 8145 8146 8147 8148
f 8149 8152 8151 8150
f 8145 8149 8150 8146
f 8148 8147 8151 8152
f 8145 8148 8152 8149
f 8146 8150 8151 8147
o A1_BackClassroomCorridor3_Solid2
usemtl WhiteBrick
v 44.00000 0.00000 9.50000
v 46.00000 0.00000 9.50000
v 46.00000 14.00000 9.50000
v 44.00000 14.00000 9.50000
v 44.00000 0.00000 10.50000
v 46.00000 0.00000 10.50000
v 46.00000 14.00000 10.50000
v 44.00000 14.00000 10.50000
f 8153 8154 8155 8156
f 8157 8160 8159 8158
f 8153 8157 8158 8154
f 8156 8155 8159 8160
f 8153 8156 8160 8157
f 8154 8158 8159 8155
o A1_BackClassroomCorridor3_DoorHeader
usemtl WhiteBrick
v 38.20000 8.80000 9.50000
v 44.00000 8.80000 9.50000
v 44.00000 14.00000 9.50000
v 38.20000 14.00000 9.50000
v 38.20000 8.80000 10.50000
v 44.00000 8.80000 10.50000
v 44.00000 14.00000 10.50000
v 38.20000 14.00000 10.50000
f 8161 8162 8163 8164
f 8165 8168 8167 8166
f 8161 8165 8166 8162
f 8164 8163 8167 8168
f 8161 8164 8168 8165
f 8162 8166 8167 8163
o A1_BackClassroomCorridor3_DoorTrimL
usemtl ConcreteLight
v 38.09000 0.00000 9.67000
v 38.31000 0.00000 9.67000
v 38.31000 8.80000 9.67000
v 38.09000 8.80000 9.67000
v 38.09000 0.00000 9.97000
v 38.31000 0.00000 9.97000
v 38.31000 8.80000 9.97000
v 38.09000 8.80000 9.97000
f 8169 8170 8171 8172
f 8173 8176 8175 8174
f 8169 8173 8174 8170
f 8172 8171 8175 8176
f 8169 8172 8176 8173
f 8170 8174 8175 8171
o A1_BackClassroomCorridor3_DoorTrimR
usemtl ConcreteLight
v 43.89000 0.00000 9.67000
v 44.11000 0.00000 9.67000
v 44.11000 8.80000 9.67000
v 43.89000 8.80000 9.67000
v 43.89000 0.00000 9.97000
v 44.11000 0.00000 9.97000
v 44.11000 8.80000 9.97000
v 43.89000 8.80000 9.97000
f 8177 8178 8179 8180
f 8181 8184 8183 8182
f 8177 8181 8182 8178
f 8180 8179 8183 8184
f 8177 8180 8184 8181
f 8178 8182 8183 8179
o A1_BackClassroomCorridor3_DoorTrimTop
usemtl ConcreteLight
v 38.09000 8.69000 9.67000
v 44.11000 8.69000 9.67000
v 44.11000 8.91000 9.67000
v 38.09000 8.91000 9.67000
v 38.09000 8.69000 9.97000
v 44.11000 8.69000 9.97000
v 44.11000 8.91000 9.97000
v 38.09000 8.91000 9.97000
f 8185 8186 8187 8188
f 8189 8192 8191 8190
f 8185 8189 8190 8186
f 8188 8187 8191 8192
f 8185 8188 8192 8189
f 8186 8190 8191 8187
o A1_BackClassroomCorridor3_ObsBottom
usemtl WhiteBrick
v 25.70000 0.00000 9.50000
v 36.20000 0.00000 9.50000
v 36.20000 3.60000 9.50000
v 25.70000 3.60000 9.50000
v 25.70000 0.00000 10.50000
v 36.20000 0.00000 10.50000
v 36.20000 3.60000 10.50000
v 25.70000 3.60000 10.50000
f 8193 8194 8195 8196
f 8197 8200 8199 8198
f 8193 8197 8198 8194
f 8196 8195 8199 8200
f 8193 8196 8200 8197
f 8194 8198 8199 8195
o A1_BackClassroomCorridor3_ObsTop
usemtl WhiteBrick
v 25.70000 8.80000 9.50000
v 36.20000 8.80000 9.50000
v 36.20000 14.00000 9.50000
v 25.70000 14.00000 9.50000
v 25.70000 8.80000 10.50000
v 36.20000 8.80000 10.50000
v 36.20000 14.00000 10.50000
v 25.70000 14.00000 10.50000
f 8201 8202 8203 8204
f 8205 8208 8207 8206
f 8201 8205 8206 8202
f 8204 8203 8207 8208
f 8201 8204 8208 8205
f 8202 8206 8207 8203
o A1_BackClassroomCorridor3_ObsGlass
usemtl Glass
v 25.94000 3.81000 9.91000
v 35.96000 3.81000 9.91000
v 35.96000 8.59000 9.91000
v 25.94000 8.59000 9.91000
v 25.94000 3.81000 10.09000
v 35.96000 3.81000 10.09000
v 35.96000 8.59000 10.09000
v 25.94000 8.59000 10.09000
f 8209 8210 8211 8212
f 8213 8216 8215 8214
f 8209 8213 8214 8210
f 8212 8211 8215 8216
f 8209 8212 8216 8213
f 8210 8214 8215 8211
o A1_BackClassroomCorridor3_ObsFrameL
usemtl MetalDark
v 25.56000 3.32500 9.82000
v 25.84000 3.32500 9.82000
v 25.84000 9.07500 9.82000
v 25.56000 9.07500 9.82000
v 25.56000 3.32500 10.18000
v 25.84000 3.32500 10.18000
v 25.84000 9.07500 10.18000
v 25.56000 9.07500 10.18000
f 8217 8218 8219 8220
f 8221 8224 8223 8222
f 8217 8221 8222 8218
f 8220 8219 8223 8224
f 8217 8220 8224 8221
f 8218 8222 8223 8219
o A1_BackClassroomCorridor3_ObsFrameR
usemtl MetalDark
v 36.06000 3.32500 9.82000
v 36.34000 3.32500 9.82000
v 36.34000 9.07500 9.82000
v 36.06000 9.07500 9.82000
v 36.06000 3.32500 10.18000
v 36.34000 3.32500 10.18000
v 36.34000 9.07500 10.18000
v 36.06000 9.07500 10.18000
f 8225 8226 8227 8228
f 8229 8232 8231 8230
f 8225 8229 8230 8226
f 8228 8227 8231 8232
f 8225 8228 8232 8229
f 8226 8230 8231 8227
o A1_BackClassroomCorridor3_ObsFrameTop
usemtl MetalDark
v 25.47500 8.66000 9.82000
v 36.42500 8.66000 9.82000
v 36.42500 8.94000 9.82000
v 25.47500 8.94000 9.82000
v 25.47500 8.66000 10.18000
v 36.42500 8.66000 10.18000
v 36.42500 8.94000 10.18000
v 25.47500 8.94000 10.18000
f 8233 8234 8235 8236
f 8237 8240 8239 8238
f 8233 8237 8238 8234
f 8236 8235 8239 8240
f 8233 8236 8240 8237
f 8234 8238 8239 8235
o A1_BackClassroomCorridor3_ObsFrameBottom
usemtl MetalDark
v 25.47500 3.46000 9.82000
v 36.42500 3.46000 9.82000
v 36.42500 3.74000 9.82000
v 25.47500 3.74000 9.82000
v 25.47500 3.46000 10.18000
v 36.42500 3.46000 10.18000
v 36.42500 3.74000 10.18000
v 25.47500 3.74000 10.18000
f 8241 8242 8243 8244
f 8245 8248 8247 8246
f 8241 8245 8246 8242
f 8244 8243 8247 8248
f 8241 8244 8248 8245
f 8242 8246 8247 8243
o A1_BackClassroomCorridor3_ObsMullion
usemtl MetalDark
v 30.87000 3.72500 9.85000
v 31.03000 3.72500 9.85000
v 31.03000 8.67500 9.85000
v 30.87000 8.67500 9.85000
v 30.87000 3.72500 10.15000
v 31.03000 3.72500 10.15000
v 31.03000 8.67500 10.15000
v 30.87000 8.67500 10.15000
f 8249 8250 8251 8252
f 8253 8256 8255 8254
f 8249 8253 8254 8250
f 8252 8251 8255 8256
f 8249 8252 8256 8253
f 8250 8254 8255 8251
o A1_BackClassroomCorridor3_ObsSill
usemtl ConcreteLight
v 25.35000 3.31000 9.24000
v 36.55000 3.31000 9.24000
v 36.55000 3.53000 9.24000
v 25.35000 3.53000 9.24000
v 25.35000 3.31000 9.96000
v 36.55000 3.31000 9.96000
v 36.55000 3.53000 9.96000
v 25.35000 3.53000 9.96000
f 8257 8258 8259 8260
f 8261 8264 8263 8262
f 8257 8261 8262 8258
f 8260 8259 8263 8264
f 8257 8260 8264 8261
f 8258 8262 8263 8259
o A1_BackClassroomCorridor4_Solid0
usemtl WhiteBrick
v 46.00000 0.00000 9.50000
v 71.70000 0.00000 9.50000
v 71.70000 14.00000 9.50000
v 46.00000 14.00000 9.50000
v 46.00000 0.00000 10.50000
v 71.70000 0.00000 10.50000
v 71.70000 14.00000 10.50000
v 46.00000 14.00000 10.50000
f 8265 8266 8267 8268
f 8269 8272 8271 8270
f 8265 8269 8270 8266
f 8268 8267 8271 8272
f 8265 8268 8272 8269
f 8266 8270 8271 8267
o A1_BackClassroomCorridor4_Solid1
usemtl WhiteBrick
v 82.20000 0.00000 9.50000
v 84.20000 0.00000 9.50000
v 84.20000 14.00000 9.50000
v 82.20000 14.00000 9.50000
v 82.20000 0.00000 10.50000
v 84.20000 0.00000 10.50000
v 84.20000 14.00000 10.50000
v 82.20000 14.00000 10.50000
f 8273 8274 8275 8276
f 8277 8280 8279 8278
f 8273 8277 8278 8274
f 8276 8275 8279 8280
f 8273 8276 8280 8277
f 8274 8278 8279 8275
o A1_BackClassroomCorridor4_Solid2
usemtl WhiteBrick
v 90.00000 0.00000 9.50000
v 92.00000 0.00000 9.50000
v 92.00000 14.00000 9.50000
v 90.00000 14.00000 9.50000
v 90.00000 0.00000 10.50000
v 92.00000 0.00000 10.50000
v 92.00000 14.00000 10.50000
v 90.00000 14.00000 10.50000
f 8281 8282 8283 8284
f 8285 8288 8287 8286
f 8281 8285 8286 8282
f 8284 8283 8287 8288
f 8281 8284 8288 8285
f 8282 8286 8287 8283
o A1_BackClassroomCorridor4_DoorHeader
usemtl WhiteBrick
v 84.20000 8.80000 9.50000
v 90.00000 8.80000 9.50000
v 90.00000 14.00000 9.50000
v 84.20000 14.00000 9.50000
v 84.20000 8.80000 10.50000
v 90.00000 8.80000 10.50000
v 90.00000 14.00000 10.50000
v 84.20000 14.00000 10.50000
f 8289 8290 8291 8292
f 8293 8296 8295 8294
f 8289 8293 8294 8290
f 8292 8291 8295 8296
f 8289 8292 8296 8293
f 8290 8294 8295 8291
o A1_BackClassroomCorridor4_DoorTrimL
usemtl ConcreteLight
v 84.09000 0.00000 9.67000
v 84.31000 0.00000 9.67000
v 84.31000 8.80000 9.67000
v 84.09000 8.80000 9.67000
v 84.09000 0.00000 9.97000
v 84.31000 0.00000 9.97000
v 84.31000 8.80000 9.97000
v 84.09000 8.80000 9.97000
f 8297 8298 8299 8300
f 8301 8304 8303 8302
f 8297 8301 8302 8298
f 8300 8299 8303 8304
f 8297 8300 8304 8301
f 8298 8302 8303 8299
o A1_BackClassroomCorridor4_DoorTrimR
usemtl ConcreteLight
v 89.89000 0.00000 9.67000
v 90.11000 0.00000 9.67000
v 90.11000 8.80000 9.67000
v 89.89000 8.80000 9.67000
v 89.89000 0.00000 9.97000
v 90.11000 0.00000 9.97000
v 90.11000 8.80000 9.97000
v 89.89000 8.80000 9.97000
f 8305 8306 8307 8308
f 8309 8312 8311 8310
f 8305 8309 8310 8306
f 8308 8307 8311 8312
f 8305 8308 8312 8309
f 8306 8310 8311 8307
o A1_BackClassroomCorridor4_DoorTrimTop
usemtl ConcreteLight
v 84.09000 8.69000 9.67000
v 90.11000 8.69000 9.67000
v 90.11000 8.91000 9.67000
v 84.09000 8.91000 9.67000
v 84.09000 8.69000 9.97000
v 90.11000 8.69000 9.97000
v 90.11000 8.91000 9.97000
v 84.09000 8.91000 9.97000
f 8313 8314 8315 8316
f 8317 8320 8319 8318
f 8313 8317 8318 8314
f 8316 8315 8319 8320
f 8313 8316 8320 8317
f 8314 8318 8319 8315
o A1_BackClassroomCorridor4_ObsBottom
usemtl WhiteBrick
v 71.70000 0.00000 9.50000
v 82.20000 0.00000 9.50000
v 82.20000 3.60000 9.50000
v 71.70000 3.60000 9.50000
v 71.70000 0.00000 10.50000
v 82.20000 0.00000 10.50000
v 82.20000 3.60000 10.50000
v 71.70000 3.60000 10.50000
f 8321 8322 8323 8324
f 8325 8328 8327 8326
f 8321 8325 8326 8322
f 8324 8323 8327 8328
f 8321 8324 8328 8325
f 8322 8326 8327 8323
o A1_BackClassroomCorridor4_ObsTop
usemtl WhiteBrick
v 71.70000 8.80000 9.50000
v 82.20000 8.80000 9.50000
v 82.20000 14.00000 9.50000
v 71.70000 14.00000 9.50000
v 71.70000 8.80000 10.50000
v 82.20000 8.80000 10.50000
v 82.20000 14.00000 10.50000
v 71.70000 14.00000 10.50000
f 8329 8330 8331 8332
f 8333 8336 8335 8334
f 8329 8333 8334 8330
f 8332 8331 8335 8336
f 8329 8332 8336 8333
f 8330 8334 8335 8331
o A1_BackClassroomCorridor4_ObsGlass
usemtl Glass
v 71.94000 3.81000 9.91000
v 81.96000 3.81000 9.91000
v 81.96000 8.59000 9.91000
v 71.94000 8.59000 9.91000
v 71.94000 3.81000 10.09000
v 81.96000 3.81000 10.09000
v 81.96000 8.59000 10.09000
v 71.94000 8.59000 10.09000
f 8337 8338 8339 8340
f 8341 8344 8343 8342
f 8337 8341 8342 8338
f 8340 8339 8343 8344
f 8337 8340 8344 8341
f 8338 8342 8343 8339
o A1_BackClassroomCorridor4_ObsFrameL
usemtl MetalDark
v 71.56000 3.32500 9.82000
v 71.84000 3.32500 9.82000
v 71.84000 9.07500 9.82000
v 71.56000 9.07500 9.82000
v 71.56000 3.32500 10.18000
v 71.84000 3.32500 10.18000
v 71.84000 9.07500 10.18000
v 71.56000 9.07500 10.18000
f 8345 8346 8347 8348
f 8349 8352 8351 8350
f 8345 8349 8350 8346
f 8348 8347 8351 8352
f 8345 8348 8352 8349
f 8346 8350 8351 8347
o A1_BackClassroomCorridor4_ObsFrameR
usemtl MetalDark
v 82.06000 3.32500 9.82000
v 82.34000 3.32500 9.82000
v 82.34000 9.07500 9.82000
v 82.06000 9.07500 9.82000
v 82.06000 3.32500 10.18000
v 82.34000 3.32500 10.18000
v 82.34000 9.07500 10.18000
v 82.06000 9.07500 10.18000
f 8353 8354 8355 8356
f 8357 8360 8359 8358
f 8353 8357 8358 8354
f 8356 8355 8359 8360
f 8353 8356 8360 8357
f 8354 8358 8359 8355
o A1_BackClassroomCorridor4_ObsFrameTop
usemtl MetalDark
v 71.47500 8.66000 9.82000
v 82.42500 8.66000 9.82000
v 82.42500 8.94000 9.82000
v 71.47500 8.94000 9.82000
v 71.47500 8.66000 10.18000
v 82.42500 8.66000 10.18000
v 82.42500 8.94000 10.18000
v 71.47500 8.94000 10.18000
f 8361 8362 8363 8364
f 8365 8368 8367 8366
f 8361 8365 8366 8362
f 8364 8363 8367 8368
f 8361 8364 8368 8365
f 8362 8366 8367 8363
o A1_BackClassroomCorridor4_ObsFrameBottom
usemtl MetalDark
v 71.47500 3.46000 9.82000
v 82.42500 3.46000 9.82000
v 82.42500 3.74000 9.82000
v 71.47500 3.74000 9.82000
v 71.47500 3.46000 10.18000
v 82.42500 3.46000 10.18000
v 82.42500 3.74000 10.18000
v 71.47500 3.74000 10.18000
f 8369 8370 8371 8372
f 8373 8376 8375 8374
f 8369 8373 8374 8370
f 8372 8371 8375 8376
f 8369 8372 8376 8373
f 8370 8374 8375 8371
o A1_BackClassroomCorridor4_ObsMullion
usemtl MetalDark
v 76.87000 3.72500 9.85000
v 77.03000 3.72500 9.85000
v 77.03000 8.67500 9.85000
v 76.87000 8.67500 9.85000
v 76.87000 3.72500 10.15000
v 77.03000 3.72500 10.15000
v 77.03000 8.67500 10.15000
v 76.87000 8.67500 10.15000
f 8377 8378 8379 8380
f 8381 8384 8383 8382
f 8377 8381 8382 8378
f 8380 8379 8383 8384
f 8377 8380 8384 8381
f 8378 8382 8383 8379
o A1_BackClassroomCorridor4_ObsSill
usemtl ConcreteLight
v 71.35000 3.31000 9.24000
v 82.55000 3.31000 9.24000
v 82.55000 3.53000 9.24000
v 71.35000 3.53000 9.24000
v 71.35000 3.31000 9.96000
v 82.55000 3.31000 9.96000
v 82.55000 3.53000 9.96000
v 71.35000 3.53000 9.96000
f 8385 8386 8387 8388
f 8389 8392 8391 8390
f 8385 8389 8390 8386
f 8388 8387 8391 8392
f 8385 8388 8392 8389
f 8386 8390 8391 8387
o A2_FrontClassroomCorridor1_Solid0
usemtl WhiteBrick
v -92.00000 14.00000 -10.50000
v -90.00000 14.00000 -10.50000
v -90.00000 28.00000 -10.50000
v -92.00000 28.00000 -10.50000
v -92.00000 14.00000 -9.50000
v -90.00000 14.00000 -9.50000
v -90.00000 28.00000 -9.50000
v -92.00000 28.00000 -9.50000
f 8393 8394 8395 8396
f 8397 8400 8399 8398
f 8393 8397 8398 8394
f 8396 8395 8399 8400
f 8393 8396 8400 8397
f 8394 8398 8399 8395
o A2_FrontClassroomCorridor1_Solid1
usemtl WhiteBrick
v -84.20000 14.00000 -10.50000
v -82.20000 14.00000 -10.50000
v -82.20000 28.00000 -10.50000
v -84.20000 28.00000 -10.50000
v -84.20000 14.00000 -9.50000
v -82.20000 14.00000 -9.50000
v -82.20000 28.00000 -9.50000
v -84.20000 28.00000 -9.50000
f 8401 8402 8403 8404
f 8405 8408 8407 8406
f 8401 8405 8406 8402
f 8404 8403 8407 8408
f 8401 8404 8408 8405
f 8402 8406 8407 8403
o A2_FrontClassroomCorridor1_Solid2
usemtl WhiteBrick
v -71.70000 14.00000 -10.50000
v -54.00000 14.00000 -10.50000
v -54.00000 28.00000 -10.50000
v -71.70000 28.00000 -10.50000
v -71.70000 14.00000 -9.50000
v -54.00000 14.00000 -9.50000
v -54.00000 28.00000 -9.50000
v -71.70000 28.00000 -9.50000
f 8409 8410 8411 8412
f 8413 8416 8415 8414
f 8409 8413 8414 8410
f 8412 8411 8415 8416
f 8409 8412 8416 8413
f 8410 8414 8415 8411
o A2_FrontClassroomCorridor1_DoorHeader
usemtl WhiteBrick
v -90.00000 22.80000 -10.50000
v -84.20000 22.80000 -10.50000
v -84.20000 28.00000 -10.50000
v -90.00000 28.00000 -10.50000
v -90.00000 22.80000 -9.50000
v -84.20000 22.80000 -9.50000
v -84.20000 28.00000 -9.50000
v -90.00000 28.00000 -9.50000
f 8417 8418 8419 8420
f 8421 8424 8423 8422
f 8417 8421 8422 8418
f 8420 8419 8423 8424
f 8417 8420 8424 8421
f 8418 8422 8423 8419
o A2_FrontClassroomCorridor1_DoorTrimL
usemtl ConcreteLight
v -90.11000 14.00000 -9.97000
v -89.89000 14.00000 -9.97000
v -89.89000 22.80000 -9.97000
v -90.11000 22.80000 -9.97000
v -90.11000 14.00000 -9.67000
v -89.89000 14.00000 -9.67000
v -89.89000 22.80000 -9.67000
v -90.11000 22.80000 -9.67000
f 8425 8426 8427 8428
f 8429 8432 8431 8430
f 8425 8429 8430 8426
f 8428 8427 8431 8432
f 8425 8428 8432 8429
f 8426 8430 8431 8427
o A2_FrontClassroomCorridor1_DoorTrimR
usemtl ConcreteLight
v -84.31000 14.00000 -9.97000
v -84.09000 14.00000 -9.97000
v -84.09000 22.80000 -9.97000
v -84.31000 22.80000 -9.97000
v -84.31000 14.00000 -9.67000
v -84.09000 14.00000 -9.67000
v -84.09000 22.80000 -9.67000
v -84.31000 22.80000 -9.67000
f 8433 8434 8435 8436
f 8437 8440 8439 8438
f 8433 8437 8438 8434
f 8436 8435 8439 8440
f 8433 8436 8440 8437
f 8434 8438 8439 8435
o A2_FrontClassroomCorridor1_DoorTrimTop
usemtl ConcreteLight
v -90.11000 22.69000 -9.97000
v -84.09000 22.69000 -9.97000
v -84.09000 22.91000 -9.97000
v -90.11000 22.91000 -9.97000
v -90.11000 22.69000 -9.67000
v -84.09000 22.69000 -9.67000
v -84.09000 22.91000 -9.67000
v -90.11000 22.91000 -9.67000
f 8441 8442 8443 8444
f 8445 8448 8447 8446
f 8441 8445 8446 8442
f 8444 8443 8447 8448
f 8441 8444 8448 8445
f 8442 8446 8447 8443
o A2_FrontClassroomCorridor1_ObsBottom
usemtl WhiteBrick
v -82.20000 14.00000 -10.50000
v -71.70000 14.00000 -10.50000
v -71.70000 17.60000 -10.50000
v -82.20000 17.60000 -10.50000
v -82.20000 14.00000 -9.50000
v -71.70000 14.00000 -9.50000
v -71.70000 17.60000 -9.50000
v -82.20000 17.60000 -9.50000
f 8449 8450 8451 8452
f 8453 8456 8455 8454
f 8449 8453 8454 8450
f 8452 8451 8455 8456
f 8449 8452 8456 8453
f 8450 8454 8455 8451
o A2_FrontClassroomCorridor1_ObsTop
usemtl WhiteBrick
v -82.20000 22.80000 -10.50000
v -71.70000 22.80000 -10.50000
v -71.70000 28.00000 -10.50000
v -82.20000 28.00000 -10.50000
v -82.20000 22.80000 -9.50000
v -71.70000 22.80000 -9.50000
v -71.70000 28.00000 -9.50000
v -82.20000 28.00000 -9.50000
f 8457 8458 8459 8460
f 8461 8464 8463 8462
f 8457 8461 8462 8458
f 8460 8459 8463 8464
f 8457 8460 8464 8461
f 8458 8462 8463 8459
o A2_FrontClassroomCorridor1_ObsGlass
usemtl Glass
v -81.96000 17.81000 -10.09000
v -71.94000 17.81000 -10.09000
v -71.94000 22.59000 -10.09000
v -81.96000 22.59000 -10.09000
v -81.96000 17.81000 -9.91000
v -71.94000 17.81000 -9.91000
v -71.94000 22.59000 -9.91000
v -81.96000 22.59000 -9.91000
f 8465 8466 8467 8468
f 8469 8472 8471 8470
f 8465 8469 8470 8466
f 8468 8467 8471 8472
f 8465 8468 8472 8469
f 8466 8470 8471 8467
o A2_FrontClassroomCorridor1_ObsFrameL
usemtl MetalDark
v -82.34000 17.32500 -10.18000
v -82.06000 17.32500 -10.18000
v -82.06000 23.07500 -10.18000
v -82.34000 23.07500 -10.18000
v -82.34000 17.32500 -9.82000
v -82.06000 17.32500 -9.82000
v -82.06000 23.07500 -9.82000
v -82.34000 23.07500 -9.82000
f 8473 8474 8475 8476
f 8477 8480 8479 8478
f 8473 8477 8478 8474
f 8476 8475 8479 8480
f 8473 8476 8480 8477
f 8474 8478 8479 8475
o A2_FrontClassroomCorridor1_ObsFrameR
usemtl MetalDark
v -71.84000 17.32500 -10.18000
v -71.56000 17.32500 -10.18000
v -71.56000 23.07500 -10.18000
v -71.84000 23.07500 -10.18000
v -71.84000 17.32500 -9.82000
v -71.56000 17.32500 -9.82000
v -71.56000 23.07500 -9.82000
v -71.84000 23.07500 -9.82000
f 8481 8482 8483 8484
f 8485 8488 8487 8486
f 8481 8485 8486 8482
f 8484 8483 8487 8488
f 8481 8484 8488 8485
f 8482 8486 8487 8483
o A2_FrontClassroomCorridor1_ObsFrameTop
usemtl MetalDark
v -82.42500 22.66000 -10.18000
v -71.47500 22.66000 -10.18000
v -71.47500 22.94000 -10.18000
v -82.42500 22.94000 -10.18000
v -82.42500 22.66000 -9.82000
v -71.47500 22.66000 -9.82000
v -71.47500 22.94000 -9.82000
v -82.42500 22.94000 -9.82000
f 8489 8490 8491 8492
f 8493 8496 8495 8494
f 8489 8493 8494 8490
f 8492 8491 8495 8496
f 8489 8492 8496 8493
f 8490 8494 8495 8491
o A2_FrontClassroomCorridor1_ObsFrameBottom
usemtl MetalDark
v -82.42500 17.46000 -10.18000
v -71.47500 17.46000 -10.18000
v -71.47500 17.74000 -10.18000
v -82.42500 17.74000 -10.18000
v -82.42500 17.46000 -9.82000
v -71.47500 17.46000 -9.82000
v -71.47500 17.74000 -9.82000
v -82.42500 17.74000 -9.82000
f 8497 8498 8499 8500
f 8501 8504 8503 8502
f 8497 8501 8502 8498
f 8500 8499 8503 8504
f 8497 8500 8504 8501
f 8498 8502 8503 8499
o A2_FrontClassroomCorridor1_ObsMullion
usemtl MetalDark
v -77.03000 17.72500 -10.15000
v -76.87000 17.72500 -10.15000
v -76.87000 22.67500 -10.15000
v -77.03000 22.67500 -10.15000
v -77.03000 17.72500 -9.85000
v -76.87000 17.72500 -9.85000
v -76.87000 22.67500 -9.85000
v -77.03000 22.67500 -9.85000
f 8505 8506 8507 8508
f 8509 8512 8511 8510
f 8505 8509 8510 8506
f 8508 8507 8511 8512
f 8505 8508 8512 8509
f 8506 8510 8511 8507
o A2_FrontClassroomCorridor1_ObsSill
usemtl ConcreteLight
v -82.55000 17.31000 -9.96000
v -71.35000 17.31000 -9.96000
v -71.35000 17.53000 -9.96000
v -82.55000 17.53000 -9.96000
v -82.55000 17.31000 -9.24000
v -71.35000 17.31000 -9.24000
v -71.35000 17.53000 -9.24000
v -82.55000 17.53000 -9.24000
f 8513 8514 8515 8516
f 8517 8520 8519 8518
f 8513 8517 8518 8514
f 8516 8515 8519 8520
f 8513 8516 8520 8517
f 8514 8518 8519 8515
o A2_FrontClassroomCorridor2_Solid0
usemtl WhiteBrick
v -54.00000 14.00000 -10.50000
v -36.30000 14.00000 -10.50000
v -36.30000 28.00000 -10.50000
v -54.00000 28.00000 -10.50000
v -54.00000 14.00000 -9.50000
v -36.30000 14.00000 -9.50000
v -36.30000 28.00000 -9.50000
v -54.00000 28.00000 -9.50000
f 8521 8522 8523 8524
f 8525 8528 8527 8526
f 8521 8525 8526 8522
f 8524 8523 8527 8528
f 8521 8524 8528 8525
f 8522 8526 8527 8523
o A2_FrontClassroomCorridor2_Solid1
usemtl WhiteBrick
v -25.80000 14.00000 -10.50000
v -23.80000 14.00000 -10.50000
v -23.80000 28.00000 -10.50000
v -25.80000 28.00000 -10.50000
v -25.80000 14.00000 -9.50000
v -23.80000 14.00000 -9.50000
v -23.80000 28.00000 -9.50000
v -25.80000 28.00000 -9.50000
f 8529 8530 8531 8532
f 8533 8536 8535 8534
f 8529 8533 8534 8530
f 8532 8531 8535 8536
f 8529 8532 8536 8533
f 8530 8534 8535 8531
o A2_FrontClassroomCorridor2_Solid2
usemtl WhiteBrick
v -18.00000 14.00000 -10.50000
v -16.00000 14.00000 -10.50000
v -16.00000 28.00000 -10.50000
v -18.00000 28.00000 -10.50000
v -18.00000 14.00000 -9.50000
v -16.00000 14.00000 -9.50000
v -16.00000 28.00000 -9.50000
v -18.00000 28.00000 -9.50000
f 8537 8538 8539 8540
f 8541 8544 8543 8542
f 8537 8541 8542 8538
f 8540 8539 8543 8544
f 8537 8540 8544 8541
f 8538 8542 8543 8539
o A2_FrontClassroomCorridor2_DoorHeader
usemtl WhiteBrick
v -23.80000 22.80000 -10.50000
v -18.00000 22.80000 -10.50000
v -18.00000 28.00000 -10.50000
v -23.80000 28.00000 -10.50000
v -23.80000 22.80000 -9.50000
v -18.00000 22.80000 -9.50000
v -18.00000 28.00000 -9.50000
v -23.80000 28.00000 -9.50000
f 8545 8546 8547 8548
f 8549 8552 8551 8550
f 8545 8549 8550 8546
f 8548 8547 8551 8552
f 8545 8548 8552 8549
f 8546 8550 8551 8547
o A2_FrontClassroomCorridor2_DoorTrimL
usemtl ConcreteLight
v -23.91000 14.00000 -9.97000
v -23.69000 14.00000 -9.97000
v -23.69000 22.80000 -9.97000
v -23.91000 22.80000 -9.97000
v -23.91000 14.00000 -9.67000
v -23.69000 14.00000 -9.67000
v -23.69000 22.80000 -9.67000
v -23.91000 22.80000 -9.67000
f 8553 8554 8555 8556
f 8557 8560 8559 8558
f 8553 8557 8558 8554
f 8556 8555 8559 8560
f 8553 8556 8560 8557
f 8554 8558 8559 8555
o A2_FrontClassroomCorridor2_DoorTrimR
usemtl ConcreteLight
v -18.11000 14.00000 -9.97000
v -17.89000 14.00000 -9.97000
v -17.89000 22.80000 -9.97000
v -18.11000 22.80000 -9.97000
v -18.11000 14.00000 -9.67000
v -17.89000 14.00000 -9.67000
v -17.89000 22.80000 -9.67000
v -18.11000 22.80000 -9.67000
f 8561 8562 8563 8564
f 8565 8568 8567 8566
f 8561 8565 8566 8562
f 8564 8563 8567 8568
f 8561 8564 8568 8565
f 8562 8566 8567 8563
o A2_FrontClassroomCorridor2_DoorTrimTop
usemtl ConcreteLight
v -23.91000 22.69000 -9.97000
v -17.89000 22.69000 -9.97000
v -17.89000 22.91000 -9.97000
v -23.91000 22.91000 -9.97000
v -23.91000 22.69000 -9.67000
v -17.89000 22.69000 -9.67000
v -17.89000 22.91000 -9.67000
v -23.91000 22.91000 -9.67000
f 8569 8570 8571 8572
f 8573 8576 8575 8574
f 8569 8573 8574 8570
f 8572 8571 8575 8576
f 8569 8572 8576 8573
f 8570 8574 8575 8571
o A2_FrontClassroomCorridor2_ObsBottom
usemtl WhiteBrick
v -36.30000 14.00000 -10.50000
v -25.80000 14.00000 -10.50000
v -25.80000 17.60000 -10.50000
v -36.30000 17.60000 -10.50000
v -36.30000 14.00000 -9.50000
v -25.80000 14.00000 -9.50000
v -25.80000 17.60000 -9.50000
v -36.30000 17.60000 -9.50000
f 8577 8578 8579 8580
f 8581 8584 8583 8582
f 8577 8581 8582 8578
f 8580 8579 8583 8584
f 8577 8580 8584 8581
f 8578 8582 8583 8579
o A2_FrontClassroomCorridor2_ObsTop
usemtl WhiteBrick
v -36.30000 22.80000 -10.50000
v -25.80000 22.80000 -10.50000
v -25.80000 28.00000 -10.50000
v -36.30000 28.00000 -10.50000
v -36.30000 22.80000 -9.50000
v -25.80000 22.80000 -9.50000
v -25.80000 28.00000 -9.50000
v -36.30000 28.00000 -9.50000
f 8585 8586 8587 8588
f 8589 8592 8591 8590
f 8585 8589 8590 8586
f 8588 8587 8591 8592
f 8585 8588 8592 8589
f 8586 8590 8591 8587
o A2_FrontClassroomCorridor2_ObsGlass
usemtl Glass
v -36.06000 17.81000 -10.09000
v -26.04000 17.81000 -10.09000
v -26.04000 22.59000 -10.09000
v -36.06000 22.59000 -10.09000
v -36.06000 17.81000 -9.91000
v -26.04000 17.81000 -9.91000
v -26.04000 22.59000 -9.91000
v -36.06000 22.59000 -9.91000
f 8593 8594 8595 8596
f 8597 8600 8599 8598
f 8593 8597 8598 8594
f 8596 8595 8599 8600
f 8593 8596 8600 8597
f 8594 8598 8599 8595
o A2_FrontClassroomCorridor2_ObsFrameL
usemtl MetalDark
v -36.44000 17.32500 -10.18000
v -36.16000 17.32500 -10.18000
v -36.16000 23.07500 -10.18000
v -36.44000 23.07500 -10.18000
v -36.44000 17.32500 -9.82000
v -36.16000 17.32500 -9.82000
v -36.16000 23.07500 -9.82000
v -36.44000 23.07500 -9.82000
f 8601 8602 8603 8604
f 8605 8608 8607 8606
f 8601 8605 8606 8602
f 8604 8603 8607 8608
f 8601 8604 8608 8605
f 8602 8606 8607 8603
o A2_FrontClassroomCorridor2_ObsFrameR
usemtl MetalDark
v -25.94000 17.32500 -10.18000
v -25.66000 17.32500 -10.18000
v -25.66000 23.07500 -10.18000
v -25.94000 23.07500 -10.18000
v -25.94000 17.32500 -9.82000
v -25.66000 17.32500 -9.82000
v -25.66000 23.07500 -9.82000
v -25.94000 23.07500 -9.82000
f 8609 8610 8611 8612
f 8613 8616 8615 8614
f 8609 8613 8614 8610
f 8612 8611 8615 8616
f 8609 8612 8616 8613
f 8610 8614 8615 8611
o A2_FrontClassroomCorridor2_ObsFrameTop
usemtl MetalDark
v -36.52500 22.66000 -10.18000
v -25.57500 22.66000 -10.18000
v -25.57500 22.94000 -10.18000
v -36.52500 22.94000 -10.18000
v -36.52500 22.66000 -9.82000
v -25.57500 22.66000 -9.82000
v -25.57500 22.94000 -9.82000
v -36.52500 22.94000 -9.82000
f 8617 8618 8619 8620
f 8621 8624 8623 8622
f 8617 8621 8622 8618
f 8620 8619 8623 8624
f 8617 8620 8624 8621
f 8618 8622 8623 8619
o A2_FrontClassroomCorridor2_ObsFrameBottom
usemtl MetalDark
v -36.52500 17.46000 -10.18000
v -25.57500 17.46000 -10.18000
v -25.57500 17.74000 -10.18000
v -36.52500 17.74000 -10.18000
v -36.52500 17.46000 -9.82000
v -25.57500 17.46000 -9.82000
v -25.57500 17.74000 -9.82000
v -36.52500 17.74000 -9.82000
f 8625 8626 8627 8628
f 8629 8632 8631 8630
f 8625 8629 8630 8626
f 8628 8627 8631 8632
f 8625 8628 8632 8629
f 8626 8630 8631 8627
o A2_FrontClassroomCorridor2_ObsMullion
usemtl MetalDark
v -31.13000 17.72500 -10.15000
v -30.97000 17.72500 -10.15000
v -30.97000 22.67500 -10.15000
v -31.13000 22.67500 -10.15000
v -31.13000 17.72500 -9.85000
v -30.97000 17.72500 -9.85000
v -30.97000 22.67500 -9.85000
v -31.13000 22.67500 -9.85000
f 8633 8634 8635 8636
f 8637 8640 8639 8638
f 8633 8637 8638 8634
f 8636 8635 8639 8640
f 8633 8636 8640 8637
f 8634 8638 8639 8635
o A2_FrontClassroomCorridor2_ObsSill
usemtl ConcreteLight
v -36.65000 17.31000 -9.96000
v -25.45000 17.31000 -9.96000
v -25.45000 17.53000 -9.96000
v -36.65000 17.53000 -9.96000
v -36.65000 17.31000 -9.24000
v -25.45000 17.31000 -9.24000
v -25.45000 17.53000 -9.24000
v -36.65000 17.53000 -9.24000
f 8641 8642 8643 8644
f 8645 8648 8647 8646
f 8641 8645 8646 8642
f 8644 8643 8647 8648
f 8641 8644 8648 8645
f 8642 8646 8647 8643
o A2_FrontClassroomCorridor3_Solid0
usemtl WhiteBrick
v 16.00000 14.00000 -10.50000
v 18.00000 14.00000 -10.50000
v 18.00000 28.00000 -10.50000
v 16.00000 28.00000 -10.50000
v 16.00000 14.00000 -9.50000
v 18.00000 14.00000 -9.50000
v 18.00000 28.00000 -9.50000
v 16.00000 28.00000 -9.50000
f 8649 8650 8651 8652
f 8653 8656 8655 8654
f 8649 8653 8654 8650
f 8652 8651 8655 8656
f 8649 8652 8656 8653
f 8650 8654 8655 8651
o A2_FrontClassroomCorridor3_Solid1
usemtl WhiteBrick
v 23.80000 14.00000 -10.50000
v 25.80000 14.00000 -10.50000
v 25.80000 28.00000 -10.50000
v 23.80000 28.00000 -10.50000
v 23.80000 14.00000 -9.50000
v 25.80000 14.00000 -9.50000
v 25.80000 28.00000 -9.50000
v 23.80000 28.00000 -9.50000
f 8657 8658 8659 8660
f 8661 8664 8663 8662
f 8657 8661 8662 8658
f 8660 8659 8663 8664
f 8657 8660 8664 8661
f 8658 8662 8663 8659
o A2_FrontClassroomCorridor3_Solid2
usemtl WhiteBrick
v 36.30000 14.00000 -10.50000
v 54.00000 14.00000 -10.50000
v 54.00000 28.00000 -10.50000
v 36.30000 28.00000 -10.50000
v 36.30000 14.00000 -9.50000
v 54.00000 14.00000 -9.50000
v 54.00000 28.00000 -9.50000
v 36.30000 28.00000 -9.50000
f 8665 8666 8667 8668
f 8669 8672 8671 8670
f 8665 8669 8670 8666
f 8668 8667 8671 8672
f 8665 8668 8672 8669
f 8666 8670 8671 8667
o A2_FrontClassroomCorridor3_DoorHeader
usemtl WhiteBrick
v 18.00000 22.80000 -10.50000
v 23.80000 22.80000 -10.50000
v 23.80000 28.00000 -10.50000
v 18.00000 28.00000 -10.50000
v 18.00000 22.80000 -9.50000
v 23.80000 22.80000 -9.50000
v 23.80000 28.00000 -9.50000
v 18.00000 28.00000 -9.50000
f 8673 8674 8675 8676
f 8677 8680 8679 8678
f 8673 8677 8678 8674
f 8676 8675 8679 8680
f 8673 8676 8680 8677
f 8674 8678 8679 8675
o A2_FrontClassroomCorridor3_DoorTrimL
usemtl ConcreteLight
v 17.89000 14.00000 -9.97000
v 18.11000 14.00000 -9.97000
v 18.11000 22.80000 -9.97000
v 17.89000 22.80000 -9.97000
v 17.89000 14.00000 -9.67000
v 18.11000 14.00000 -9.67000
v 18.11000 22.80000 -9.67000
v 17.89000 22.80000 -9.67000
f 8681 8682 8683 8684
f 8685 8688 8687 8686
f 8681 8685 8686 8682
f 8684 8683 8687 8688
f 8681 8684 8688 8685
f 8682 8686 8687 8683
o A2_FrontClassroomCorridor3_DoorTrimR
usemtl ConcreteLight
v 23.69000 14.00000 -9.97000
v 23.91000 14.00000 -9.97000
v 23.91000 22.80000 -9.97000
v 23.69000 22.80000 -9.97000
v 23.69000 14.00000 -9.67000
v 23.91000 14.00000 -9.67000
v 23.91000 22.80000 -9.67000
v 23.69000 22.80000 -9.67000
f 8689 8690 8691 8692
f 8693 8696 8695 8694
f 8689 8693 8694 8690
f 8692 8691 8695 8696
f 8689 8692 8696 8693
f 8690 8694 8695 8691
o A2_FrontClassroomCorridor3_DoorTrimTop
usemtl ConcreteLight
v 17.89000 22.69000 -9.97000
v 23.91000 22.69000 -9.97000
v 23.91000 22.91000 -9.97000
v 17.89000 22.91000 -9.97000
v 17.89000 22.69000 -9.67000
v 23.91000 22.69000 -9.67000
v 23.91000 22.91000 -9.67000
v 17.89000 22.91000 -9.67000
f 8697 8698 8699 8700
f 8701 8704 8703 8702
f 8697 8701 8702 8698
f 8700 8699 8703 8704
f 8697 8700 8704 8701
f 8698 8702 8703 8699
o A2_FrontClassroomCorridor3_ObsBottom
usemtl WhiteBrick
v 25.80000 14.00000 -10.50000
v 36.30000 14.00000 -10.50000
v 36.30000 17.60000 -10.50000
v 25.80000 17.60000 -10.50000
v 25.80000 14.00000 -9.50000
v 36.30000 14.00000 -9.50000
v 36.30000 17.60000 -9.50000
v 25.80000 17.60000 -9.50000
f 8705 8706 8707 8708
f 8709 8712 8711 8710
f 8705 8709 8710 8706
f 8708 8707 8711 8712
f 8705 8708 8712 8709
f 8706 8710 8711 8707
o A2_FrontClassroomCorridor3_ObsTop
usemtl WhiteBrick
v 25.80000 22.80000 -10.50000
v 36.30000 22.80000 -10.50000
v 36.30000 28.00000 -10.50000
v 25.80000 28.00000 -10.50000
v 25.80000 22.80000 -9.50000
v 36.30000 22.80000 -9.50000
v 36.30000 28.00000 -9.50000
v 25.80000 28.00000 -9.50000
f 8713 8714 8715 8716
f 8717 8720 8719 8718
f 8713 8717 8718 8714
f 8716 8715 8719 8720
f 8713 8716 8720 8717
f 8714 8718 8719 8715
o A2_FrontClassroomCorridor3_ObsGlass
usemtl Glass
v 26.04000 17.81000 -10.09000
v 36.06000 17.81000 -10.09000
v 36.06000 22.59000 -10.09000
v 26.04000 22.59000 -10.09000
v 26.04000 17.81000 -9.91000
v 36.06000 17.81000 -9.91000
v 36.06000 22.59000 -9.91000
v 26.04000 22.59000 -9.91000
f 8721 8722 8723 8724
f 8725 8728 8727 8726
f 8721 8725 8726 8722
f 8724 8723 8727 8728
f 8721 8724 8728 8725
f 8722 8726 8727 8723
o A2_FrontClassroomCorridor3_ObsFrameL
usemtl MetalDark
v 25.66000 17.32500 -10.18000
v 25.94000 17.32500 -10.18000
v 25.94000 23.07500 -10.18000
v 25.66000 23.07500 -10.18000
v 25.66000 17.32500 -9.82000
v 25.94000 17.32500 -9.82000
v 25.94000 23.07500 -9.82000
v 25.66000 23.07500 -9.82000
f 8729 8730 8731 8732
f 8733 8736 8735 8734
f 8729 8733 8734 8730
f 8732 8731 8735 8736
f 8729 8732 8736 8733
f 8730 8734 8735 8731
o A2_FrontClassroomCorridor3_ObsFrameR
usemtl MetalDark
v 36.16000 17.32500 -10.18000
v 36.44000 17.32500 -10.18000
v 36.44000 23.07500 -10.18000
v 36.16000 23.07500 -10.18000
v 36.16000 17.32500 -9.82000
v 36.44000 17.32500 -9.82000
v 36.44000 23.07500 -9.82000
v 36.16000 23.07500 -9.82000
f 8737 8738 8739 8740
f 8741 8744 8743 8742
f 8737 8741 8742 8738
f 8740 8739 8743 8744
f 8737 8740 8744 8741
f 8738 8742 8743 8739
o A2_FrontClassroomCorridor3_ObsFrameTop
usemtl MetalDark
v 25.57500 22.66000 -10.18000
v 36.52500 22.66000 -10.18000
v 36.52500 22.94000 -10.18000
v 25.57500 22.94000 -10.18000
v 25.57500 22.66000 -9.82000
v 36.52500 22.66000 -9.82000
v 36.52500 22.94000 -9.82000
v 25.57500 22.94000 -9.82000
f 8745 8746 8747 8748
f 8749 8752 8751 8750
f 8745 8749 8750 8746
f 8748 8747 8751 8752
f 8745 8748 8752 8749
f 8746 8750 8751 8747
o A2_FrontClassroomCorridor3_ObsFrameBottom
usemtl MetalDark
v 25.57500 17.46000 -10.18000
v 36.52500 17.46000 -10.18000
v 36.52500 17.74000 -10.18000
v 25.57500 17.74000 -10.18000
v 25.57500 17.46000 -9.82000
v 36.52500 17.46000 -9.82000
v 36.52500 17.74000 -9.82000
v 25.57500 17.74000 -9.82000
f 8753 8754 8755 8756
f 8757 8760 8759 8758
f 8753 8757 8758 8754
f 8756 8755 8759 8760
f 8753 8756 8760 8757
f 8754 8758 8759 8755
o A2_FrontClassroomCorridor3_ObsMullion
usemtl MetalDark
v 30.97000 17.72500 -10.15000
v 31.13000 17.72500 -10.15000
v 31.13000 22.67500 -10.15000
v 30.97000 22.67500 -10.15000
v 30.97000 17.72500 -9.85000
v 31.13000 17.72500 -9.85000
v 31.13000 22.67500 -9.85000
v 30.97000 22.67500 -9.85000
f 8761 8762 8763 8764
f 8765 8768 8767 8766
f 8761 8765 8766 8762
f 8764 8763 8767 8768
f 8761 8764 8768 8765
f 8762 8766 8767 8763
o A2_FrontClassroomCorridor3_ObsSill
usemtl ConcreteLight
v 25.45000 17.31000 -9.96000
v 36.65000 17.31000 -9.96000
v 36.65000 17.53000 -9.96000
v 25.45000 17.53000 -9.96000
v 25.45000 17.31000 -9.24000
v 36.65000 17.31000 -9.24000
v 36.65000 17.53000 -9.24000
v 25.45000 17.53000 -9.24000
f 8769 8770 8771 8772
f 8773 8776 8775 8774
f 8769 8773 8774 8770
f 8772 8771 8775 8776
f 8769 8772 8776 8773
f 8770 8774 8775 8771
o A2_FrontClassroomCorridor4_Solid0
usemtl WhiteBrick
v 54.00000 14.00000 -10.50000
v 71.70000 14.00000 -10.50000
v 71.70000 28.00000 -10.50000
v 54.00000 28.00000 -10.50000
v 54.00000 14.00000 -9.50000
v 71.70000 14.00000 -9.50000
v 71.70000 28.00000 -9.50000
v 54.00000 28.00000 -9.50000
f 8777 8778 8779 8780
f 8781 8784 8783 8782
f 8777 8781 8782 8778
f 8780 8779 8783 8784
f 8777 8780 8784 8781
f 8778 8782 8783 8779
o A2_FrontClassroomCorridor4_Solid1
usemtl WhiteBrick
v 82.20000 14.00000 -10.50000
v 84.20000 14.00000 -10.50000
v 84.20000 28.00000 -10.50000
v 82.20000 28.00000 -10.50000
v 82.20000 14.00000 -9.50000
v 84.20000 14.00000 -9.50000
v 84.20000 28.00000 -9.50000
v 82.20000 28.00000 -9.50000
f 8785 8786 8787 8788
f 8789 8792 8791 8790
f 8785 8789 8790 8786
f 8788 8787 8791 8792
f 8785 8788 8792 8789
f 8786 8790 8791 8787
o A2_FrontClassroomCorridor4_Solid2
usemtl WhiteBrick
v 90.00000 14.00000 -10.50000
v 92.00000 14.00000 -10.50000
v 92.00000 28.00000 -10.50000
v 90.00000 28.00000 -10.50000
v 90.00000 14.00000 -9.50000
v 92.00000 14.00000 -9.50000
v 92.00000 28.00000 -9.50000
v 90.00000 28.00000 -9.50000
f 8793 8794 8795 8796
f 8797 8800 8799 8798
f 8793 8797 8798 8794
f 8796 8795 8799 8800
f 8793 8796 8800 8797
f 8794 8798 8799 8795
o A2_FrontClassroomCorridor4_DoorHeader
usemtl WhiteBrick
v 84.20000 22.80000 -10.50000
v 90.00000 22.80000 -10.50000
v 90.00000 28.00000 -10.50000
v 84.20000 28.00000 -10.50000
v 84.20000 22.80000 -9.50000
v 90.00000 22.80000 -9.50000
v 90.00000 28.00000 -9.50000
v 84.20000 28.00000 -9.50000
f 8801 8802 8803 8804
f 8805 8808 8807 8806
f 8801 8805 8806 8802
f 8804 8803 8807 8808
f 8801 8804 8808 8805
f 8802 8806 8807 8803
o A2_FrontClassroomCorridor4_DoorTrimL
usemtl ConcreteLight
v 84.09000 14.00000 -9.97000
v 84.31000 14.00000 -9.97000
v 84.31000 22.80000 -9.97000
v 84.09000 22.80000 -9.97000
v 84.09000 14.00000 -9.67000
v 84.31000 14.00000 -9.67000
v 84.31000 22.80000 -9.67000
v 84.09000 22.80000 -9.67000
f 8809 8810 8811 8812
f 8813 8816 8815 8814
f 8809 8813 8814 8810
f 8812 8811 8815 8816
f 8809 8812 8816 8813
f 8810 8814 8815 8811
o A2_FrontClassroomCorridor4_DoorTrimR
usemtl ConcreteLight
v 89.89000 14.00000 -9.97000
v 90.11000 14.00000 -9.97000
v 90.11000 22.80000 -9.97000
v 89.89000 22.80000 -9.97000
v 89.89000 14.00000 -9.67000
v 90.11000 14.00000 -9.67000
v 90.11000 22.80000 -9.67000
v 89.89000 22.80000 -9.67000
f 8817 8818 8819 8820
f 8821 8824 8823 8822
f 8817 8821 8822 8818
f 8820 8819 8823 8824
f 8817 8820 8824 8821
f 8818 8822 8823 8819
o A2_FrontClassroomCorridor4_DoorTrimTop
usemtl ConcreteLight
v 84.09000 22.69000 -9.97000
v 90.11000 22.69000 -9.97000
v 90.11000 22.91000 -9.97000
v 84.09000 22.91000 -9.97000
v 84.09000 22.69000 -9.67000
v 90.11000 22.69000 -9.67000
v 90.11000 22.91000 -9.67000
v 84.09000 22.91000 -9.67000
f 8825 8826 8827 8828
f 8829 8832 8831 8830
f 8825 8829 8830 8826
f 8828 8827 8831 8832
f 8825 8828 8832 8829
f 8826 8830 8831 8827
o A2_FrontClassroomCorridor4_ObsBottom
usemtl WhiteBrick
v 71.70000 14.00000 -10.50000
v 82.20000 14.00000 -10.50000
v 82.20000 17.60000 -10.50000
v 71.70000 17.60000 -10.50000
v 71.70000 14.00000 -9.50000
v 82.20000 14.00000 -9.50000
v 82.20000 17.60000 -9.50000
v 71.70000 17.60000 -9.50000
f 8833 8834 8835 8836
f 8837 8840 8839 8838
f 8833 8837 8838 8834
f 8836 8835 8839 8840
f 8833 8836 8840 8837
f 8834 8838 8839 8835
o A2_FrontClassroomCorridor4_ObsTop
usemtl WhiteBrick
v 71.70000 22.80000 -10.50000
v 82.20000 22.80000 -10.50000
v 82.20000 28.00000 -10.50000
v 71.70000 28.00000 -10.50000
v 71.70000 22.80000 -9.50000
v 82.20000 22.80000 -9.50000
v 82.20000 28.00000 -9.50000
v 71.70000 28.00000 -9.50000
f 8841 8842 8843 8844
f 8845 8848 8847 8846
f 8841 8845 8846 8842
f 8844 8843 8847 8848
f 8841 8844 8848 8845
f 8842 8846 8847 8843
o A2_FrontClassroomCorridor4_ObsGlass
usemtl Glass
v 71.94000 17.81000 -10.09000
v 81.96000 17.81000 -10.09000
v 81.96000 22.59000 -10.09000
v 71.94000 22.59000 -10.09000
v 71.94000 17.81000 -9.91000
v 81.96000 17.81000 -9.91000
v 81.96000 22.59000 -9.91000
v 71.94000 22.59000 -9.91000
f 8849 8850 8851 8852
f 8853 8856 8855 8854
f 8849 8853 8854 8850
f 8852 8851 8855 8856
f 8849 8852 8856 8853
f 8850 8854 8855 8851
o A2_FrontClassroomCorridor4_ObsFrameL
usemtl MetalDark
v 71.56000 17.32500 -10.18000
v 71.84000 17.32500 -10.18000
v 71.84000 23.07500 -10.18000
v 71.56000 23.07500 -10.18000
v 71.56000 17.32500 -9.82000
v 71.84000 17.32500 -9.82000
v 71.84000 23.07500 -9.82000
v 71.56000 23.07500 -9.82000
f 8857 8858 8859 8860
f 8861 8864 8863 8862
f 8857 8861 8862 8858
f 8860 8859 8863 8864
f 8857 8860 8864 8861
f 8858 8862 8863 8859
o A2_FrontClassroomCorridor4_ObsFrameR
usemtl MetalDark
v 82.06000 17.32500 -10.18000
v 82.34000 17.32500 -10.18000
v 82.34000 23.07500 -10.18000
v 82.06000 23.07500 -10.18000
v 82.06000 17.32500 -9.82000
v 82.34000 17.32500 -9.82000
v 82.34000 23.07500 -9.82000
v 82.06000 23.07500 -9.82000
f 8865 8866 8867 8868
f 8869 8872 8871 8870
f 8865 8869 8870 8866
f 8868 8867 8871 8872
f 8865 8868 8872 8869
f 8866 8870 8871 8867
o A2_FrontClassroomCorridor4_ObsFrameTop
usemtl MetalDark
v 71.47500 22.66000 -10.18000
v 82.42500 22.66000 -10.18000
v 82.42500 22.94000 -10.18000
v 71.47500 22.94000 -10.18000
v 71.47500 22.66000 -9.82000
v 82.42500 22.66000 -9.82000
v 82.42500 22.94000 -9.82000
v 71.47500 22.94000 -9.82000
f 8873 8874 8875 8876
f 8877 8880 8879 8878
f 8873 8877 8878 8874
f 8876 8875 8879 8880
f 8873 8876 8880 8877
f 8874 8878 8879 8875
o A2_FrontClassroomCorridor4_ObsFrameBottom
usemtl MetalDark
v 71.47500 17.46000 -10.18000
v 82.42500 17.46000 -10.18000
v 82.42500 17.74000 -10.18000
v 71.47500 17.74000 -10.18000
v 71.47500 17.46000 -9.82000
v 82.42500 17.46000 -9.82000
v 82.42500 17.74000 -9.82000
v 71.47500 17.74000 -9.82000
f 8881 8882 8883 8884
f 8885 8888 8887 8886
f 8881 8885 8886 8882
f 8884 8883 8887 8888
f 8881 8884 8888 8885
f 8882 8886 8887 8883
o A2_FrontClassroomCorridor4_ObsMullion
usemtl MetalDark
v 76.87000 17.72500 -10.15000
v 77.03000 17.72500 -10.15000
v 77.03000 22.67500 -10.15000
v 76.87000 22.67500 -10.15000
v 76.87000 17.72500 -9.85000
v 77.03000 17.72500 -9.85000
v 77.03000 22.67500 -9.85000
v 76.87000 22.67500 -9.85000
f 8889 8890 8891 8892
f 8893 8896 8895 8894
f 8889 8893 8894 8890
f 8892 8891 8895 8896
f 8889 8892 8896 8893
f 8890 8894 8895 8891
o A2_FrontClassroomCorridor4_ObsSill
usemtl ConcreteLight
v 71.35000 17.31000 -9.96000
v 82.55000 17.31000 -9.96000
v 82.55000 17.53000 -9.96000
v 71.35000 17.53000 -9.96000
v 71.35000 17.31000 -9.24000
v 82.55000 17.31000 -9.24000
v 82.55000 17.53000 -9.24000
v 71.35000 17.53000 -9.24000
f 8897 8898 8899 8900
f 8901 8904 8903 8902
f 8897 8901 8902 8898
f 8900 8899 8903 8904
f 8897 8900 8904 8901
f 8898 8902 8903 8899
o A2_BackClassroomCorridor1_Solid0
usemtl WhiteBrick
v -92.00000 14.00000 9.50000
v -90.00000 14.00000 9.50000
v -90.00000 28.00000 9.50000
v -92.00000 28.00000 9.50000
v -92.00000 14.00000 10.50000
v -90.00000 14.00000 10.50000
v -90.00000 28.00000 10.50000
v -92.00000 28.00000 10.50000
f 8905 8906 8907 8908
f 8909 8912 8911 8910
f 8905 8909 8910 8906
f 8908 8907 8911 8912
f 8905 8908 8912 8909
f 8906 8910 8911 8907
o A2_BackClassroomCorridor1_Solid1
usemtl WhiteBrick
v -84.20000 14.00000 9.50000
v -82.20000 14.00000 9.50000
v -82.20000 28.00000 9.50000
v -84.20000 28.00000 9.50000
v -84.20000 14.00000 10.50000
v -82.20000 14.00000 10.50000
v -82.20000 28.00000 10.50000
v -84.20000 28.00000 10.50000
f 8913 8914 8915 8916
f 8917 8920 8919 8918
f 8913 8917 8918 8914
f 8916 8915 8919 8920
f 8913 8916 8920 8917
f 8914 8918 8919 8915
o A2_BackClassroomCorridor1_Solid2
usemtl WhiteBrick
v -71.70000 14.00000 9.50000
v -46.00000 14.00000 9.50000
v -46.00000 28.00000 9.50000
v -71.70000 28.00000 9.50000
v -71.70000 14.00000 10.50000
v -46.00000 14.00000 10.50000
v -46.00000 28.00000 10.50000
v -71.70000 28.00000 10.50000
f 8921 8922 8923 8924
f 8925 8928 8927 8926
f 8921 8925 8926 8922
f 8924 8923 8927 8928
f 8921 8924 8928 8925
f 8922 8926 8927 8923
o A2_BackClassroomCorridor1_DoorHeader
usemtl WhiteBrick
v -90.00000 22.80000 9.50000
v -84.20000 22.80000 9.50000
v -84.20000 28.00000 9.50000
v -90.00000 28.00000 9.50000
v -90.00000 22.80000 10.50000
v -84.20000 22.80000 10.50000
v -84.20000 28.00000 10.50000
v -90.00000 28.00000 10.50000
f 8929 8930 8931 8932
f 8933 8936 8935 8934
f 8929 8933 8934 8930
f 8932 8931 8935 8936
f 8929 8932 8936 8933
f 8930 8934 8935 8931
o A2_BackClassroomCorridor1_DoorTrimL
usemtl ConcreteLight
v -90.11000 14.00000 9.67000
v -89.89000 14.00000 9.67000
v -89.89000 22.80000 9.67000
v -90.11000 22.80000 9.67000
v -90.11000 14.00000 9.97000
v -89.89000 14.00000 9.97000
v -89.89000 22.80000 9.97000
v -90.11000 22.80000 9.97000
f 8937 8938 8939 8940
f 8941 8944 8943 8942
f 8937 8941 8942 8938
f 8940 8939 8943 8944
f 8937 8940 8944 8941
f 8938 8942 8943 8939
o A2_BackClassroomCorridor1_DoorTrimR
usemtl ConcreteLight
v -84.31000 14.00000 9.67000
v -84.09000 14.00000 9.67000
v -84.09000 22.80000 9.67000
v -84.31000 22.80000 9.67000
v -84.31000 14.00000 9.97000
v -84.09000 14.00000 9.97000
v -84.09000 22.80000 9.97000
v -84.31000 22.80000 9.97000
f 8945 8946 8947 8948
f 8949 8952 8951 8950
f 8945 8949 8950 8946
f 8948 8947 8951 8952
f 8945 8948 8952 8949
f 8946 8950 8951 8947
o A2_BackClassroomCorridor1_DoorTrimTop
usemtl ConcreteLight
v -90.11000 22.69000 9.67000
v -84.09000 22.69000 9.67000
v -84.09000 22.91000 9.67000
v -90.11000 22.91000 9.67000
v -90.11000 22.69000 9.97000
v -84.09000 22.69000 9.97000
v -84.09000 22.91000 9.97000
v -90.11000 22.91000 9.97000
f 8953 8954 8955 8956
f 8957 8960 8959 8958
f 8953 8957 8958 8954
f 8956 8955 8959 8960
f 8953 8956 8960 8957
f 8954 8958 8959 8955
o A2_BackClassroomCorridor1_ObsBottom
usemtl WhiteBrick
v -82.20000 14.00000 9.50000
v -71.70000 14.00000 9.50000
v -71.70000 17.60000 9.50000
v -82.20000 17.60000 9.50000
v -82.20000 14.00000 10.50000
v -71.70000 14.00000 10.50000
v -71.70000 17.60000 10.50000
v -82.20000 17.60000 10.50000
f 8961 8962 8963 8964
f 8965 8968 8967 8966
f 8961 8965 8966 8962
f 8964 8963 8967 8968
f 8961 8964 8968 8965
f 8962 8966 8967 8963
o A2_BackClassroomCorridor1_ObsTop
usemtl WhiteBrick
v -82.20000 22.80000 9.50000
v -71.70000 22.80000 9.50000
v -71.70000 28.00000 9.50000
v -82.20000 28.00000 9.50000
v -82.20000 22.80000 10.50000
v -71.70000 22.80000 10.50000
v -71.70000 28.00000 10.50000
v -82.20000 28.00000 10.50000
f 8969 8970 8971 8972
f 8973 8976 8975 8974
f 8969 8973 8974 8970
f 8972 8971 8975 8976
f 8969 8972 8976 8973
f 8970 8974 8975 8971
o A2_BackClassroomCorridor1_ObsGlass
usemtl Glass
v -81.96000 17.81000 9.91000
v -71.94000 17.81000 9.91000
v -71.94000 22.59000 9.91000
v -81.96000 22.59000 9.91000
v -81.96000 17.81000 10.09000
v -71.94000 17.81000 10.09000
v -71.94000 22.59000 10.09000
v -81.96000 22.59000 10.09000
f 8977 8978 8979 8980
f 8981 8984 8983 8982
f 8977 8981 8982 8978
f 8980 8979 8983 8984
f 8977 8980 8984 8981
f 8978 8982 8983 8979
o A2_BackClassroomCorridor1_ObsFrameL
usemtl MetalDark
v -82.34000 17.32500 9.82000
v -82.06000 17.32500 9.82000
v -82.06000 23.07500 9.82000
v -82.34000 23.07500 9.82000
v -82.34000 17.32500 10.18000
v -82.06000 17.32500 10.18000
v -82.06000 23.07500 10.18000
v -82.34000 23.07500 10.18000
f 8985 8986 8987 8988
f 8989 8992 8991 8990
f 8985 8989 8990 8986
f 8988 8987 8991 8992
f 8985 8988 8992 8989
f 8986 8990 8991 8987
o A2_BackClassroomCorridor1_ObsFrameR
usemtl MetalDark
v -71.84000 17.32500 9.82000
v -71.56000 17.32500 9.82000
v -71.56000 23.07500 9.82000
v -71.84000 23.07500 9.82000
v -71.84000 17.32500 10.18000
v -71.56000 17.32500 10.18000
v -71.56000 23.07500 10.18000
v -71.84000 23.07500 10.18000
f 8993 8994 8995 8996
f 8997 9000 8999 8998
f 8993 8997 8998 8994
f 8996 8995 8999 9000
f 8993 8996 9000 8997
f 8994 8998 8999 8995
o A2_BackClassroomCorridor1_ObsFrameTop
usemtl MetalDark
v -82.42500 22.66000 9.82000
v -71.47500 22.66000 9.82000
v -71.47500 22.94000 9.82000
v -82.42500 22.94000 9.82000
v -82.42500 22.66000 10.18000
v -71.47500 22.66000 10.18000
v -71.47500 22.94000 10.18000
v -82.42500 22.94000 10.18000
f 9001 9002 9003 9004
f 9005 9008 9007 9006
f 9001 9005 9006 9002
f 9004 9003 9007 9008
f 9001 9004 9008 9005
f 9002 9006 9007 9003
o A2_BackClassroomCorridor1_ObsFrameBottom
usemtl MetalDark
v -82.42500 17.46000 9.82000
v -71.47500 17.46000 9.82000
v -71.47500 17.74000 9.82000
v -82.42500 17.74000 9.82000
v -82.42500 17.46000 10.18000
v -71.47500 17.46000 10.18000
v -71.47500 17.74000 10.18000
v -82.42500 17.74000 10.18000
f 9009 9010 9011 9012
f 9013 9016 9015 9014
f 9009 9013 9014 9010
f 9012 9011 9015 9016
f 9009 9012 9016 9013
f 9010 9014 9015 9011
o A2_BackClassroomCorridor1_ObsMullion
usemtl MetalDark
v -77.03000 17.72500 9.85000
v -76.87000 17.72500 9.85000
v -76.87000 22.67500 9.85000
v -77.03000 22.67500 9.85000
v -77.03000 17.72500 10.15000
v -76.87000 17.72500 10.15000
v -76.87000 22.67500 10.15000
v -77.03000 22.67500 10.15000
f 9017 9018 9019 9020
f 9021 9024 9023 9022
f 9017 9021 9022 9018
f 9020 9019 9023 9024
f 9017 9020 9024 9021
f 9018 9022 9023 9019
o A2_BackClassroomCorridor1_ObsSill
usemtl ConcreteLight
v -82.55000 17.31000 9.24000
v -71.35000 17.31000 9.24000
v -71.35000 17.53000 9.24000
v -82.55000 17.53000 9.24000
v -82.55000 17.31000 9.96000
v -71.35000 17.31000 9.96000
v -71.35000 17.53000 9.96000
v -82.55000 17.53000 9.96000
f 9025 9026 9027 9028
f 9029 9032 9031 9030
f 9025 9029 9030 9026
f 9028 9027 9031 9032
f 9025 9028 9032 9029
f 9026 9030 9031 9027
o A2_BackClassroomCorridor2_Solid0
usemtl WhiteBrick
v -46.00000 14.00000 9.50000
v -44.00000 14.00000 9.50000
v -44.00000 28.00000 9.50000
v -46.00000 28.00000 9.50000
v -46.00000 14.00000 10.50000
v -44.00000 14.00000 10.50000
v -44.00000 28.00000 10.50000
v -46.00000 28.00000 10.50000
f 9033 9034 9035 9036
f 9037 9040 9039 9038
f 9033 9037 9038 9034
f 9036 9035 9039 9040
f 9033 9036 9040 9037
f 9034 9038 9039 9035
o A2_BackClassroomCorridor2_Solid1
usemtl WhiteBrick
v -38.20000 14.00000 9.50000
v -36.20000 14.00000 9.50000
v -36.20000 28.00000 9.50000
v -38.20000 28.00000 9.50000
v -38.20000 14.00000 10.50000
v -36.20000 14.00000 10.50000
v -36.20000 28.00000 10.50000
v -38.20000 28.00000 10.50000
f 9041 9042 9043 9044
f 9045 9048 9047 9046
f 9041 9045 9046 9042
f 9044 9043 9047 9048
f 9041 9044 9048 9045
f 9042 9046 9047 9043
o A2_BackClassroomCorridor2_Solid2
usemtl WhiteBrick
v -25.70000 14.00000 9.50000
v 0.00000 14.00000 9.50000
v 0.00000 28.00000 9.50000
v -25.70000 28.00000 9.50000
v -25.70000 14.00000 10.50000
v 0.00000 14.00000 10.50000
v 0.00000 28.00000 10.50000
v -25.70000 28.00000 10.50000
f 9049 9050 9051 9052
f 9053 9056 9055 9054
f 9049 9053 9054 9050
f 9052 9051 9055 9056
f 9049 9052 9056 9053
f 9050 9054 9055 9051
o A2_BackClassroomCorridor2_DoorHeader
usemtl WhiteBrick
v -44.00000 22.80000 9.50000
v -38.20000 22.80000 9.50000
v -38.20000 28.00000 9.50000
v -44.00000 28.00000 9.50000
v -44.00000 22.80000 10.50000
v -38.20000 22.80000 10.50000
v -38.20000 28.00000 10.50000
v -44.00000 28.00000 10.50000
f 9057 9058 9059 9060
f 9061 9064 9063 9062
f 9057 9061 9062 9058
f 9060 9059 9063 9064
f 9057 9060 9064 9061
f 9058 9062 9063 9059
o A2_BackClassroomCorridor2_DoorTrimL
usemtl ConcreteLight
v -44.11000 14.00000 9.67000
v -43.89000 14.00000 9.67000
v -43.89000 22.80000 9.67000
v -44.11000 22.80000 9.67000
v -44.11000 14.00000 9.97000
v -43.89000 14.00000 9.97000
v -43.89000 22.80000 9.97000
v -44.11000 22.80000 9.97000
f 9065 9066 9067 9068
f 9069 9072 9071 9070
f 9065 9069 9070 9066
f 9068 9067 9071 9072
f 9065 9068 9072 9069
f 9066 9070 9071 9067
o A2_BackClassroomCorridor2_DoorTrimR
usemtl ConcreteLight
v -38.31000 14.00000 9.67000
v -38.09000 14.00000 9.67000
v -38.09000 22.80000 9.67000
v -38.31000 22.80000 9.67000
v -38.31000 14.00000 9.97000
v -38.09000 14.00000 9.97000
v -38.09000 22.80000 9.97000
v -38.31000 22.80000 9.97000
f 9073 9074 9075 9076
f 9077 9080 9079 9078
f 9073 9077 9078 9074
f 9076 9075 9079 9080
f 9073 9076 9080 9077
f 9074 9078 9079 9075
o A2_BackClassroomCorridor2_DoorTrimTop
usemtl ConcreteLight
v -44.11000 22.69000 9.67000
v -38.09000 22.69000 9.67000
v -38.09000 22.91000 9.67000
v -44.11000 22.91000 9.67000
v -44.11000 22.69000 9.97000
v -38.09000 22.69000 9.97000
v -38.09000 22.91000 9.97000
v -44.11000 22.91000 9.97000
f 9081 9082 9083 9084
f 9085 9088 9087 9086
f 9081 9085 9086 9082
f 9084 9083 9087 9088
f 9081 9084 9088 9085
f 9082 9086 9087 9083
o A2_BackClassroomCorridor2_ObsBottom
usemtl WhiteBrick
v -36.20000 14.00000 9.50000
v -25.70000 14.00000 9.50000
v -25.70000 17.60000 9.50000
v -36.20000 17.60000 9.50000
v -36.20000 14.00000 10.50000
v -25.70000 14.00000 10.50000
v -25.70000 17.60000 10.50000
v -36.20000 17.60000 10.50000
f 9089 9090 9091 9092
f 9093 9096 9095 9094
f 9089 9093 9094 9090
f 9092 9091 9095 9096
f 9089 9092 9096 9093
f 9090 9094 9095 9091
o A2_BackClassroomCorridor2_ObsTop
usemtl WhiteBrick
v -36.20000 22.80000 9.50000
v -25.70000 22.80000 9.50000
v -25.70000 28.00000 9.50000
v -36.20000 28.00000 9.50000
v -36.20000 22.80000 10.50000
v -25.70000 22.80000 10.50000
v -25.70000 28.00000 10.50000
v -36.20000 28.00000 10.50000
f 9097 9098 9099 9100
f 9101 9104 9103 9102
f 9097 9101 9102 9098
f 9100 9099 9103 9104
f 9097 9100 9104 9101
f 9098 9102 9103 9099
o A2_BackClassroomCorridor2_ObsGlass
usemtl Glass
v -35.96000 17.81000 9.91000
v -25.94000 17.81000 9.91000
v -25.94000 22.59000 9.91000
v -35.96000 22.59000 9.91000
v -35.96000 17.81000 10.09000
v -25.94000 17.81000 10.09000
v -25.94000 22.59000 10.09000
v -35.96000 22.59000 10.09000
f 9105 9106 9107 9108
f 9109 9112 9111 9110
f 9105 9109 9110 9106
f 9108 9107 9111 9112
f 9105 9108 9112 9109
f 9106 9110 9111 9107
o A2_BackClassroomCorridor2_ObsFrameL
usemtl MetalDark
v -36.34000 17.32500 9.82000
v -36.06000 17.32500 9.82000
v -36.06000 23.07500 9.82000
v -36.34000 23.07500 9.82000
v -36.34000 17.32500 10.18000
v -36.06000 17.32500 10.18000
v -36.06000 23.07500 10.18000
v -36.34000 23.07500 10.18000
f 9113 9114 9115 9116
f 9117 9120 9119 9118
f 9113 9117 9118 9114
f 9116 9115 9119 9120
f 9113 9116 9120 9117
f 9114 9118 9119 9115
o A2_BackClassroomCorridor2_ObsFrameR
usemtl MetalDark
v -25.84000 17.32500 9.82000
v -25.56000 17.32500 9.82000
v -25.56000 23.07500 9.82000
v -25.84000 23.07500 9.82000
v -25.84000 17.32500 10.18000
v -25.56000 17.32500 10.18000
v -25.56000 23.07500 10.18000
v -25.84000 23.07500 10.18000
f 9121 9122 9123 9124
f 9125 9128 9127 9126
f 9121 9125 9126 9122
f 9124 9123 9127 9128
f 9121 9124 9128 9125
f 9122 9126 9127 9123
o A2_BackClassroomCorridor2_ObsFrameTop
usemtl MetalDark
v -36.42500 22.66000 9.82000
v -25.47500 22.66000 9.82000
v -25.47500 22.94000 9.82000
v -36.42500 22.94000 9.82000
v -36.42500 22.66000 10.18000
v -25.47500 22.66000 10.18000
v -25.47500 22.94000 10.18000
v -36.42500 22.94000 10.18000
f 9129 9130 9131 9132
f 9133 9136 9135 9134
f 9129 9133 9134 9130
f 9132 9131 9135 9136
f 9129 9132 9136 9133
f 9130 9134 9135 9131
o A2_BackClassroomCorridor2_ObsFrameBottom
usemtl MetalDark
v -36.42500 17.46000 9.82000
v -25.47500 17.46000 9.82000
v -25.47500 17.74000 9.82000
v -36.42500 17.74000 9.82000
v -36.42500 17.46000 10.18000
v -25.47500 17.46000 10.18000
v -25.47500 17.74000 10.18000
v -36.42500 17.74000 10.18000
f 9137 9138 9139 9140
f 9141 9144 9143 9142
f 9137 9141 9142 9138
f 9140 9139 9143 9144
f 9137 9140 9144 9141
f 9138 9142 9143 9139
o A2_BackClassroomCorridor2_ObsMullion
usemtl MetalDark
v -31.03000 17.72500 9.85000
v -30.87000 17.72500 9.85000
v -30.87000 22.67500 9.85000
v -31.03000 22.67500 9.85000
v -31.03000 17.72500 10.15000
v -30.87000 17.72500 10.15000
v -30.87000 22.67500 10.15000
v -31.03000 22.67500 10.15000
f 9145 9146 9147 9148
f 9149 9152 9151 9150
f 9145 9149 9150 9146
f 9148 9147 9151 9152
f 9145 9148 9152 9149
f 9146 9150 9151 9147
o A2_BackClassroomCorridor2_ObsSill
usemtl ConcreteLight
v -36.55000 17.31000 9.24000
v -25.35000 17.31000 9.24000
v -25.35000 17.53000 9.24000
v -36.55000 17.53000 9.24000
v -36.55000 17.31000 9.96000
v -25.35000 17.31000 9.96000
v -25.35000 17.53000 9.96000
v -36.55000 17.53000 9.96000
f 9153 9154 9155 9156
f 9157 9160 9159 9158
f 9153 9157 9158 9154
f 9156 9155 9159 9160
f 9153 9156 9160 9157
f 9154 9158 9159 9155
o A2_BackClassroomCorridor3_Solid0
usemtl WhiteBrick
v 0.00000 14.00000 9.50000
v 25.70000 14.00000 9.50000
v 25.70000 28.00000 9.50000
v 0.00000 28.00000 9.50000
v 0.00000 14.00000 10.50000
v 25.70000 14.00000 10.50000
v 25.70000 28.00000 10.50000
v 0.00000 28.00000 10.50000
f 9161 9162 9163 9164
f 9165 9168 9167 9166
f 9161 9165 9166 9162
f 9164 9163 9167 9168
f 9161 9164 9168 9165
f 9162 9166 9167 9163
o A2_BackClassroomCorridor3_Solid1
usemtl WhiteBrick
v 36.20000 14.00000 9.50000
v 38.20000 14.00000 9.50000
v 38.20000 28.00000 9.50000
v 36.20000 28.00000 9.50000
v 36.20000 14.00000 10.50000
v 38.20000 14.00000 10.50000
v 38.20000 28.00000 10.50000
v 36.20000 28.00000 10.50000
f 9169 9170 9171 9172
f 9173 9176 9175 9174
f 9169 9173 9174 9170
f 9172 9171 9175 9176
f 9169 9172 9176 9173
f 9170 9174 9175 9171
o A2_BackClassroomCorridor3_Solid2
usemtl WhiteBrick
v 44.00000 14.00000 9.50000
v 46.00000 14.00000 9.50000
v 46.00000 28.00000 9.50000
v 44.00000 28.00000 9.50000
v 44.00000 14.00000 10.50000
v 46.00000 14.00000 10.50000
v 46.00000 28.00000 10.50000
v 44.00000 28.00000 10.50000
f 9177 9178 9179 9180
f 9181 9184 9183 9182
f 9177 9181 9182 9178
f 9180 9179 9183 9184
f 9177 9180 9184 9181
f 9178 9182 9183 9179
o A2_BackClassroomCorridor3_DoorHeader
usemtl WhiteBrick
v 38.20000 22.80000 9.50000
v 44.00000 22.80000 9.50000
v 44.00000 28.00000 9.50000
v 38.20000 28.00000 9.50000
v 38.20000 22.80000 10.50000
v 44.00000 22.80000 10.50000
v 44.00000 28.00000 10.50000
v 38.20000 28.00000 10.50000
f 9185 9186 9187 9188
f 9189 9192 9191 9190
f 9185 9189 9190 9186
f 9188 9187 9191 9192
f 9185 9188 9192 9189
f 9186 9190 9191 9187
o A2_BackClassroomCorridor3_DoorTrimL
usemtl ConcreteLight
v 38.09000 14.00000 9.67000
v 38.31000 14.00000 9.67000
v 38.31000 22.80000 9.67000
v 38.09000 22.80000 9.67000
v 38.09000 14.00000 9.97000
v 38.31000 14.00000 9.97000
v 38.31000 22.80000 9.97000
v 38.09000 22.80000 9.97000
f 9193 9194 9195 9196
f 9197 9200 9199 9198
f 9193 9197 9198 9194
f 9196 9195 9199 9200
f 9193 9196 9200 9197
f 9194 9198 9199 9195
o A2_BackClassroomCorridor3_DoorTrimR
usemtl ConcreteLight
v 43.89000 14.00000 9.67000
v 44.11000 14.00000 9.67000
v 44.11000 22.80000 9.67000
v 43.89000 22.80000 9.67000
v 43.89000 14.00000 9.97000
v 44.11000 14.00000 9.97000
v 44.11000 22.80000 9.97000
v 43.89000 22.80000 9.97000
f 9201 9202 9203 9204
f 9205 9208 9207 9206
f 9201 9205 9206 9202
f 9204 9203 9207 9208
f 9201 9204 9208 9205
f 9202 9206 9207 9203
o A2_BackClassroomCorridor3_DoorTrimTop
usemtl ConcreteLight
v 38.09000 22.69000 9.67000
v 44.11000 22.69000 9.67000
v 44.11000 22.91000 9.67000
v 38.09000 22.91000 9.67000
v 38.09000 22.69000 9.97000
v 44.11000 22.69000 9.97000
v 44.11000 22.91000 9.97000
v 38.09000 22.91000 9.97000
f 9209 9210 9211 9212
f 9213 9216 9215 9214
f 9209 9213 9214 9210
f 9212 9211 9215 9216
f 9209 9212 9216 9213
f 9210 9214 9215 9211
o A2_BackClassroomCorridor3_ObsBottom
usemtl WhiteBrick
v 25.70000 14.00000 9.50000
v 36.20000 14.00000 9.50000
v 36.20000 17.60000 9.50000
v 25.70000 17.60000 9.50000
v 25.70000 14.00000 10.50000
v 36.20000 14.00000 10.50000
v 36.20000 17.60000 10.50000
v 25.70000 17.60000 10.50000
f 9217 9218 9219 9220
f 9221 9224 9223 9222
f 9217 9221 9222 9218
f 9220 9219 9223 9224
f 9217 9220 9224 9221
f 9218 9222 9223 9219
o A2_BackClassroomCorridor3_ObsTop
usemtl WhiteBrick
v 25.70000 22.80000 9.50000
v 36.20000 22.80000 9.50000
v 36.20000 28.00000 9.50000
v 25.70000 28.00000 9.50000
v 25.70000 22.80000 10.50000
v 36.20000 22.80000 10.50000
v 36.20000 28.00000 10.50000
v 25.70000 28.00000 10.50000
f 9225 9226 9227 9228
f 9229 9232 9231 9230
f 9225 9229 9230 9226
f 9228 9227 9231 9232
f 9225 9228 9232 9229
f 9226 9230 9231 9227
o A2_BackClassroomCorridor3_ObsGlass
usemtl Glass
v 25.94000 17.81000 9.91000
v 35.96000 17.81000 9.91000
v 35.96000 22.59000 9.91000
v 25.94000 22.59000 9.91000
v 25.94000 17.81000 10.09000
v 35.96000 17.81000 10.09000
v 35.96000 22.59000 10.09000
v 25.94000 22.59000 10.09000
f 9233 9234 9235 9236
f 9237 9240 9239 9238
f 9233 9237 9238 9234
f 9236 9235 9239 9240
f 9233 9236 9240 9237
f 9234 9238 9239 9235
o A2_BackClassroomCorridor3_ObsFrameL
usemtl MetalDark
v 25.56000 17.32500 9.82000
v 25.84000 17.32500 9.82000
v 25.84000 23.07500 9.82000
v 25.56000 23.07500 9.82000
v 25.56000 17.32500 10.18000
v 25.84000 17.32500 10.18000
v 25.84000 23.07500 10.18000
v 25.56000 23.07500 10.18000
f 9241 9242 9243 9244
f 9245 9248 9247 9246
f 9241 9245 9246 9242
f 9244 9243 9247 9248
f 9241 9244 9248 9245
f 9242 9246 9247 9243
o A2_BackClassroomCorridor3_ObsFrameR
usemtl MetalDark
v 36.06000 17.32500 9.82000
v 36.34000 17.32500 9.82000
v 36.34000 23.07500 9.82000
v 36.06000 23.07500 9.82000
v 36.06000 17.32500 10.18000
v 36.34000 17.32500 10.18000
v 36.34000 23.07500 10.18000
v 36.06000 23.07500 10.18000
f 9249 9250 9251 9252
f 9253 9256 9255 9254
f 9249 9253 9254 9250
f 9252 9251 9255 9256
f 9249 9252 9256 9253
f 9250 9254 9255 9251
o A2_BackClassroomCorridor3_ObsFrameTop
usemtl MetalDark
v 25.47500 22.66000 9.82000
v 36.42500 22.66000 9.82000
v 36.42500 22.94000 9.82000
v 25.47500 22.94000 9.82000
v 25.47500 22.66000 10.18000
v 36.42500 22.66000 10.18000
v 36.42500 22.94000 10.18000
v 25.47500 22.94000 10.18000
f 9257 9258 9259 9260
f 9261 9264 9263 9262
f 9257 9261 9262 9258
f 9260 9259 9263 9264
f 9257 9260 9264 9261
f 9258 9262 9263 9259
o A2_BackClassroomCorridor3_ObsFrameBottom
usemtl MetalDark
v 25.47500 17.46000 9.82000
v 36.42500 17.46000 9.82000
v 36.42500 17.74000 9.82000
v 25.47500 17.74000 9.82000
v 25.47500 17.46000 10.18000
v 36.42500 17.46000 10.18000
v 36.42500 17.74000 10.18000
v 25.47500 17.74000 10.18000
f 9265 9266 9267 9268
f 9269 9272 9271 9270
f 9265 9269 9270 9266
f 9268 9267 9271 9272
f 9265 9268 9272 9269
f 9266 9270 9271 9267
o A2_BackClassroomCorridor3_ObsMullion
usemtl MetalDark
v 30.87000 17.72500 9.85000
v 31.03000 17.72500 9.85000
v 31.03000 22.67500 9.85000
v 30.87000 22.67500 9.85000
v 30.87000 17.72500 10.15000
v 31.03000 17.72500 10.15000
v 31.03000 22.67500 10.15000
v 30.87000 22.67500 10.15000
f 9273 9274 9275 9276
f 9277 9280 9279 9278
f 9273 9277 9278 9274
f 9276 9275 9279 9280
f 9273 9276 9280 9277
f 9274 9278 9279 9275
o A2_BackClassroomCorridor3_ObsSill
usemtl ConcreteLight
v 25.35000 17.31000 9.24000
v 36.55000 17.31000 9.24000
v 36.55000 17.53000 9.24000
v 25.35000 17.53000 9.24000
v 25.35000 17.31000 9.96000
v 36.55000 17.31000 9.96000
v 36.55000 17.53000 9.96000
v 25.35000 17.53000 9.96000
f 9281 9282 9283 9284
f 9285 9288 9287 9286
f 9281 9285 9286 9282
f 9284 9283 9287 9288
f 9281 9284 9288 9285
f 9282 9286 9287 9283
o A2_BackClassroomCorridor4_Solid0
usemtl WhiteBrick
v 46.00000 14.00000 9.50000
v 71.70000 14.00000 9.50000
v 71.70000 28.00000 9.50000
v 46.00000 28.00000 9.50000
v 46.00000 14.00000 10.50000
v 71.70000 14.00000 10.50000
v 71.70000 28.00000 10.50000
v 46.00000 28.00000 10.50000
f 9289 9290 9291 9292
f 9293 9296 9295 9294
f 9289 9293 9294 9290
f 9292 9291 9295 9296
f 9289 9292 9296 9293
f 9290 9294 9295 9291
o A2_BackClassroomCorridor4_Solid1
usemtl WhiteBrick
v 82.20000 14.00000 9.50000
v 84.20000 14.00000 9.50000
v 84.20000 28.00000 9.50000
v 82.20000 28.00000 9.50000
v 82.20000 14.00000 10.50000
v 84.20000 14.00000 10.50000
v 84.20000 28.00000 10.50000
v 82.20000 28.00000 10.50000
f 9297 9298 9299 9300
f 9301 9304 9303 9302
f 9297 9301 9302 9298
f 9300 9299 9303 9304
f 9297 9300 9304 9301
f 9298 9302 9303 9299
o A2_BackClassroomCorridor4_Solid2
usemtl WhiteBrick
v 90.00000 14.00000 9.50000
v 92.00000 14.00000 9.50000
v 92.00000 28.00000 9.50000
v 90.00000 28.00000 9.50000
v 90.00000 14.00000 10.50000
v 92.00000 14.00000 10.50000
v 92.00000 28.00000 10.50000
v 90.00000 28.00000 10.50000
f 9305 9306 9307 9308
f 9309 9312 9311 9310
f 9305 9309 9310 9306
f 9308 9307 9311 9312
f 9305 9308 9312 9309
f 9306 9310 9311 9307
o A2_BackClassroomCorridor4_DoorHeader
usemtl WhiteBrick
v 84.20000 22.80000 9.50000
v 90.00000 22.80000 9.50000
v 90.00000 28.00000 9.50000
v 84.20000 28.00000 9.50000
v 84.20000 22.80000 10.50000
v 90.00000 22.80000 10.50000
v 90.00000 28.00000 10.50000
v 84.20000 28.00000 10.50000
f 9313 9314 9315 9316
f 9317 9320 9319 9318
f 9313 9317 9318 9314
f 9316 9315 9319 9320
f 9313 9316 9320 9317
f 9314 9318 9319 9315
o A2_BackClassroomCorridor4_DoorTrimL
usemtl ConcreteLight
v 84.09000 14.00000 9.67000
v 84.31000 14.00000 9.67000
v 84.31000 22.80000 9.67000
v 84.09000 22.80000 9.67000
v 84.09000 14.00000 9.97000
v 84.31000 14.00000 9.97000
v 84.31000 22.80000 9.97000
v 84.09000 22.80000 9.97000
f 9321 9322 9323 9324
f 9325 9328 9327 9326
f 9321 9325 9326 9322
f 9324 9323 9327 9328
f 9321 9324 9328 9325
f 9322 9326 9327 9323
o A2_BackClassroomCorridor4_DoorTrimR
usemtl ConcreteLight
v 89.89000 14.00000 9.67000
v 90.11000 14.00000 9.67000
v 90.11000 22.80000 9.67000
v 89.89000 22.80000 9.67000
v 89.89000 14.00000 9.97000
v 90.11000 14.00000 9.97000
v 90.11000 22.80000 9.97000
v 89.89000 22.80000 9.97000
f 9329 9330 9331 9332
f 9333 9336 9335 9334
f 9329 9333 9334 9330
f 9332 9331 9335 9336
f 9329 9332 9336 9333
f 9330 9334 9335 9331
o A2_BackClassroomCorridor4_DoorTrimTop
usemtl ConcreteLight
v 84.09000 22.69000 9.67000
v 90.11000 22.69000 9.67000
v 90.11000 22.91000 9.67000
v 84.09000 22.91000 9.67000
v 84.09000 22.69000 9.97000
v 90.11000 22.69000 9.97000
v 90.11000 22.91000 9.97000
v 84.09000 22.91000 9.97000
f 9337 9338 9339 9340
f 9341 9344 9343 9342
f 9337 9341 9342 9338
f 9340 9339 9343 9344
f 9337 9340 9344 9341
f 9338 9342 9343 9339
o A2_BackClassroomCorridor4_ObsBottom
usemtl WhiteBrick
v 71.70000 14.00000 9.50000
v 82.20000 14.00000 9.50000
v 82.20000 17.60000 9.50000
v 71.70000 17.60000 9.50000
v 71.70000 14.00000 10.50000
v 82.20000 14.00000 10.50000
v 82.20000 17.60000 10.50000
v 71.70000 17.60000 10.50000
f 9345 9346 9347 9348
f 9349 9352 9351 9350
f 9345 9349 9350 9346
f 9348 9347 9351 9352
f 9345 9348 9352 9349
f 9346 9350 9351 9347
o A2_BackClassroomCorridor4_ObsTop
usemtl WhiteBrick
v 71.70000 22.80000 9.50000
v 82.20000 22.80000 9.50000
v 82.20000 28.00000 9.50000
v 71.70000 28.00000 9.50000
v 71.70000 22.80000 10.50000
v 82.20000 22.80000 10.50000
v 82.20000 28.00000 10.50000
v 71.70000 28.00000 10.50000
f 9353 9354 9355 9356
f 9357 9360 9359 9358
f 9353 9357 9358 9354
f 9356 9355 9359 9360
f 9353 9356 9360 9357
f 9354 9358 9359 9355
o A2_BackClassroomCorridor4_ObsGlass
usemtl Glass
v 71.94000 17.81000 9.91000
v 81.96000 17.81000 9.91000
v 81.96000 22.59000 9.91000
v 71.94000 22.59000 9.91000
v 71.94000 17.81000 10.09000
v 81.96000 17.81000 10.09000
v 81.96000 22.59000 10.09000
v 71.94000 22.59000 10.09000
f 9361 9362 9363 9364
f 9365 9368 9367 9366
f 9361 9365 9366 9362
f 9364 9363 9367 9368
f 9361 9364 9368 9365
f 9362 9366 9367 9363
o A2_BackClassroomCorridor4_ObsFrameL
usemtl MetalDark
v 71.56000 17.32500 9.82000
v 71.84000 17.32500 9.82000
v 71.84000 23.07500 9.82000
v 71.56000 23.07500 9.82000
v 71.56000 17.32500 10.18000
v 71.84000 17.32500 10.18000
v 71.84000 23.07500 10.18000
v 71.56000 23.07500 10.18000
f 9369 9370 9371 9372
f 9373 9376 9375 9374
f 9369 9373 9374 9370
f 9372 9371 9375 9376
f 9369 9372 9376 9373
f 9370 9374 9375 9371
o A2_BackClassroomCorridor4_ObsFrameR
usemtl MetalDark
v 82.06000 17.32500 9.82000
v 82.34000 17.32500 9.82000
v 82.34000 23.07500 9.82000
v 82.06000 23.07500 9.82000
v 82.06000 17.32500 10.18000
v 82.34000 17.32500 10.18000
v 82.34000 23.07500 10.18000
v 82.06000 23.07500 10.18000
f 9377 9378 9379 9380
f 9381 9384 9383 9382
f 9377 9381 9382 9378
f 9380 9379 9383 9384
f 9377 9380 9384 9381
f 9378 9382 9383 9379
o A2_BackClassroomCorridor4_ObsFrameTop
usemtl MetalDark
v 71.47500 22.66000 9.82000
v 82.42500 22.66000 9.82000
v 82.42500 22.94000 9.82000
v 71.47500 22.94000 9.82000
v 71.47500 22.66000 10.18000
v 82.42500 22.66000 10.18000
v 82.42500 22.94000 10.18000
v 71.47500 22.94000 10.18000
f 9385 9386 9387 9388
f 9389 9392 9391 9390
f 9385 9389 9390 9386
f 9388 9387 9391 9392
f 9385 9388 9392 9389
f 9386 9390 9391 9387
o A2_BackClassroomCorridor4_ObsFrameBottom
usemtl MetalDark
v 71.47500 17.46000 9.82000
v 82.42500 17.46000 9.82000
v 82.42500 17.74000 9.82000
v 71.47500 17.74000 9.82000
v 71.47500 17.46000 10.18000
v 82.42500 17.46000 10.18000
v 82.42500 17.74000 10.18000
v 71.47500 17.74000 10.18000
f 9393 9394 9395 9396
f 9397 9400 9399 9398
f 9393 9397 9398 9394
f 9396 9395 9399 9400
f 9393 9396 9400 9397
f 9394 9398 9399 9395
o A2_BackClassroomCorridor4_ObsMullion
usemtl MetalDark
v 76.87000 17.72500 9.85000
v 77.03000 17.72500 9.85000
v 77.03000 22.67500 9.85000
v 76.87000 22.67500 9.85000
v 76.87000 17.72500 10.15000
v 77.03000 17.72500 10.15000
v 77.03000 22.67500 10.15000
v 76.87000 22.67500 10.15000
f 9401 9402 9403 9404
f 9405 9408 9407 9406
f 9401 9405 9406 9402
f 9404 9403 9407 9408
f 9401 9404 9408 9405
f 9402 9406 9407 9403
o A2_BackClassroomCorridor4_ObsSill
usemtl ConcreteLight
v 71.35000 17.31000 9.24000
v 82.55000 17.31000 9.24000
v 82.55000 17.53000 9.24000
v 71.35000 17.53000 9.24000
v 71.35000 17.31000 9.96000
v 82.55000 17.31000 9.96000
v 82.55000 17.53000 9.96000
v 71.35000 17.53000 9.96000
f 9409 9410 9411 9412
f 9413 9416 9415 9414
f 9409 9413 9414 9410
f 9412 9411 9415 9416
f 9409 9412 9416 9413
f 9410 9414 9415 9411
o CentralSideWindow_L_Glass
usemtl Glass
v -15.57000 18.40000 -40.90000
v -15.39000 18.40000 -40.90000
v -15.39000 23.20000 -40.90000
v -15.57000 23.20000 -40.90000
v -15.57000 18.40000 -32.10000
v -15.39000 18.40000 -32.10000
v -15.39000 23.20000 -32.10000
v -15.57000 23.20000 -32.10000
f 9417 9418 9419 9420
f 9421 9424 9423 9422
f 9417 9421 9422 9418
f 9420 9419 9423 9424
f 9417 9420 9424 9421
f 9418 9422 9423 9419
o CentralSideWindow_L_FrameTop
usemtl MetalDark
v -15.65000 23.18000 -41.15000
v -15.31000 23.18000 -41.15000
v -15.31000 23.42000 -41.15000
v -15.65000 23.42000 -41.15000
v -15.65000 23.18000 -31.85000
v -15.31000 23.18000 -31.85000
v -15.31000 23.42000 -31.85000
v -15.65000 23.42000 -31.85000
f 9425 9426 9427 9428
f 9429 9432 9431 9430
f 9425 9429 9430 9426
f 9428 9427 9431 9432
f 9425 9428 9432 9429
f 9426 9430 9431 9427
o CentralSideWindow_L_FrameBottom
usemtl MetalDark
v -15.65000 18.18000 -41.15000
v -15.31000 18.18000 -41.15000
v -15.31000 18.42000 -41.15000
v -15.65000 18.42000 -41.15000
v -15.65000 18.18000 -31.85000
v -15.31000 18.18000 -31.85000
v -15.31000 18.42000 -31.85000
v -15.65000 18.42000 -31.85000
f 9433 9434 9435 9436
f 9437 9440 9439 9438
f 9433 9437 9438 9434
f 9436 9435 9439 9440
f 9433 9436 9440 9437
f 9434 9438 9439 9435
o CentralSideWindow_L_FrameFront
usemtl MetalDark
v -15.65000 18.20000 -41.02000
v -15.31000 18.20000 -41.02000
v -15.31000 23.40000 -41.02000
v -15.65000 23.40000 -41.02000
v -15.65000 18.20000 -40.78000
v -15.31000 18.20000 -40.78000
v -15.31000 23.40000 -40.78000
v -15.65000 23.40000 -40.78000
f 9441 9442 9443 9444
f 9445 9448 9447 9446
f 9441 9445 9446 9442
f 9444 9443 9447 9448
f 9441 9444 9448 9445
f 9442 9446 9447 9443
o CentralSideWindow_L_FrameBack
usemtl MetalDark
v -15.65000 18.20000 -32.22000
v -15.31000 18.20000 -32.22000
v -15.31000 23.40000 -32.22000
v -15.65000 23.40000 -32.22000
v -15.65000 18.20000 -31.98000
v -15.31000 18.20000 -31.98000
v -15.31000 23.40000 -31.98000
v -15.65000 23.40000 -31.98000
f 9449 9450 9451 9452
f 9453 9456 9455 9454
f 9449 9453 9454 9450
f 9452 9451 9455 9456
f 9449 9452 9456 9453
f 9450 9454 9455 9451
o CentralSideWindow_L_Mullion
usemtl MetalDark
v -15.63000 18.50000 -36.58000
v -15.33000 18.50000 -36.58000
v -15.33000 23.10000 -36.58000
v -15.63000 23.10000 -36.58000
v -15.63000 18.50000 -36.42000
v -15.33000 18.50000 -36.42000
v -15.33000 23.10000 -36.42000
v -15.63000 23.10000 -36.42000
f 9457 9458 9459 9460
f 9461 9464 9463 9462
f 9457 9461 9462 9458
f 9460 9459 9463 9464
f 9457 9460 9464 9461
f 9458 9462 9463 9459
o CentralSideWindow_R_Glass
usemtl Glass
v 15.39000 18.40000 -40.90000
v 15.57000 18.40000 -40.90000
v 15.57000 23.20000 -40.90000
v 15.39000 23.20000 -40.90000
v 15.39000 18.40000 -32.10000
v 15.57000 18.40000 -32.10000
v 15.57000 23.20000 -32.10000
v 15.39000 23.20000 -32.10000
f 9465 9466 9467 9468
f 9469 9472 9471 9470
f 9465 9469 9470 9466
f 9468 9467 9471 9472
f 9465 9468 9472 9469
f 9466 9470 9471 9467
o CentralSideWindow_R_FrameTop
usemtl MetalDark
v 15.31000 23.18000 -41.15000
v 15.65000 23.18000 -41.15000
v 15.65000 23.42000 -41.15000
v 15.31000 23.42000 -41.15000
v 15.31000 23.18000 -31.85000
v 15.65000 23.18000 -31.85000
v 15.65000 23.42000 -31.85000
v 15.31000 23.42000 -31.85000
f 9473 9474 9475 9476
f 9477 9480 9479 9478
f 9473 9477 9478 9474
f 9476 9475 9479 9480
f 9473 9476 9480 9477
f 9474 9478 9479 9475
o CentralSideWindow_R_FrameBottom
usemtl MetalDark
v 15.31000 18.18000 -41.15000
v 15.65000 18.18000 -41.15000
v 15.65000 18.42000 -41.15000
v 15.31000 18.42000 -41.15000
v 15.31000 18.18000 -31.85000
v 15.65000 18.18000 -31.85000
v 15.65000 18.42000 -31.85000
v 15.31000 18.42000 -31.85000
f 9481 9482 9483 9484
f 9485 9488 9487 9486
f 9481 9485 9486 9482
f 9484 9483 9487 9488
f 9481 9484 9488 9485
f 9482 9486 9487 9483
o CentralSideWindow_R_FrameFront
usemtl MetalDark
v 15.31000 18.20000 -41.02000
v 15.65000 18.20000 -41.02000
v 15.65000 23.40000 -41.02000
v 15.31000 23.40000 -41.02000
v 15.31000 18.20000 -40.78000
v 15.65000 18.20000 -40.78000
v 15.65000 23.40000 -40.78000
v 15.31000 23.40000 -40.78000
f 9489 9490 9491 9492
f 9493 9496 9495 9494
f 9489 9493 9494 9490
f 9492 9491 9495 9496
f 9489 9492 9496 9493
f 9490 9494 9495 9491
o CentralSideWindow_R_FrameBack
usemtl MetalDark
v 15.31000 18.20000 -32.22000
v 15.65000 18.20000 -32.22000
v 15.65000 23.40000 -32.22000
v 15.31000 23.40000 -32.22000
v 15.31000 18.20000 -31.98000
v 15.65000 18.20000 -31.98000
v 15.65000 23.40000 -31.98000
v 15.31000 23.40000 -31.98000
f 9497 9498 9499 9500
f 9501 9504 9503 9502
f 9497 9501 9502 9498
f 9500 9499 9503 9504
f 9497 9500 9504 9501
f 9498 9502 9503 9499
o CentralSideWindow_R_Mullion
usemtl MetalDark
v 15.33000 18.50000 -36.58000
v 15.63000 18.50000 -36.58000
v 15.63000 23.10000 -36.58000
v 15.33000 23.10000 -36.58000
v 15.33000 18.50000 -36.42000
v 15.63000 18.50000 -36.42000
v 15.63000 23.10000 -36.42000
v 15.33000 23.10000 -36.42000
f 9505 9506 9507 9508
f 9509 9512 9511 9510
f 9505 9509 9510 9506
f 9508 9507 9511 9512
f 9505 9508 9512 9509
f 9506 9510 9511 9507

# --- V9 roof/gable infill corrections ---
o CrossGableRear_SOLID
usemtl WhiteBrick
v -22.00000 31.80000 -19.75000
v 0.00000 38.20000 -19.75000
v 22.00000 31.80000 -19.75000
v -22.00000 31.80000 -18.25000
v 0.00000 38.20000 -18.25000
v 22.00000 31.80000 -18.25000
f 9513 9515 9514
f 9516 9517 9518
f 9513 9514 9517 9516
f 9514 9515 9518 9517
f 9515 9513 9516 9518
o CrossRearGableBaseTrim
usemtl ConcreteLight
v -22.50000 31.57500 -18.41500
v 22.50000 31.57500 -18.41500
v 22.50000 32.12500 -18.41500
v -22.50000 32.12500 -18.41500
v -22.50000 31.57500 -17.86500
v 22.50000 31.57500 -17.86500
v 22.50000 32.12500 -17.86500
v -22.50000 32.12500 -17.86500
f 9519 9520 9521 9522
f 9523 9526 9525 9524
f 9519 9523 9524 9520
f 9522 9521 9525 9526
f 9519 9522 9526 9523
f 9520 9524 9525 9521
o CrossRearGableTrimL
usemtl ConcreteLight
v -21.93296 31.56955 -18.37500
v 0.06704 37.96955 -18.37500
v -0.06704 38.43045 -18.37500
v -22.06704 32.03045 -18.37500
v -21.93296 31.56955 -17.82500
v 0.06704 37.96955 -17.82500
v -0.06704 38.43045 -17.82500
v -22.06704 32.03045 -17.82500
f 9527 9528 9529 9530
f 9531 9534 9533 9532
f 9527 9531 9532 9528
f 9530 9529 9533 9534
f 9527 9530 9534 9531
f 9528 9532 9533 9529
o CrossRearGableTrimR
usemtl ConcreteLight
v -0.06704 37.96955 -18.37500
v 21.93296 31.56955 -18.37500
v 22.06704 32.03045 -18.37500
v 0.06704 38.43045 -18.37500
v -0.06704 37.96955 -17.82500
v 21.93296 31.56955 -17.82500
v 22.06704 32.03045 -17.82500
v 0.06704 38.43045 -17.82500
f 9535 9536 9537 9538
f 9539 9542 9541 9540
f 9535 9539 9540 9536
f 9538 9537 9541 9542
f 9535 9538 9542 9539
f 9536 9540 9541 9537
o CrossRearVentBacking
usemtl Green
v -4.60000 32.90000 -18.14000
v 4.60000 32.90000 -18.14000
v 4.60000 35.50000 -18.14000
v -4.60000 35.50000 -18.14000
v -4.60000 32.90000 -17.96000
v 4.60000 32.90000 -17.96000
v 4.60000 35.50000 -17.96000
v -4.60000 35.50000 -17.96000
f 9543 9544 9545 9546
f 9547 9550 9549 9548
f 9543 9547 9548 9544
f 9546 9545 9549 9550
f 9543 9546 9550 9547
f 9544 9548 9549 9545
o CrossRearVentSlat_0
usemtl MetalDark
v -3.80000 33.28000 -17.99000
v 3.80000 33.28000 -17.99000
v 3.80000 33.42000 -17.99000
v -3.80000 33.42000 -17.99000
v -3.80000 33.28000 -17.85000
v 3.80000 33.28000 -17.85000
v 3.80000 33.42000 -17.85000
v -3.80000 33.42000 -17.85000
f 9551 9552 9553 9554
f 9555 9558 9557 9556
f 9551 9555 9556 9552
f 9554 9553 9557 9558
f 9551 9554 9558 9555
f 9552 9556 9557 9553
o CrossRearVentSlat_1
usemtl MetalDark
v -3.80000 33.70000 -17.99000
v 3.80000 33.70000 -17.99000
v 3.80000 33.84000 -17.99000
v -3.80000 33.84000 -17.99000
v -3.80000 33.70000 -17.85000
v 3.80000 33.70000 -17.85000
v 3.80000 33.84000 -17.85000
v -3.80000 33.84000 -17.85000
f 9559 9560 9561 9562
f 9563 9566 9565 9564
f 9559 9563 9564 9560
f 9562 9561 9565 9566
f 9559 9562 9566 9563
f 9560 9564 9565 9561
o CrossRearVentSlat_2
usemtl MetalDark
v -3.80000 34.12000 -17.99000
v 3.80000 34.12000 -17.99000
v 3.80000 34.26000 -17.99000
v -3.80000 34.26000 -17.99000
v -3.80000 34.12000 -17.85000
v 3.80000 34.12000 -17.85000
v 3.80000 34.26000 -17.85000
v -3.80000 34.26000 -17.85000
f 9567 9568 9569 9570
f 9571 9574 9573 9572
f 9567 9571 9572 9568
f 9570 9569 9573 9574
f 9567 9570 9574 9571
f 9568 9572 9573 9569
o CrossRearVentSlat_3
usemtl MetalDark
v -3.80000 34.54000 -17.99000
v 3.80000 34.54000 -17.99000
v 3.80000 34.68000 -17.99000
v -3.80000 34.68000 -17.99000
v -3.80000 34.54000 -17.85000
v 3.80000 34.54000 -17.85000
v 3.80000 34.68000 -17.85000
v -3.80000 34.68000 -17.85000
f 9575 9576 9577 9578
f 9579 9582 9581 9580
f 9575 9579 9580 9576
f 9578 9577 9581 9582
f 9575 9578 9582 9579
f 9576 9580 9581 9577
o CrossRearVentSlat_4
usemtl MetalDark
v -3.80000 34.96000 -17.99000
v 3.80000 34.96000 -17.99000
v 3.80000 35.10000 -17.99000
v -3.80000 35.10000 -17.99000
v -3.80000 34.96000 -17.85000
v 3.80000 34.96000 -17.85000
v 3.80000 35.10000 -17.85000
v -3.80000 35.10000 -17.85000
f 9583 9584 9585 9586
f 9587 9590 9589 9588
f 9583 9587 9588 9584
f 9586 9585 9589 9590
f 9583 9586 9590 9587
f 9584 9588 9589 9585
o CrossRoofSideInfill_L_0
usemtl WhiteBrick
v -22.31000 29.38637 -47.09000
v -21.69000 29.38637 -47.09000
v -21.69000 31.65000 -47.09000
v -22.31000 31.65000 -47.09000
v -22.31000 29.38637 -44.91000
v -21.69000 29.38637 -44.91000
v -21.69000 31.65000 -44.91000
v -22.31000 31.65000 -44.91000
f 9591 9592 9593 9594
f 9595 9598 9597 9596
f 9591 9595 9596 9592
f 9594 9593 9597 9598
f 9591 9594 9598 9595
f 9592 9596 9597 9593
o CrossRoofSideInfill_L_1
usemtl WhiteBrick
v -22.31000 29.65131 -45.09000
v -21.69000 29.65131 -45.09000
v -21.69000 31.65000 -45.09000
v -22.31000 31.65000 -45.09000
v -22.31000 29.65131 -42.91000
v -21.69000 29.65131 -42.91000
v -21.69000 31.65000 -42.91000
v -22.31000 31.65000 -42.91000
f 9599 9600 9601 9602
f 9603 9606 9605 9604
f 9599 9603 9604 9600
f 9602 9601 9605 9606
f 9599 9602 9606 9603
f 9600 9604 9605 9601
o CrossRoofSideInfill_L_2
usemtl WhiteBrick
v -22.31000 29.91625 -43.09000
v -21.69000 29.91625 -43.09000
v -21.69000 31.65000 -43.09000
v -22.31000 31.65000 -43.09000
v -22.31000 29.91625 -40.91000
v -21.69000 29.91625 -40.91000
v -21.69000 31.65000 -40.91000
v -22.31000 31.65000 -40.91000
f 9607 9608 9609 9610
f 9611 9614 9613 9612
f 9607 9611 9612 9608
f 9610 9609 9613 9614
f 9607 9610 9614 9611
f 9608 9612 9613 9609
o CrossRoofSideInfill_L_3
usemtl WhiteBrick
v -22.31000 30.18120 -41.09000
v -21.69000 30.18120 -41.09000
v -21.69000 31.65000 -41.09000
v -22.31000 31.65000 -41.09000
v -22.31000 30.18120 -38.91000
v -21.69000 30.18120 -38.91000
v -21.69000 31.65000 -38.91000
v -22.31000 31.65000 -38.91000
f 9615 9616 9617 9618
f 9619 9622 9621 9620
f 9615 9619 9620 9616
f 9618 9617 9621 9622
f 9615 9618 9622 9619
f 9616 9620 9621 9617
o CrossRoofSideInfill_L_4
usemtl WhiteBrick
v -22.31000 30.44614 -39.09000
v -21.69000 30.44614 -39.09000
v -21.69000 31.65000 -39.09000
v -22.31000 31.65000 -39.09000
v -22.31000 30.44614 -36.91000
v -21.69000 30.44614 -36.91000
v -21.69000 31.65000 -36.91000
v -22.31000 31.65000 -36.91000
f 9623 9624 9625 9626
f 9627 9630 9629 9628
f 9623 9627 9628 9624
f 9626 9625 9629 9630
f 9623 9626 9630 9627
f 9624 9628 9629 9625
o CrossRoofSideInfill_L_5
usemtl WhiteBrick
v -22.31000 30.71108 -37.09000
v -21.69000 30.71108 -37.09000
v -21.69000 31.65000 -37.09000
v -22.31000 31.65000 -37.09000
v -22.31000 30.71108 -34.91000
v -21.69000 30.71108 -34.91000
v -21.69000 31.65000 -34.91000
v -22.31000 31.65000 -34.91000
f 9631 9632 9633 9634
f 9635 9638 9637 9636
f 9631 9635 9636 9632
f 9634 9633 9637 9638
f 9631 9634 9638 9635
f 9632 9636 9637 9633
o CrossRoofSideInfill_L_6
usemtl WhiteBrick
v -22.31000 30.97602 -35.09000
v -21.69000 30.97602 -35.09000
v -21.69000 31.65000 -35.09000
v -22.31000 31.65000 -35.09000
v -22.31000 30.97602 -32.91000
v -21.69000 30.97602 -32.91000
v -21.69000 31.65000 -32.91000
v -22.31000 31.65000 -32.91000
f 9639 9640 9641 9642
f 9643 9646 9645 9644
f 9639 9643 9644 9640
f 9642 9641 9645 9646
f 9639 9642 9646 9643
f 9640 9644 9645 9641
o CrossRoofSideInfill_L_7
usemtl WhiteBrick
v -22.31000 31.24096 -33.09000
v -21.69000 31.24096 -33.09000
v -21.69000 31.65000 -33.09000
v -22.31000 31.65000 -33.09000
v -22.31000 31.24096 -30.91000
v -21.69000 31.24096 -30.91000
v -21.69000 31.65000 -30.91000
v -22.31000 31.65000 -30.91000
f 9647 9648 9649 9650
f 9651 9654 9653 9652
f 9647 9651 9652 9648
f 9650 9649 9653 9654
f 9647 9650 9654 9651
f 9648 9652 9653 9649
o CrossRoofSideInfill_L_8
usemtl WhiteBrick
v -22.31000 31.50590 -31.09000
v -21.69000 31.50590 -31.09000
v -21.69000 31.70590 -31.09000
v -22.31000 31.70590 -31.09000
v -22.31000 31.50590 -28.91000
v -21.69000 31.50590 -28.91000
v -21.69000 31.70590 -28.91000
v -22.31000 31.70590 -28.91000
f 9655 9656 9657 9658
f 9659 9662 9661 9660
f 9655 9659 9660 9656
f 9658 9657 9661 9662
f 9655 9658 9662 9659
f 9656 9660 9661 9657
o CrossRoofSideInfill_L_9
usemtl WhiteBrick
v -22.31000 31.77084 -29.09000
v -21.69000 31.77084 -29.09000
v -21.69000 31.97084 -29.09000
v -22.31000 31.97084 -29.09000
v -22.31000 31.77084 -26.91000
v -21.69000 31.77084 -26.91000
v -21.69000 31.97084 -26.91000
v -22.31000 31.97084 -26.91000
f 9663 9664 9665 9666
f 9667 9670 9669 9668
f 9663 9667 9668 9664
f 9666 9665 9669 9670
f 9663 9666 9670 9667
f 9664 9668 9669 9665
o CrossRoofSideInfill_L_10
usemtl WhiteBrick
v -22.31000 32.03578 -27.09000
v -21.69000 32.03578 -27.09000
v -21.69000 32.23578 -27.09000
v -22.31000 32.23578 -27.09000
v -22.31000 32.03578 -24.91000
v -21.69000 32.03578 -24.91000
v -21.69000 32.23578 -24.91000
v -22.31000 32.23578 -24.91000
f 9671 9672 9673 9674
f 9675 9678 9677 9676
f 9671 9675 9676 9672
f 9674 9673 9677 9678
f 9671 9674 9678 9675
f 9672 9676 9677 9673
o CrossRoofSideInfill_L_11
usemtl WhiteBrick
v -22.31000 32.30072 -25.09000
v -21.69000 32.30072 -25.09000
v -21.69000 32.50072 -25.09000
v -22.31000 32.50072 -25.09000
v -22.31000 32.30072 -22.91000
v -21.69000 32.30072 -22.91000
v -21.69000 32.50072 -22.91000
v -22.31000 32.50072 -22.91000
f 9679 9680 9681 9682
f 9683 9686 9685 9684
f 9679 9683 9684 9680
f 9682 9681 9685 9686
f 9679 9682 9686 9683
f 9680 9684 9685 9681
o CrossRoofSideInfill_L_12
usemtl WhiteBrick
v -22.31000 32.56566 -23.09000
v -21.69000 32.56566 -23.09000
v -21.69000 32.76566 -23.09000
v -22.31000 32.76566 -23.09000
v -22.31000 32.56566 -20.91000
v -21.69000 32.56566 -20.91000
v -21.69000 32.76566 -20.91000
v -22.31000 32.76566 -20.91000
f 9687 9688 9689 9690
f 9691 9694 9693 9692
f 9687 9691 9692 9688
f 9690 9689 9693 9694
f 9687 9690 9694 9691
f 9688 9692 9693 9689
o CrossRoofSideInfill_L_13
usemtl WhiteBrick
v -22.31000 32.83060 -21.09000
v -21.69000 32.83060 -21.09000
v -21.69000 33.03060 -21.09000
v -22.31000 33.03060 -21.09000
v -22.31000 32.83060 -18.91000
v -21.69000 32.83060 -18.91000
v -21.69000 33.03060 -18.91000
v -22.31000 33.03060 -18.91000
f 9695 9696 9697 9698
f 9699 9702 9701 9700
f 9695 9699 9700 9696
f 9698 9697 9701 9702
f 9695 9698 9702 9699
f 9696 9700 9701 9697
o CrossRoofSideInfill_R_0
usemtl WhiteBrick
v 21.69000 29.38637 -47.09000
v 22.31000 29.38637 -47.09000
v 22.31000 31.65000 -47.09000
v 21.69000 31.65000 -47.09000
v 21.69000 29.38637 -44.91000
v 22.31000 29.38637 -44.91000
v 22.31000 31.65000 -44.91000
v 21.69000 31.65000 -44.91000
f 9703 9704 9705 9706
f 9707 9710 9709 9708
f 9703 9707 9708 9704
f 9706 9705 9709 9710
f 9703 9706 9710 9707
f 9704 9708 9709 9705
o CrossRoofSideInfill_R_1
usemtl WhiteBrick
v 21.69000 29.65131 -45.09000
v 22.31000 29.65131 -45.09000
v 22.31000 31.65000 -45.09000
v 21.69000 31.65000 -45.09000
v 21.69000 29.65131 -42.91000
v 22.31000 29.65131 -42.91000
v 22.31000 31.65000 -42.91000
v 21.69000 31.65000 -42.91000
f 9711 9712 9713 9714
f 9715 9718 9717 9716
f 9711 9715 9716 9712
f 9714 9713 9717 9718
f 9711 9714 9718 9715
f 9712 9716 9717 9713
o CrossRoofSideInfill_R_2
usemtl WhiteBrick
v 21.69000 29.91625 -43.09000
v 22.31000 29.91625 -43.09000
v 22.31000 31.65000 -43.09000
v 21.69000 31.65000 -43.09000
v 21.69000 29.91625 -40.91000
v 22.31000 29.91625 -40.91000
v 22.31000 31.65000 -40.91000
v 21.69000 31.65000 -40.91000
f 9719 9720 9721 9722
f 9723 9726 9725 9724
f 9719 9723 9724 9720
f 9722 9721 9725 9726
f 9719 9722 9726 9723
f 9720 9724 9725 9721
o CrossRoofSideInfill_R_3
usemtl WhiteBrick
v 21.69000 30.18120 -41.09000
v 22.31000 30.18120 -41.09000
v 22.31000 31.65000 -41.09000
v 21.69000 31.65000 -41.09000
v 21.69000 30.18120 -38.91000
v 22.31000 30.18120 -38.91000
v 22.31000 31.65000 -38.91000
v 21.69000 31.65000 -38.91000
f 9727 9728 9729 9730
f 9731 9734 9733 9732
f 9727 9731 9732 9728
f 9730 9729 9733 9734
f 9727 9730 9734 9731
f 9728 9732 9733 9729
o CrossRoofSideInfill_R_4
usemtl WhiteBrick
v 21.69000 30.44614 -39.09000
v 22.31000 30.44614 -39.09000
v 22.31000 31.65000 -39.09000
v 21.69000 31.65000 -39.09000
v 21.69000 30.44614 -36.91000
v 22.31000 30.44614 -36.91000
v 22.31000 31.65000 -36.91000
v 21.69000 31.65000 -36.91000
f 9735 9736 9737 9738
f 9739 9742 9741 9740
f 9735 9739 9740 9736
f 9738 9737 9741 9742
f 9735 9738 9742 9739
f 9736 9740 9741 9737
o CrossRoofSideInfill_R_5
usemtl WhiteBrick
v 21.69000 30.71108 -37.09000
v 22.31000 30.71108 -37.09000
v 22.31000 31.65000 -37.09000
v 21.69000 31.65000 -37.09000
v 21.69000 30.71108 -34.91000
v 22.31000 30.71108 -34.91000
v 22.31000 31.65000 -34.91000
v 21.69000 31.65000 -34.91000
f 9743 9744 9745 9746
f 9747 9750 9749 9748
f 9743 9747 9748 9744
f 9746 9745 9749 9750
f 9743 9746 9750 9747
f 9744 9748 9749 9745
o CrossRoofSideInfill_R_6
usemtl WhiteBrick
v 21.69000 30.97602 -35.09000
v 22.31000 30.97602 -35.09000
v 22.31000 31.65000 -35.09000
v 21.69000 31.65000 -35.09000
v 21.69000 30.97602 -32.91000
v 22.31000 30.97602 -32.91000
v 22.31000 31.65000 -32.91000
v 21.69000 31.65000 -32.91000
f 9751 9752 9753 9754
f 9755 9758 9757 9756
f 9751 9755 9756 9752
f 9754 9753 9757 9758
f 9751 9754 9758 9755
f 9752 9756 9757 9753
o CrossRoofSideInfill_R_7
usemtl WhiteBrick
v 21.69000 31.24096 -33.09000
v 22.31000 31.24096 -33.09000
v 22.31000 31.65000 -33.09000
v 21.69000 31.65000 -33.09000
v 21.69000 31.24096 -30.91000
v 22.31000 31.24096 -30.91000
v 22.31000 31.65000 -30.91000
v 21.69000 31.65000 -30.91000
f 9759 9760 9761 9762
f 9763 9766 9765 9764
f 9759 9763 9764 9760
f 9762 9761 9765 9766
f 9759 9762 9766 9763
f 9760 9764 9765 9761
o CrossRoofSideInfill_R_8
usemtl WhiteBrick
v 21.69000 31.50590 -31.09000
v 22.31000 31.50590 -31.09000
v 22.31000 31.70590 -31.09000
v 21.69000 31.70590 -31.09000
v 21.69000 31.50590 -28.91000
v 22.31000 31.50590 -28.91000
v 22.31000 31.70590 -28.91000
v 21.69000 31.70590 -28.91000
f 9767 9768 9769 9770
f 9771 9774 9773 9772
f 9767 9771 9772 9768
f 9770 9769 9773 9774
f 9767 9770 9774 9771
f 9768 9772 9773 9769
o CrossRoofSideInfill_R_9
usemtl WhiteBrick
v 21.69000 31.77084 -29.09000
v 22.31000 31.77084 -29.09000
v 22.31000 31.97084 -29.09000
v 21.69000 31.97084 -29.09000
v 21.69000 31.77084 -26.91000
v 22.31000 31.77084 -26.91000
v 22.31000 31.97084 -26.91000
v 21.69000 31.97084 -26.91000
f 9775 9776 9777 9778
f 9779 9782 9781 9780
f 9775 9779 9780 9776
f 9778 9777 9781 9782
f 9775 9778 9782 9779
f 9776 9780 9781 9777
o CrossRoofSideInfill_R_10
usemtl WhiteBrick
v 21.69000 32.03578 -27.09000
v 22.31000 32.03578 -27.09000
v 22.31000 32.23578 -27.09000
v 21.69000 32.23578 -27.09000
v 21.69000 32.03578 -24.91000
v 22.31000 32.03578 -24.91000
v 22.31000 32.23578 -24.91000
v 21.69000 32.23578 -24.91000
f 9783 9784 9785 9786
f 9787 9790 9789 9788
f 9783 9787 9788 9784
f 9786 9785 9789 9790
f 9783 9786 9790 9787
f 9784 9788 9789 9785
o CrossRoofSideInfill_R_11
usemtl WhiteBrick
v 21.69000 32.30072 -25.09000
v 22.31000 32.30072 -25.09000
v 22.31000 32.50072 -25.09000
v 21.69000 32.50072 -25.09000
v 21.69000 32.30072 -22.91000
v 22.31000 32.30072 -22.91000
v 22.31000 32.50072 -22.91000
v 21.69000 32.50072 -22.91000
f 9791 9792 9793 9794
f 9795 9798 9797 9796
f 9791 9795 9796 9792
f 9794 9793 9797 9798
f 9791 9794 9798 9795
f 9792 9796 9797 9793
o CrossRoofSideInfill_R_12
usemtl WhiteBrick
v 21.69000 32.56566 -23.09000
v 22.31000 32.56566 -23.09000
v 22.31000 32.76566 -23.09000
v 21.69000 32.76566 -23.09000
v 21.69000 32.56566 -20.91000
v 22.31000 32.56566 -20.91000
v 22.31000 32.76566 -20.91000
v 21.69000 32.76566 -20.91000
f 9799 9800 9801 9802
f 9803 9806 9805 9804
f 9799 9803 9804 9800
f 9802 9801 9805 9806
f 9799 9802 9806 9803
f 9800 9804 9805 9801
o CrossRoofSideInfill_R_13
usemtl WhiteBrick
v 21.69000 32.83060 -21.09000
v 22.31000 32.83060 -21.09000
v 22.31000 33.03060 -21.09000
v 21.69000 33.03060 -21.09000
v 21.69000 32.83060 -18.91000
v 22.31000 32.83060 -18.91000
v 22.31000 33.03060 -18.91000
v 21.69000 33.03060 -18.91000
f 9807 9808 9809 9810
f 9811 9814 9813 9812
f 9807 9811 9812 9808
f 9810 9809 9813 9814
f 9807 9810 9814 9811
f 9808 9812 9813 9809
o ValleyFlashing_L_0
usemtl RoofDark
v -22.71000 29.45637 -47.12500
v -21.99000 29.45637 -47.12500
v -21.99000 29.63637 -47.12500
v -22.71000 29.63637 -47.12500
v -22.71000 29.45637 -44.87500
v -21.99000 29.45637 -44.87500
v -21.99000 29.63637 -44.87500
v -22.71000 29.63637 -44.87500
f 9815 9816 9817 9818
f 9819 9822 9821 9820
f 9815 9819 9820 9816
f 9818 9817 9821 9822
f 9815 9818 9822 9819
f 9816 9820 9821 9817
o ValleyFlashing_L_1
usemtl RoofDark
v -22.71000 29.72131 -45.12500
v -21.99000 29.72131 -45.12500
v -21.99000 29.90131 -45.12500
v -22.71000 29.90131 -45.12500
v -22.71000 29.72131 -42.87500
v -21.99000 29.72131 -42.87500
v -21.99000 29.90131 -42.87500
v -22.71000 29.90131 -42.87500
f 9823 9824 9825 9826
f 9827 9830 9829 9828
f 9823 9827 9828 9824
f 9826 9825 9829 9830
f 9823 9826 9830 9827
f 9824 9828 9829 9825
o ValleyFlashing_L_2
usemtl RoofDark
v -22.71000 29.98625 -43.12500
v -21.99000 29.98625 -43.12500
v -21.99000 30.16625 -43.12500
v -22.71000 30.16625 -43.12500
v -22.71000 29.98625 -40.87500
v -21.99000 29.98625 -40.87500
v -21.99000 30.16625 -40.87500
v -22.71000 30.16625 -40.87500
f 9831 9832 9833 9834
f 9835 9838 9837 9836
f 9831 9835 9836 9832
f 9834 9833 9837 9838
f 9831 9834 9838 9835
f 9832 9836 9837 9833
o ValleyFlashing_L_3
usemtl RoofDark
v -22.71000 30.25120 -41.12500
v -21.99000 30.25120 -41.12500
v -21.99000 30.43120 -41.12500
v -22.71000 30.43120 -41.12500
v -22.71000 30.25120 -38.87500
v -21.99000 30.25120 -38.87500
v -21.99000 30.43120 -38.87500
v -22.71000 30.43120 -38.87500
f 9839 9840 9841 9842
f 9843 9846 9845 9844
f 9839 9843 9844 9840
f 9842 9841 9845 9846
f 9839 9842 9846 9843
f 9840 9844 9845 9841
o ValleyFlashing_L_4
usemtl RoofDark
v -22.71000 30.51614 -39.12500
v -21.99000 30.51614 -39.12500
v -21.99000 30.69614 -39.12500
v -22.71000 30.69614 -39.12500
v -22.71000 30.51614 -36.87500
v -21.99000 30.51614 -36.87500
v -21.99000 30.69614 -36.87500
v -22.71000 30.69614 -36.87500
f 9847 9848 9849 9850
f 9851 9854 9853 9852
f 9847 9851 9852 9848
f 9850 9849 9853 9854
f 9847 9850 9854 9851
f 9848 9852 9853 9849
o ValleyFlashing_L_5
usemtl RoofDark
v -22.71000 30.78108 -37.12500
v -21.99000 30.78108 -37.12500
v -21.99000 30.96108 -37.12500
v -22.71000 30.96108 -37.12500
v -22.71000 30.78108 -34.87500
v -21.99000 30.78108 -34.87500
v -21.99000 30.96108 -34.87500
v -22.71000 30.96108 -34.87500
f 9855 9856 9857 9858
f 9859 9862 9861 9860
f 9855 9859 9860 9856
f 9858 9857 9861 9862
f 9855 9858 9862 9859
f 9856 9860 9861 9857
o ValleyFlashing_L_6
usemtl RoofDark
v -22.71000 31.04602 -35.12500
v -21.99000 31.04602 -35.12500
v -21.99000 31.22602 -35.12500
v -22.71000 31.22602 -35.12500
v -22.71000 31.04602 -32.87500
v -21.99000 31.04602 -32.87500
v -21.99000 31.22602 -32.87500
v -22.71000 31.22602 -32.87500
f 9863 9864 9865 9866
f 9867 9870 9869 9868
f 9863 9867 9868 9864
f 9866 9865 9869 9870
f 9863 9866 9870 9867
f 9864 9868 9869 9865
o ValleyFlashing_L_7
usemtl RoofDark
v -22.71000 31.31096 -33.12500
v -21.99000 31.31096 -33.12500
v -21.99000 31.49096 -33.12500
v -22.71000 31.49096 -33.12500
v -22.71000 31.31096 -30.87500
v -21.99000 31.31096 -30.87500
v -21.99000 31.49096 -30.87500
v -22.71000 31.49096 -30.87500
f 9871 9872 9873 9874
f 9875 9878 9877 9876
f 9871 9875 9876 9872
f 9874 9873 9877 9878
f 9871 9874 9878 9875
f 9872 9876 9877 9873
o ValleyFlashing_L_8
usemtl RoofDark
v -22.71000 31.57590 -31.12500
v -21.99000 31.57590 -31.12500
v -21.99000 31.75590 -31.12500
v -22.71000 31.75590 -31.12500
v -22.71000 31.57590 -28.87500
v -21.99000 31.57590 -28.87500
v -21.99000 31.75590 -28.87500
v -22.71000 31.75590 -28.87500
f 9879 9880 9881 9882
f 9883 9886 9885 9884
f 9879 9883 9884 9880
f 9882 9881 9885 9886
f 9879 9882 9886 9883
f 9880 9884 9885 9881
o ValleyFlashing_L_9
usemtl RoofDark
v -22.71000 31.84084 -29.12500
v -21.99000 31.84084 -29.12500
v -21.99000 32.02084 -29.12500
v -22.71000 32.02084 -29.12500
v -22.71000 31.84084 -26.87500
v -21.99000 31.84084 -26.87500
v -21.99000 32.02084 -26.87500
v -22.71000 32.02084 -26.87500
f 9887 9888 9889 9890
f 9891 9894 9893 9892
f 9887 9891 9892 9888
f 9890 9889 9893 9894
f 9887 9890 9894 9891
f 9888 9892 9893 9889
o ValleyFlashing_L_10
usemtl RoofDark
v -22.71000 32.10578 -27.12500
v -21.99000 32.10578 -27.12500
v -21.99000 32.28578 -27.12500
v -22.71000 32.28578 -27.12500
v -22.71000 32.10578 -24.87500
v -21.99000 32.10578 -24.87500
v -21.99000 32.28578 -24.87500
v -22.71000 32.28578 -24.87500
f 9895 9896 9897 9898
f 9899 9902 9901 9900
f 9895 9899 9900 9896
f 9898 9897 9901 9902
f 9895 9898 9902 9899
f 9896 9900 9901 9897
o ValleyFlashing_L_11
usemtl RoofDark
v -22.71000 32.37072 -25.12500
v -21.99000 32.37072 -25.12500
v -21.99000 32.55072 -25.12500
v -22.71000 32.55072 -25.12500
v -22.71000 32.37072 -22.87500
v -21.99000 32.37072 -22.87500
v -21.99000 32.55072 -22.87500
v -22.71000 32.55072 -22.87500
f 9903 9904 9905 9906
f 9907 9910 9909 9908
f 9903 9907 9908 9904
f 9906 9905 9909 9910
f 9903 9906 9910 9907
f 9904 9908 9909 9905
o ValleyFlashing_L_12
usemtl RoofDark
v -22.71000 32.63566 -23.12500
v -21.99000 32.63566 -23.12500
v -21.99000 32.81566 -23.12500
v -22.71000 32.81566 -23.12500
v -22.71000 32.63566 -20.87500
v -21.99000 32.63566 -20.87500
v -21.99000 32.81566 -20.87500
v -22.71000 32.81566 -20.87500
f 9911 9912 9913 9914
f 9915 9918 9917 9916
f 9911 9915 9916 9912
f 9914 9913 9917 9918
f 9911 9914 9918 9915
f 9912 9916 9917 9913
o ValleyFlashing_L_13
usemtl RoofDark
v -22.71000 32.90060 -21.12500
v -21.99000 32.90060 -21.12500
v -21.99000 33.08060 -21.12500
v -22.71000 33.08060 -21.12500
v -22.71000 32.90060 -18.87500
v -21.99000 32.90060 -18.87500
v -21.99000 33.08060 -18.87500
v -22.71000 33.08060 -18.87500
f 9919 9920 9921 9922
f 9923 9926 9925 9924
f 9919 9923 9924 9920
f 9922 9921 9925 9926
f 9919 9922 9926 9923
f 9920 9924 9925 9921
o ValleyFlashing_R_0
usemtl RoofDark
v 21.99000 29.45637 -47.12500
v 22.71000 29.45637 -47.12500
v 22.71000 29.63637 -47.12500
v 21.99000 29.63637 -47.12500
v 21.99000 29.45637 -44.87500
v 22.71000 29.45637 -44.87500
v 22.71000 29.63637 -44.87500
v 21.99000 29.63637 -44.87500
f 9927 9928 9929 9930
f 9931 9934 9933 9932
f 9927 9931 9932 9928
f 9930 9929 9933 9934
f 9927 9930 9934 9931
f 9928 9932 9933 9929
o ValleyFlashing_R_1
usemtl RoofDark
v 21.99000 29.72131 -45.12500
v 22.71000 29.72131 -45.12500
v 22.71000 29.90131 -45.12500
v 21.99000 29.90131 -45.12500
v 21.99000 29.72131 -42.87500
v 22.71000 29.72131 -42.87500
v 22.71000 29.90131 -42.87500
v 21.99000 29.90131 -42.87500
f 9935 9936 9937 9938
f 9939 9942 9941 9940
f 9935 9939 9940 9936
f 9938 9937 9941 9942
f 9935 9938 9942 9939
f 9936 9940 9941 9937
o ValleyFlashing_R_2
usemtl RoofDark
v 21.99000 29.98625 -43.12500
v 22.71000 29.98625 -43.12500
v 22.71000 30.16625 -43.12500
v 21.99000 30.16625 -43.12500
v 21.99000 29.98625 -40.87500
v 22.71000 29.98625 -40.87500
v 22.71000 30.16625 -40.87500
v 21.99000 30.16625 -40.87500
f 9943 9944 9945 9946
f 9947 9950 9949 9948
f 9943 9947 9948 9944
f 9946 9945 9949 9950
f 9943 9946 9950 9947
f 9944 9948 9949 9945
o ValleyFlashing_R_3
usemtl RoofDark
v 21.99000 30.25120 -41.12500
v 22.71000 30.25120 -41.12500
v 22.71000 30.43120 -41.12500
v 21.99000 30.43120 -41.12500
v 21.99000 30.25120 -38.87500
v 22.71000 30.25120 -38.87500
v 22.71000 30.43120 -38.87500
v 21.99000 30.43120 -38.87500
f 9951 9952 9953 9954
f 9955 9958 9957 9956
f 9951 9955 9956 9952
f 9954 9953 9957 9958
f 9951 9954 9958 9955
f 9952 9956 9957 9953
o ValleyFlashing_R_4
usemtl RoofDark
v 21.99000 30.51614 -39.12500
v 22.71000 30.51614 -39.12500
v 22.71000 30.69614 -39.12500
v 21.99000 30.69614 -39.12500
v 21.99000 30.51614 -36.87500
v 22.71000 30.51614 -36.87500
v 22.71000 30.69614 -36.87500
v 21.99000 30.69614 -36.87500
f 9959 9960 9961 9962
f 9963 9966 9965 9964
f 9959 9963 9964 9960
f 9962 9961 9965 9966
f 9959 9962 9966 9963
f 9960 9964 9965 9961
o ValleyFlashing_R_5
usemtl RoofDark
v 21.99000 30.78108 -37.12500
v 22.71000 30.78108 -37.12500
v 22.71000 30.96108 -37.12500
v 21.99000 30.96108 -37.12500
v 21.99000 30.78108 -34.87500
v 22.71000 30.78108 -34.87500
v 22.71000 30.96108 -34.87500
v 21.99000 30.96108 -34.87500
f 9967 9968 9969 9970
f 9971 9974 9973 9972
f 9967 9971 9972 9968
f 9970 9969 9973 9974
f 9967 9970 9974 9971
f 9968 9972 9973 9969
o ValleyFlashing_R_6
usemtl RoofDark
v 21.99000 31.04602 -35.12500
v 22.71000 31.04602 -35.12500
v 22.71000 31.22602 -35.12500
v 21.99000 31.22602 -35.12500
v 21.99000 31.04602 -32.87500
v 22.71000 31.04602 -32.87500
v 22.71000 31.22602 -32.87500
v 21.99000 31.22602 -32.87500
f 9975 9976 9977 9978
f 9979 9982 9981 9980
f 9975 9979 9980 9976
f 9978 9977 9981 9982
f 9975 9978 9982 9979
f 9976 9980 9981 9977
o ValleyFlashing_R_7
usemtl RoofDark
v 21.99000 31.31096 -33.12500
v 22.71000 31.31096 -33.12500
v 22.71000 31.49096 -33.12500
v 21.99000 31.49096 -33.12500
v 21.99000 31.31096 -30.87500
v 22.71000 31.31096 -30.87500
v 22.71000 31.49096 -30.87500
v 21.99000 31.49096 -30.87500
f 9983 9984 9985 9986
f 9987 9990 9989 9988
f 9983 9987 9988 9984
f 9986 9985 9989 9990
f 9983 9986 9990 9987
f 9984 9988 9989 9985
o ValleyFlashing_R_8
usemtl RoofDark
v 21.99000 31.57590 -31.12500
v 22.71000 31.57590 -31.12500
v 22.71000 31.75590 -31.12500
v 21.99000 31.75590 -31.12500
v 21.99000 31.57590 -28.87500
v 22.71000 31.57590 -28.87500
v 22.71000 31.75590 -28.87500
v 21.99000 31.75590 -28.87500
f 9991 9992 9993 9994
f 9995 9998 9997 9996
f 9991 9995 9996 9992
f 9994 9993 9997 9998
f 9991 9994 9998 9995
f 9992 9996 9997 9993
o ValleyFlashing_R_9
usemtl RoofDark
v 21.99000 31.84084 -29.12500
v 22.71000 31.84084 -29.12500
v 22.71000 32.02084 -29.12500
v 21.99000 32.02084 -29.12500
v 21.99000 31.84084 -26.87500
v 22.71000 31.84084 -26.87500
v 22.71000 32.02084 -26.87500
v 21.99000 32.02084 -26.87500
f 9999 10000 10001 10002
f 10003 10006 10005 10004
f 9999 10003 10004 10000
f 10002 10001 10005 10006
f 9999 10002 10006 10003
f 10000 10004 10005 10001
o ValleyFlashing_R_10
usemtl RoofDark
v 21.99000 32.10578 -27.12500
v 22.71000 32.10578 -27.12500
v 22.71000 32.28578 -27.12500
v 21.99000 32.28578 -27.12500
v 21.99000 32.10578 -24.87500
v 22.71000 32.10578 -24.87500
v 22.71000 32.28578 -24.87500
v 21.99000 32.28578 -24.87500
f 10007 10008 10009 10010
f 10011 10014 10013 10012
f 10007 10011 10012 10008
f 10010 10009 10013 10014
f 10007 10010 10014 10011
f 10008 10012 10013 10009
o ValleyFlashing_R_11
usemtl RoofDark
v 21.99000 32.37072 -25.12500
v 22.71000 32.37072 -25.12500
v 22.71000 32.55072 -25.12500
v 21.99000 32.55072 -25.12500
v 21.99000 32.37072 -22.87500
v 22.71000 32.37072 -22.87500
v 22.71000 32.55072 -22.87500
v 21.99000 32.55072 -22.87500
f 10015 10016 10017 10018
f 10019 10022 10021 10020
f 10015 10019 10020 10016
f 10018 10017 10021 10022
f 10015 10018 10022 10019
f 10016 10020 10021 10017
o ValleyFlashing_R_12
usemtl RoofDark
v 21.99000 32.63566 -23.12500
v 22.71000 32.63566 -23.12500
v 22.71000 32.81566 -23.12500
v 21.99000 32.81566 -23.12500
v 21.99000 32.63566 -20.87500
v 22.71000 32.63566 -20.87500
v 22.71000 32.81566 -20.87500
v 21.99000 32.81566 -20.87500
f 10023 10024 10025 10026
f 10027 10030 10029 10028
f 10023 10027 10028 10024
f 10026 10025 10029 10030
f 10023 10026 10030 10027
f 10024 10028 10029 10025
o ValleyFlashing_R_13
usemtl RoofDark
v 21.99000 32.90060 -21.12500
v 22.71000 32.90060 -21.12500
v 22.71000 33.08060 -21.12500
v 21.99000 33.08060 -21.12500
v 21.99000 32.90060 -18.87500
v 22.71000 32.90060 -18.87500
v 22.71000 33.08060 -18.87500
v 21.99000 33.08060 -18.87500
f 10031 10032 10033 10034
f 10035 10038 10037 10036
f 10031 10035 10036 10032
f 10034 10033 10037 10038
f 10031 10034 10038 10035
f 10032 10036 10037 10033
o UpperHallWindow_L_-41.5_Glass
usemtl Glass
v -15.59000 19.70000 -44.00000
v -15.41000 19.70000 -44.00000
v -15.41000 24.30000 -44.00000
v -15.59000 24.30000 -44.00000
v -15.59000 19.70000 -39.00000
v -15.41000 19.70000 -39.00000
v -15.41000 24.30000 -39.00000
v -15.59000 24.30000 -39.00000
f 10039 10040 10041 10042
f 10043 10046 10045 10044
f 10039 10043 10044 10040
f 10042 10041 10045 10046
f 10039 10042 10046 10043
f 10040 10044 10045 10041
o UpperHallWindow_L_-41.5_Top
usemtl MetalDark
v -15.66000 24.34000 -44.25000
v -15.34000 24.34000 -44.25000
v -15.34000 24.56000 -44.25000
v -15.66000 24.56000 -44.25000
v -15.66000 24.34000 -38.75000
v -15.34000 24.34000 -38.75000
v -15.34000 24.56000 -38.75000
v -15.66000 24.56000 -38.75000
f 10047 10048 10049 10050
f 10051 10054 10053 10052
f 10047 10051 10052 10048
f 10050 10049 10053 10054
f 10047 10050 10054 10051
f 10048 10052 10053 10049
o UpperHallWindow_L_-41.5_Bottom
usemtl MetalDark
v -15.66000 19.44000 -44.25000
v -15.34000 19.44000 -44.25000
v -15.34000 19.66000 -44.25000
v -15.66000 19.66000 -44.25000
v -15.66000 19.44000 -38.75000
v -15.34000 19.44000 -38.75000
v -15.34000 19.66000 -38.75000
v -15.66000 19.66000 -38.75000
f 10055 10056 10057 10058
f 10059 10062 10061 10060
f 10055 10059 10060 10056
f 10058 10057 10061 10062
f 10055 10058 10062 10059
f 10056 10060 10061 10057
o UpperHallWindow_L_-41.5_Front
usemtl MetalDark
v -15.66000 19.45000 -44.11000
v -15.34000 19.45000 -44.11000
v -15.34000 24.55000 -44.11000
v -15.66000 24.55000 -44.11000
v -15.66000 19.45000 -43.89000
v -15.34000 19.45000 -43.89000
v -15.34000 24.55000 -43.89000
v -15.66000 24.55000 -43.89000
f 10063 10064 10065 10066
f 10067 10070 10069 10068
f 10063 10067 10068 10064
f 10066 10065 10069 10070
f 10063 10066 10070 10067
f 10064 10068 10069 10065
o UpperHallWindow_L_-41.5_Back
usemtl MetalDark
v -15.66000 19.45000 -39.11000
v -15.34000 19.45000 -39.11000
v -15.34000 24.55000 -39.11000
v -15.66000 24.55000 -39.11000
v -15.66000 19.45000 -38.89000
v -15.34000 19.45000 -38.89000
v -15.34000 24.55000 -38.89000
v -15.66000 24.55000 -38.89000
f 10071 10072 10073 10074
f 10075 10078 10077 10076
f 10071 10075 10076 10072
f 10074 10073 10077 10078
f 10071 10074 10078 10075
f 10072 10076 10077 10073
o UpperHallWindow_L_-34.5_Glass
usemtl Glass
v -15.59000 19.70000 -37.00000
v -15.41000 19.70000 -37.00000
v -15.41000 24.30000 -37.00000
v -15.59000 24.30000 -37.00000
v -15.59000 19.70000 -32.00000
v -15.41000 19.70000 -32.00000
v -15.41000 24.30000 -32.00000
v -15.59000 24.30000 -32.00000
f 10079 10080 10081 10082
f 10083 10086 10085 10084
f 10079 10083 10084 10080
f 10082 10081 10085 10086
f 10079 10082 10086 10083
f 10080 10084 10085 10081
o UpperHallWindow_L_-34.5_Top
usemtl MetalDark
v -15.66000 24.34000 -37.25000
v -15.34000 24.34000 -37.25000
v -15.34000 24.56000 -37.25000
v -15.66000 24.56000 -37.25000
v -15.66000 24.34000 -31.75000
v -15.34000 24.34000 -31.75000
v -15.34000 24.56000 -31.75000
v -15.66000 24.56000 -31.75000
f 10087 10088 10089 10090
f 10091 10094 10093 10092
f 10087 10091 10092 10088
f 10090 10089 10093 10094
f 10087 10090 10094 10091
f 10088 10092 10093 10089
o UpperHallWindow_L_-34.5_Bottom
usemtl MetalDark
v -15.66000 19.44000 -37.25000
v -15.34000 19.44000 -37.25000
v -15.34000 19.66000 -37.25000
v -15.66000 19.66000 -37.25000
v -15.66000 19.44000 -31.75000
v -15.34000 19.44000 -31.75000
v -15.34000 19.66000 -31.75000
v -15.66000 19.66000 -31.75000
f 10095 10096 10097 10098
f 10099 10102 10101 10100
f 10095 10099 10100 10096
f 10098 10097 10101 10102
f 10095 10098 10102 10099
f 10096 10100 10101 10097
o UpperHallWindow_L_-34.5_Front
usemtl MetalDark
v -15.66000 19.45000 -37.11000
v -15.34000 19.45000 -37.11000
v -15.34000 24.55000 -37.11000
v -15.66000 24.55000 -37.11000
v -15.66000 19.45000 -36.89000
v -15.34000 19.45000 -36.89000
v -15.34000 24.55000 -36.89000
v -15.66000 24.55000 -36.89000
f 10103 10104 10105 10106
f 10107 10110 10109 10108
f 10103 10107 10108 10104
f 10106 10105 10109 10110
f 10103 10106 10110 10107
f 10104 10108 10109 10105
o UpperHallWindow_L_-34.5_Back
usemtl MetalDark
v -15.66000 19.45000 -32.11000
v -15.34000 19.45000 -32.11000
v -15.34000 24.55000 -32.11000
v -15.66000 24.55000 -32.11000
v -15.66000 19.45000 -31.89000
v -15.34000 19.45000 -31.89000
v -15.34000 24.55000 -31.89000
v -15.66000 24.55000 -31.89000
f 10111 10112 10113 10114
f 10115 10118 10117 10116
f 10111 10115 10116 10112
f 10114 10113 10117 10118
f 10111 10114 10118 10115
f 10112 10116 10117 10113
o UpperHallWindow_L_-27.5_Glass
usemtl Glass
v -15.59000 19.70000 -30.00000
v -15.41000 19.70000 -30.00000
v -15.41000 24.30000 -30.00000
v -15.59000 24.30000 -30.00000
v -15.59000 19.70000 -25.00000
v -15.41000 19.70000 -25.00000
v -15.41000 24.30000 -25.00000
v -15.59000 24.30000 -25.00000
f 10119 10120 10121 10122
f 10123 10126 10125 10124
f 10119 10123 10124 10120
f 10122 10121 10125 10126
f 10119 10122 10126 10123
f 10120 10124 10125 10121
o UpperHallWindow_L_-27.5_Top
usemtl MetalDark
v -15.66000 24.34000 -30.25000
v -15.34000 24.34000 -30.25000
v -15.34000 24.56000 -30.25000
v -15.66000 24.56000 -30.25000
v -15.66000 24.34000 -24.75000
v -15.34000 24.34000 -24.75000
v -15.34000 24.56000 -24.75000
v -15.66000 24.56000 -24.75000
f 10127 10128 10129 10130
f 10131 10134 10133 10132
f 10127 10131 10132 10128
f 10130 10129 10133 10134
f 10127 10130 10134 10131
f 10128 10132 10133 10129
o UpperHallWindow_L_-27.5_Bottom
usemtl MetalDark
v -15.66000 19.44000 -30.25000
v -15.34000 19.44000 -30.25000
v -15.34000 19.66000 -30.25000
v -15.66000 19.66000 -30.25000
v -15.66000 19.44000 -24.75000
v -15.34000 19.44000 -24.75000
v -15.34000 19.66000 -24.75000
v -15.66000 19.66000 -24.75000
f 10135 10136 10137 10138
f 10139 10142 10141 10140
f 10135 10139 10140 10136
f 10138 10137 10141 10142
f 10135 10138 10142 10139
f 10136 10140 10141 10137
o UpperHallWindow_L_-27.5_Front
usemtl MetalDark
v -15.66000 19.45000 -30.11000
v -15.34000 19.45000 -30.11000
v -15.34000 24.55000 -30.11000
v -15.66000 24.55000 -30.11000
v -15.66000 19.45000 -29.89000
v -15.34000 19.45000 -29.89000
v -15.34000 24.55000 -29.89000
v -15.66000 24.55000 -29.89000
f 10143 10144 10145 10146
f 10147 10150 10149 10148
f 10143 10147 10148 10144
f 10146 10145 10149 10150
f 10143 10146 10150 10147
f 10144 10148 10149 10145
o UpperHallWindow_L_-27.5_Back
usemtl MetalDark
v -15.66000 19.45000 -25.11000
v -15.34000 19.45000 -25.11000
v -15.34000 24.55000 -25.11000
v -15.66000 24.55000 -25.11000
v -15.66000 19.45000 -24.89000
v -15.34000 19.45000 -24.89000
v -15.34000 24.55000 -24.89000
v -15.66000 24.55000 -24.89000
f 10151 10152 10153 10154
f 10155 10158 10157 10156
f 10151 10155 10156 10152
f 10154 10153 10157 10158
f 10151 10154 10158 10155
f 10152 10156 10157 10153
o UpperHallWindow_R_-41.5_Glass
usemtl Glass
v 15.41000 19.70000 -44.00000
v 15.59000 19.70000 -44.00000
v 15.59000 24.30000 -44.00000
v 15.41000 24.30000 -44.00000
v 15.41000 19.70000 -39.00000
v 15.59000 19.70000 -39.00000
v 15.59000 24.30000 -39.00000
v 15.41000 24.30000 -39.00000
f 10159 10160 10161 10162
f 10163 10166 10165 10164
f 10159 10163 10164 10160
f 10162 10161 10165 10166
f 10159 10162 10166 10163
f 10160 10164 10165 10161
o UpperHallWindow_R_-41.5_Top
usemtl MetalDark
v 15.34000 24.34000 -44.25000
v 15.66000 24.34000 -44.25000
v 15.66000 24.56000 -44.25000
v 15.34000 24.56000 -44.25000
v 15.34000 24.34000 -38.75000
v 15.66000 24.34000 -38.75000
v 15.66000 24.56000 -38.75000
v 15.34000 24.56000 -38.75000
f 10167 10168 10169 10170
f 10171 10174 10173 10172
f 10167 10171 10172 10168
f 10170 10169 10173 10174
f 10167 10170 10174 10171
f 10168 10172 10173 10169
o UpperHallWindow_R_-41.5_Bottom
usemtl MetalDark
v 15.34000 19.44000 -44.25000
v 15.66000 19.44000 -44.25000
v 15.66000 19.66000 -44.25000
v 15.34000 19.66000 -44.25000
v 15.34000 19.44000 -38.75000
v 15.66000 19.44000 -38.75000
v 15.66000 19.66000 -38.75000
v 15.34000 19.66000 -38.75000
f 10175 10176 10177 10178
f 10179 10182 10181 10180
f 10175 10179 10180 10176
f 10178 10177 10181 10182
f 10175 10178 10182 10179
f 10176 10180 10181 10177
o UpperHallWindow_R_-41.5_Front
usemtl MetalDark
v 15.34000 19.45000 -44.11000
v 15.66000 19.45000 -44.11000
v 15.66000 24.55000 -44.11000
v 15.34000 24.55000 -44.11000
v 15.34000 19.45000 -43.89000
v 15.66000 19.45000 -43.89000
v 15.66000 24.55000 -43.89000
v 15.34000 24.55000 -43.89000
f 10183 10184 10185 10186
f 10187 10190 10189 10188
f 10183 10187 10188 10184
f 10186 10185 10189 10190
f 10183 10186 10190 10187
f 10184 10188 10189 10185
o UpperHallWindow_R_-41.5_Back
usemtl MetalDark
v 15.34000 19.45000 -39.11000
v 15.66000 19.45000 -39.11000
v 15.66000 24.55000 -39.11000
v 15.34000 24.55000 -39.11000
v 15.34000 19.45000 -38.89000
v 15.66000 19.45000 -38.89000
v 15.66000 24.55000 -38.89000
v 15.34000 24.55000 -38.89000
f 10191 10192 10193 10194
f 10195 10198 10197 10196
f 10191 10195 10196 10192
f 10194 10193 10197 10198
f 10191 10194 10198 10195
f 10192 10196 10197 10193
o UpperHallWindow_R_-34.5_Glass
usemtl Glass
v 15.41000 19.70000 -37.00000
v 15.59000 19.70000 -37.00000
v 15.59000 24.30000 -37.00000
v 15.41000 24.30000 -37.00000
v 15.41000 19.70000 -32.00000
v 15.59000 19.70000 -32.00000
v 15.59000 24.30000 -32.00000
v 15.41000 24.30000 -32.00000
f 10199 10200 10201 10202
f 10203 10206 10205 10204
f 10199 10203 10204 10200
f 10202 10201 10205 10206
f 10199 10202 10206 10203
f 10200 10204 10205 10201
o UpperHallWindow_R_-34.5_Top
usemtl MetalDark
v 15.34000 24.34000 -37.25000
v 15.66000 24.34000 -37.25000
v 15.66000 24.56000 -37.25000
v 15.34000 24.56000 -37.25000
v 15.34000 24.34000 -31.75000
v 15.66000 24.34000 -31.75000
v 15.66000 24.56000 -31.75000
v 15.34000 24.56000 -31.75000
f 10207 10208 10209 10210
f 10211 10214 10213 10212
f 10207 10211 10212 10208
f 10210 10209 10213 10214
f 10207 10210 10214 10211
f 10208 10212 10213 10209
o UpperHallWindow_R_-34.5_Bottom
usemtl MetalDark
v 15.34000 19.44000 -37.25000
v 15.66000 19.44000 -37.25000
v 15.66000 19.66000 -37.25000
v 15.34000 19.66000 -37.25000
v 15.34000 19.44000 -31.75000
v 15.66000 19.44000 -31.75000
v 15.66000 19.66000 -31.75000
v 15.34000 19.66000 -31.75000
f 10215 10216 10217 10218
f 10219 10222 10221 10220
f 10215 10219 10220 10216
f 10218 10217 10221 10222
f 10215 10218 10222 10219
f 10216 10220 10221 10217
o UpperHallWindow_R_-34.5_Front
usemtl MetalDark
v 15.34000 19.45000 -37.11000
v 15.66000 19.45000 -37.11000
v 15.66000 24.55000 -37.11000
v 15.34000 24.55000 -37.11000
v 15.34000 19.45000 -36.89000
v 15.66000 19.45000 -36.89000
v 15.66000 24.55000 -36.89000
v 15.34000 24.55000 -36.89000
f 10223 10224 10225 10226
f 10227 10230 10229 10228
f 10223 10227 10228 10224
f 10226 10225 10229 10230
f 10223 10226 10230 10227
f 10224 10228 10229 10225
o UpperHallWindow_R_-34.5_Back
usemtl MetalDark
v 15.34000 19.45000 -32.11000
v 15.66000 19.45000 -32.11000
v 15.66000 24.55000 -32.11000
v 15.34000 24.55000 -32.11000
v 15.34000 19.45000 -31.89000
v 15.66000 19.45000 -31.89000
v 15.66000 24.55000 -31.89000
v 15.34000 24.55000 -31.89000
f 10231 10232 10233 10234
f 10235 10238 10237 10236
f 10231 10235 10236 10232
f 10234 10233 10237 10238
f 10231 10234 10238 10235
f 10232 10236 10237 10233
o UpperHallWindow_R_-27.5_Glass
usemtl Glass
v 15.41000 19.70000 -30.00000
v 15.59000 19.70000 -30.00000
v 15.59000 24.30000 -30.00000
v 15.41000 24.30000 -30.00000
v 15.41000 19.70000 -25.00000
v 15.59000 19.70000 -25.00000
v 15.59000 24.30000 -25.00000
v 15.41000 24.30000 -25.00000
f 10239 10240 10241 10242
f 10243 10246 10245 10244
f 10239 10243 10244 10240
f 10242 10241 10245 10246
f 10239 10242 10246 10243
f 10240 10244 10245 10241
o UpperHallWindow_R_-27.5_Top
usemtl MetalDark
v 15.34000 24.34000 -30.25000
v 15.66000 24.34000 -30.25000
v 15.66000 24.56000 -30.25000
v 15.34000 24.56000 -30.25000
v 15.34000 24.34000 -24.75000
v 15.66000 24.34000 -24.75000
v 15.66000 24.56000 -24.75000
v 15.34000 24.56000 -24.75000
f 10247 10248 10249 10250
f 10251 10254 10253 10252
f 10247 10251 10252 10248
f 10250 10249 10253 10254
f 10247 10250 10254 10251
f 10248 10252 10253 10249
o UpperHallWindow_R_-27.5_Bottom
usemtl MetalDark
v 15.34000 19.44000 -30.25000
v 15.66000 19.44000 -30.25000
v 15.66000 19.66000 -30.25000
v 15.34000 19.66000 -30.25000
v 15.34000 19.44000 -24.75000
v 15.66000 19.44000 -24.75000
v 15.66000 19.66000 -24.75000
v 15.34000 19.66000 -24.75000
f 10255 10256 10257 10258
f 10259 10262 10261 10260
f 10255 10259 10260 10256
f 10258 10257 10261 10262
f 10255 10258 10262 10259
f 10256 10260 10261 10257
o UpperHallWindow_R_-27.5_Front
usemtl MetalDark
v 15.34000 19.45000 -30.11000
v 15.66000 19.45000 -30.11000
v 15.66000 24.55000 -30.11000
v 15.34000 24.55000 -30.11000
v 15.34000 19.45000 -29.89000
v 15.66000 19.45000 -29.89000
v 15.66000 24.55000 -29.89000
v 15.34000 24.55000 -29.89000
f 10263 10264 10265 10266
f 10267 10270 10269 10268
f 10263 10267 10268 10264
f 10266 10265 10269 10270
f 10263 10266 10270 10267
f 10264 10268 10269 10265
o UpperHallWindow_R_-27.5_Back
usemtl MetalDark
v 15.34000 19.45000 -25.11000
v 15.66000 19.45000 -25.11000
v 15.66000 24.55000 -25.11000
v 15.34000 24.55000 -25.11000
v 15.34000 19.45000 -24.89000
v 15.66000 19.45000 -24.89000
v 15.66000 24.55000 -24.89000
v 15.34000 24.55000 -24.89000
f 10271 10272 10273 10274
f 10275 10278 10277 10276
f 10271 10275 10276 10272
f 10274 10273 10277 10278
f 10271 10274 10278 10275
f 10272 10276 10277 10273
o CrossSideSoffit_L
usemtl Ceiling
v -21.92500 31.24500 -59.50000
v -21.37500 31.24500 -59.50000
v -21.37500 31.59500 -59.50000
v -21.92500 31.59500 -59.50000
v -21.92500 31.24500 -18.30000
v -21.37500 31.24500 -18.30000
v -21.37500 31.59500 -18.30000
v -21.92500 31.59500 -18.30000
f 10279 10280 10281 10282
f 10283 10286 10285 10284
f 10279 10283 10284 10280
f 10282 10281 10285 10286
f 10279 10282 10286 10283
f 10280 10284 10285 10281
o CrossSideSoffit_R
usemtl Ceiling
v 21.37500 31.24500 -59.50000
v 21.92500 31.24500 -59.50000
v 21.92500 31.59500 -59.50000
v 21.37500 31.59500 -59.50000
v 21.37500 31.24500 -18.30000
v 21.92500 31.24500 -18.30000
v 21.92500 31.59500 -18.30000
v 21.37500 31.59500 -18.30000
f 10287 10288 10289 10290
f 10291 10294 10293 10292
f 10287 10291 10292 10288
f 10290 10289 10293 10294
f 10287 10290 10294 10291
f 10288 10292 10293 10289

# --- V10 side classroom windows ---

# --- V11 complete side facades ---
o V11_L_A1_Front_Bottom
usemtl WhiteBrick
v -92.50000 0.00000 -47.00000
v -91.50000 0.00000 -47.00000
v -91.50000 4.00000 -47.00000
v -92.50000 4.00000 -47.00000
v -92.50000 0.00000 -10.00000
v -91.50000 0.00000 -10.00000
v -91.50000 4.00000 -10.00000
v -92.50000 4.00000 -10.00000
f 10295 10296 10297 10298
f 10299 10302 10301 10300
f 10295 10299 10300 10296
f 10298 10297 10301 10302
f 10295 10298 10302 10299
f 10296 10300 10301 10297
o V11_L_A1_Front_Top
usemtl WhiteBrick
v -92.50000 9.60000 -47.00000
v -91.50000 9.60000 -47.00000
v -91.50000 14.00000 -47.00000
v -92.50000 14.00000 -47.00000
v -92.50000 9.60000 -10.00000
v -91.50000 9.60000 -10.00000
v -91.50000 14.00000 -10.00000
v -92.50000 14.00000 -10.00000
f 10303 10304 10305 10306
f 10307 10310 10309 10308
f 10303 10307 10308 10304
f 10306 10305 10309 10310
f 10303 10306 10310 10307
f 10304 10308 10309 10305
o V11_L_A1_Front_Pier0
usemtl WhiteBrick
v -92.50000 4.00000 -47.00000
v -91.50000 4.00000 -47.00000
v -91.50000 9.60000 -47.00000
v -92.50000 9.60000 -47.00000
v -92.50000 4.00000 -42.00000
v -91.50000 4.00000 -42.00000
v -91.50000 9.60000 -42.00000
v -92.50000 9.60000 -42.00000
f 10311 10312 10313 10314
f 10315 10318 10317 10316
f 10311 10315 10316 10312
f 10314 10313 10317 10318
f 10311 10314 10318 10315
f 10312 10316 10317 10313
o V11_L_A1_Front_Pier1
usemtl WhiteBrick
v -92.50000 4.00000 -33.60000
v -91.50000 4.00000 -33.60000
v -91.50000 9.60000 -33.60000
v -92.50000 9.60000 -33.60000
v -92.50000 4.00000 -23.40000
v -91.50000 4.00000 -23.40000
v -91.50000 9.60000 -23.40000
v -92.50000 9.60000 -23.40000
f 10319 10320 10321 10322
f 10323 10326 10325 10324
f 10319 10323 10324 10320
f 10322 10321 10325 10326
f 10319 10322 10326 10323
f 10320 10324 10325 10321
o V11_L_A1_Front_Pier2
usemtl WhiteBrick
v -92.50000 4.00000 -15.00000
v -91.50000 4.00000 -15.00000
v -91.50000 9.60000 -15.00000
v -92.50000 9.60000 -15.00000
v -92.50000 4.00000 -10.00000
v -91.50000 4.00000 -10.00000
v -91.50000 9.60000 -10.00000
v -92.50000 9.60000 -10.00000
f 10327 10328 10329 10330
f 10331 10334 10333 10332
f 10327 10331 10332 10328
f 10330 10329 10333 10334
f 10327 10330 10334 10331
f 10328 10332 10333 10329
o V11_L_A1_Front_Window1_Glass
usemtl Glass
v -92.09000 4.24000 -41.75000
v -91.91000 4.24000 -41.75000
v -91.91000 9.36000 -41.75000
v -92.09000 9.36000 -41.75000
v -92.09000 4.24000 -33.85000
v -91.91000 4.24000 -33.85000
v -91.91000 9.36000 -33.85000
v -92.09000 9.36000 -33.85000
f 10335 10336 10337 10338
f 10339 10342 10341 10340
f 10335 10339 10340 10336
f 10338 10337 10341 10342
f 10335 10338 10342 10339
f 10336 10340 10341 10337
o V11_L_A1_Front_Window1_FrameZ1
usemtl MetalDark
v -92.28000 3.72500 -42.13000
v -91.96000 3.72500 -42.13000
v -91.96000 9.87500 -42.13000
v -92.28000 9.87500 -42.13000
v -92.28000 3.72500 -41.87000
v -91.96000 3.72500 -41.87000
v -91.96000 9.87500 -41.87000
v -92.28000 9.87500 -41.87000
f 10343 10344 10345 10346
f 10347 10350 10349 10348
f 10343 10347 10348 10344
f 10346 10345 10349 10350
f 10343 10346 10350 10347
f 10344 10348 10349 10345
o V11_L_A1_Front_Window1_FrameZ2
usemtl MetalDark
v -92.28000 3.72500 -33.73000
v -91.96000 3.72500 -33.73000
v -91.96000 9.87500 -33.73000
v -92.28000 9.87500 -33.73000
v -92.28000 3.72500 -33.47000
v -91.96000 3.72500 -33.47000
v -91.96000 9.87500 -33.47000
v -92.28000 9.87500 -33.47000
f 10351 10352 10353 10354
f 10355 10358 10357 10356
f 10351 10355 10356 10352
f 10354 10353 10357 10358
f 10351 10354 10358 10355
f 10352 10356 10357 10353
o V11_L_A1_Front_Window1_FrameTop
usemtl MetalDark
v -92.28000 9.46000 -42.27500
v -91.96000 9.46000 -42.27500
v -91.96000 9.74000 -42.27500
v -92.28000 9.74000 -42.27500
v -92.28000 9.46000 -33.32500
v -91.96000 9.46000 -33.32500
v -91.96000 9.74000 -33.32500
v -92.28000 9.74000 -33.32500
f 10359 10360 10361 10362
f 10363 10366 10365 10364
f 10359 10363 10364 10360
f 10362 10361 10365 10366
f 10359 10362 10366 10363
f 10360 10364 10365 10361
o V11_L_A1_Front_Window1_FrameBottom
usemtl MetalDark
v -92.28000 3.86000 -42.27500
v -91.96000 3.86000 -42.27500
v -91.96000 4.14000 -42.27500
v -92.28000 4.14000 -42.27500
v -92.28000 3.86000 -33.32500
v -91.96000 3.86000 -33.32500
v -91.96000 4.14000 -33.32500
v -92.28000 4.14000 -33.32500
f 10367 10368 10369 10370
f 10371 10374 10373 10372
f 10367 10371 10372 10368
f 10370 10369 10373 10374
f 10367 10370 10374 10371
f 10368 10372 10373 10369
o V11_L_A1_Front_Window1_Mullion
usemtl MetalDark
v -92.14000 4.12500 -37.88000
v -91.86000 4.12500 -37.88000
v -91.86000 9.47500 -37.88000
v -92.14000 9.47500 -37.88000
v -92.14000 4.12500 -37.72000
v -91.86000 4.12500 -37.72000
v -91.86000 9.47500 -37.72000
v -92.14000 9.47500 -37.72000
f 10375 10376 10377 10378
f 10379 10382 10381 10380
f 10375 10379 10380 10376
f 10378 10377 10381 10382
f 10375 10378 10382 10379
f 10376 10380 10381 10377
o V11_L_A1_Front_Window1_Sill
usemtl ConcreteLight
v -92.91000 3.70000 -42.45000
v -92.05000 3.70000 -42.45000
v -92.05000 3.94000 -42.45000
v -92.91000 3.94000 -42.45000
v -92.91000 3.70000 -33.15000
v -92.05000 3.70000 -33.15000
v -92.05000 3.94000 -33.15000
v -92.91000 3.94000 -33.15000
f 10383 10384 10385 10386
f 10387 10390 10389 10388
f 10383 10387 10388 10384
f 10386 10385 10389 10390
f 10383 10386 10390 10387
f 10384 10388 10389 10385
o V11_L_A1_Front_Window1_Shade
usemtl ConcreteLight
v -93.39500 9.91000 -42.60000
v -92.04500 9.91000 -42.60000
v -92.04500 10.19000 -42.60000
v -93.39500 10.19000 -42.60000
v -93.39500 9.91000 -33.00000
v -92.04500 9.91000 -33.00000
v -92.04500 10.19000 -33.00000
v -93.39500 10.19000 -33.00000
f 10391 10392 10393 10394
f 10395 10398 10397 10396
f 10391 10395 10396 10392
f 10394 10393 10397 10398
f 10391 10394 10398 10395
f 10392 10396 10397 10393
o V11_L_A1_Front_Window2_Glass
usemtl Glass
v -92.09000 4.24000 -23.15000
v -91.91000 4.24000 -23.15000
v -91.91000 9.36000 -23.15000
v -92.09000 9.36000 -23.15000
v -92.09000 4.24000 -15.25000
v -91.91000 4.24000 -15.25000
v -91.91000 9.36000 -15.25000
v -92.09000 9.36000 -15.25000
f 10399 10400 10401 10402
f 10403 10406 10405 10404
f 10399 10403 10404 10400
f 10402 10401 10405 10406
f 10399 10402 10406 10403
f 10400 10404 10405 10401
o V11_L_A1_Front_Window2_FrameZ1
usemtl MetalDark
v -92.28000 3.72500 -23.53000
v -91.96000 3.72500 -23.53000
v -91.96000 9.87500 -23.53000
v -92.28000 9.87500 -23.53000
v -92.28000 3.72500 -23.27000
v -91.96000 3.72500 -23.27000
v -91.96000 9.87500 -23.27000
v -92.28000 9.87500 -23.27000
f 10407 10408 10409 10410
f 10411 10414 10413 10412
f 10407 10411 10412 10408
f 10410 10409 10413 10414
f 10407 10410 10414 10411
f 10408 10412 10413 10409
o V11_L_A1_Front_Window2_FrameZ2
usemtl MetalDark
v -92.28000 3.72500 -15.13000
v -91.96000 3.72500 -15.13000
v -91.96000 9.87500 -15.13000
v -92.28000 9.87500 -15.13000
v -92.28000 3.72500 -14.87000
v -91.96000 3.72500 -14.87000
v -91.96000 9.87500 -14.87000
v -92.28000 9.87500 -14.87000
f 10415 10416 10417 10418
f 10419 10422 10421 10420
f 10415 10419 10420 10416
f 10418 10417 10421 10422
f 10415 10418 10422 10419
f 10416 10420 10421 10417
o V11_L_A1_Front_Window2_FrameTop
usemtl MetalDark
v -92.28000 9.46000 -23.67500
v -91.96000 9.46000 -23.67500
v -91.96000 9.74000 -23.67500
v -92.28000 9.74000 -23.67500
v -92.28000 9.46000 -14.72500
v -91.96000 9.46000 -14.72500
v -91.96000 9.74000 -14.72500
v -92.28000 9.74000 -14.72500
f 10423 10424 10425 10426
f 10427 10430 10429 10428
f 10423 10427 10428 10424
f 10426 10425 10429 10430
f 10423 10426 10430 10427
f 10424 10428 10429 10425
o V11_L_A1_Front_Window2_FrameBottom
usemtl MetalDark
v -92.28000 3.86000 -23.67500
v -91.96000 3.86000 -23.67500
v -91.96000 4.14000 -23.67500
v -92.28000 4.14000 -23.67500
v -92.28000 3.86000 -14.72500
v -91.96000 3.86000 -14.72500
v -91.96000 4.14000 -14.72500
v -92.28000 4.14000 -14.72500
f 10431 10432 10433 10434
f 10435 10438 10437 10436
f 10431 10435 10436 10432
f 10434 10433 10437 10438
f 10431 10434 10438 10435
f 10432 10436 10437 10433
o V11_L_A1_Front_Window2_Mullion
usemtl MetalDark
v -92.14000 4.12500 -19.28000
v -91.86000 4.12500 -19.28000
v -91.86000 9.47500 -19.28000
v -92.14000 9.47500 -19.28000
v -92.14000 4.12500 -19.12000
v -91.86000 4.12500 -19.12000
v -91.86000 9.47500 -19.12000
v -92.14000 9.47500 -19.12000
f 10439 10440 10441 10442
f 10443 10446 10445 10444
f 10439 10443 10444 10440
f 10442 10441 10445 10446
f 10439 10442 10446 10443
f 10440 10444 10445 10441
o V11_L_A1_Front_Window2_Sill
usemtl ConcreteLight
v -92.91000 3.70000 -23.85000
v -92.05000 3.70000 -23.85000
v -92.05000 3.94000 -23.85000
v -92.91000 3.94000 -23.85000
v -92.91000 3.70000 -14.55000
v -92.05000 3.70000 -14.55000
v -92.05000 3.94000 -14.55000
v -92.91000 3.94000 -14.55000
f 10447 10448 10449 10450
f 10451 10454 10453 10452
f 10447 10451 10452 10448
f 10450 10449 10453 10454
f 10447 10450 10454 10451
f 10448 10452 10453 10449
o V11_L_A1_Front_Window2_Shade
usemtl ConcreteLight
v -93.39500 9.91000 -24.00000
v -92.04500 9.91000 -24.00000
v -92.04500 10.19000 -24.00000
v -93.39500 10.19000 -24.00000
v -93.39500 9.91000 -14.40000
v -92.04500 9.91000 -14.40000
v -92.04500 10.19000 -14.40000
v -93.39500 10.19000 -14.40000
f 10455 10456 10457 10458
f 10459 10462 10461 10460
f 10455 10459 10460 10456
f 10458 10457 10461 10462
f 10455 10458 10462 10459
f 10456 10460 10461 10457
o V11_L_A1_Corridor_Bottom
usemtl WhiteBrick
v -92.50000 0.00000 -10.00000
v -91.50000 0.00000 -10.00000
v -91.50000 3.50000 -10.00000
v -92.50000 3.50000 -10.00000
v -92.50000 0.00000 10.00000
v -91.50000 0.00000 10.00000
v -91.50000 3.50000 10.00000
v -92.50000 3.50000 10.00000
f 10463 10464 10465 10466
f 10467 10470 10469 10468
f 10463 10467 10468 10464
f 10466 10465 10469 10470
f 10463 10466 10470 10467
f 10464 10468 10469 10465
o V11_L_A1_Corridor_Top
usemtl WhiteBrick
v -92.50000 9.50000 -10.00000
v -91.50000 9.50000 -10.00000
v -91.50000 14.00000 -10.00000
v -92.50000 14.00000 -10.00000
v -92.50000 9.50000 10.00000
v -91.50000 9.50000 10.00000
v -91.50000 14.00000 10.00000
v -92.50000 14.00000 10.00000
f 10471 10472 10473 10474
f 10475 10478 10477 10476
f 10471 10475 10476 10472
f 10474 10473 10477 10478
f 10471 10474 10478 10475
f 10472 10476 10477 10473
o V11_L_A1_Corridor_Pier0
usemtl WhiteBrick
v -92.50000 3.50000 -10.00000
v -91.50000 3.50000 -10.00000
v -91.50000 9.50000 -10.00000
v -92.50000 9.50000 -10.00000
v -92.50000 3.50000 -5.75000
v -91.50000 3.50000 -5.75000
v -91.50000 9.50000 -5.75000
v -92.50000 9.50000 -5.75000
f 10479 10480 10481 10482
f 10483 10486 10485 10484
f 10479 10483 10484 10480
f 10482 10481 10485 10486
f 10479 10482 10486 10483
f 10480 10484 10485 10481
o V11_L_A1_Corridor_Pier1
usemtl WhiteBrick
v -92.50000 3.50000 5.75000
v -91.50000 3.50000 5.75000
v -91.50000 9.50000 5.75000
v -92.50000 9.50000 5.75000
v -92.50000 3.50000 10.00000
v -91.50000 3.50000 10.00000
v -91.50000 9.50000 10.00000
v -92.50000 9.50000 10.00000
f 10487 10488 10489 10490
f 10491 10494 10493 10492
f 10487 10491 10492 10488
f 10490 10489 10493 10494
f 10487 10490 10494 10491
f 10488 10492 10493 10489
o V11_L_A1_Corridor_Window1_Glass
usemtl Glass
v -92.09000 3.74000 -5.50000
v -91.91000 3.74000 -5.50000
v -91.91000 9.26000 -5.50000
v -92.09000 9.26000 -5.50000
v -92.09000 3.74000 5.50000
v -91.91000 3.74000 5.50000
v -91.91000 9.26000 5.50000
v -92.09000 9.26000 5.50000
f 10495 10496 10497 10498
f 10499 10502 10501 10500
f 10495 10499 10500 10496
f 10498 10497 10501 10502
f 10495 10498 10502 10499
f 10496 10500 10501 10497
o V11_L_A1_Corridor_Window1_FrameZ1
usemtl MetalDark
v -92.28000 3.22500 -5.88000
v -91.96000 3.22500 -5.88000
v -91.96000 9.77500 -5.88000
v -92.28000 9.77500 -5.88000
v -92.28000 3.22500 -5.62000
v -91.96000 3.22500 -5.62000
v -91.96000 9.77500 -5.62000
v -92.28000 9.77500 -5.62000
f 10503 10504 10505 10506
f 10507 10510 10509 10508
f 10503 10507 10508 10504
f 10506 10505 10509 10510
f 10503 10506 10510 10507
f 10504 10508 10509 10505
o V11_L_A1_Corridor_Window1_FrameZ2
usemtl MetalDark
v -92.28000 3.22500 5.62000
v -91.96000 3.22500 5.62000
v -91.96000 9.77500 5.62000
v -92.28000 9.77500 5.62000
v -92.28000 3.22500 5.88000
v -91.96000 3.22500 5.88000
v -91.96000 9.77500 5.88000
v -92.28000 9.77500 5.88000
f 10511 10512 10513 10514
f 10515 10518 10517 10516
f 10511 10515 10516 10512
f 10514 10513 10517 10518
f 10511 10514 10518 10515
f 10512 10516 10517 10513
o V11_L_A1_Corridor_Window1_FrameTop
usemtl MetalDark
v -92.28000 9.36000 -6.02500
v -91.96000 9.36000 -6.02500
v -91.96000 9.64000 -6.02500
v -92.28000 9.64000 -6.02500
v -92.28000 9.36000 6.02500
v -91.96000 9.36000 6.02500
v -91.96000 9.64000 6.02500
v -92.28000 9.64000 6.02500
f 10519 10520 10521 10522
f 10523 10526 10525 10524
f 10519 10523 10524 10520
f 10522 10521 10525 10526
f 10519 10522 10526 10523
f 10520 10524 10525 10521
o V11_L_A1_Corridor_Window1_FrameBottom
usemtl MetalDark
v -92.28000 3.36000 -6.02500
v -91.96000 3.36000 -6.02500
v -91.96000 3.64000 -6.02500
v -92.28000 3.64000 -6.02500
v -92.28000 3.36000 6.02500
v -91.96000 3.36000 6.02500
v -91.96000 3.64000 6.02500
v -92.28000 3.64000 6.02500
f 10527 10528 10529 10530
f 10531 10534 10533 10532
f 10527 10531 10532 10528
f 10530 10529 10533 10534
f 10527 10530 10534 10531
f 10528 10532 10533 10529
o V11_L_A1_Corridor_Window1_Mullion
usemtl MetalDark
v -92.14000 3.62500 -0.08000
v -91.86000 3.62500 -0.08000
v -91.86000 9.37500 -0.08000
v -92.14000 9.37500 -0.08000
v -92.14000 3.62500 0.08000
v -91.86000 3.62500 0.08000
v -91.86000 9.37500 0.08000
v -92.14000 9.37500 0.08000
f 10535 10536 10537 10538
f 10539 10542 10541 10540
f 10535 10539 10540 10536
f 10538 10537 10541 10542
f 10535 10538 10542 10539
f 10536 10540 10541 10537
o V11_L_A1_Corridor_Window1_Sill
usemtl ConcreteLight
v -92.91000 3.20000 -6.20000
v -92.05000 3.20000 -6.20000
v -92.05000 3.44000 -6.20000
v -92.91000 3.44000 -6.20000
v -92.91000 3.20000 6.20000
v -92.05000 3.20000 6.20000
v -92.05000 3.44000 6.20000
v -92.91000 3.44000 6.20000
f 10543 10544 10545 10546
f 10547 10550 10549 10548
f 10543 10547 10548 10544
f 10546 10545 10549 10550
f 10543 10546 10550 10547
f 10544 10548 10549 10545
o V11_L_A1_Corridor_Window1_Shade
usemtl ConcreteLight
v -93.39500 9.81000 -6.35000
v -92.04500 9.81000 -6.35000
v -92.04500 10.09000 -6.35000
v -93.39500 10.09000 -6.35000
v -93.39500 9.81000 6.35000
v -92.04500 9.81000 6.35000
v -92.04500 10.09000 6.35000
v -93.39500 10.09000 6.35000
f 10551 10552 10553 10554
f 10555 10558 10557 10556
f 10551 10555 10556 10552
f 10554 10553 10557 10558
f 10551 10554 10558 10555
f 10552 10556 10557 10553
o V11_L_A1_Back_Bottom
usemtl WhiteBrick
v -92.50000 0.00000 10.00000
v -91.50000 0.00000 10.00000
v -91.50000 4.00000 10.00000
v -92.50000 4.00000 10.00000
v -92.50000 0.00000 47.00000
v -91.50000 0.00000 47.00000
v -91.50000 4.00000 47.00000
v -92.50000 4.00000 47.00000
f 10559 10560 10561 10562
f 10563 10566 10565 10564
f 10559 10563 10564 10560
f 10562 10561 10565 10566
f 10559 10562 10566 10563
f 10560 10564 10565 10561
o V11_L_A1_Back_Top
usemtl WhiteBrick
v -92.50000 9.60000 10.00000
v -91.50000 9.60000 10.00000
v -91.50000 14.00000 10.00000
v -92.50000 14.00000 10.00000
v -92.50000 9.60000 47.00000
v -91.50000 9.60000 47.00000
v -91.50000 14.00000 47.00000
v -92.50000 14.00000 47.00000
f 10567 10568 10569 10570
f 10571 10574 10573 10572
f 10567 10571 10572 10568
f 10570 10569 10573 10574
f 10567 10570 10574 10571
f 10568 10572 10573 10569
o V11_L_A1_Back_Pier0
usemtl WhiteBrick
v -92.50000 4.00000 10.00000
v -91.50000 4.00000 10.00000
v -91.50000 9.60000 10.00000
v -92.50000 9.60000 10.00000
v -92.50000 4.00000 15.00000
v -91.50000 4.00000 15.00000
v -91.50000 9.60000 15.00000
v -92.50000 9.60000 15.00000
f 10575 10576 10577 10578
f 10579 10582 10581 10580
f 10575 10579 10580 10576
f 10578 10577 10581 10582
f 10575 10578 10582 10579
f 10576 10580 10581 10577
o V11_L_A1_Back_Pier1
usemtl WhiteBrick
v -92.50000 4.00000 23.40000
v -91.50000 4.00000 23.40000
v -91.50000 9.60000 23.40000
v -92.50000 9.60000 23.40000
v -92.50000 4.00000 33.60000
v -91.50000 4.00000 33.60000
v -91.50000 9.60000 33.60000
v -92.50000 9.60000 33.60000
f 10583 10584 10585 10586
f 10587 10590 10589 10588
f 10583 10587 10588 10584
f 10586 10585 10589 10590
f 10583 10586 10590 10587
f 10584 10588 10589 10585
o V11_L_A1_Back_Pier2
usemtl WhiteBrick
v -92.50000 4.00000 42.00000
v -91.50000 4.00000 42.00000
v -91.50000 9.60000 42.00000
v -92.50000 9.60000 42.00000
v -92.50000 4.00000 47.00000
v -91.50000 4.00000 47.00000
v -91.50000 9.60000 47.00000
v -92.50000 9.60000 47.00000
f 10591 10592 10593 10594
f 10595 10598 10597 10596
f 10591 10595 10596 10592
f 10594 10593 10597 10598
f 10591 10594 10598 10595
f 10592 10596 10597 10593
o V11_L_A1_Back_Window1_Glass
usemtl Glass
v -92.09000 4.24000 15.25000
v -91.91000 4.24000 15.25000
v -91.91000 9.36000 15.25000
v -92.09000 9.36000 15.25000
v -92.09000 4.24000 23.15000
v -91.91000 4.24000 23.15000
v -91.91000 9.36000 23.15000
v -92.09000 9.36000 23.15000
f 10599 10600 10601 10602
f 10603 10606 10605 10604
f 10599 10603 10604 10600
f 10602 10601 10605 10606
f 10599 10602 10606 10603
f 10600 10604 10605 10601
o V11_L_A1_Back_Window1_FrameZ1
usemtl MetalDark
v -92.28000 3.72500 14.87000
v -91.96000 3.72500 14.87000
v -91.96000 9.87500 14.87000
v -92.28000 9.87500 14.87000
v -92.28000 3.72500 15.13000
v -91.96000 3.72500 15.13000
v -91.96000 9.87500 15.13000
v -92.28000 9.87500 15.13000
f 10607 10608 10609 10610
f 10611 10614 10613 10612
f 10607 10611 10612 10608
f 10610 10609 10613 10614
f 10607 10610 10614 10611
f 10608 10612 10613 10609
o V11_L_A1_Back_Window1_FrameZ2
usemtl MetalDark
v -92.28000 3.72500 23.27000
v -91.96000 3.72500 23.27000
v -91.96000 9.87500 23.27000
v -92.28000 9.87500 23.27000
v -92.28000 3.72500 23.53000
v -91.96000 3.72500 23.53000
v -91.96000 9.87500 23.53000
v -92.28000 9.87500 23.53000
f 10615 10616 10617 10618
f 10619 10622 10621 10620
f 10615 10619 10620 10616
f 10618 10617 10621 10622
f 10615 10618 10622 10619
f 10616 10620 10621 10617
o V11_L_A1_Back_Window1_FrameTop
usemtl MetalDark
v -92.28000 9.46000 14.72500
v -91.96000 9.46000 14.72500
v -91.96000 9.74000 14.72500
v -92.28000 9.74000 14.72500
v -92.28000 9.46000 23.67500
v -91.96000 9.46000 23.67500
v -91.96000 9.74000 23.67500
v -92.28000 9.74000 23.67500
f 10623 10624 10625 10626
f 10627 10630 10629 10628
f 10623 10627 10628 10624
f 10626 10625 10629 10630
f 10623 10626 10630 10627
f 10624 10628 10629 10625
o V11_L_A1_Back_Window1_FrameBottom
usemtl MetalDark
v -92.28000 3.86000 14.72500
v -91.96000 3.86000 14.72500
v -91.96000 4.14000 14.72500
v -92.28000 4.14000 14.72500
v -92.28000 3.86000 23.67500
v -91.96000 3.86000 23.67500
v -91.96000 4.14000 23.67500
v -92.28000 4.14000 23.67500
f 10631 10632 10633 10634
f 10635 10638 10637 10636
f 10631 10635 10636 10632
f 10634 10633 10637 10638
f 10631 10634 10638 10635
f 10632 10636 10637 10633
o V11_L_A1_Back_Window1_Mullion
usemtl MetalDark
v -92.14000 4.12500 19.12000
v -91.86000 4.12500 19.12000
v -91.86000 9.47500 19.12000
v -92.14000 9.47500 19.12000
v -92.14000 4.12500 19.28000
v -91.86000 4.12500 19.28000
v -91.86000 9.47500 19.28000
v -92.14000 9.47500 19.28000
f 10639 10640 10641 10642
f 10643 10646 10645 10644
f 10639 10643 10644 10640
f 10642 10641 10645 10646
f 10639 10642 10646 10643
f 10640 10644 10645 10641
o V11_L_A1_Back_Window1_Sill
usemtl ConcreteLight
v -92.91000 3.70000 14.55000
v -92.05000 3.70000 14.55000
v -92.05000 3.94000 14.55000
v -92.91000 3.94000 14.55000
v -92.91000 3.70000 23.85000
v -92.05000 3.70000 23.85000
v -92.05000 3.94000 23.85000
v -92.91000 3.94000 23.85000
f 10647 10648 10649 10650
f 10651 10654 10653 10652
f 10647 10651 10652 10648
f 10650 10649 10653 10654
f 10647 10650 10654 10651
f 10648 10652 10653 10649
o V11_L_A1_Back_Window1_Shade
usemtl ConcreteLight
v -93.39500 9.91000 14.40000
v -92.04500 9.91000 14.40000
v -92.04500 10.19000 14.40000
v -93.39500 10.19000 14.40000
v -93.39500 9.91000 24.00000
v -92.04500 9.91000 24.00000
v -92.04500 10.19000 24.00000
v -93.39500 10.19000 24.00000
f 10655 10656 10657 10658
f 10659 10662 10661 10660
f 10655 10659 10660 10656
f 10658 10657 10661 10662
f 10655 10658 10662 10659
f 10656 10660 10661 10657
o V11_L_A1_Back_Window2_Glass
usemtl Glass
v -92.09000 4.24000 33.85000
v -91.91000 4.24000 33.85000
v -91.91000 9.36000 33.85000
v -92.09000 9.36000 33.85000
v -92.09000 4.24000 41.75000
v -91.91000 4.24000 41.75000
v -91.91000 9.36000 41.75000
v -92.09000 9.36000 41.75000
f 10663 10664 10665 10666
f 10667 10670 10669 10668
f 10663 10667 10668 10664
f 10666 10665 10669 10670
f 10663 10666 10670 10667
f 10664 10668 10669 10665
o V11_L_A1_Back_Window2_FrameZ1
usemtl MetalDark
v -92.28000 3.72500 33.47000
v -91.96000 3.72500 33.47000
v -91.96000 9.87500 33.47000
v -92.28000 9.87500 33.47000
v -92.28000 3.72500 33.73000
v -91.96000 3.72500 33.73000
v -91.96000 9.87500 33.73000
v -92.28000 9.87500 33.73000
f 10671 10672 10673 10674
f 10675 10678 10677 10676
f 10671 10675 10676 10672
f 10674 10673 10677 10678
f 10671 10674 10678 10675
f 10672 10676 10677 10673
o V11_L_A1_Back_Window2_FrameZ2
usemtl MetalDark
v -92.28000 3.72500 41.87000
v -91.96000 3.72500 41.87000
v -91.96000 9.87500 41.87000
v -92.28000 9.87500 41.87000
v -92.28000 3.72500 42.13000
v -91.96000 3.72500 42.13000
v -91.96000 9.87500 42.13000
v -92.28000 9.87500 42.13000
f 10679 10680 10681 10682
f 10683 10686 10685 10684
f 10679 10683 10684 10680
f 10682 10681 10685 10686
f 10679 10682 10686 10683
f 10680 10684 10685 10681
o V11_L_A1_Back_Window2_FrameTop
usemtl MetalDark
v -92.28000 9.46000 33.32500
v -91.96000 9.46000 33.32500
v -91.96000 9.74000 33.32500
v -92.28000 9.74000 33.32500
v -92.28000 9.46000 42.27500
v -91.96000 9.46000 42.27500
v -91.96000 9.74000 42.27500
v -92.28000 9.74000 42.27500
f 10687 10688 10689 10690
f 10691 10694 10693 10692
f 10687 10691 10692 10688
f 10690 10689 10693 10694
f 10687 10690 10694 10691
f 10688 10692 10693 10689
o V11_L_A1_Back_Window2_FrameBottom
usemtl MetalDark
v -92.28000 3.86000 33.32500
v -91.96000 3.86000 33.32500
v -91.96000 4.14000 33.32500
v -92.28000 4.14000 33.32500
v -92.28000 3.86000 42.27500
v -91.96000 3.86000 42.27500
v -91.96000 4.14000 42.27500
v -92.28000 4.14000 42.27500
f 10695 10696 10697 10698
f 10699 10702 10701 10700
f 10695 10699 10700 10696
f 10698 10697 10701 10702
f 10695 10698 10702 10699
f 10696 10700 10701 10697
o V11_L_A1_Back_Window2_Mullion
usemtl MetalDark
v -92.14000 4.12500 37.72000
v -91.86000 4.12500 37.72000
v -91.86000 9.47500 37.72000
v -92.14000 9.47500 37.72000
v -92.14000 4.12500 37.88000
v -91.86000 4.12500 37.88000
v -91.86000 9.47500 37.88000
v -92.14000 9.47500 37.88000
f 10703 10704 10705 10706
f 10707 10710 10709 10708
f 10703 10707 10708 10704
f 10706 10705 10709 10710
f 10703 10706 10710 10707
f 10704 10708 10709 10705
o V11_L_A1_Back_Window2_Sill
usemtl ConcreteLight
v -92.91000 3.70000 33.15000
v -92.05000 3.70000 33.15000
v -92.05000 3.94000 33.15000
v -92.91000 3.94000 33.15000
v -92.91000 3.70000 42.45000
v -92.05000 3.70000 42.45000
v -92.05000 3.94000 42.45000
v -92.91000 3.94000 42.45000
f 10711 10712 10713 10714
f 10715 10718 10717 10716
f 10711 10715 10716 10712
f 10714 10713 10717 10718
f 10711 10714 10718 10715
f 10712 10716 10717 10713
o V11_L_A1_Back_Window2_Shade
usemtl ConcreteLight
v -93.39500 9.91000 33.00000
v -92.04500 9.91000 33.00000
v -92.04500 10.19000 33.00000
v -93.39500 10.19000 33.00000
v -93.39500 9.91000 42.60000
v -92.04500 9.91000 42.60000
v -92.04500 10.19000 42.60000
v -93.39500 10.19000 42.60000
f 10719 10720 10721 10722
f 10723 10726 10725 10724
f 10719 10723 10724 10720
f 10722 10721 10725 10726
f 10719 10722 10726 10723
f 10720 10724 10725 10721
o V11_R_A1_Front_Bottom
usemtl WhiteBrick
v 91.50000 0.00000 -47.00000
v 92.50000 0.00000 -47.00000
v 92.50000 4.00000 -47.00000
v 91.50000 4.00000 -47.00000
v 91.50000 0.00000 -10.00000
v 92.50000 0.00000 -10.00000
v 92.50000 4.00000 -10.00000
v 91.50000 4.00000 -10.00000
f 10727 10728 10729 10730
f 10731 10734 10733 10732
f 10727 10731 10732 10728
f 10730 10729 10733 10734
f 10727 10730 10734 10731
f 10728 10732 10733 10729
o V11_R_A1_Front_Top
usemtl WhiteBrick
v 91.50000 9.60000 -47.00000
v 92.50000 9.60000 -47.00000
v 92.50000 14.00000 -47.00000
v 91.50000 14.00000 -47.00000
v 91.50000 9.60000 -10.00000
v 92.50000 9.60000 -10.00000
v 92.50000 14.00000 -10.00000
v 91.50000 14.00000 -10.00000
f 10735 10736 10737 10738
f 10739 10742 10741 10740
f 10735 10739 10740 10736
f 10738 10737 10741 10742
f 10735 10738 10742 10739
f 10736 10740 10741 10737
o V11_R_A1_Front_Pier0
usemtl WhiteBrick
v 91.50000 4.00000 -47.00000
v 92.50000 4.00000 -47.00000
v 92.50000 9.60000 -47.00000
v 91.50000 9.60000 -47.00000
v 91.50000 4.00000 -42.00000
v 92.50000 4.00000 -42.00000
v 92.50000 9.60000 -42.00000
v 91.50000 9.60000 -42.00000
f 10743 10744 10745 10746
f 10747 10750 10749 10748
f 10743 10747 10748 10744
f 10746 10745 10749 10750
f 10743 10746 10750 10747
f 10744 10748 10749 10745
o V11_R_A1_Front_Pier1
usemtl WhiteBrick
v 91.50000 4.00000 -33.60000
v 92.50000 4.00000 -33.60000
v 92.50000 9.60000 -33.60000
v 91.50000 9.60000 -33.60000
v 91.50000 4.00000 -23.40000
v 92.50000 4.00000 -23.40000
v 92.50000 9.60000 -23.40000
v 91.50000 9.60000 -23.40000
f 10751 10752 10753 10754
f 10755 10758 10757 10756
f 10751 10755 10756 10752
f 10754 10753 10757 10758
f 10751 10754 10758 10755
f 10752 10756 10757 10753
o V11_R_A1_Front_Pier2
usemtl WhiteBrick
v 91.50000 4.00000 -15.00000
v 92.50000 4.00000 -15.00000
v 92.50000 9.60000 -15.00000
v 91.50000 9.60000 -15.00000
v 91.50000 4.00000 -10.00000
v 92.50000 4.00000 -10.00000
v 92.50000 9.60000 -10.00000
v 91.50000 9.60000 -10.00000
f 10759 10760 10761 10762
f 10763 10766 10765 10764
f 10759 10763 10764 10760
f 10762 10761 10765 10766
f 10759 10762 10766 10763
f 10760 10764 10765 10761
o V11_R_A1_Front_Window1_Glass
usemtl Glass
v 91.91000 4.24000 -41.75000
v 92.09000 4.24000 -41.75000
v 92.09000 9.36000 -41.75000
v 91.91000 9.36000 -41.75000
v 91.91000 4.24000 -33.85000
v 92.09000 4.24000 -33.85000
v 92.09000 9.36000 -33.85000
v 91.91000 9.36000 -33.85000
f 10767 10768 10769 10770
f 10771 10774 10773 10772
f 10767 10771 10772 10768
f 10770 10769 10773 10774
f 10767 10770 10774 10771
f 10768 10772 10773 10769
o V11_R_A1_Front_Window1_FrameZ1
usemtl MetalDark
v 91.96000 3.72500 -42.13000
v 92.28000 3.72500 -42.13000
v 92.28000 9.87500 -42.13000
v 91.96000 9.87500 -42.13000
v 91.96000 3.72500 -41.87000
v 92.28000 3.72500 -41.87000
v 92.28000 9.87500 -41.87000
v 91.96000 9.87500 -41.87000
f 10775 10776 10777 10778
f 10779 10782 10781 10780
f 10775 10779 10780 10776
f 10778 10777 10781 10782
f 10775 10778 10782 10779
f 10776 10780 10781 10777
o V11_R_A1_Front_Window1_FrameZ2
usemtl MetalDark
v 91.96000 3.72500 -33.73000
v 92.28000 3.72500 -33.73000
v 92.28000 9.87500 -33.73000
v 91.96000 9.87500 -33.73000
v 91.96000 3.72500 -33.47000
v 92.28000 3.72500 -33.47000
v 92.28000 9.87500 -33.47000
v 91.96000 9.87500 -33.47000
f 10783 10784 10785 10786
f 10787 10790 10789 10788
f 10783 10787 10788 10784
f 10786 10785 10789 10790
f 10783 10786 10790 10787
f 10784 10788 10789 10785
o V11_R_A1_Front_Window1_FrameTop
usemtl MetalDark
v 91.96000 9.46000 -42.27500
v 92.28000 9.46000 -42.27500
v 92.28000 9.74000 -42.27500
v 91.96000 9.74000 -42.27500
v 91.96000 9.46000 -33.32500
v 92.28000 9.46000 -33.32500
v 92.28000 9.74000 -33.32500
v 91.96000 9.74000 -33.32500
f 10791 10792 10793 10794
f 10795 10798 10797 10796
f 10791 10795 10796 10792
f 10794 10793 10797 10798
f 10791 10794 10798 10795
f 10792 10796 10797 10793
o V11_R_A1_Front_Window1_FrameBottom
usemtl MetalDark
v 91.96000 3.86000 -42.27500
v 92.28000 3.86000 -42.27500
v 92.28000 4.14000 -42.27500
v 91.96000 4.14000 -42.27500
v 91.96000 3.86000 -33.32500
v 92.28000 3.86000 -33.32500
v 92.28000 4.14000 -33.32500
v 91.96000 4.14000 -33.32500
f 10799 10800 10801 10802
f 10803 10806 10805 10804
f 10799 10803 10804 10800
f 10802 10801 10805 10806
f 10799 10802 10806 10803
f 10800 10804 10805 10801
o V11_R_A1_Front_Window1_Mullion
usemtl MetalDark
v 91.86000 4.12500 -37.88000
v 92.14000 4.12500 -37.88000
v 92.14000 9.47500 -37.88000
v 91.86000 9.47500 -37.88000
v 91.86000 4.12500 -37.72000
v 92.14000 4.12500 -37.72000
v 92.14000 9.47500 -37.72000
v 91.86000 9.47500 -37.72000
f 10807 10808 10809 10810
f 10811 10814 10813 10812
f 10807 10811 10812 10808
f 10810 10809 10813 10814
f 10807 10810 10814 10811
f 10808 10812 10813 10809
o V11_R_A1_Front_Window1_Sill
usemtl ConcreteLight
v 92.05000 3.70000 -42.45000
v 92.91000 3.70000 -42.45000
v 92.91000 3.94000 -42.45000
v 92.05000 3.94000 -42.45000
v 92.05000 3.70000 -33.15000
v 92.91000 3.70000 -33.15000
v 92.91000 3.94000 -33.15000
v 92.05000 3.94000 -33.15000
f 10815 10816 10817 10818
f 10819 10822 10821 10820
f 10815 10819 10820 10816
f 10818 10817 10821 10822
f 10815 10818 10822 10819
f 10816 10820 10821 10817
o V11_R_A1_Front_Window1_Shade
usemtl ConcreteLight
v 92.04500 9.91000 -42.60000
v 93.39500 9.91000 -42.60000
v 93.39500 10.19000 -42.60000
v 92.04500 10.19000 -42.60000
v 92.04500 9.91000 -33.00000
v 93.39500 9.91000 -33.00000
v 93.39500 10.19000 -33.00000
v 92.04500 10.19000 -33.00000
f 10823 10824 10825 10826
f 10827 10830 10829 10828
f 10823 10827 10828 10824
f 10826 10825 10829 10830
f 10823 10826 10830 10827
f 10824 10828 10829 10825
o V11_R_A1_Front_Window2_Glass
usemtl Glass
v 91.91000 4.24000 -23.15000
v 92.09000 4.24000 -23.15000
v 92.09000 9.36000 -23.15000
v 91.91000 9.36000 -23.15000
v 91.91000 4.24000 -15.25000
v 92.09000 4.24000 -15.25000
v 92.09000 9.36000 -15.25000
v 91.91000 9.36000 -15.25000
f 10831 10832 10833 10834
f 10835 10838 10837 10836
f 10831 10835 10836 10832
f 10834 10833 10837 10838
f 10831 10834 10838 10835
f 10832 10836 10837 10833
o V11_R_A1_Front_Window2_FrameZ1
usemtl MetalDark
v 91.96000 3.72500 -23.53000
v 92.28000 3.72500 -23.53000
v 92.28000 9.87500 -23.53000
v 91.96000 9.87500 -23.53000
v 91.96000 3.72500 -23.27000
v 92.28000 3.72500 -23.27000
v 92.28000 9.87500 -23.27000
v 91.96000 9.87500 -23.27000
f 10839 10840 10841 10842
f 10843 10846 10845 10844
f 10839 10843 10844 10840
f 10842 10841 10845 10846
f 10839 10842 10846 10843
f 10840 10844 10845 10841
o V11_R_A1_Front_Window2_FrameZ2
usemtl MetalDark
v 91.96000 3.72500 -15.13000
v 92.28000 3.72500 -15.13000
v 92.28000 9.87500 -15.13000
v 91.96000 9.87500 -15.13000
v 91.96000 3.72500 -14.87000
v 92.28000 3.72500 -14.87000
v 92.28000 9.87500 -14.87000
v 91.96000 9.87500 -14.87000
f 10847 10848 10849 10850
f 10851 10854 10853 10852
f 10847 10851 10852 10848
f 10850 10849 10853 10854
f 10847 10850 10854 10851
f 10848 10852 10853 10849
o V11_R_A1_Front_Window2_FrameTop
usemtl MetalDark
v 91.96000 9.46000 -23.67500
v 92.28000 9.46000 -23.67500
v 92.28000 9.74000 -23.67500
v 91.96000 9.74000 -23.67500
v 91.96000 9.46000 -14.72500
v 92.28000 9.46000 -14.72500
v 92.28000 9.74000 -14.72500
v 91.96000 9.74000 -14.72500
f 10855 10856 10857 10858
f 10859 10862 10861 10860
f 10855 10859 10860 10856
f 10858 10857 10861 10862
f 10855 10858 10862 10859
f 10856 10860 10861 10857
o V11_R_A1_Front_Window2_FrameBottom
usemtl MetalDark
v 91.96000 3.86000 -23.67500
v 92.28000 3.86000 -23.67500
v 92.28000 4.14000 -23.67500
v 91.96000 4.14000 -23.67500
v 91.96000 3.86000 -14.72500
v 92.28000 3.86000 -14.72500
v 92.28000 4.14000 -14.72500
v 91.96000 4.14000 -14.72500
f 10863 10864 10865 10866
f 10867 10870 10869 10868
f 10863 10867 10868 10864
f 10866 10865 10869 10870
f 10863 10866 10870 10867
f 10864 10868 10869 10865
o V11_R_A1_Front_Window2_Mullion
usemtl MetalDark
v 91.86000 4.12500 -19.28000
v 92.14000 4.12500 -19.28000
v 92.14000 9.47500 -19.28000
v 91.86000 9.47500 -19.28000
v 91.86000 4.12500 -19.12000
v 92.14000 4.12500 -19.12000
v 92.14000 9.47500 -19.12000
v 91.86000 9.47500 -19.12000
f 10871 10872 10873 10874
f 10875 10878 10877 10876
f 10871 10875 10876 10872
f 10874 10873 10877 10878
f 10871 10874 10878 10875
f 10872 10876 10877 10873
o V11_R_A1_Front_Window2_Sill
usemtl ConcreteLight
v 92.05000 3.70000 -23.85000
v 92.91000 3.70000 -23.85000
v 92.91000 3.94000 -23.85000
v 92.05000 3.94000 -23.85000
v 92.05000 3.70000 -14.55000
v 92.91000 3.70000 -14.55000
v 92.91000 3.94000 -14.55000
v 92.05000 3.94000 -14.55000
f 10879 10880 10881 10882
f 10883 10886 10885 10884
f 10879 10883 10884 10880
f 10882 10881 10885 10886
f 10879 10882 10886 10883
f 10880 10884 10885 10881
o V11_R_A1_Front_Window2_Shade
usemtl ConcreteLight
v 92.04500 9.91000 -24.00000
v 93.39500 9.91000 -24.00000
v 93.39500 10.19000 -24.00000
v 92.04500 10.19000 -24.00000
v 92.04500 9.91000 -14.40000
v 93.39500 9.91000 -14.40000
v 93.39500 10.19000 -14.40000
v 92.04500 10.19000 -14.40000
f 10887 10888 10889 10890
f 10891 10894 10893 10892
f 10887 10891 10892 10888
f 10890 10889 10893 10894
f 10887 10890 10894 10891
f 10888 10892 10893 10889
o V11_R_A1_Corridor_Bottom
usemtl WhiteBrick
v 91.50000 0.00000 -10.00000
v 92.50000 0.00000 -10.00000
v 92.50000 3.50000 -10.00000
v 91.50000 3.50000 -10.00000
v 91.50000 0.00000 10.00000
v 92.50000 0.00000 10.00000
v 92.50000 3.50000 10.00000
v 91.50000 3.50000 10.00000
f 10895 10896 10897 10898
f 10899 10902 10901 10900
f 10895 10899 10900 10896
f 10898 10897 10901 10902
f 10895 10898 10902 10899
f 10896 10900 10901 10897
o V11_R_A1_Corridor_Top
usemtl WhiteBrick
v 91.50000 9.50000 -10.00000
v 92.50000 9.50000 -10.00000
v 92.50000 14.00000 -10.00000
v 91.50000 14.00000 -10.00000
v 91.50000 9.50000 10.00000
v 92.50000 9.50000 10.00000
v 92.50000 14.00000 10.00000
v 91.50000 14.00000 10.00000
f 10903 10904 10905 10906
f 10907 10910 10909 10908
f 10903 10907 10908 10904
f 10906 10905 10909 10910
f 10903 10906 10910 10907
f 10904 10908 10909 10905
o V11_R_A1_Corridor_Pier0
usemtl WhiteBrick
v 91.50000 3.50000 -10.00000
v 92.50000 3.50000 -10.00000
v 92.50000 9.50000 -10.00000
v 91.50000 9.50000 -10.00000
v 91.50000 3.50000 -5.75000
v 92.50000 3.50000 -5.75000
v 92.50000 9.50000 -5.75000
v 91.50000 9.50000 -5.75000
f 10911 10912 10913 10914
f 10915 10918 10917 10916
f 10911 10915 10916 10912
f 10914 10913 10917 10918
f 10911 10914 10918 10915
f 10912 10916 10917 10913
o V11_R_A1_Corridor_Pier1
usemtl WhiteBrick
v 91.50000 3.50000 5.75000
v 92.50000 3.50000 5.75000
v 92.50000 9.50000 5.75000
v 91.50000 9.50000 5.75000
v 91.50000 3.50000 10.00000
v 92.50000 3.50000 10.00000
v 92.50000 9.50000 10.00000
v 91.50000 9.50000 10.00000
f 10919 10920 10921 10922
f 10923 10926 10925 10924
f 10919 10923 10924 10920
f 10922 10921 10925 10926
f 10919 10922 10926 10923
f 10920 10924 10925 10921
o V11_R_A1_Corridor_Window1_Glass
usemtl Glass
v 91.91000 3.74000 -5.50000
v 92.09000 3.74000 -5.50000
v 92.09000 9.26000 -5.50000
v 91.91000 9.26000 -5.50000
v 91.91000 3.74000 5.50000
v 92.09000 3.74000 5.50000
v 92.09000 9.26000 5.50000
v 91.91000 9.26000 5.50000
f 10927 10928 10929 10930
f 10931 10934 10933 10932
f 10927 10931 10932 10928
f 10930 10929 10933 10934
f 10927 10930 10934 10931
f 10928 10932 10933 10929
o V11_R_A1_Corridor_Window1_FrameZ1
usemtl MetalDark
v 91.96000 3.22500 -5.88000
v 92.28000 3.22500 -5.88000
v 92.28000 9.77500 -5.88000
v 91.96000 9.77500 -5.88000
v 91.96000 3.22500 -5.62000
v 92.28000 3.22500 -5.62000
v 92.28000 9.77500 -5.62000
v 91.96000 9.77500 -5.62000
f 10935 10936 10937 10938
f 10939 10942 10941 10940
f 10935 10939 10940 10936
f 10938 10937 10941 10942
f 10935 10938 10942 10939
f 10936 10940 10941 10937
o V11_R_A1_Corridor_Window1_FrameZ2
usemtl MetalDark
v 91.96000 3.22500 5.62000
v 92.28000 3.22500 5.62000
v 92.28000 9.77500 5.62000
v 91.96000 9.77500 5.62000
v 91.96000 3.22500 5.88000
v 92.28000 3.22500 5.88000
v 92.28000 9.77500 5.88000
v 91.96000 9.77500 5.88000
f 10943 10944 10945 10946
f 10947 10950 10949 10948
f 10943 10947 10948 10944
f 10946 10945 10949 10950
f 10943 10946 10950 10947
f 10944 10948 10949 10945
o V11_R_A1_Corridor_Window1_FrameTop
usemtl MetalDark
v 91.96000 9.36000 -6.02500
v 92.28000 9.36000 -6.02500
v 92.28000 9.64000 -6.02500
v 91.96000 9.64000 -6.02500
v 91.96000 9.36000 6.02500
v 92.28000 9.36000 6.02500
v 92.28000 9.64000 6.02500
v 91.96000 9.64000 6.02500
f 10951 10952 10953 10954
f 10955 10958 10957 10956
f 10951 10955 10956 10952
f 10954 10953 10957 10958
f 10951 10954 10958 10955
f 10952 10956 10957 10953
o V11_R_A1_Corridor_Window1_FrameBottom
usemtl MetalDark
v 91.96000 3.36000 -6.02500
v 92.28000 3.36000 -6.02500
v 92.28000 3.64000 -6.02500
v 91.96000 3.64000 -6.02500
v 91.96000 3.36000 6.02500
v 92.28000 3.36000 6.02500
v 92.28000 3.64000 6.02500
v 91.96000 3.64000 6.02500
f 10959 10960 10961 10962
f 10963 10966 10965 10964
f 10959 10963 10964 10960
f 10962 10961 10965 10966
f 10959 10962 10966 10963
f 10960 10964 10965 10961
o V11_R_A1_Corridor_Window1_Mullion
usemtl MetalDark
v 91.86000 3.62500 -0.08000
v 92.14000 3.62500 -0.08000
v 92.14000 9.37500 -0.08000
v 91.86000 9.37500 -0.08000
v 91.86000 3.62500 0.08000
v 92.14000 3.62500 0.08000
v 92.14000 9.37500 0.08000
v 91.86000 9.37500 0.08000
f 10967 10968 10969 10970
f 10971 10974 10973 10972
f 10967 10971 10972 10968
f 10970 10969 10973 10974
f 10967 10970 10974 10971
f 10968 10972 10973 10969
o V11_R_A1_Corridor_Window1_Sill
usemtl ConcreteLight
v 92.05000 3.20000 -6.20000
v 92.91000 3.20000 -6.20000
v 92.91000 3.44000 -6.20000
v 92.05000 3.44000 -6.20000
v 92.05000 3.20000 6.20000
v 92.91000 3.20000 6.20000
v 92.91000 3.44000 6.20000
v 92.05000 3.44000 6.20000
f 10975 10976 10977 10978
f 10979 10982 10981 10980
f 10975 10979 10980 10976
f 10978 10977 10981 10982
f 10975 10978 10982 10979
f 10976 10980 10981 10977
o V11_R_A1_Corridor_Window1_Shade
usemtl ConcreteLight
v 92.04500 9.81000 -6.35000
v 93.39500 9.81000 -6.35000
v 93.39500 10.09000 -6.35000
v 92.04500 10.09000 -6.35000
v 92.04500 9.81000 6.35000
v 93.39500 9.81000 6.35000
v 93.39500 10.09000 6.35000
v 92.04500 10.09000 6.35000
f 10983 10984 10985 10986
f 10987 10990 10989 10988
f 10983 10987 10988 10984
f 10986 10985 10989 10990
f 10983 10986 10990 10987
f 10984 10988 10989 10985
o V11_R_A1_Back_Bottom
usemtl WhiteBrick
v 91.50000 0.00000 10.00000
v 92.50000 0.00000 10.00000
v 92.50000 4.00000 10.00000
v 91.50000 4.00000 10.00000
v 91.50000 0.00000 47.00000
v 92.50000 0.00000 47.00000
v 92.50000 4.00000 47.00000
v 91.50000 4.00000 47.00000
f 10991 10992 10993 10994
f 10995 10998 10997 10996
f 10991 10995 10996 10992
f 10994 10993 10997 10998
f 10991 10994 10998 10995
f 10992 10996 10997 10993
o V11_R_A1_Back_Top
usemtl WhiteBrick
v 91.50000 9.60000 10.00000
v 92.50000 9.60000 10.00000
v 92.50000 14.00000 10.00000
v 91.50000 14.00000 10.00000
v 91.50000 9.60000 47.00000
v 92.50000 9.60000 47.00000
v 92.50000 14.00000 47.00000
v 91.50000 14.00000 47.00000
f 10999 11000 11001 11002
f 11003 11006 11005 11004
f 10999 11003 11004 11000
f 11002 11001 11005 11006
f 10999 11002 11006 11003
f 11000 11004 11005 11001
o V11_R_A1_Back_Pier0
usemtl WhiteBrick
v 91.50000 4.00000 10.00000
v 92.50000 4.00000 10.00000
v 92.50000 9.60000 10.00000
v 91.50000 9.60000 10.00000
v 91.50000 4.00000 15.00000
v 92.50000 4.00000 15.00000
v 92.50000 9.60000 15.00000
v 91.50000 9.60000 15.00000
f 11007 11008 11009 11010
f 11011 11014 11013 11012
f 11007 11011 11012 11008
f 11010 11009 11013 11014
f 11007 11010 11014 11011
f 11008 11012 11013 11009
o V11_R_A1_Back_Pier1
usemtl WhiteBrick
v 91.50000 4.00000 23.40000
v 92.50000 4.00000 23.40000
v 92.50000 9.60000 23.40000
v 91.50000 9.60000 23.40000
v 91.50000 4.00000 33.60000
v 92.50000 4.00000 33.60000
v 92.50000 9.60000 33.60000
v 91.50000 9.60000 33.60000
f 11015 11016 11017 11018
f 11019 11022 11021 11020
f 11015 11019 11020 11016
f 11018 11017 11021 11022
f 11015 11018 11022 11019
f 11016 11020 11021 11017
o V11_R_A1_Back_Pier2
usemtl WhiteBrick
v 91.50000 4.00000 42.00000
v 92.50000 4.00000 42.00000
v 92.50000 9.60000 42.00000
v 91.50000 9.60000 42.00000
v 91.50000 4.00000 47.00000
v 92.50000 4.00000 47.00000
v 92.50000 9.60000 47.00000
v 91.50000 9.60000 47.00000
f 11023 11024 11025 11026
f 11027 11030 11029 11028
f 11023 11027 11028 11024
f 11026 11025 11029 11030
f 11023 11026 11030 11027
f 11024 11028 11029 11025
o V11_R_A1_Back_Window1_Glass
usemtl Glass
v 91.91000 4.24000 15.25000
v 92.09000 4.24000 15.25000
v 92.09000 9.36000 15.25000
v 91.91000 9.36000 15.25000
v 91.91000 4.24000 23.15000
v 92.09000 4.24000 23.15000
v 92.09000 9.36000 23.15000
v 91.91000 9.36000 23.15000
f 11031 11032 11033 11034
f 11035 11038 11037 11036
f 11031 11035 11036 11032
f 11034 11033 11037 11038
f 11031 11034 11038 11035
f 11032 11036 11037 11033
o V11_R_A1_Back_Window1_FrameZ1
usemtl MetalDark
v 91.96000 3.72500 14.87000
v 92.28000 3.72500 14.87000
v 92.28000 9.87500 14.87000
v 91.96000 9.87500 14.87000
v 91.96000 3.72500 15.13000
v 92.28000 3.72500 15.13000
v 92.28000 9.87500 15.13000
v 91.96000 9.87500 15.13000
f 11039 11040 11041 11042
f 11043 11046 11045 11044
f 11039 11043 11044 11040
f 11042 11041 11045 11046
f 11039 11042 11046 11043
f 11040 11044 11045 11041
o V11_R_A1_Back_Window1_FrameZ2
usemtl MetalDark
v 91.96000 3.72500 23.27000
v 92.28000 3.72500 23.27000
v 92.28000 9.87500 23.27000
v 91.96000 9.87500 23.27000
v 91.96000 3.72500 23.53000
v 92.28000 3.72500 23.53000
v 92.28000 9.87500 23.53000
v 91.96000 9.87500 23.53000
f 11047 11048 11049 11050
f 11051 11054 11053 11052
f 11047 11051 11052 11048
f 11050 11049 11053 11054
f 11047 11050 11054 11051
f 11048 11052 11053 11049
o V11_R_A1_Back_Window1_FrameTop
usemtl MetalDark
v 91.96000 9.46000 14.72500
v 92.28000 9.46000 14.72500
v 92.28000 9.74000 14.72500
v 91.96000 9.74000 14.72500
v 91.96000 9.46000 23.67500
v 92.28000 9.46000 23.67500
v 92.28000 9.74000 23.67500
v 91.96000 9.74000 23.67500
f 11055 11056 11057 11058
f 11059 11062 11061 11060
f 11055 11059 11060 11056
f 11058 11057 11061 11062
f 11055 11058 11062 11059
f 11056 11060 11061 11057
o V11_R_A1_Back_Window1_FrameBottom
usemtl MetalDark
v 91.96000 3.86000 14.72500
v 92.28000 3.86000 14.72500
v 92.28000 4.14000 14.72500
v 91.96000 4.14000 14.72500
v 91.96000 3.86000 23.67500
v 92.28000 3.86000 23.67500
v 92.28000 4.14000 23.67500
v 91.96000 4.14000 23.67500
f 11063 11064 11065 11066
f 11067 11070 11069 11068
f 11063 11067 11068 11064
f 11066 11065 11069 11070
f 11063 11066 11070 11067
f 11064 11068 11069 11065
o V11_R_A1_Back_Window1_Mullion
usemtl MetalDark
v 91.86000 4.12500 19.12000
v 92.14000 4.12500 19.12000
v 92.14000 9.47500 19.12000
v 91.86000 9.47500 19.12000
v 91.86000 4.12500 19.28000
v 92.14000 4.12500 19.28000
v 92.14000 9.47500 19.28000
v 91.86000 9.47500 19.28000
f 11071 11072 11073 11074
f 11075 11078 11077 11076
f 11071 11075 11076 11072
f 11074 11073 11077 11078
f 11071 11074 11078 11075
f 11072 11076 11077 11073
o V11_R_A1_Back_Window1_Sill
usemtl ConcreteLight
v 92.05000 3.70000 14.55000
v 92.91000 3.70000 14.55000
v 92.91000 3.94000 14.55000
v 92.05000 3.94000 14.55000
v 92.05000 3.70000 23.85000
v 92.91000 3.70000 23.85000
v 92.91000 3.94000 23.85000
v 92.05000 3.94000 23.85000
f 11079 11080 11081 11082
f 11083 11086 11085 11084
f 11079 11083 11084 11080
f 11082 11081 11085 11086
f 11079 11082 11086 11083
f 11080 11084 11085 11081
o V11_R_A1_Back_Window1_Shade
usemtl ConcreteLight
v 92.04500 9.91000 14.40000
v 93.39500 9.91000 14.40000
v 93.39500 10.19000 14.40000
v 92.04500 10.19000 14.40000
v 92.04500 9.91000 24.00000
v 93.39500 9.91000 24.00000
v 93.39500 10.19000 24.00000
v 92.04500 10.19000 24.00000
f 11087 11088 11089 11090
f 11091 11094 11093 11092
f 11087 11091 11092 11088
f 11090 11089 11093 11094
f 11087 11090 11094 11091
f 11088 11092 11093 11089
o V11_R_A1_Back_Window2_Glass
usemtl Glass
v 91.91000 4.24000 33.85000
v 92.09000 4.24000 33.85000
v 92.09000 9.36000 33.85000
v 91.91000 9.36000 33.85000
v 91.91000 4.24000 41.75000
v 92.09000 4.24000 41.75000
v 92.09000 9.36000 41.75000
v 91.91000 9.36000 41.75000
f 11095 11096 11097 11098
f 11099 11102 11101 11100
f 11095 11099 11100 11096
f 11098 11097 11101 11102
f 11095 11098 11102 11099
f 11096 11100 11101 11097
o V11_R_A1_Back_Window2_FrameZ1
usemtl MetalDark
v 91.96000 3.72500 33.47000
v 92.28000 3.72500 33.47000
v 92.28000 9.87500 33.47000
v 91.96000 9.87500 33.47000
v 91.96000 3.72500 33.73000
v 92.28000 3.72500 33.73000
v 92.28000 9.87500 33.73000
v 91.96000 9.87500 33.73000
f 11103 11104 11105 11106
f 11107 11110 11109 11108
f 11103 11107 11108 11104
f 11106 11105 11109 11110
f 11103 11106 11110 11107
f 11104 11108 11109 11105
o V11_R_A1_Back_Window2_FrameZ2
usemtl MetalDark
v 91.96000 3.72500 41.87000
v 92.28000 3.72500 41.87000
v 92.28000 9.87500 41.87000
v 91.96000 9.87500 41.87000
v 91.96000 3.72500 42.13000
v 92.28000 3.72500 42.13000
v 92.28000 9.87500 42.13000
v 91.96000 9.87500 42.13000
f 11111 11112 11113 11114
f 11115 11118 11117 11116
f 11111 11115 11116 11112
f 11114 11113 11117 11118
f 11111 11114 11118 11115
f 11112 11116 11117 11113
o V11_R_A1_Back_Window2_FrameTop
usemtl MetalDark
v 91.96000 9.46000 33.32500
v 92.28000 9.46000 33.32500
v 92.28000 9.74000 33.32500
v 91.96000 9.74000 33.32500
v 91.96000 9.46000 42.27500
v 92.28000 9.46000 42.27500
v 92.28000 9.74000 42.27500
v 91.96000 9.74000 42.27500
f 11119 11120 11121 11122
f 11123 11126 11125 11124
f 11119 11123 11124 11120
f 11122 11121 11125 11126
f 11119 11122 11126 11123
f 11120 11124 11125 11121
o V11_R_A1_Back_Window2_FrameBottom
usemtl MetalDark
v 91.96000 3.86000 33.32500
v 92.28000 3.86000 33.32500
v 92.28000 4.14000 33.32500
v 91.96000 4.14000 33.32500
v 91.96000 3.86000 42.27500
v 92.28000 3.86000 42.27500
v 92.28000 4.14000 42.27500
v 91.96000 4.14000 42.27500
f 11127 11128 11129 11130
f 11131 11134 11133 11132
f 11127 11131 11132 11128
f 11130 11129 11133 11134
f 11127 11130 11134 11131
f 11128 11132 11133 11129
o V11_R_A1_Back_Window2_Mullion
usemtl MetalDark
v 91.86000 4.12500 37.72000
v 92.14000 4.12500 37.72000
v 92.14000 9.47500 37.72000
v 91.86000 9.47500 37.72000
v 91.86000 4.12500 37.88000
v 92.14000 4.12500 37.88000
v 92.14000 9.47500 37.88000
v 91.86000 9.47500 37.88000
f 11135 11136 11137 11138
f 11139 11142 11141 11140
f 11135 11139 11140 11136
f 11138 11137 11141 11142
f 11135 11138 11142 11139
f 11136 11140 11141 11137
o V11_R_A1_Back_Window2_Sill
usemtl ConcreteLight
v 92.05000 3.70000 33.15000
v 92.91000 3.70000 33.15000
v 92.91000 3.94000 33.15000
v 92.05000 3.94000 33.15000
v 92.05000 3.70000 42.45000
v 92.91000 3.70000 42.45000
v 92.91000 3.94000 42.45000
v 92.05000 3.94000 42.45000
f 11143 11144 11145 11146
f 11147 11150 11149 11148
f 11143 11147 11148 11144
f 11146 11145 11149 11150
f 11143 11146 11150 11147
f 11144 11148 11149 11145
o V11_R_A1_Back_Window2_Shade
usemtl ConcreteLight
v 92.04500 9.91000 33.00000
v 93.39500 9.91000 33.00000
v 93.39500 10.19000 33.00000
v 92.04500 10.19000 33.00000
v 92.04500 9.91000 42.60000
v 93.39500 9.91000 42.60000
v 93.39500 10.19000 42.60000
v 92.04500 10.19000 42.60000
f 11151 11152 11153 11154
f 11155 11158 11157 11156
f 11151 11155 11156 11152
f 11154 11153 11157 11158
f 11151 11154 11158 11155
f 11152 11156 11157 11153
o V11_L_A2_Front_Bottom
usemtl WhiteBrick
v -92.50000 14.00000 -47.00000
v -91.50000 14.00000 -47.00000
v -91.50000 18.00000 -47.00000
v -92.50000 18.00000 -47.00000
v -92.50000 14.00000 -10.00000
v -91.50000 14.00000 -10.00000
v -91.50000 18.00000 -10.00000
v -92.50000 18.00000 -10.00000
f 11159 11160 11161 11162
f 11163 11166 11165 11164
f 11159 11163 11164 11160
f 11162 11161 11165 11166
f 11159 11162 11166 11163
f 11160 11164 11165 11161
o V11_L_A2_Front_Top
usemtl WhiteBrick
v -92.50000 23.60000 -47.00000
v -91.50000 23.60000 -47.00000
v -91.50000 28.00000 -47.00000
v -92.50000 28.00000 -47.00000
v -92.50000 23.60000 -10.00000
v -91.50000 23.60000 -10.00000
v -91.50000 28.00000 -10.00000
v -92.50000 28.00000 -10.00000
f 11167 11168 11169 11170
f 11171 11174 11173 11172
f 11167 11171 11172 11168
f 11170 11169 11173 11174
f 11167 11170 11174 11171
f 11168 11172 11173 11169
o V11_L_A2_Front_Pier0
usemtl WhiteBrick
v -92.50000 18.00000 -47.00000
v -91.50000 18.00000 -47.00000
v -91.50000 23.60000 -47.00000
v -92.50000 23.60000 -47.00000
v -92.50000 18.00000 -42.00000
v -91.50000 18.00000 -42.00000
v -91.50000 23.60000 -42.00000
v -92.50000 23.60000 -42.00000
f 11175 11176 11177 11178
f 11179 11182 11181 11180
f 11175 11179 11180 11176
f 11178 11177 11181 11182
f 11175 11178 11182 11179
f 11176 11180 11181 11177
o V11_L_A2_Front_Pier1
usemtl WhiteBrick
v -92.50000 18.00000 -33.60000
v -91.50000 18.00000 -33.60000
v -91.50000 23.60000 -33.60000
v -92.50000 23.60000 -33.60000
v -92.50000 18.00000 -23.40000
v -91.50000 18.00000 -23.40000
v -91.50000 23.60000 -23.40000
v -92.50000 23.60000 -23.40000
f 11183 11184 11185 11186
f 11187 11190 11189 11188
f 11183 11187 11188 11184
f 11186 11185 11189 11190
f 11183 11186 11190 11187
f 11184 11188 11189 11185
o V11_L_A2_Front_Pier2
usemtl WhiteBrick
v -92.50000 18.00000 -15.00000
v -91.50000 18.00000 -15.00000
v -91.50000 23.60000 -15.00000
v -92.50000 23.60000 -15.00000
v -92.50000 18.00000 -10.00000
v -91.50000 18.00000 -10.00000
v -91.50000 23.60000 -10.00000
v -92.50000 23.60000 -10.00000
f 11191 11192 11193 11194
f 11195 11198 11197 11196
f 11191 11195 11196 11192
f 11194 11193 11197 11198
f 11191 11194 11198 11195
f 11192 11196 11197 11193
o V11_L_A2_Front_Window1_Glass
usemtl Glass
v -92.09000 18.24000 -41.75000
v -91.91000 18.24000 -41.75000
v -91.91000 23.36000 -41.75000
v -92.09000 23.36000 -41.75000
v -92.09000 18.24000 -33.85000
v -91.91000 18.24000 -33.85000
v -91.91000 23.36000 -33.85000
v -92.09000 23.36000 -33.85000
f 11199 11200 11201 11202
f 11203 11206 11205 11204
f 11199 11203 11204 11200
f 11202 11201 11205 11206
f 11199 11202 11206 11203
f 11200 11204 11205 11201
o V11_L_A2_Front_Window1_FrameZ1
usemtl MetalDark
v -92.28000 17.72500 -42.13000
v -91.96000 17.72500 -42.13000
v -91.96000 23.87500 -42.13000
v -92.28000 23.87500 -42.13000
v -92.28000 17.72500 -41.87000
v -91.96000 17.72500 -41.87000
v -91.96000 23.87500 -41.87000
v -92.28000 23.87500 -41.87000
f 11207 11208 11209 11210
f 11211 11214 11213 11212
f 11207 11211 11212 11208
f 11210 11209 11213 11214
f 11207 11210 11214 11211
f 11208 11212 11213 11209
o V11_L_A2_Front_Window1_FrameZ2
usemtl MetalDark
v -92.28000 17.72500 -33.73000
v -91.96000 17.72500 -33.73000
v -91.96000 23.87500 -33.73000
v -92.28000 23.87500 -33.73000
v -92.28000 17.72500 -33.47000
v -91.96000 17.72500 -33.47000
v -91.96000 23.87500 -33.47000
v -92.28000 23.87500 -33.47000
f 11215 11216 11217 11218
f 11219 11222 11221 11220
f 11215 11219 11220 11216
f 11218 11217 11221 11222
f 11215 11218 11222 11219
f 11216 11220 11221 11217
o V11_L_A2_Front_Window1_FrameTop
usemtl MetalDark
v -92.28000 23.46000 -42.27500
v -91.96000 23.46000 -42.27500
v -91.96000 23.74000 -42.27500
v -92.28000 23.74000 -42.27500
v -92.28000 23.46000 -33.32500
v -91.96000 23.46000 -33.32500
v -91.96000 23.74000 -33.32500
v -92.28000 23.74000 -33.32500
f 11223 11224 11225 11226
f 11227 11230 11229 11228
f 11223 11227 11228 11224
f 11226 11225 11229 11230
f 11223 11226 11230 11227
f 11224 11228 11229 11225
o V11_L_A2_Front_Window1_FrameBottom
usemtl MetalDark
v -92.28000 17.86000 -42.27500
v -91.96000 17.86000 -42.27500
v -91.96000 18.14000 -42.27500
v -92.28000 18.14000 -42.27500
v -92.28000 17.86000 -33.32500
v -91.96000 17.86000 -33.32500
v -91.96000 18.14000 -33.32500
v -92.28000 18.14000 -33.32500
f 11231 11232 11233 11234
f 11235 11238 11237 11236
f 11231 11235 11236 11232
f 11234 11233 11237 11238
f 11231 11234 11238 11235
f 11232 11236 11237 11233
o V11_L_A2_Front_Window1_Mullion
usemtl MetalDark
v -92.14000 18.12500 -37.88000
v -91.86000 18.12500 -37.88000
v -91.86000 23.47500 -37.88000
v -92.14000 23.47500 -37.88000
v -92.14000 18.12500 -37.72000
v -91.86000 18.12500 -37.72000
v -91.86000 23.47500 -37.72000
v -92.14000 23.47500 -37.72000
f 11239 11240 11241 11242
f 11243 11246 11245 11244
f 11239 11243 11244 11240
f 11242 11241 11245 11246
f 11239 11242 11246 11243
f 11240 11244 11245 11241
o V11_L_A2_Front_Window1_Sill
usemtl ConcreteLight
v -92.91000 17.70000 -42.45000
v -92.05000 17.70000 -42.45000
v -92.05000 17.94000 -42.45000
v -92.91000 17.94000 -42.45000
v -92.91000 17.70000 -33.15000
v -92.05000 17.70000 -33.15000
v -92.05000 17.94000 -33.15000
v -92.91000 17.94000 -33.15000
f 11247 11248 11249 11250
f 11251 11254 11253 11252
f 11247 11251 11252 11248
f 11250 11249 11253 11254
f 11247 11250 11254 11251
f 11248 11252 11253 11249
o V11_L_A2_Front_Window1_Shade
usemtl ConcreteLight
v -93.39500 23.91000 -42.60000
v -92.04500 23.91000 -42.60000
v -92.04500 24.19000 -42.60000
v -93.39500 24.19000 -42.60000
v -93.39500 23.91000 -33.00000
v -92.04500 23.91000 -33.00000
v -92.04500 24.19000 -33.00000
v -93.39500 24.19000 -33.00000
f 11255 11256 11257 11258
f 11259 11262 11261 11260
f 11255 11259 11260 11256
f 11258 11257 11261 11262
f 11255 11258 11262 11259
f 11256 11260 11261 11257
o V11_L_A2_Front_Window2_Glass
usemtl Glass
v -92.09000 18.24000 -23.15000
v -91.91000 18.24000 -23.15000
v -91.91000 23.36000 -23.15000
v -92.09000 23.36000 -23.15000
v -92.09000 18.24000 -15.25000
v -91.91000 18.24000 -15.25000
v -91.91000 23.36000 -15.25000
v -92.09000 23.36000 -15.25000
f 11263 11264 11265 11266
f 11267 11270 11269 11268
f 11263 11267 11268 11264
f 11266 11265 11269 11270
f 11263 11266 11270 11267
f 11264 11268 11269 11265
o V11_L_A2_Front_Window2_FrameZ1
usemtl MetalDark
v -92.28000 17.72500 -23.53000
v -91.96000 17.72500 -23.53000
v -91.96000 23.87500 -23.53000
v -92.28000 23.87500 -23.53000
v -92.28000 17.72500 -23.27000
v -91.96000 17.72500 -23.27000
v -91.96000 23.87500 -23.27000
v -92.28000 23.87500 -23.27000
f 11271 11272 11273 11274
f 11275 11278 11277 11276
f 11271 11275 11276 11272
f 11274 11273 11277 11278
f 11271 11274 11278 11275
f 11272 11276 11277 11273
o V11_L_A2_Front_Window2_FrameZ2
usemtl MetalDark
v -92.28000 17.72500 -15.13000
v -91.96000 17.72500 -15.13000
v -91.96000 23.87500 -15.13000
v -92.28000 23.87500 -15.13000
v -92.28000 17.72500 -14.87000
v -91.96000 17.72500 -14.87000
v -91.96000 23.87500 -14.87000
v -92.28000 23.87500 -14.87000
f 11279 11280 11281 11282
f 11283 11286 11285 11284
f 11279 11283 11284 11280
f 11282 11281 11285 11286
f 11279 11282 11286 11283
f 11280 11284 11285 11281
o V11_L_A2_Front_Window2_FrameTop
usemtl MetalDark
v -92.28000 23.46000 -23.67500
v -91.96000 23.46000 -23.67500
v -91.96000 23.74000 -23.67500
v -92.28000 23.74000 -23.67500
v -92.28000 23.46000 -14.72500
v -91.96000 23.46000 -14.72500
v -91.96000 23.74000 -14.72500
v -92.28000 23.74000 -14.72500
f 11287 11288 11289 11290
f 11291 11294 11293 11292
f 11287 11291 11292 11288
f 11290 11289 11293 11294
f 11287 11290 11294 11291
f 11288 11292 11293 11289
o V11_L_A2_Front_Window2_FrameBottom
usemtl MetalDark
v -92.28000 17.86000 -23.67500
v -91.96000 17.86000 -23.67500
v -91.96000 18.14000 -23.67500
v -92.28000 18.14000 -23.67500
v -92.28000 17.86000 -14.72500
v -91.96000 17.86000 -14.72500
v -91.96000 18.14000 -14.72500
v -92.28000 18.14000 -14.72500
f 11295 11296 11297 11298
f 11299 11302 11301 11300
f 11295 11299 11300 11296
f 11298 11297 11301 11302
f 11295 11298 11302 11299
f 11296 11300 11301 11297
o V11_L_A2_Front_Window2_Mullion
usemtl MetalDark
v -92.14000 18.12500 -19.28000
v -91.86000 18.12500 -19.28000
v -91.86000 23.47500 -19.28000
v -92.14000 23.47500 -19.28000
v -92.14000 18.12500 -19.12000
v -91.86000 18.12500 -19.12000
v -91.86000 23.47500 -19.12000
v -92.14000 23.47500 -19.12000
f 11303 11304 11305 11306
f 11307 11310 11309 11308
f 11303 11307 11308 11304
f 11306 11305 11309 11310
f 11303 11306 11310 11307
f 11304 11308 11309 11305
o V11_L_A2_Front_Window2_Sill
usemtl ConcreteLight
v -92.91000 17.70000 -23.85000
v -92.05000 17.70000 -23.85000
v -92.05000 17.94000 -23.85000
v -92.91000 17.94000 -23.85000
v -92.91000 17.70000 -14.55000
v -92.05000 17.70000 -14.55000
v -92.05000 17.94000 -14.55000
v -92.91000 17.94000 -14.55000
f 11311 11312 11313 11314
f 11315 11318 11317 11316
f 11311 11315 11316 11312
f 11314 11313 11317 11318
f 11311 11314 11318 11315
f 11312 11316 11317 11313
o V11_L_A2_Front_Window2_Shade
usemtl ConcreteLight
v -93.39500 23.91000 -24.00000
v -92.04500 23.91000 -24.00000
v -92.04500 24.19000 -24.00000
v -93.39500 24.19000 -24.00000
v -93.39500 23.91000 -14.40000
v -92.04500 23.91000 -14.40000
v -92.04500 24.19000 -14.40000
v -93.39500 24.19000 -14.40000
f 11319 11320 11321 11322
f 11323 11326 11325 11324
f 11319 11323 11324 11320
f 11322 11321 11325 11326
f 11319 11322 11326 11323
f 11320 11324 11325 11321
o V11_L_A2_Corridor_Bottom
usemtl WhiteBrick
v -92.50000 14.00000 -10.00000
v -91.50000 14.00000 -10.00000
v -91.50000 17.50000 -10.00000
v -92.50000 17.50000 -10.00000
v -92.50000 14.00000 10.00000
v -91.50000 14.00000 10.00000
v -91.50000 17.50000 10.00000
v -92.50000 17.50000 10.00000
f 11327 11328 11329 11330
f 11331 11334 11333 11332
f 11327 11331 11332 11328
f 11330 11329 11333 11334
f 11327 11330 11334 11331
f 11328 11332 11333 11329
o V11_L_A2_Corridor_Top
usemtl WhiteBrick
v -92.50000 23.50000 -10.00000
v -91.50000 23.50000 -10.00000
v -91.50000 28.00000 -10.00000
v -92.50000 28.00000 -10.00000
v -92.50000 23.50000 10.00000
v -91.50000 23.50000 10.00000
v -91.50000 28.00000 10.00000
v -92.50000 28.00000 10.00000
f 11335 11336 11337 11338
f 11339 11342 11341 11340
f 11335 11339 11340 11336
f 11338 11337 11341 11342
f 11335 11338 11342 11339
f 11336 11340 11341 11337
o V11_L_A2_Corridor_Pier0
usemtl WhiteBrick
v -92.50000 17.50000 -10.00000
v -91.50000 17.50000 -10.00000
v -91.50000 23.50000 -10.00000
v -92.50000 23.50000 -10.00000
v -92.50000 17.50000 -5.75000
v -91.50000 17.50000 -5.75000
v -91.50000 23.50000 -5.75000
v -92.50000 23.50000 -5.75000
f 11343 11344 11345 11346
f 11347 11350 11349 11348
f 11343 11347 11348 11344
f 11346 11345 11349 11350
f 11343 11346 11350 11347
f 11344 11348 11349 11345
o V11_L_A2_Corridor_Pier1
usemtl WhiteBrick
v -92.50000 17.50000 5.75000
v -91.50000 17.50000 5.75000
v -91.50000 23.50000 5.75000
v -92.50000 23.50000 5.75000
v -92.50000 17.50000 10.00000
v -91.50000 17.50000 10.00000
v -91.50000 23.50000 10.00000
v -92.50000 23.50000 10.00000
f 11351 11352 11353 11354
f 11355 11358 11357 11356
f 11351 11355 11356 11352
f 11354 11353 11357 11358
f 11351 11354 11358 11355
f 11352 11356 11357 11353
o V11_L_A2_Corridor_Window1_Glass
usemtl Glass
v -92.09000 17.74000 -5.50000
v -91.91000 17.74000 -5.50000
v -91.91000 23.26000 -5.50000
v -92.09000 23.26000 -5.50000
v -92.09000 17.74000 5.50000
v -91.91000 17.74000 5.50000
v -91.91000 23.26000 5.50000
v -92.09000 23.26000 5.50000
f 11359 11360 11361 11362
f 11363 11366 11365 11364
f 11359 11363 11364 11360
f 11362 11361 11365 11366
f 11359 11362 11366 11363
f 11360 11364 11365 11361
o V11_L_A2_Corridor_Window1_FrameZ1
usemtl MetalDark
v -92.28000 17.22500 -5.88000
v -91.96000 17.22500 -5.88000
v -91.96000 23.77500 -5.88000
v -92.28000 23.77500 -5.88000
v -92.28000 17.22500 -5.62000
v -91.96000 17.22500 -5.62000
v -91.96000 23.77500 -5.62000
v -92.28000 23.77500 -5.62000
f 11367 11368 11369 11370
f 11371 11374 11373 11372
f 11367 11371 11372 11368
f 11370 11369 11373 11374
f 11367 11370 11374 11371
f 11368 11372 11373 11369
o V11_L_A2_Corridor_Window1_FrameZ2
usemtl MetalDark
v -92.28000 17.22500 5.62000
v -91.96000 17.22500 5.62000
v -91.96000 23.77500 5.62000
v -92.28000 23.77500 5.62000
v -92.28000 17.22500 5.88000
v -91.96000 17.22500 5.88000
v -91.96000 23.77500 5.88000
v -92.28000 23.77500 5.88000
f 11375 11376 11377 11378
f 11379 11382 11381 11380
f 11375 11379 11380 11376
f 11378 11377 11381 11382
f 11375 11378 11382 11379
f 11376 11380 11381 11377
o V11_L_A2_Corridor_Window1_FrameTop
usemtl MetalDark
v -92.28000 23.36000 -6.02500
v -91.96000 23.36000 -6.02500
v -91.96000 23.64000 -6.02500
v -92.28000 23.64000 -6.02500
v -92.28000 23.36000 6.02500
v -91.96000 23.36000 6.02500
v -91.96000 23.64000 6.02500
v -92.28000 23.64000 6.02500
f 11383 11384 11385 11386
f 11387 11390 11389 11388
f 11383 11387 11388 11384
f 11386 11385 11389 11390
f 11383 11386 11390 11387
f 11384 11388 11389 11385
o V11_L_A2_Corridor_Window1_FrameBottom
usemtl MetalDark
v -92.28000 17.36000 -6.02500
v -91.96000 17.36000 -6.02500
v -91.96000 17.64000 -6.02500
v -92.28000 17.64000 -6.02500
v -92.28000 17.36000 6.02500
v -91.96000 17.36000 6.02500
v -91.96000 17.64000 6.02500
v -92.28000 17.64000 6.02500
f 11391 11392 11393 11394
f 11395 11398 11397 11396
f 11391 11395 11396 11392
f 11394 11393 11397 11398
f 11391 11394 11398 11395
f 11392 11396 11397 11393
o V11_L_A2_Corridor_Window1_Mullion
usemtl MetalDark
v -92.14000 17.62500 -0.08000
v -91.86000 17.62500 -0.08000
v -91.86000 23.37500 -0.08000
v -92.14000 23.37500 -0.08000
v -92.14000 17.62500 0.08000
v -91.86000 17.62500 0.08000
v -91.86000 23.37500 0.08000
v -92.14000 23.37500 0.08000
f 11399 11400 11401 11402
f 11403 11406 11405 11404
f 11399 11403 11404 11400
f 11402 11401 11405 11406
f 11399 11402 11406 11403
f 11400 11404 11405 11401
o V11_L_A2_Corridor_Window1_Sill
usemtl ConcreteLight
v -92.91000 17.20000 -6.20000
v -92.05000 17.20000 -6.20000
v -92.05000 17.44000 -6.20000
v -92.91000 17.44000 -6.20000
v -92.91000 17.20000 6.20000
v -92.05000 17.20000 6.20000
v -92.05000 17.44000 6.20000
v -92.91000 17.44000 6.20000
f 11407 11408 11409 11410
f 11411 11414 11413 11412
f 11407 11411 11412 11408
f 11410 11409 11413 11414
f 11407 11410 11414 11411
f 11408 11412 11413 11409
o V11_L_A2_Corridor_Window1_Shade
usemtl ConcreteLight
v -93.39500 23.81000 -6.35000
v -92.04500 23.81000 -6.35000
v -92.04500 24.09000 -6.35000
v -93.39500 24.09000 -6.35000
v -93.39500 23.81000 6.35000
v -92.04500 23.81000 6.35000
v -92.04500 24.09000 6.35000
v -93.39500 24.09000 6.35000
f 11415 11416 11417 11418
f 11419 11422 11421 11420
f 11415 11419 11420 11416
f 11418 11417 11421 11422
f 11415 11418 11422 11419
f 11416 11420 11421 11417
o V11_L_A2_Back_Bottom
usemtl WhiteBrick
v -92.50000 14.00000 10.00000
v -91.50000 14.00000 10.00000
v -91.50000 18.00000 10.00000
v -92.50000 18.00000 10.00000
v -92.50000 14.00000 47.00000
v -91.50000 14.00000 47.00000
v -91.50000 18.00000 47.00000
v -92.50000 18.00000 47.00000
f 11423 11424 11425 11426
f 11427 11430 11429 11428
f 11423 11427 11428 11424
f 11426 11425 11429 11430
f 11423 11426 11430 11427
f 11424 11428 11429 11425
o V11_L_A2_Back_Top
usemtl WhiteBrick
v -92.50000 23.60000 10.00000
v -91.50000 23.60000 10.00000
v -91.50000 28.00000 10.00000
v -92.50000 28.00000 10.00000
v -92.50000 23.60000 47.00000
v -91.50000 23.60000 47.00000
v -91.50000 28.00000 47.00000
v -92.50000 28.00000 47.00000
f 11431 11432 11433 11434
f 11435 11438 11437 11436
f 11431 11435 11436 11432
f 11434 11433 11437 11438
f 11431 11434 11438 11435
f 11432 11436 11437 11433
o V11_L_A2_Back_Pier0
usemtl WhiteBrick
v -92.50000 18.00000 10.00000
v -91.50000 18.00000 10.00000
v -91.50000 23.60000 10.00000
v -92.50000 23.60000 10.00000
v -92.50000 18.00000 15.00000
v -91.50000 18.00000 15.00000
v -91.50000 23.60000 15.00000
v -92.50000 23.60000 15.00000
f 11439 11440 11441 11442
f 11443 11446 11445 11444
f 11439 11443 11444 11440
f 11442 11441 11445 11446
f 11439 11442 11446 11443
f 11440 11444 11445 11441
o V11_L_A2_Back_Pier1
usemtl WhiteBrick
v -92.50000 18.00000 23.40000
v -91.50000 18.00000 23.40000
v -91.50000 23.60000 23.40000
v -92.50000 23.60000 23.40000
v -92.50000 18.00000 33.60000
v -91.50000 18.00000 33.60000
v -91.50000 23.60000 33.60000
v -92.50000 23.60000 33.60000
f 11447 11448 11449 11450
f 11451 11454 11453 11452
f 11447 11451 11452 11448
f 11450 11449 11453 11454
f 11447 11450 11454 11451
f 11448 11452 11453 11449
o V11_L_A2_Back_Pier2
usemtl WhiteBrick
v -92.50000 18.00000 42.00000
v -91.50000 18.00000 42.00000
v -91.50000 23.60000 42.00000
v -92.50000 23.60000 42.00000
v -92.50000 18.00000 47.00000
v -91.50000 18.00000 47.00000
v -91.50000 23.60000 47.00000
v -92.50000 23.60000 47.00000
f 11455 11456 11457 11458
f 11459 11462 11461 11460
f 11455 11459 11460 11456
f 11458 11457 11461 11462
f 11455 11458 11462 11459
f 11456 11460 11461 11457
o V11_L_A2_Back_Window1_Glass
usemtl Glass
v -92.09000 18.24000 15.25000
v -91.91000 18.24000 15.25000
v -91.91000 23.36000 15.25000
v -92.09000 23.36000 15.25000
v -92.09000 18.24000 23.15000
v -91.91000 18.24000 23.15000
v -91.91000 23.36000 23.15000
v -92.09000 23.36000 23.15000
f 11463 11464 11465 11466
f 11467 11470 11469 11468
f 11463 11467 11468 11464
f 11466 11465 11469 11470
f 11463 11466 11470 11467
f 11464 11468 11469 11465
o V11_L_A2_Back_Window1_FrameZ1
usemtl MetalDark
v -92.28000 17.72500 14.87000
v -91.96000 17.72500 14.87000
v -91.96000 23.87500 14.87000
v -92.28000 23.87500 14.87000
v -92.28000 17.72500 15.13000
v -91.96000 17.72500 15.13000
v -91.96000 23.87500 15.13000
v -92.28000 23.87500 15.13000
f 11471 11472 11473 11474
f 11475 11478 11477 11476
f 11471 11475 11476 11472
f 11474 11473 11477 11478
f 11471 11474 11478 11475
f 11472 11476 11477 11473
o V11_L_A2_Back_Window1_FrameZ2
usemtl MetalDark
v -92.28000 17.72500 23.27000
v -91.96000 17.72500 23.27000
v -91.96000 23.87500 23.27000
v -92.28000 23.87500 23.27000
v -92.28000 17.72500 23.53000
v -91.96000 17.72500 23.53000
v -91.96000 23.87500 23.53000
v -92.28000 23.87500 23.53000
f 11479 11480 11481 11482
f 11483 11486 11485 11484
f 11479 11483 11484 11480
f 11482 11481 11485 11486
f 11479 11482 11486 11483
f 11480 11484 11485 11481
o V11_L_A2_Back_Window1_FrameTop
usemtl MetalDark
v -92.28000 23.46000 14.72500
v -91.96000 23.46000 14.72500
v -91.96000 23.74000 14.72500
v -92.28000 23.74000 14.72500
v -92.28000 23.46000 23.67500
v -91.96000 23.46000 23.67500
v -91.96000 23.74000 23.67500
v -92.28000 23.74000 23.67500
f 11487 11488 11489 11490
f 11491 11494 11493 11492
f 11487 11491 11492 11488
f 11490 11489 11493 11494
f 11487 11490 11494 11491
f 11488 11492 11493 11489
o V11_L_A2_Back_Window1_FrameBottom
usemtl MetalDark
v -92.28000 17.86000 14.72500
v -91.96000 17.86000 14.72500
v -91.96000 18.14000 14.72500
v -92.28000 18.14000 14.72500
v -92.28000 17.86000 23.67500
v -91.96000 17.86000 23.67500
v -91.96000 18.14000 23.67500
v -92.28000 18.14000 23.67500
f 11495 11496 11497 11498
f 11499 11502 11501 11500
f 11495 11499 11500 11496
f 11498 11497 11501 11502
f 11495 11498 11502 11499
f 11496 11500 11501 11497
o V11_L_A2_Back_Window1_Mullion
usemtl MetalDark
v -92.14000 18.12500 19.12000
v -91.86000 18.12500 19.12000
v -91.86000 23.47500 19.12000
v -92.14000 23.47500 19.12000
v -92.14000 18.12500 19.28000
v -91.86000 18.12500 19.28000
v -91.86000 23.47500 19.28000
v -92.14000 23.47500 19.28000
f 11503 11504 11505 11506
f 11507 11510 11509 11508
f 11503 11507 11508 11504
f 11506 11505 11509 11510
f 11503 11506 11510 11507
f 11504 11508 11509 11505
o V11_L_A2_Back_Window1_Sill
usemtl ConcreteLight
v -92.91000 17.70000 14.55000
v -92.05000 17.70000 14.55000
v -92.05000 17.94000 14.55000
v -92.91000 17.94000 14.55000
v -92.91000 17.70000 23.85000
v -92.05000 17.70000 23.85000
v -92.05000 17.94000 23.85000
v -92.91000 17.94000 23.85000
f 11511 11512 11513 11514
f 11515 11518 11517 11516
f 11511 11515 11516 11512
f 11514 11513 11517 11518
f 11511 11514 11518 11515
f 11512 11516 11517 11513
o V11_L_A2_Back_Window1_Shade
usemtl ConcreteLight
v -93.39500 23.91000 14.40000
v -92.04500 23.91000 14.40000
v -92.04500 24.19000 14.40000
v -93.39500 24.19000 14.40000
v -93.39500 23.91000 24.00000
v -92.04500 23.91000 24.00000
v -92.04500 24.19000 24.00000
v -93.39500 24.19000 24.00000
f 11519 11520 11521 11522
f 11523 11526 11525 11524
f 11519 11523 11524 11520
f 11522 11521 11525 11526
f 11519 11522 11526 11523
f 11520 11524 11525 11521
o V11_L_A2_Back_Window2_Glass
usemtl Glass
v -92.09000 18.24000 33.85000
v -91.91000 18.24000 33.85000
v -91.91000 23.36000 33.85000
v -92.09000 23.36000 33.85000
v -92.09000 18.24000 41.75000
v -91.91000 18.24000 41.75000
v -91.91000 23.36000 41.75000
v -92.09000 23.36000 41.75000
f 11527 11528 11529 11530
f 11531 11534 11533 11532
f 11527 11531 11532 11528
f 11530 11529 11533 11534
f 11527 11530 11534 11531
f 11528 11532 11533 11529
o V11_L_A2_Back_Window2_FrameZ1
usemtl MetalDark
v -92.28000 17.72500 33.47000
v -91.96000 17.72500 33.47000
v -91.96000 23.87500 33.47000
v -92.28000 23.87500 33.47000
v -92.28000 17.72500 33.73000
v -91.96000 17.72500 33.73000
v -91.96000 23.87500 33.73000
v -92.28000 23.87500 33.73000
f 11535 11536 11537 11538
f 11539 11542 11541 11540
f 11535 11539 11540 11536
f 11538 11537 11541 11542
f 11535 11538 11542 11539
f 11536 11540 11541 11537
o V11_L_A2_Back_Window2_FrameZ2
usemtl MetalDark
v -92.28000 17.72500 41.87000
v -91.96000 17.72500 41.87000
v -91.96000 23.87500 41.87000
v -92.28000 23.87500 41.87000
v -92.28000 17.72500 42.13000
v -91.96000 17.72500 42.13000
v -91.96000 23.87500 42.13000
v -92.28000 23.87500 42.13000
f 11543 11544 11545 11546
f 11547 11550 11549 11548
f 11543 11547 11548 11544
f 11546 11545 11549 11550
f 11543 11546 11550 11547
f 11544 11548 11549 11545
o V11_L_A2_Back_Window2_FrameTop
usemtl MetalDark
v -92.28000 23.46000 33.32500
v -91.96000 23.46000 33.32500
v -91.96000 23.74000 33.32500
v -92.28000 23.74000 33.32500
v -92.28000 23.46000 42.27500
v -91.96000 23.46000 42.27500
v -91.96000 23.74000 42.27500
v -92.28000 23.74000 42.27500
f 11551 11552 11553 11554
f 11555 11558 11557 11556
f 11551 11555 11556 11552
f 11554 11553 11557 11558
f 11551 11554 11558 11555
f 11552 11556 11557 11553
o V11_L_A2_Back_Window2_FrameBottom
usemtl MetalDark
v -92.28000 17.86000 33.32500
v -91.96000 17.86000 33.32500
v -91.96000 18.14000 33.32500
v -92.28000 18.14000 33.32500
v -92.28000 17.86000 42.27500
v -91.96000 17.86000 42.27500
v -91.96000 18.14000 42.27500
v -92.28000 18.14000 42.27500
f 11559 11560 11561 11562
f 11563 11566 11565 11564
f 11559 11563 11564 11560
f 11562 11561 11565 11566
f 11559 11562 11566 11563
f 11560 11564 11565 11561
o V11_L_A2_Back_Window2_Mullion
usemtl MetalDark
v -92.14000 18.12500 37.72000
v -91.86000 18.12500 37.72000
v -91.86000 23.47500 37.72000
v -92.14000 23.47500 37.72000
v -92.14000 18.12500 37.88000
v -91.86000 18.12500 37.88000
v -91.86000 23.47500 37.88000
v -92.14000 23.47500 37.88000
f 11567 11568 11569 11570
f 11571 11574 11573 11572
f 11567 11571 11572 11568
f 11570 11569 11573 11574
f 11567 11570 11574 11571
f 11568 11572 11573 11569
o V11_L_A2_Back_Window2_Sill
usemtl ConcreteLight
v -92.91000 17.70000 33.15000
v -92.05000 17.70000 33.15000
v -92.05000 17.94000 33.15000
v -92.91000 17.94000 33.15000
v -92.91000 17.70000 42.45000
v -92.05000 17.70000 42.45000
v -92.05000 17.94000 42.45000
v -92.91000 17.94000 42.45000
f 11575 11576 11577 11578
f 11579 11582 11581 11580
f 11575 11579 11580 11576
f 11578 11577 11581 11582
f 11575 11578 11582 11579
f 11576 11580 11581 11577
o V11_L_A2_Back_Window2_Shade
usemtl ConcreteLight
v -93.39500 23.91000 33.00000
v -92.04500 23.91000 33.00000
v -92.04500 24.19000 33.00000
v -93.39500 24.19000 33.00000
v -93.39500 23.91000 42.60000
v -92.04500 23.91000 42.60000
v -92.04500 24.19000 42.60000
v -93.39500 24.19000 42.60000
f 11583 11584 11585 11586
f 11587 11590 11589 11588
f 11583 11587 11588 11584
f 11586 11585 11589 11590
f 11583 11586 11590 11587
f 11584 11588 11589 11585
o V11_R_A2_Front_Bottom
usemtl WhiteBrick
v 91.50000 14.00000 -47.00000
v 92.50000 14.00000 -47.00000
v 92.50000 18.00000 -47.00000
v 91.50000 18.00000 -47.00000
v 91.50000 14.00000 -10.00000
v 92.50000 14.00000 -10.00000
v 92.50000 18.00000 -10.00000
v 91.50000 18.00000 -10.00000
f 11591 11592 11593 11594
f 11595 11598 11597 11596
f 11591 11595 11596 11592
f 11594 11593 11597 11598
f 11591 11594 11598 11595
f 11592 11596 11597 11593
o V11_R_A2_Front_Top
usemtl WhiteBrick
v 91.50000 23.60000 -47.00000
v 92.50000 23.60000 -47.00000
v 92.50000 28.00000 -47.00000
v 91.50000 28.00000 -47.00000
v 91.50000 23.60000 -10.00000
v 92.50000 23.60000 -10.00000
v 92.50000 28.00000 -10.00000
v 91.50000 28.00000 -10.00000
f 11599 11600 11601 11602
f 11603 11606 11605 11604
f 11599 11603 11604 11600
f 11602 11601 11605 11606
f 11599 11602 11606 11603
f 11600 11604 11605 11601
o V11_R_A2_Front_Pier0
usemtl WhiteBrick
v 91.50000 18.00000 -47.00000
v 92.50000 18.00000 -47.00000
v 92.50000 23.60000 -47.00000
v 91.50000 23.60000 -47.00000
v 91.50000 18.00000 -42.00000
v 92.50000 18.00000 -42.00000
v 92.50000 23.60000 -42.00000
v 91.50000 23.60000 -42.00000
f 11607 11608 11609 11610
f 11611 11614 11613 11612
f 11607 11611 11612 11608
f 11610 11609 11613 11614
f 11607 11610 11614 11611
f 11608 11612 11613 11609
o V11_R_A2_Front_Pier1
usemtl WhiteBrick
v 91.50000 18.00000 -33.60000
v 92.50000 18.00000 -33.60000
v 92.50000 23.60000 -33.60000
v 91.50000 23.60000 -33.60000
v 91.50000 18.00000 -23.40000
v 92.50000 18.00000 -23.40000
v 92.50000 23.60000 -23.40000
v 91.50000 23.60000 -23.40000
f 11615 11616 11617 11618
f 11619 11622 11621 11620
f 11615 11619 11620 11616
f 11618 11617 11621 11622
f 11615 11618 11622 11619
f 11616 11620 11621 11617
o V11_R_A2_Front_Pier2
usemtl WhiteBrick
v 91.50000 18.00000 -15.00000
v 92.50000 18.00000 -15.00000
v 92.50000 23.60000 -15.00000
v 91.50000 23.60000 -15.00000
v 91.50000 18.00000 -10.00000
v 92.50000 18.00000 -10.00000
v 92.50000 23.60000 -10.00000
v 91.50000 23.60000 -10.00000
f 11623 11624 11625 11626
f 11627 11630 11629 11628
f 11623 11627 11628 11624
f 11626 11625 11629 11630
f 11623 11626 11630 11627
f 11624 11628 11629 11625
o V11_R_A2_Front_Window1_Glass
usemtl Glass
v 91.91000 18.24000 -41.75000
v 92.09000 18.24000 -41.75000
v 92.09000 23.36000 -41.75000
v 91.91000 23.36000 -41.75000
v 91.91000 18.24000 -33.85000
v 92.09000 18.24000 -33.85000
v 92.09000 23.36000 -33.85000
v 91.91000 23.36000 -33.85000
f 11631 11632 11633 11634
f 11635 11638 11637 11636
f 11631 11635 11636 11632
f 11634 11633 11637 11638
f 11631 11634 11638 11635
f 11632 11636 11637 11633
o V11_R_A2_Front_Window1_FrameZ1
usemtl MetalDark
v 91.96000 17.72500 -42.13000
v 92.28000 17.72500 -42.13000
v 92.28000 23.87500 -42.13000
v 91.96000 23.87500 -42.13000
v 91.96000 17.72500 -41.87000
v 92.28000 17.72500 -41.87000
v 92.28000 23.87500 -41.87000
v 91.96000 23.87500 -41.87000
f 11639 11640 11641 11642
f 11643 11646 11645 11644
f 11639 11643 11644 11640
f 11642 11641 11645 11646
f 11639 11642 11646 11643
f 11640 11644 11645 11641
o V11_R_A2_Front_Window1_FrameZ2
usemtl MetalDark
v 91.96000 17.72500 -33.73000
v 92.28000 17.72500 -33.73000
v 92.28000 23.87500 -33.73000
v 91.96000 23.87500 -33.73000
v 91.96000 17.72500 -33.47000
v 92.28000 17.72500 -33.47000
v 92.28000 23.87500 -33.47000
v 91.96000 23.87500 -33.47000
f 11647 11648 11649 11650
f 11651 11654 11653 11652
f 11647 11651 11652 11648
f 11650 11649 11653 11654
f 11647 11650 11654 11651
f 11648 11652 11653 11649
o V11_R_A2_Front_Window1_FrameTop
usemtl MetalDark
v 91.96000 23.46000 -42.27500
v 92.28000 23.46000 -42.27500
v 92.28000 23.74000 -42.27500
v 91.96000 23.74000 -42.27500
v 91.96000 23.46000 -33.32500
v 92.28000 23.46000 -33.32500
v 92.28000 23.74000 -33.32500
v 91.96000 23.74000 -33.32500
f 11655 11656 11657 11658
f 11659 11662 11661 11660
f 11655 11659 11660 11656
f 11658 11657 11661 11662
f 11655 11658 11662 11659
f 11656 11660 11661 11657
o V11_R_A2_Front_Window1_FrameBottom
usemtl MetalDark
v 91.96000 17.86000 -42.27500
v 92.28000 17.86000 -42.27500
v 92.28000 18.14000 -42.27500
v 91.96000 18.14000 -42.27500
v 91.96000 17.86000 -33.32500
v 92.28000 17.86000 -33.32500
v 92.28000 18.14000 -33.32500
v 91.96000 18.14000 -33.32500
f 11663 11664 11665 11666
f 11667 11670 11669 11668
f 11663 11667 11668 11664
f 11666 11665 11669 11670
f 11663 11666 11670 11667
f 11664 11668 11669 11665
o V11_R_A2_Front_Window1_Mullion
usemtl MetalDark
v 91.86000 18.12500 -37.88000
v 92.14000 18.12500 -37.88000
v 92.14000 23.47500 -37.88000
v 91.86000 23.47500 -37.88000
v 91.86000 18.12500 -37.72000
v 92.14000 18.12500 -37.72000
v 92.14000 23.47500 -37.72000
v 91.86000 23.47500 -37.72000
f 11671 11672 11673 11674
f 11675 11678 11677 11676
f 11671 11675 11676 11672
f 11674 11673 11677 11678
f 11671 11674 11678 11675
f 11672 11676 11677 11673
o V11_R_A2_Front_Window1_Sill
usemtl ConcreteLight
v 92.05000 17.70000 -42.45000
v 92.91000 17.70000 -42.45000
v 92.91000 17.94000 -42.45000
v 92.05000 17.94000 -42.45000
v 92.05000 17.70000 -33.15000
v 92.91000 17.70000 -33.15000
v 92.91000 17.94000 -33.15000
v 92.05000 17.94000 -33.15000
f 11679 11680 11681 11682
f 11683 11686 11685 11684
f 11679 11683 11684 11680
f 11682 11681 11685 11686
f 11679 11682 11686 11683
f 11680 11684 11685 11681
o V11_R_A2_Front_Window1_Shade
usemtl ConcreteLight
v 92.04500 23.91000 -42.60000
v 93.39500 23.91000 -42.60000
v 93.39500 24.19000 -42.60000
v 92.04500 24.19000 -42.60000
v 92.04500 23.91000 -33.00000
v 93.39500 23.91000 -33.00000
v 93.39500 24.19000 -33.00000
v 92.04500 24.19000 -33.00000
f 11687 11688 11689 11690
f 11691 11694 11693 11692
f 11687 11691 11692 11688
f 11690 11689 11693 11694
f 11687 11690 11694 11691
f 11688 11692 11693 11689
o V11_R_A2_Front_Window2_Glass
usemtl Glass
v 91.91000 18.24000 -23.15000
v 92.09000 18.24000 -23.15000
v 92.09000 23.36000 -23.15000
v 91.91000 23.36000 -23.15000
v 91.91000 18.24000 -15.25000
v 92.09000 18.24000 -15.25000
v 92.09000 23.36000 -15.25000
v 91.91000 23.36000 -15.25000
f 11695 11696 11697 11698
f 11699 11702 11701 11700
f 11695 11699 11700 11696
f 11698 11697 11701 11702
f 11695 11698 11702 11699
f 11696 11700 11701 11697
o V11_R_A2_Front_Window2_FrameZ1
usemtl MetalDark
v 91.96000 17.72500 -23.53000
v 92.28000 17.72500 -23.53000
v 92.28000 23.87500 -23.53000
v 91.96000 23.87500 -23.53000
v 91.96000 17.72500 -23.27000
v 92.28000 17.72500 -23.27000
v 92.28000 23.87500 -23.27000
v 91.96000 23.87500 -23.27000
f 11703 11704 11705 11706
f 11707 11710 11709 11708
f 11703 11707 11708 11704
f 11706 11705 11709 11710
f 11703 11706 11710 11707
f 11704 11708 11709 11705
o V11_R_A2_Front_Window2_FrameZ2
usemtl MetalDark
v 91.96000 17.72500 -15.13000
v 92.28000 17.72500 -15.13000
v 92.28000 23.87500 -15.13000
v 91.96000 23.87500 -15.13000
v 91.96000 17.72500 -14.87000
v 92.28000 17.72500 -14.87000
v 92.28000 23.87500 -14.87000
v 91.96000 23.87500 -14.87000
f 11711 11712 11713 11714
f 11715 11718 11717 11716
f 11711 11715 11716 11712
f 11714 11713 11717 11718
f 11711 11714 11718 11715
f 11712 11716 11717 11713
o V11_R_A2_Front_Window2_FrameTop
usemtl MetalDark
v 91.96000 23.46000 -23.67500
v 92.28000 23.46000 -23.67500
v 92.28000 23.74000 -23.67500
v 91.96000 23.74000 -23.67500
v 91.96000 23.46000 -14.72500
v 92.28000 23.46000 -14.72500
v 92.28000 23.74000 -14.72500
v 91.96000 23.74000 -14.72500
f 11719 11720 11721 11722
f 11723 11726 11725 11724
f 11719 11723 11724 11720
f 11722 11721 11725 11726
f 11719 11722 11726 11723
f 11720 11724 11725 11721
o V11_R_A2_Front_Window2_FrameBottom
usemtl MetalDark
v 91.96000 17.86000 -23.67500
v 92.28000 17.86000 -23.67500
v 92.28000 18.14000 -23.67500
v 91.96000 18.14000 -23.67500
v 91.96000 17.86000 -14.72500
v 92.28000 17.86000 -14.72500
v 92.28000 18.14000 -14.72500
v 91.96000 18.14000 -14.72500
f 11727 11728 11729 11730
f 11731 11734 11733 11732
f 11727 11731 11732 11728
f 11730 11729 11733 11734
f 11727 11730 11734 11731
f 11728 11732 11733 11729
o V11_R_A2_Front_Window2_Mullion
usemtl MetalDark
v 91.86000 18.12500 -19.28000
v 92.14000 18.12500 -19.28000
v 92.14000 23.47500 -19.28000
v 91.86000 23.47500 -19.28000
v 91.86000 18.12500 -19.12000
v 92.14000 18.12500 -19.12000
v 92.14000 23.47500 -19.12000
v 91.86000 23.47500 -19.12000
f 11735 11736 11737 11738
f 11739 11742 11741 11740
f 11735 11739 11740 11736
f 11738 11737 11741 11742
f 11735 11738 11742 11739
f 11736 11740 11741 11737
o V11_R_A2_Front_Window2_Sill
usemtl ConcreteLight
v 92.05000 17.70000 -23.85000
v 92.91000 17.70000 -23.85000
v 92.91000 17.94000 -23.85000
v 92.05000 17.94000 -23.85000
v 92.05000 17.70000 -14.55000
v 92.91000 17.70000 -14.55000
v 92.91000 17.94000 -14.55000
v 92.05000 17.94000 -14.55000
f 11743 11744 11745 11746
f 11747 11750 11749 11748
f 11743 11747 11748 11744
f 11746 11745 11749 11750
f 11743 11746 11750 11747
f 11744 11748 11749 11745
o V11_R_A2_Front_Window2_Shade
usemtl ConcreteLight
v 92.04500 23.91000 -24.00000
v 93.39500 23.91000 -24.00000
v 93.39500 24.19000 -24.00000
v 92.04500 24.19000 -24.00000
v 92.04500 23.91000 -14.40000
v 93.39500 23.91000 -14.40000
v 93.39500 24.19000 -14.40000
v 92.04500 24.19000 -14.40000
f 11751 11752 11753 11754
f 11755 11758 11757 11756
f 11751 11755 11756 11752
f 11754 11753 11757 11758
f 11751 11754 11758 11755
f 11752 11756 11757 11753
o V11_R_A2_Corridor_Bottom
usemtl WhiteBrick
v 91.50000 14.00000 -10.00000
v 92.50000 14.00000 -10.00000
v 92.50000 17.50000 -10.00000
v 91.50000 17.50000 -10.00000
v 91.50000 14.00000 10.00000
v 92.50000 14.00000 10.00000
v 92.50000 17.50000 10.00000
v 91.50000 17.50000 10.00000
f 11759 11760 11761 11762
f 11763 11766 11765 11764
f 11759 11763 11764 11760
f 11762 11761 11765 11766
f 11759 11762 11766 11763
f 11760 11764 11765 11761
o V11_R_A2_Corridor_Top
usemtl WhiteBrick
v 91.50000 23.50000 -10.00000
v 92.50000 23.50000 -10.00000
v 92.50000 28.00000 -10.00000
v 91.50000 28.00000 -10.00000
v 91.50000 23.50000 10.00000
v 92.50000 23.50000 10.00000
v 92.50000 28.00000 10.00000
v 91.50000 28.00000 10.00000
f 11767 11768 11769 11770
f 11771 11774 11773 11772
f 11767 11771 11772 11768
f 11770 11769 11773 11774
f 11767 11770 11774 11771
f 11768 11772 11773 11769
o V11_R_A2_Corridor_Pier0
usemtl WhiteBrick
v 91.50000 17.50000 -10.00000
v 92.50000 17.50000 -10.00000
v 92.50000 23.50000 -10.00000
v 91.50000 23.50000 -10.00000
v 91.50000 17.50000 -5.75000
v 92.50000 17.50000 -5.75000
v 92.50000 23.50000 -5.75000
v 91.50000 23.50000 -5.75000
f 11775 11776 11777 11778
f 11779 11782 11781 11780
f 11775 11779 11780 11776
f 11778 11777 11781 11782
f 11775 11778 11782 11779
f 11776 11780 11781 11777
o V11_R_A2_Corridor_Pier1
usemtl WhiteBrick
v 91.50000 17.50000 5.75000
v 92.50000 17.50000 5.75000
v 92.50000 23.50000 5.75000
v 91.50000 23.50000 5.75000
v 91.50000 17.50000 10.00000
v 92.50000 17.50000 10.00000
v 92.50000 23.50000 10.00000
v 91.50000 23.50000 10.00000
f 11783 11784 11785 11786
f 11787 11790 11789 11788
f 11783 11787 11788 11784
f 11786 11785 11789 11790
f 11783 11786 11790 11787
f 11784 11788 11789 11785
o V11_R_A2_Corridor_Window1_Glass
usemtl Glass
v 91.91000 17.74000 -5.50000
v 92.09000 17.74000 -5.50000
v 92.09000 23.26000 -5.50000
v 91.91000 23.26000 -5.50000
v 91.91000 17.74000 5.50000
v 92.09000 17.74000 5.50000
v 92.09000 23.26000 5.50000
v 91.91000 23.26000 5.50000
f 11791 11792 11793 11794
f 11795 11798 11797 11796
f 11791 11795 11796 11792
f 11794 11793 11797 11798
f 11791 11794 11798 11795
f 11792 11796 11797 11793
o V11_R_A2_Corridor_Window1_FrameZ1
usemtl MetalDark
v 91.96000 17.22500 -5.88000
v 92.28000 17.22500 -5.88000
v 92.28000 23.77500 -5.88000
v 91.96000 23.77500 -5.88000
v 91.96000 17.22500 -5.62000
v 92.28000 17.22500 -5.62000
v 92.28000 23.77500 -5.62000
v 91.96000 23.77500 -5.62000
f 11799 11800 11801 11802
f 11803 11806 11805 11804
f 11799 11803 11804 11800
f 11802 11801 11805 11806
f 11799 11802 11806 11803
f 11800 11804 11805 11801
o V11_R_A2_Corridor_Window1_FrameZ2
usemtl MetalDark
v 91.96000 17.22500 5.62000
v 92.28000 17.22500 5.62000
v 92.28000 23.77500 5.62000
v 91.96000 23.77500 5.62000
v 91.96000 17.22500 5.88000
v 92.28000 17.22500 5.88000
v 92.28000 23.77500 5.88000
v 91.96000 23.77500 5.88000
f 11807 11808 11809 11810
f 11811 11814 11813 11812
f 11807 11811 11812 11808
f 11810 11809 11813 11814
f 11807 11810 11814 11811
f 11808 11812 11813 11809
o V11_R_A2_Corridor_Window1_FrameTop
usemtl MetalDark
v 91.96000 23.36000 -6.02500
v 92.28000 23.36000 -6.02500
v 92.28000 23.64000 -6.02500
v 91.96000 23.64000 -6.02500
v 91.96000 23.36000 6.02500
v 92.28000 23.36000 6.02500
v 92.28000 23.64000 6.02500
v 91.96000 23.64000 6.02500
f 11815 11816 11817 11818
f 11819 11822 11821 11820
f 11815 11819 11820 11816
f 11818 11817 11821 11822
f 11815 11818 11822 11819
f 11816 11820 11821 11817
o V11_R_A2_Corridor_Window1_FrameBottom
usemtl MetalDark
v 91.96000 17.36000 -6.02500
v 92.28000 17.36000 -6.02500
v 92.28000 17.64000 -6.02500
v 91.96000 17.64000 -6.02500
v 91.96000 17.36000 6.02500
v 92.28000 17.36000 6.02500
v 92.28000 17.64000 6.02500
v 91.96000 17.64000 6.02500
f 11823 11824 11825 11826
f 11827 11830 11829 11828
f 11823 11827 11828 11824
f 11826 11825 11829 11830
f 11823 11826 11830 11827
f 11824 11828 11829 11825
o V11_R_A2_Corridor_Window1_Mullion
usemtl MetalDark
v 91.86000 17.62500 -0.08000
v 92.14000 17.62500 -0.08000
v 92.14000 23.37500 -0.08000
v 91.86000 23.37500 -0.08000
v 91.86000 17.62500 0.08000
v 92.14000 17.62500 0.08000
v 92.14000 23.37500 0.08000
v 91.86000 23.37500 0.08000
f 11831 11832 11833 11834
f 11835 11838 11837 11836
f 11831 11835 11836 11832
f 11834 11833 11837 11838
f 11831 11834 11838 11835
f 11832 11836 11837 11833
o V11_R_A2_Corridor_Window1_Sill
usemtl ConcreteLight
v 92.05000 17.20000 -6.20000
v 92.91000 17.20000 -6.20000
v 92.91000 17.44000 -6.20000
v 92.05000 17.44000 -6.20000
v 92.05000 17.20000 6.20000
v 92.91000 17.20000 6.20000
v 92.91000 17.44000 6.20000
v 92.05000 17.44000 6.20000
f 11839 11840 11841 11842
f 11843 11846 11845 11844
f 11839 11843 11844 11840
f 11842 11841 11845 11846
f 11839 11842 11846 11843
f 11840 11844 11845 11841
o V11_R_A2_Corridor_Window1_Shade
usemtl ConcreteLight
v 92.04500 23.81000 -6.35000
v 93.39500 23.81000 -6.35000
v 93.39500 24.09000 -6.35000
v 92.04500 24.09000 -6.35000
v 92.04500 23.81000 6.35000
v 93.39500 23.81000 6.35000
v 93.39500 24.09000 6.35000
v 92.04500 24.09000 6.35000
f 11847 11848 11849 11850
f 11851 11854 11853 11852
f 11847 11851 11852 11848
f 11850 11849 11853 11854
f 11847 11850 11854 11851
f 11848 11852 11853 11849
o V11_R_A2_Back_Bottom
usemtl WhiteBrick
v 91.50000 14.00000 10.00000
v 92.50000 14.00000 10.00000
v 92.50000 18.00000 10.00000
v 91.50000 18.00000 10.00000
v 91.50000 14.00000 47.00000
v 92.50000 14.00000 47.00000
v 92.50000 18.00000 47.00000
v 91.50000 18.00000 47.00000
f 11855 11856 11857 11858
f 11859 11862 11861 11860
f 11855 11859 11860 11856
f 11858 11857 11861 11862
f 11855 11858 11862 11859
f 11856 11860 11861 11857
o V11_R_A2_Back_Top
usemtl WhiteBrick
v 91.50000 23.60000 10.00000
v 92.50000 23.60000 10.00000
v 92.50000 28.00000 10.00000
v 91.50000 28.00000 10.00000
v 91.50000 23.60000 47.00000
v 92.50000 23.60000 47.00000
v 92.50000 28.00000 47.00000
v 91.50000 28.00000 47.00000
f 11863 11864 11865 11866
f 11867 11870 11869 11868
f 11863 11867 11868 11864
f 11866 11865 11869 11870
f 11863 11866 11870 11867
f 11864 11868 11869 11865
o V11_R_A2_Back_Pier0
usemtl WhiteBrick
v 91.50000 18.00000 10.00000
v 92.50000 18.00000 10.00000
v 92.50000 23.60000 10.00000
v 91.50000 23.60000 10.00000
v 91.50000 18.00000 15.00000
v 92.50000 18.00000 15.00000
v 92.50000 23.60000 15.00000
v 91.50000 23.60000 15.00000
f 11871 11872 11873 11874
f 11875 11878 11877 11876
f 11871 11875 11876 11872
f 11874 11873 11877 11878
f 11871 11874 11878 11875
f 11872 11876 11877 11873
o V11_R_A2_Back_Pier1
usemtl WhiteBrick
v 91.50000 18.00000 23.40000
v 92.50000 18.00000 23.40000
v 92.50000 23.60000 23.40000
v 91.50000 23.60000 23.40000
v 91.50000 18.00000 33.60000
v 92.50000 18.00000 33.60000
v 92.50000 23.60000 33.60000
v 91.50000 23.60000 33.60000
f 11879 11880 11881 11882
f 11883 11886 11885 11884
f 11879 11883 11884 11880
f 11882 11881 11885 11886
f 11879 11882 11886 11883
f 11880 11884 11885 11881
o V11_R_A2_Back_Pier2
usemtl WhiteBrick
v 91.50000 18.00000 42.00000
v 92.50000 18.00000 42.00000
v 92.50000 23.60000 42.00000
v 91.50000 23.60000 42.00000
v 91.50000 18.00000 47.00000
v 92.50000 18.00000 47.00000
v 92.50000 23.60000 47.00000
v 91.50000 23.60000 47.00000
f 11887 11888 11889 11890
f 11891 11894 11893 11892
f 11887 11891 11892 11888
f 11890 11889 11893 11894
f 11887 11890 11894 11891
f 11888 11892 11893 11889
o V11_R_A2_Back_Window1_Glass
usemtl Glass
v 91.91000 18.24000 15.25000
v 92.09000 18.24000 15.25000
v 92.09000 23.36000 15.25000
v 91.91000 23.36000 15.25000
v 91.91000 18.24000 23.15000
v 92.09000 18.24000 23.15000
v 92.09000 23.36000 23.15000
v 91.91000 23.36000 23.15000
f 11895 11896 11897 11898
f 11899 11902 11901 11900
f 11895 11899 11900 11896
f 11898 11897 11901 11902
f 11895 11898 11902 11899
f 11896 11900 11901 11897
o V11_R_A2_Back_Window1_FrameZ1
usemtl MetalDark
v 91.96000 17.72500 14.87000
v 92.28000 17.72500 14.87000
v 92.28000 23.87500 14.87000
v 91.96000 23.87500 14.87000
v 91.96000 17.72500 15.13000
v 92.28000 17.72500 15.13000
v 92.28000 23.87500 15.13000
v 91.96000 23.87500 15.13000
f 11903 11904 11905 11906
f 11907 11910 11909 11908
f 11903 11907 11908 11904
f 11906 11905 11909 11910
f 11903 11906 11910 11907
f 11904 11908 11909 11905
o V11_R_A2_Back_Window1_FrameZ2
usemtl MetalDark
v 91.96000 17.72500 23.27000
v 92.28000 17.72500 23.27000
v 92.28000 23.87500 23.27000
v 91.96000 23.87500 23.27000
v 91.96000 17.72500 23.53000
v 92.28000 17.72500 23.53000
v 92.28000 23.87500 23.53000
v 91.96000 23.87500 23.53000
f 11911 11912 11913 11914
f 11915 11918 11917 11916
f 11911 11915 11916 11912
f 11914 11913 11917 11918
f 11911 11914 11918 11915
f 11912 11916 11917 11913
o V11_R_A2_Back_Window1_FrameTop
usemtl MetalDark
v 91.96000 23.46000 14.72500
v 92.28000 23.46000 14.72500
v 92.28000 23.74000 14.72500
v 91.96000 23.74000 14.72500
v 91.96000 23.46000 23.67500
v 92.28000 23.46000 23.67500
v 92.28000 23.74000 23.67500
v 91.96000 23.74000 23.67500
f 11919 11920 11921 11922
f 11923 11926 11925 11924
f 11919 11923 11924 11920
f 11922 11921 11925 11926
f 11919 11922 11926 11923
f 11920 11924 11925 11921
o V11_R_A2_Back_Window1_FrameBottom
usemtl MetalDark
v 91.96000 17.86000 14.72500
v 92.28000 17.86000 14.72500
v 92.28000 18.14000 14.72500
v 91.96000 18.14000 14.72500
v 91.96000 17.86000 23.67500
v 92.28000 17.86000 23.67500
v 92.28000 18.14000 23.67500
v 91.96000 18.14000 23.67500
f 11927 11928 11929 11930
f 11931 11934 11933 11932
f 11927 11931 11932 11928
f 11930 11929 11933 11934
f 11927 11930 11934 11931
f 11928 11932 11933 11929
o V11_R_A2_Back_Window1_Mullion
usemtl MetalDark
v 91.86000 18.12500 19.12000
v 92.14000 18.12500 19.12000
v 92.14000 23.47500 19.12000
v 91.86000 23.47500 19.12000
v 91.86000 18.12500 19.28000
v 92.14000 18.12500 19.28000
v 92.14000 23.47500 19.28000
v 91.86000 23.47500 19.28000
f 11935 11936 11937 11938
f 11939 11942 11941 11940
f 11935 11939 11940 11936
f 11938 11937 11941 11942
f 11935 11938 11942 11939
f 11936 11940 11941 11937
o V11_R_A2_Back_Window1_Sill
usemtl ConcreteLight
v 92.05000 17.70000 14.55000
v 92.91000 17.70000 14.55000
v 92.91000 17.94000 14.55000
v 92.05000 17.94000 14.55000
v 92.05000 17.70000 23.85000
v 92.91000 17.70000 23.85000
v 92.91000 17.94000 23.85000
v 92.05000 17.94000 23.85000
f 11943 11944 11945 11946
f 11947 11950 11949 11948
f 11943 11947 11948 11944
f 11946 11945 11949 11950
f 11943 11946 11950 11947
f 11944 11948 11949 11945
o V11_R_A2_Back_Window1_Shade
usemtl ConcreteLight
v 92.04500 23.91000 14.40000
v 93.39500 23.91000 14.40000
v 93.39500 24.19000 14.40000
v 92.04500 24.19000 14.40000
v 92.04500 23.91000 24.00000
v 93.39500 23.91000 24.00000
v 93.39500 24.19000 24.00000
v 92.04500 24.19000 24.00000
f 11951 11952 11953 11954
f 11955 11958 11957 11956
f 11951 11955 11956 11952
f 11954 11953 11957 11958
f 11951 11954 11958 11955
f 11952 11956 11957 11953
o V11_R_A2_Back_Window2_Glass
usemtl Glass
v 91.91000 18.24000 33.85000
v 92.09000 18.24000 33.85000
v 92.09000 23.36000 33.85000
v 91.91000 23.36000 33.85000
v 91.91000 18.24000 41.75000
v 92.09000 18.24000 41.75000
v 92.09000 23.36000 41.75000
v 91.91000 23.36000 41.75000
f 11959 11960 11961 11962
f 11963 11966 11965 11964
f 11959 11963 11964 11960
f 11962 11961 11965 11966
f 11959 11962 11966 11963
f 11960 11964 11965 11961
o V11_R_A2_Back_Window2_FrameZ1
usemtl MetalDark
v 91.96000 17.72500 33.47000
v 92.28000 17.72500 33.47000
v 92.28000 23.87500 33.47000
v 91.96000 23.87500 33.47000
v 91.96000 17.72500 33.73000
v 92.28000 17.72500 33.73000
v 92.28000 23.87500 33.73000
v 91.96000 23.87500 33.73000
f 11967 11968 11969 11970
f 11971 11974 11973 11972
f 11967 11971 11972 11968
f 11970 11969 11973 11974
f 11967 11970 11974 11971
f 11968 11972 11973 11969
o V11_R_A2_Back_Window2_FrameZ2
usemtl MetalDark
v 91.96000 17.72500 41.87000
v 92.28000 17.72500 41.87000
v 92.28000 23.87500 41.87000
v 91.96000 23.87500 41.87000
v 91.96000 17.72500 42.13000
v 92.28000 17.72500 42.13000
v 92.28000 23.87500 42.13000
v 91.96000 23.87500 42.13000
f 11975 11976 11977 11978
f 11979 11982 11981 11980
f 11975 11979 11980 11976
f 11978 11977 11981 11982
f 11975 11978 11982 11979
f 11976 11980 11981 11977
o V11_R_A2_Back_Window2_FrameTop
usemtl MetalDark
v 91.96000 23.46000 33.32500
v 92.28000 23.46000 33.32500
v 92.28000 23.74000 33.32500
v 91.96000 23.74000 33.32500
v 91.96000 23.46000 42.27500
v 92.28000 23.46000 42.27500
v 92.28000 23.74000 42.27500
v 91.96000 23.74000 42.27500
f 11983 11984 11985 11986
f 11987 11990 11989 11988
f 11983 11987 11988 11984
f 11986 11985 11989 11990
f 11983 11986 11990 11987
f 11984 11988 11989 11985
o V11_R_A2_Back_Window2_FrameBottom
usemtl MetalDark
v 91.96000 17.86000 33.32500
v 92.28000 17.86000 33.32500
v 92.28000 18.14000 33.32500
v 91.96000 18.14000 33.32500
v 91.96000 17.86000 42.27500
v 92.28000 17.86000 42.27500
v 92.28000 18.14000 42.27500
v 91.96000 18.14000 42.27500
f 11991 11992 11993 11994
f 11995 11998 11997 11996
f 11991 11995 11996 11992
f 11994 11993 11997 11998
f 11991 11994 11998 11995
f 11992 11996 11997 11993
o V11_R_A2_Back_Window2_Mullion
usemtl MetalDark
v 91.86000 18.12500 37.72000
v 92.14000 18.12500 37.72000
v 92.14000 23.47500 37.72000
v 91.86000 23.47500 37.72000
v 91.86000 18.12500 37.88000
v 92.14000 18.12500 37.88000
v 92.14000 23.47500 37.88000
v 91.86000 23.47500 37.88000
f 11999 12000 12001 12002
f 12003 12006 12005 12004
f 11999 12003 12004 12000
f 12002 12001 12005 12006
f 11999 12002 12006 12003
f 12000 12004 12005 12001
o V11_R_A2_Back_Window2_Sill
usemtl ConcreteLight
v 92.05000 17.70000 33.15000
v 92.91000 17.70000 33.15000
v 92.91000 17.94000 33.15000
v 92.05000 17.94000 33.15000
v 92.05000 17.70000 42.45000
v 92.91000 17.70000 42.45000
v 92.91000 17.94000 42.45000
v 92.05000 17.94000 42.45000
f 12007 12008 12009 12010
f 12011 12014 12013 12012
f 12007 12011 12012 12008
f 12010 12009 12013 12014
f 12007 12010 12014 12011
f 12008 12012 12013 12009
o V11_R_A2_Back_Window2_Shade
usemtl ConcreteLight
v 92.04500 23.91000 33.00000
v 93.39500 23.91000 33.00000
v 93.39500 24.19000 33.00000
v 92.04500 24.19000 33.00000
v 92.04500 23.91000 42.60000
v 93.39500 23.91000 42.60000
v 93.39500 24.19000 42.60000
v 92.04500 24.19000 42.60000
f 12015 12016 12017 12018
f 12019 12022 12021 12020
f 12015 12019 12020 12016
f 12018 12017 12021 12022
f 12015 12018 12022 12019
f 12016 12020 12021 12017
o V11_GableLeft
usemtl WhiteBrick
v -92.65000 28.00000 -47.00000
v -92.65000 35.40000 0.00000
v -92.65000 28.00000 47.00000
v -91.85000 28.00000 -47.00000
v -91.85000 35.40000 0.00000
v -91.85000 28.00000 47.00000
f 12023 12024 12025
f 12028 12027 12026
f 12023 12026 12027 12024
f 12024 12027 12028 12025
f 12025 12028 12026 12023
o V11_GableRight
usemtl WhiteBrick
v 91.85000 28.00000 -47.00000
v 91.85000 28.00000 47.00000
v 91.85000 35.40000 0.00000
v 92.65000 28.00000 -47.00000
v 92.65000 28.00000 47.00000
v 92.65000 35.40000 0.00000
f 12029 12030 12031
f 12034 12033 12032
f 12029 12032 12033 12030
f 12030 12033 12034 12031
f 12031 12034 12032 12029
o V11_L_GableVentGlass
usemtl Glass
v -92.87000 29.95000 -4.10000
v -92.69000 29.95000 -4.10000
v -92.69000 32.45000 -4.10000
v -92.87000 32.45000 -4.10000
v -92.87000 29.95000 4.10000
v -92.69000 29.95000 4.10000
v -92.69000 32.45000 4.10000
v -92.87000 32.45000 4.10000
f 12035 12036 12037 12038
f 12039 12042 12041 12040
f 12035 12039 12040 12036
f 12038 12037 12041 12042
f 12035 12038 12042 12039
f 12036 12040 12041 12037
o V11_L_GableVentTop
usemtl MetalDark
v -93.04000 32.44000 -4.35000
v -92.72000 32.44000 -4.35000
v -92.72000 32.66000 -4.35000
v -93.04000 32.66000 -4.35000
v -93.04000 32.44000 4.35000
v -92.72000 32.44000 4.35000
v -92.72000 32.66000 4.35000
v -93.04000 32.66000 4.35000
f 12043 12044 12045 12046
f 12047 12050 12049 12048
f 12043 12047 12048 12044
f 12046 12045 12049 12050
f 12043 12046 12050 12047
f 12044 12048 12049 12045
o V11_L_GableVentBottom
usemtl MetalDark
v -93.04000 29.74000 -4.35000
v -92.72000 29.74000 -4.35000
v -92.72000 29.96000 -4.35000
v -93.04000 29.96000 -4.35000
v -93.04000 29.74000 4.35000
v -92.72000 29.74000 4.35000
v -92.72000 29.96000 4.35000
v -93.04000 29.96000 4.35000
f 12051 12052 12053 12054
f 12055 12058 12057 12056
f 12051 12055 12056 12052
f 12054 12053 12057 12058
f 12051 12054 12058 12055
f 12052 12056 12057 12053
o V11_L_GableVentFront
usemtl MetalDark
v -93.04000 29.75000 -4.21000
v -92.72000 29.75000 -4.21000
v -92.72000 32.65000 -4.21000
v -93.04000 32.65000 -4.21000
v -93.04000 29.75000 -3.99000
v -92.72000 29.75000 -3.99000
v -92.72000 32.65000 -3.99000
v -93.04000 32.65000 -3.99000
f 12059 12060 12061 12062
f 12063 12066 12065 12064
f 12059 12063 12064 12060
f 12062 12061 12065 12066
f 12059 12062 12066 12063
f 12060 12064 12065 12061
o V11_L_GableVentBack
usemtl MetalDark
v -93.04000 29.75000 3.99000
v -92.72000 29.75000 3.99000
v -92.72000 32.65000 3.99000
v -93.04000 32.65000 3.99000
v -93.04000 29.75000 4.21000
v -92.72000 29.75000 4.21000
v -92.72000 32.65000 4.21000
v -93.04000 32.65000 4.21000
f 12067 12068 12069 12070
f 12071 12074 12073 12072
f 12067 12071 12072 12068
f 12070 12069 12073 12074
f 12067 12070 12074 12071
f 12068 12072 12073 12069
o V11_R_GableVentGlass
usemtl Glass
v 92.69000 29.95000 -4.10000
v 92.87000 29.95000 -4.10000
v 92.87000 32.45000 -4.10000
v 92.69000 32.45000 -4.10000
v 92.69000 29.95000 4.10000
v 92.87000 29.95000 4.10000
v 92.87000 32.45000 4.10000
v 92.69000 32.45000 4.10000
f 12075 12076 12077 12078
f 12079 12082 12081 12080
f 12075 12079 12080 12076
f 12078 12077 12081 12082
f 12075 12078 12082 12079
f 12076 12080 12081 12077
o V11_R_GableVentTop
usemtl MetalDark
v 92.72000 32.44000 -4.35000
v 93.04000 32.44000 -4.35000
v 93.04000 32.66000 -4.35000
v 92.72000 32.66000 -4.35000
v 92.72000 32.44000 4.35000
v 93.04000 32.44000 4.35000
v 93.04000 32.66000 4.35000
v 92.72000 32.66000 4.35000
f 12083 12084 12085 12086
f 12087 12090 12089 12088
f 12083 12087 12088 12084
f 12086 12085 12089 12090
f 12083 12086 12090 12087
f 12084 12088 12089 12085
o V11_R_GableVentBottom
usemtl MetalDark
v 92.72000 29.74000 -4.35000
v 93.04000 29.74000 -4.35000
v 93.04000 29.96000 -4.35000
v 92.72000 29.96000 -4.35000
v 92.72000 29.74000 4.35000
v 93.04000 29.74000 4.35000
v 93.04000 29.96000 4.35000
v 92.72000 29.96000 4.35000
f 12091 12092 12093 12094
f 12095 12098 12097 12096
f 12091 12095 12096 12092
f 12094 12093 12097 12098
f 12091 12094 12098 12095
f 12092 12096 12097 12093
o V11_R_GableVentFront
usemtl MetalDark
v 92.72000 29.75000 -4.21000
v 93.04000 29.75000 -4.21000
v 93.04000 32.65000 -4.21000
v 92.72000 32.65000 -4.21000
v 92.72000 29.75000 -3.99000
v 93.04000 29.75000 -3.99000
v 93.04000 32.65000 -3.99000
v 92.72000 32.65000 -3.99000
f 12099 12100 12101 12102
f 12103 12106 12105 12104
f 12099 12103 12104 12100
f 12102 12101 12105 12106
f 12099 12102 12106 12103
f 12100 12104 12105 12101
o V11_R_GableVentBack
usemtl MetalDark
v 92.72000 29.75000 3.99000
v 93.04000 29.75000 3.99000
v 93.04000 32.65000 3.99000
v 92.72000 32.65000 3.99000
v 92.72000 29.75000 4.21000
v 93.04000 29.75000 4.21000
v 93.04000 32.65000 4.21000
v 92.72000 32.65000 4.21000
f 12107 12108 12109 12110
f 12111 12114 12113 12112
f 12107 12111 12112 12108
f 12110 12109 12113 12114
f 12107 12110 12114 12111
f 12108 12112 12113 12109

# --- V12 stair system correction ---
o V12_UpperFrontGuardPost_-8
usemtl MetalDark
v -8.09000 14.05000 -33.74000
v -7.91000 14.05000 -33.74000
v -7.91000 17.45000 -33.74000
v -8.09000 17.45000 -33.74000
v -8.09000 14.05000 -33.56000
v -7.91000 14.05000 -33.56000
v -7.91000 17.45000 -33.56000
v -8.09000 17.45000 -33.56000
f 12883 12884 12885 12886
f 12887 12890 12889 12888
f 12883 12887 12888 12884
f 12886 12885 12889 12890
f 12883 12886 12890 12887
f 12884 12888 12889 12885
o V12_UpperFrontGuardPost_-4
usemtl MetalDark
v -4.09000 14.05000 -33.74000
v -3.91000 14.05000 -33.74000
v -3.91000 17.45000 -33.74000
v -4.09000 17.45000 -33.74000
v -4.09000 14.05000 -33.56000
v -3.91000 14.05000 -33.56000
v -3.91000 17.45000 -33.56000
v -4.09000 17.45000 -33.56000
f 12891 12892 12893 12894
f 12895 12898 12897 12896
f 12891 12895 12896 12892
f 12894 12893 12897 12898
f 12891 12894 12898 12895
f 12892 12896 12897 12893
o V12_UpperFrontGuardPost_0
usemtl MetalDark
v -0.09000 14.05000 -33.74000
v 0.09000 14.05000 -33.74000
v 0.09000 17.45000 -33.74000
v -0.09000 17.45000 -33.74000
v -0.09000 14.05000 -33.56000
v 0.09000 14.05000 -33.56000
v 0.09000 17.45000 -33.56000
v -0.09000 17.45000 -33.56000
f 12899 12900 12901 12902
f 12903 12906 12905 12904
f 12899 12903 12904 12900
f 12902 12901 12905 12906
f 12899 12902 12906 12903
f 12900 12904 12905 12901
o V12_UpperFrontGuardPost_4
usemtl MetalDark
v 3.91000 14.05000 -33.74000
v 4.09000 14.05000 -33.74000
v 4.09000 17.45000 -33.74000
v 3.91000 17.45000 -33.74000
v 3.91000 14.05000 -33.56000
v 4.09000 14.05000 -33.56000
v 4.09000 17.45000 -33.56000
v 3.91000 17.45000 -33.56000
f 12907 12908 12909 12910
f 12911 12914 12913 12912
f 12907 12911 12912 12908
f 12910 12909 12913 12914
f 12907 12910 12914 12911
f 12908 12912 12913 12909
o V12_UpperFrontGuardPost_8
usemtl MetalDark
v 7.91000 14.05000 -33.74000
v 8.09000 14.05000 -33.74000
v 8.09000 17.45000 -33.74000
v 7.91000 17.45000 -33.74000
v 7.91000 14.05000 -33.56000
v 8.09000 14.05000 -33.56000
v 8.09000 17.45000 -33.56000
v 7.91000 17.45000 -33.56000
f 12915 12916 12917 12918
f 12919 12922 12921 12920
f 12915 12919 12920 12916
f 12918 12917 12921 12922
f 12915 12918 12922 12919
f 12916 12920 12921 12917
o V12_UpperFrontGuardTop
usemtl MetalDark
v -10.25000 17.24000 -33.76000
v 10.25000 17.24000 -33.76000
v 10.25000 17.46000 -33.76000
v -10.25000 17.46000 -33.76000
v -10.25000 17.24000 -33.54000
v 10.25000 17.24000 -33.54000
v 10.25000 17.46000 -33.54000
v -10.25000 17.46000 -33.54000
f 12923 12924 12925 12926
f 12927 12930 12929 12928
f 12923 12927 12928 12924
f 12926 12925 12929 12930
f 12923 12926 12930 12927
f 12924 12928 12929 12925
o V12_UpperFrontGuardMid
usemtl MetalDark
v -10.25000 15.76000 -33.74000
v 10.25000 15.76000 -33.74000
v 10.25000 15.94000 -33.74000
v -10.25000 15.94000 -33.74000
v -10.25000 15.76000 -33.56000
v 10.25000 15.76000 -33.56000
v 10.25000 15.94000 -33.56000
v -10.25000 15.94000 -33.56000
f 12931 12932 12933 12934
f 12935 12938 12937 12936
f 12931 12935 12936 12932
f 12934 12933 12937 12938
f 12931 12934 12938 12935
f 12932 12936 12937 12933

# --- V13 curved staircase ---
o V13_SecondFloor_Left
usemtl Concrete
v -92.00000 13.50000 -47.00000
v -11.70000 13.50000 -47.00000
v -11.70000 14.00000 -47.00000
v -92.00000 14.00000 -47.00000
v -92.00000 13.50000 47.00000
v -11.70000 13.50000 47.00000
v -11.70000 14.00000 47.00000
v -92.00000 14.00000 47.00000
f 12171 12172 12173 12174
f 12175 12178 12177 12176
f 12171 12175 12176 12172
f 12174 12173 12177 12178
f 12171 12174 12178 12175
f 12172 12176 12177 12173
o V13_SecondFloor_Right
usemtl Concrete
v 11.70000 13.50000 -47.00000
v 92.00000 13.50000 -47.00000
v 92.00000 14.00000 -47.00000
v 11.70000 14.00000 -47.00000
v 11.70000 13.50000 47.00000
v 92.00000 13.50000 47.00000
v 92.00000 14.00000 47.00000
v 11.70000 14.00000 47.00000
f 12179 12180 12181 12182
f 12183 12186 12185 12184
f 12179 12183 12184 12180
f 12182 12181 12185 12186
f 12179 12182 12186 12183
f 12180 12184 12185 12181
o V13_SecondFloor_Front
usemtl Concrete
v -11.70000 13.50000 -47.00000
v 11.70000 13.50000 -47.00000
v 11.70000 14.00000 -47.00000
v -11.70000 14.00000 -47.00000
v -11.70000 13.50000 -37.20000
v 11.70000 13.50000 -37.20000
v 11.70000 14.00000 -37.20000
v -11.70000 14.00000 -37.20000
f 12187 12188 12189 12190
f 12191 12194 12193 12192
f 12187 12191 12192 12188
f 12190 12189 12193 12194
f 12187 12190 12194 12191
f 12188 12192 12193 12189
o V13_SecondFloor_Back
usemtl Concrete
v -11.70000 13.50000 -8.80000
v 11.70000 13.50000 -8.80000
v 11.70000 14.00000 -8.80000
v -11.70000 14.00000 -8.80000
v -11.70000 13.50000 47.00000
v 11.70000 13.50000 47.00000
v 11.70000 14.00000 47.00000
v -11.70000 14.00000 47.00000
f 12195 12196 12197 12198
f 12199 12202 12201 12200
f 12195 12199 12200 12196
f 12198 12197 12201 12202
f 12195 12198 12202 12199
f 12196 12200 12201 12197
o V13_OpeningTrim_Left
usemtl ConcreteLight
v -11.90000 13.02000 -37.20000
v -11.50000 13.02000 -37.20000
v -11.50000 13.84000 -37.20000
v -11.90000 13.84000 -37.20000
v -11.90000 13.02000 -8.80000
v -11.50000 13.02000 -8.80000
v -11.50000 13.84000 -8.80000
v -11.90000 13.84000 -8.80000
f 12203 12204 12205 12206
f 12207 12210 12209 12208
f 12203 12207 12208 12204
f 12206 12205 12209 12210
f 12203 12206 12210 12207
f 12204 12208 12209 12205
o V13_OpeningTrim_Right
usemtl ConcreteLight
v 11.50000 13.02000 -37.20000
v 11.90000 13.02000 -37.20000
v 11.90000 13.84000 -37.20000
v 11.50000 13.84000 -37.20000
v 11.50000 13.02000 -8.80000
v 11.90000 13.02000 -8.80000
v 11.90000 13.84000 -8.80000
v 11.50000 13.84000 -8.80000
f 12211 12212 12213 12214
f 12215 12218 12217 12216
f 12211 12215 12216 12212
f 12214 12213 12217 12218
f 12211 12214 12218 12215
f 12212 12216 12217 12213
o V13_OpeningTrim_Front
usemtl ConcreteLight
v -11.70000 13.02000 -37.40000
v 11.70000 13.02000 -37.40000
v 11.70000 13.84000 -37.40000
v -11.70000 13.84000 -37.40000
v -11.70000 13.02000 -37.00000
v 11.70000 13.02000 -37.00000
v 11.70000 13.84000 -37.00000
v -11.70000 13.84000 -37.00000
f 12219 12220 12221 12222
f 12223 12226 12225 12224
f 12219 12223 12224 12220
f 12222 12221 12225 12226
f 12219 12222 12226 12223
f 12220 12224 12225 12221
o V13_OpeningTrim_Back
usemtl ConcreteLight
v -11.70000 13.02000 -9.00000
v 11.70000 13.02000 -9.00000
v 11.70000 13.84000 -9.00000
v -11.70000 13.84000 -9.00000
v -11.70000 13.02000 -8.60000
v 11.70000 13.02000 -8.60000
v 11.70000 13.84000 -8.60000
v -11.70000 13.84000 -8.60000
f 12227 12228 12229 12230
f 12231 12234 12233 12232
f 12227 12231 12232 12228
f 12230 12229 12233 12234
f 12227 12230 12234 12231
f 12228 12232 12233 12229
o V13_BottomLanding
usemtl Concrete
v -9.50000 0.00000 -11.80000
v -0.80000 0.00000 -11.80000
v -0.80000 0.32000 -11.80000
v -9.50000 0.32000 -11.80000
v -9.50000 0.00000 -7.80000
v -0.80000 0.00000 -7.80000
v -0.80000 0.32000 -7.80000
v -9.50000 0.32000 -7.80000
f 12235 12236 12237 12238
f 12239 12242 12241 12240
f 12235 12239 12240 12236
f 12238 12237 12241 12242
f 12235 12238 12242 12239
f 12236 12240 12241 12237
o V13_StairA_Tread_1
usemtl Concrete
v -9.05000 0.00000 -11.94500
v -1.25000 0.00000 -11.94500
v -1.25000 0.50000 -11.94500
v -9.05000 0.50000 -11.94500
v -9.05000 0.00000 -10.87500
v -1.25000 0.00000 -10.87500
v -1.25000 0.50000 -10.87500
v -9.05000 0.50000 -10.87500
f 12243 12244 12245 12246
f 12247 12250 12249 12248
f 12243 12247 12248 12244
f 12246 12245 12249 12250
f 12243 12246 12250 12247
f 12244 12248 12249 12245
o V13_StairA_Tread_2
usemtl Concrete
v -9.05000 0.50000 -12.96500
v -1.25000 0.50000 -12.96500
v -1.25000 1.00000 -12.96500
v -9.05000 1.00000 -12.96500
v -9.05000 0.50000 -11.89500
v -1.25000 0.50000 -11.89500
v -1.25000 1.00000 -11.89500
v -9.05000 1.00000 -11.89500
f 12251 12252 12253 12254
f 12255 12258 12257 12256
f 12251 12255 12256 12252
f 12254 12253 12257 12258
f 12251 12254 12258 12255
f 12252 12256 12257 12253
o V13_StairA_Tread_3
usemtl Concrete
v -9.05000 1.00000 -13.98500
v -1.25000 1.00000 -13.98500
v -1.25000 1.50000 -13.98500
v -9.05000 1.50000 -13.98500
v -9.05000 1.00000 -12.91500
v -1.25000 1.00000 -12.91500
v -1.25000 1.50000 -12.91500
v -9.05000 1.50000 -12.91500
f 12259 12260 12261 12262
f 12263 12266 12265 12264
f 12259 12263 12264 12260
f 12262 12261 12265 12266
f 12259 12262 12266 12263
f 12260 12264 12265 12261
o V13_StairA_Tread_4
usemtl Concrete
v -9.05000 1.50000 -15.00500
v -1.25000 1.50000 -15.00500
v -1.25000 2.00000 -15.00500
v -9.05000 2.00000 -15.00500
v -9.05000 1.50000 -13.93500
v -1.25000 1.50000 -13.93500
v -1.25000 2.00000 -13.93500
v -9.05000 2.00000 -13.93500
f 12267 12268 12269 12270
f 12271 12274 12273 12272
f 12267 12271 12272 12268
f 12270 12269 12273 12274
f 12267 12270 12274 12271
f 12268 12272 12273 12269
o V13_StairA_Tread_5
usemtl Concrete
v -9.05000 2.00000 -16.02500
v -1.25000 2.00000 -16.02500
v -1.25000 2.50000 -16.02500
v -9.05000 2.50000 -16.02500
v -9.05000 2.00000 -14.95500
v -1.25000 2.00000 -14.95500
v -1.25000 2.50000 -14.95500
v -9.05000 2.50000 -14.95500
f 12275 12276 12277 12278
f 12279 12282 12281 12280
f 12275 12279 12280 12276
f 12278 12277 12281 12282
f 12275 12278 12282 12279
f 12276 12280 12281 12277
o V13_StairA_Tread_6
usemtl Concrete
v -9.05000 2.50000 -17.04500
v -1.25000 2.50000 -17.04500
v -1.25000 3.00000 -17.04500
v -9.05000 3.00000 -17.04500
v -9.05000 2.50000 -15.97500
v -1.25000 2.50000 -15.97500
v -1.25000 3.00000 -15.97500
v -9.05000 3.00000 -15.97500
f 12283 12284 12285 12286
f 12287 12290 12289 12288
f 12283 12287 12288 12284
f 12286 12285 12289 12290
f 12283 12286 12290 12287
f 12284 12288 12289 12285
o V13_StairA_Tread_7
usemtl Concrete
v -9.05000 3.00000 -18.06500
v -1.25000 3.00000 -18.06500
v -1.25000 3.50000 -18.06500
v -9.05000 3.50000 -18.06500
v -9.05000 3.00000 -16.99500
v -1.25000 3.00000 -16.99500
v -1.25000 3.50000 -16.99500
v -9.05000 3.50000 -16.99500
f 12291 12292 12293 12294
f 12295 12298 12297 12296
f 12291 12295 12296 12292
f 12294 12293 12297 12298
f 12291 12294 12298 12295
f 12292 12296 12297 12293
o V13_StairA_Tread_8
usemtl Concrete
v -9.05000 3.50000 -19.08500
v -1.25000 3.50000 -19.08500
v -1.25000 4.00000 -19.08500
v -9.05000 4.00000 -19.08500
v -9.05000 3.50000 -18.01500
v -1.25000 3.50000 -18.01500
v -1.25000 4.00000 -18.01500
v -9.05000 4.00000 -18.01500
f 12299 12300 12301 12302
f 12303 12306 12305 12304
f 12299 12303 12304 12300
f 12302 12301 12305 12306
f 12299 12302 12306 12303
f 12300 12304 12305 12301
o V13_StairA_Tread_9
usemtl Concrete
v -9.05000 4.00000 -20.10500
v -1.25000 4.00000 -20.10500
v -1.25000 4.50000 -20.10500
v -9.05000 4.50000 -20.10500
v -9.05000 4.00000 -19.03500
v -1.25000 4.00000 -19.03500
v -1.25000 4.50000 -19.03500
v -9.05000 4.50000 -19.03500
f 12307 12308 12309 12310
f 12311 12314 12313 12312
f 12307 12311 12312 12308
f 12310 12309 12313 12314
f 12307 12310 12314 12311
f 12308 12312 12313 12309
o V13_StairA_Tread_10
usemtl Concrete
v -9.05000 4.50000 -21.12500
v -1.25000 4.50000 -21.12500
v -1.25000 5.00000 -21.12500
v -9.05000 5.00000 -21.12500
v -9.05000 4.50000 -20.05500
v -1.25000 4.50000 -20.05500
v -1.25000 5.00000 -20.05500
v -9.05000 5.00000 -20.05500
f 12315 12316 12317 12318
f 12319 12322 12321 12320
f 12315 12319 12320 12316
f 12318 12317 12321 12322
f 12315 12318 12322 12319
f 12316 12320 12321 12317
o V13_StairA_Tread_11
usemtl Concrete
v -9.05000 5.00000 -22.14500
v -1.25000 5.00000 -22.14500
v -1.25000 5.50000 -22.14500
v -9.05000 5.50000 -22.14500
v -9.05000 5.00000 -21.07500
v -1.25000 5.00000 -21.07500
v -1.25000 5.50000 -21.07500
v -9.05000 5.50000 -21.07500
f 12323 12324 12325 12326
f 12327 12330 12329 12328
f 12323 12327 12328 12324
f 12326 12325 12329 12330
f 12323 12326 12330 12327
f 12324 12328 12329 12325
o V13_StairA_Tread_12
usemtl Concrete
v -9.05000 5.50000 -23.16500
v -1.25000 5.50000 -23.16500
v -1.25000 6.00000 -23.16500
v -9.05000 6.00000 -23.16500
v -9.05000 5.50000 -22.09500
v -1.25000 5.50000 -22.09500
v -1.25000 6.00000 -22.09500
v -9.05000 6.00000 -22.09500
f 12331 12332 12333 12334
f 12335 12338 12337 12336
f 12331 12335 12336 12332
f 12334 12333 12337 12338
f 12331 12334 12338 12335
f 12332 12336 12337 12333
o V13_StairA_Tread_13
usemtl Concrete
v -9.05000 6.00000 -24.18500
v -1.25000 6.00000 -24.18500
v -1.25000 6.50000 -24.18500
v -9.05000 6.50000 -24.18500
v -9.05000 6.00000 -23.11500
v -1.25000 6.00000 -23.11500
v -1.25000 6.50000 -23.11500
v -9.05000 6.50000 -23.11500
f 12339 12340 12341 12342
f 12343 12346 12345 12344
f 12339 12343 12344 12340
f 12342 12341 12345 12346
f 12339 12342 12346 12343
f 12340 12344 12345 12341
o V13_StairA_Tread_14
usemtl Concrete
v -9.05000 6.50000 -25.20500
v -1.25000 6.50000 -25.20500
v -1.25000 7.00000 -25.20500
v -9.05000 7.00000 -25.20500
v -9.05000 6.50000 -24.13500
v -1.25000 6.50000 -24.13500
v -1.25000 7.00000 -24.13500
v -9.05000 7.00000 -24.13500
f 12347 12348 12349 12350
f 12351 12354 12353 12352
f 12347 12351 12352 12348
f 12350 12349 12353 12354
f 12347 12350 12354 12351
f 12348 12352 12353 12349
o V13_CurvedTurnLanding
usemtl Concrete
v 0.00000 7.00000 -25.20000
v 0.00000 6.40000 -25.20000
v -10.15000 7.00000 -25.20000
v -10.08618 7.00000 -26.33644
v -9.89552 7.00000 -27.45859
v -9.58042 7.00000 -28.55233
v -9.14483 7.00000 -29.60392
v -8.59425 7.00000 -30.60013
v -7.93559 7.00000 -31.52842
v -7.17713 7.00000 -32.37713
v -6.32842 7.00000 -33.13559
v -5.40013 7.00000 -33.79425
v -4.40392 7.00000 -34.34483
v -3.35233 7.00000 -34.78042
v -2.25859 7.00000 -35.09552
v -1.13644 7.00000 -35.28618
v -0.00000 7.00000 -35.35000
v 1.13644 7.00000 -35.28618
v 2.25859 7.00000 -35.09552
v 3.35233 7.00000 -34.78042
v 4.40392 7.00000 -34.34483
v 5.40013 7.00000 -33.79425
v 6.32842 7.00000 -33.13559
v 7.17713 7.00000 -32.37713
v 7.93559 7.00000 -31.52842
v 8.59425 7.00000 -30.60013
v 9.14483 7.00000 -29.60392
v 9.58042 7.00000 -28.55233
v 9.89552 7.00000 -27.45859
v 10.08618 7.00000 -26.33644
v 10.15000 7.00000 -25.20000
v -10.15000 6.40000 -25.20000
v -10.08618 6.40000 -26.33644
v -9.89552 6.40000 -27.45859
v -9.58042 6.40000 -28.55233
v -9.14483 6.40000 -29.60392
v -8.59425 6.40000 -30.60013
v -7.93559 6.40000 -31.52842
v -7.17713 6.40000 -32.37713
v -6.32842 6.40000 -33.13559
v -5.40013 6.40000 -33.79425
v -4.40392 6.40000 -34.34483
v -3.35233 6.40000 -34.78042
v -2.25859 6.40000 -35.09552
v -1.13644 6.40000 -35.28618
v -0.00000 6.40000 -35.35000
v 1.13644 6.40000 -35.28618
v 2.25859 6.40000 -35.09552
v 3.35233 6.40000 -34.78042
v 4.40392 6.40000 -34.34483
v 5.40013 6.40000 -33.79425
v 6.32842 6.40000 -33.13559
v 7.17713 6.40000 -32.37713
v 7.93559 6.40000 -31.52842
v 8.59425 6.40000 -30.60013
v 9.14483 6.40000 -29.60392
v 9.58042 6.40000 -28.55233
v 9.89552 6.40000 -27.45859
v 10.08618 6.40000 -26.33644
v 10.15000 6.40000 -25.20000
f 12355 12357 12358
f 12356 12387 12386
f 12355 12358 12359
f 12356 12388 12387
f 12355 12359 12360
f 12356 12389 12388
f 12355 12360 12361
f 12356 12390 12389
f 12355 12361 12362
f 12356 12391 12390
f 12355 12362 12363
f 12356 12392 12391
f 12355 12363 12364
f 12356 12393 12392
f 12355 12364 12365
f 12356 12394 12393
f 12355 12365 12366
f 12356 12395 12394
f 12355 12366 12367
f 12356 12396 12395
f 12355 12367 12368
f 12356 12397 12396
f 12355 12368 12369
f 12356 12398 12397
f 12355 12369 12370
f 12356 12399 12398
f 12355 12370 12371
f 12356 12400 12399
f 12355 12371 12372
f 12356 12401 12400
f 12355 12372 12373
f 12356 12402 12401
f 12355 12373 12374
f 12356 12403 12402
f 12355 12374 12375
f 12356 12404 12403
f 12355 12375 12376
f 12356 12405 12404
f 12355 12376 12377
f 12356 12406 12405
f 12355 12377 12378
f 12356 12407 12406
f 12355 12378 12379
f 12356 12408 12407
f 12355 12379 12380
f 12356 12409 12408
f 12355 12380 12381
f 12356 12410 12409
f 12355 12381 12382
f 12356 12411 12410
f 12355 12382 12383
f 12356 12412 12411
f 12355 12383 12384
f 12356 12413 12412
f 12355 12384 12385
f 12356 12414 12413
f 12386 12387 12358 12357
f 12387 12388 12359 12358
f 12388 12389 12360 12359
f 12389 12390 12361 12360
f 12390 12391 12362 12361
f 12391 12392 12363 12362
f 12392 12393 12364 12363
f 12393 12394 12365 12364
f 12394 12395 12366 12365
f 12395 12396 12367 12366
f 12396 12397 12368 12367
f 12397 12398 12369 12368
f 12398 12399 12370 12369
f 12399 12400 12371 12370
f 12400 12401 12372 12371
f 12401 12402 12373 12372
f 12402 12403 12374 12373
f 12403 12404 12375 12374
f 12404 12405 12376 12375
f 12405 12406 12377 12376
f 12406 12407 12378 12377
f 12407 12408 12379 12378
f 12408 12409 12380 12379
f 12409 12410 12381 12380
f 12410 12411 12382 12381
f 12411 12412 12383 12382
f 12412 12413 12384 12383
f 12413 12414 12385 12384
f 12414 12386 12357 12385
o V13_CurvedLandingBridge
usemtl Concrete
v -10.00000 6.40000 -25.20500
v 10.00000 6.40000 -25.20500
v 10.00000 7.00000 -25.20500
v -10.00000 7.00000 -25.20500
v -10.00000 6.40000 -23.95500
v 10.00000 6.40000 -23.95500
v 10.00000 7.00000 -23.95500
v -10.00000 7.00000 -23.95500
f 12415 12416 12417 12418
f 12419 12422 12421 12420
f 12415 12419 12420 12416
f 12418 12417 12421 12422
f 12415 12418 12422 12419
f 12416 12420 12421 12417
o V13_StairB_Tread_1
usemtl Concrete
v 1.25000 7.00000 -24.82500
v 9.05000 7.00000 -24.82500
v 9.05000 7.50000 -24.82500
v 1.25000 7.50000 -24.82500
v 1.25000 7.00000 -23.75500
v 9.05000 7.00000 -23.75500
v 9.05000 7.50000 -23.75500
v 1.25000 7.50000 -23.75500
f 12423 12424 12425 12426
f 12427 12430 12429 12428
f 12423 12427 12428 12424
f 12426 12425 12429 12430
f 12423 12426 12430 12427
f 12424 12428 12429 12425
o V13_StairB_Tread_2
usemtl Concrete
v 1.25000 7.50000 -23.80500
v 9.05000 7.50000 -23.80500
v 9.05000 8.00000 -23.80500
v 1.25000 8.00000 -23.80500
v 1.25000 7.50000 -22.73500
v 9.05000 7.50000 -22.73500
v 9.05000 8.00000 -22.73500
v 1.25000 8.00000 -22.73500
f 12431 12432 12433 12434
f 12435 12438 12437 12436
f 12431 12435 12436 12432
f 12434 12433 12437 12438
f 12431 12434 12438 12435
f 12432 12436 12437 12433
o V13_StairB_Tread_3
usemtl Concrete
v 1.25000 8.00000 -22.78500
v 9.05000 8.00000 -22.78500
v 9.05000 8.50000 -22.78500
v 1.25000 8.50000 -22.78500
v 1.25000 8.00000 -21.71500
v 9.05000 8.00000 -21.71500
v 9.05000 8.50000 -21.71500
v 1.25000 8.50000 -21.71500
f 12439 12440 12441 12442
f 12443 12446 12445 12444
f 12439 12443 12444 12440
f 12442 12441 12445 12446
f 12439 12442 12446 12443
f 12440 12444 12445 12441
o V13_StairB_Tread_4
usemtl Concrete
v 1.25000 8.50000 -21.76500
v 9.05000 8.50000 -21.76500
v 9.05000 9.00000 -21.76500
v 1.25000 9.00000 -21.76500
v 1.25000 8.50000 -20.69500
v 9.05000 8.50000 -20.69500
v 9.05000 9.00000 -20.69500
v 1.25000 9.00000 -20.69500
f 12447 12448 12449 12450
f 12451 12454 12453 12452
f 12447 12451 12452 12448
f 12450 12449 12453 12454
f 12447 12450 12454 12451
f 12448 12452 12453 12449
o V13_StairB_Tread_5
usemtl Concrete
v 1.25000 9.00000 -20.74500
v 9.05000 9.00000 -20.74500
v 9.05000 9.50000 -20.74500
v 1.25000 9.50000 -20.74500
v 1.25000 9.00000 -19.67500
v 9.05000 9.00000 -19.67500
v 9.05000 9.50000 -19.67500
v 1.25000 9.50000 -19.67500
f 12455 12456 12457 12458
f 12459 12462 12461 12460
f 12455 12459 12460 12456
f 12458 12457 12461 12462
f 12455 12458 12462 12459
f 12456 12460 12461 12457
o V13_StairB_Tread_6
usemtl Concrete
v 1.25000 9.50000 -19.72500
v 9.05000 9.50000 -19.72500
v 9.05000 10.00000 -19.72500
v 1.25000 10.00000 -19.72500
v 1.25000 9.50000 -18.65500
v 9.05000 9.50000 -18.65500
v 9.05000 10.00000 -18.65500
v 1.25000 10.00000 -18.65500
f 12463 12464 12465 12466
f 12467 12470 12469 12468
f 12463 12467 12468 12464
f 12466 12465 12469 12470
f 12463 12466 12470 12467
f 12464 12468 12469 12465
o V13_StairB_Tread_7
usemtl Concrete
v 1.25000 10.00000 -18.70500
v 9.05000 10.00000 -18.70500
v 9.05000 10.50000 -18.70500
v 1.25000 10.50000 -18.70500
v 1.25000 10.00000 -17.63500
v 9.05000 10.00000 -17.63500
v 9.05000 10.50000 -17.63500
v 1.25000 10.50000 -17.63500
f 12471 12472 12473 12474
f 12475 12478 12477 12476
f 12471 12475 12476 12472
f 12474 12473 12477 12478
f 12471 12474 12478 12475
f 12472 12476 12477 12473
o V13_StairB_Tread_8
usemtl Concrete
v 1.25000 10.50000 -17.68500
v 9.05000 10.50000 -17.68500
v 9.05000 11.00000 -17.68500
v 1.25000 11.00000 -17.68500
v 1.25000 10.50000 -16.61500
v 9.05000 10.50000 -16.61500
v 9.05000 11.00000 -16.61500
v 1.25000 11.00000 -16.61500
f 12479 12480 12481 12482
f 12483 12486 12485 12484
f 12479 12483 12484 12480
f 12482 12481 12485 12486
f 12479 12482 12486 12483
f 12480 12484 12485 12481
o V13_StairB_Tread_9
usemtl Concrete
v 1.25000 11.00000 -16.66500
v 9.05000 11.00000 -16.66500
v 9.05000 11.50000 -16.66500
v 1.25000 11.50000 -16.66500
v 1.25000 11.00000 -15.59500
v 9.05000 11.00000 -15.59500
v 9.05000 11.50000 -15.59500
v 1.25000 11.50000 -15.59500
f 12487 12488 12489 12490
f 12491 12494 12493 12492
f 12487 12491 12492 12488
f 12490 12489 12493 12494
f 12487 12490 12494 12491
f 12488 12492 12493 12489
o V13_StairB_Tread_10
usemtl Concrete
v 1.25000 11.50000 -15.64500
v 9.05000 11.50000 -15.64500
v 9.05000 12.00000 -15.64500
v 1.25000 12.00000 -15.64500
v 1.25000 11.50000 -14.57500
v 9.05000 11.50000 -14.57500
v 9.05000 12.00000 -14.57500
v 1.25000 12.00000 -14.57500
f 12495 12496 12497 12498
f 12499 12502 12501 12500
f 12495 12499 12500 12496
f 12498 12497 12501 12502
f 12495 12498 12502 12499
f 12496 12500 12501 12497
o V13_StairB_Tread_11
usemtl Concrete
v 1.25000 12.00000 -14.62500
v 9.05000 12.00000 -14.62500
v 9.05000 12.50000 -14.62500
v 1.25000 12.50000 -14.62500
v 1.25000 12.00000 -13.55500
v 9.05000 12.00000 -13.55500
v 9.05000 12.50000 -13.55500
v 1.25000 12.50000 -13.55500
f 12503 12504 12505 12506
f 12507 12510 12509 12508
f 12503 12507 12508 12504
f 12506 12505 12509 12510
f 12503 12506 12510 12507
f 12504 12508 12509 12505
o V13_StairB_Tread_12
usemtl Concrete
v 1.25000 12.50000 -13.60500
v 9.05000 12.50000 -13.60500
v 9.05000 13.00000 -13.60500
v 1.25000 13.00000 -13.60500
v 1.25000 12.50000 -12.53500
v 9.05000 12.50000 -12.53500
v 9.05000 13.00000 -12.53500
v 1.25000 13.00000 -12.53500
f 12511 12512 12513 12514
f 12515 12518 12517 12516
f 12511 12515 12516 12512
f 12514 12513 12517 12518
f 12511 12514 12518 12515
f 12512 12516 12517 12513
o V13_StairB_Tread_13
usemtl Concrete
v 1.25000 13.00000 -12.58500
v 9.05000 13.00000 -12.58500
v 9.05000 13.50000 -12.58500
v 1.25000 13.50000 -12.58500
v 1.25000 13.00000 -11.51500
v 9.05000 13.00000 -11.51500
v 9.05000 13.50000 -11.51500
v 1.25000 13.50000 -11.51500
f 12519 12520 12521 12522
f 12523 12526 12525 12524
f 12519 12523 12524 12520
f 12522 12521 12525 12526
f 12519 12522 12526 12523
f 12520 12524 12525 12521
o V13_StairB_Tread_14
usemtl Concrete
v 1.25000 13.50000 -11.56500
v 9.05000 13.50000 -11.56500
v 9.05000 14.00000 -11.56500
v 1.25000 14.00000 -11.56500
v 1.25000 13.50000 -10.49500
v 9.05000 13.50000 -10.49500
v 9.05000 14.00000 -10.49500
v 1.25000 14.00000 -10.49500
f 12527 12528 12529 12530
f 12531 12534 12533 12532
f 12527 12531 12532 12528
f 12530 12529 12533 12534
f 12527 12530 12534 12531
f 12528 12532 12533 12529
o V13_TopLanding
usemtl Concrete
v 0.80000 13.84000 -11.70000
v 9.50000 13.84000 -11.70000
v 9.50000 14.22000 -11.70000
v 0.80000 14.22000 -11.70000
v 0.80000 13.84000 -7.40000
v 9.50000 13.84000 -7.40000
v 9.50000 14.22000 -7.40000
v 0.80000 14.22000 -7.40000
f 12535 12536 12537 12538
f 12539 12542 12541 12540
f 12535 12539 12540 12536
f 12538 12537 12541 12542
f 12535 12538 12542 12539
f 12536 12540 12541 12537
o V13_StringerA_-8.8
usemtl ConcreteLight
v -8.97000 0.43072 -10.76848
v -8.63000 0.43072 -10.76848
v -8.63000 -0.13072 -11.03152
v -8.97000 -0.13072 -11.03152
v -8.97000 7.13072 -25.06848
v -8.63000 7.13072 -25.06848
v -8.63000 6.56928 -25.33152
v -8.97000 6.56928 -25.33152
f 12543 12544 12545 12546
f 12547 12550 12549 12548
f 12543 12547 12548 12544
f 12546 12545 12549 12550
f 12543 12546 12550 12547
f 12544 12548 12549 12545
o V13_StringerA_-1.5000000000000004
usemtl ConcreteLight
v -1.67000 0.43072 -10.76848
v -1.33000 0.43072 -10.76848
v -1.33000 -0.13072 -11.03152
v -1.67000 -0.13072 -11.03152
v -1.67000 7.13072 -25.06848
v -1.33000 7.13072 -25.06848
v -1.33000 6.56928 -25.33152
v -1.67000 6.56928 -25.33152
f 12551 12552 12553 12554
f 12555 12558 12557 12556
f 12551 12555 12556 12552
f 12554 12553 12557 12558
f 12551 12554 12558 12555
f 12552 12556 12557 12553
o V13_StringerB_1.5000000000000004
usemtl ConcreteLight
v 1.33000 6.86859 -25.06997
v 1.67000 6.86859 -25.06997
v 1.67000 7.43141 -25.33003
v 1.33000 7.43141 -25.33003
v 1.33000 13.56859 -10.56997
v 1.67000 13.56859 -10.56997
v 1.67000 14.13141 -10.83003
v 1.33000 14.13141 -10.83003
f 12559 12560 12561 12562
f 12563 12566 12565 12564
f 12559 12563 12564 12560
f 12562 12561 12565 12566
f 12559 12562 12566 12563
f 12560 12564 12565 12561
o V13_StringerB_8.8
usemtl ConcreteLight
v 8.63000 6.86859 -25.06997
v 8.97000 6.86859 -25.06997
v 8.97000 7.43141 -25.33003
v 8.63000 7.43141 -25.33003
v 8.63000 13.56859 -10.56997
v 8.97000 13.56859 -10.56997
v 8.97000 14.13141 -10.83003
v 8.63000 14.13141 -10.83003
f 12567 12568 12569 12570
f 12571 12574 12573 12572
f 12567 12571 12572 12568
f 12570 12569 12573 12574
f 12567 12570 12574 12571
f 12568 12572 12573 12569
o V13_RailA_Post_0_-9.23
usemtl MetalDark
v -9.32000 0.00000 -10.99000
v -9.14000 0.00000 -10.99000
v -9.14000 3.15000 -10.99000
v -9.32000 3.15000 -10.99000
v -9.32000 0.00000 -10.81000
v -9.14000 0.00000 -10.81000
v -9.14000 3.15000 -10.81000
v -9.32000 3.15000 -10.81000
f 12575 12576 12577 12578
f 12579 12582 12581 12580
f 12575 12579 12580 12576
f 12578 12577 12581 12582
f 12575 12578 12582 12579
f 12576 12580 12581 12577
o V13_RailA_Post_0_-1.0700000000000005
usemtl MetalDark
v -1.16000 0.00000 -10.99000
v -0.98000 0.00000 -10.99000
v -0.98000 3.15000 -10.99000
v -1.16000 3.15000 -10.99000
v -1.16000 0.00000 -10.81000
v -0.98000 0.00000 -10.81000
v -0.98000 3.15000 -10.81000
v -1.16000 3.15000 -10.81000
f 12583 12584 12585 12586
f 12587 12590 12589 12588
f 12583 12587 12588 12584
f 12586 12585 12589 12590
f 12583 12586 12590 12587
f 12584 12588 12589 12585
o V13_RailA_Post_2_-9.23
usemtl MetalDark
v -9.32000 1.00000 -13.03000
v -9.14000 1.00000 -13.03000
v -9.14000 4.15000 -13.03000
v -9.32000 4.15000 -13.03000
v -9.32000 1.00000 -12.85000
v -9.14000 1.00000 -12.85000
v -9.14000 4.15000 -12.85000
v -9.32000 4.15000 -12.85000
f 12591 12592 12593 12594
f 12595 12598 12597 12596
f 12591 12595 12596 12592
f 12594 12593 12597 12598
f 12591 12594 12598 12595
f 12592 12596 12597 12593
o V13_RailA_Post_2_-1.0700000000000005
usemtl MetalDark
v -1.16000 1.00000 -13.03000
v -0.98000 1.00000 -13.03000
v -0.98000 4.15000 -13.03000
v -1.16000 4.15000 -13.03000
v -1.16000 1.00000 -12.85000
v -0.98000 1.00000 -12.85000
v -0.98000 4.15000 -12.85000
v -1.16000 4.15000 -12.85000
f 12599 12600 12601 12602
f 12603 12606 12605 12604
f 12599 12603 12604 12600
f 12602 12601 12605 12606
f 12599 12602 12606 12603
f 12600 12604 12605 12601
o V13_RailA_Post_4_-9.23
usemtl MetalDark
v -9.32000 2.00000 -15.07000
v -9.14000 2.00000 -15.07000
v -9.14000 5.15000 -15.07000
v -9.32000 5.15000 -15.07000
v -9.32000 2.00000 -14.89000
v -9.14000 2.00000 -14.89000
v -9.14000 5.15000 -14.89000
v -9.32000 5.15000 -14.89000
f 12607 12608 12609 12610
f 12611 12614 12613 12612
f 12607 12611 12612 12608
f 12610 12609 12613 12614
f 12607 12610 12614 12611
f 12608 12612 12613 12609
o V13_RailA_Post_4_-1.0700000000000005
usemtl MetalDark
v -1.16000 2.00000 -15.07000
v -0.98000 2.00000 -15.07000
v -0.98000 5.15000 -15.07000
v -1.16000 5.15000 -15.07000
v -1.16000 2.00000 -14.89000
v -0.98000 2.00000 -14.89000
v -0.98000 5.15000 -14.89000
v -1.16000 5.15000 -14.89000
f 12615 12616 12617 12618
f 12619 12622 12621 12620
f 12615 12619 12620 12616
f 12618 12617 12621 12622
f 12615 12618 12622 12619
f 12616 12620 12621 12617
o V13_RailA_Post_6_-9.23
usemtl MetalDark
v -9.32000 3.00000 -17.11000
v -9.14000 3.00000 -17.11000
v -9.14000 6.15000 -17.11000
v -9.32000 6.15000 -17.11000
v -9.32000 3.00000 -16.93000
v -9.14000 3.00000 -16.93000
v -9.14000 6.15000 -16.93000
v -9.32000 6.15000 -16.93000
f 12623 12624 12625 12626
f 12627 12630 12629 12628
f 12623 12627 12628 12624
f 12626 12625 12629 12630
f 12623 12626 12630 12627
f 12624 12628 12629 12625
o V13_RailA_Post_6_-1.0700000000000005
usemtl MetalDark
v -1.16000 3.00000 -17.11000
v -0.98000 3.00000 -17.11000
v -0.98000 6.15000 -17.11000
v -1.16000 6.15000 -17.11000
v -1.16000 3.00000 -16.93000
v -0.98000 3.00000 -16.93000
v -0.98000 6.15000 -16.93000
v -1.16000 6.15000 -16.93000
f 12631 12632 12633 12634
f 12635 12638 12637 12636
f 12631 12635 12636 12632
f 12634 12633 12637 12638
f 12631 12634 12638 12635
f 12632 12636 12637 12633
o V13_RailA_Post_8_-9.23
usemtl MetalDark
v -9.32000 4.00000 -19.15000
v -9.14000 4.00000 -19.15000
v -9.14000 7.15000 -19.15000
v -9.32000 7.15000 -19.15000
v -9.32000 4.00000 -18.97000
v -9.14000 4.00000 -18.97000
v -9.14000 7.15000 -18.97000
v -9.32000 7.15000 -18.97000
f 12639 12640 12641 12642
f 12643 12646 12645 12644
f 12639 12643 12644 12640
f 12642 12641 12645 12646
f 12639 12642 12646 12643
f 12640 12644 12645 12641
o V13_RailA_Post_8_-1.0700000000000005
usemtl MetalDark
v -1.16000 4.00000 -19.15000
v -0.98000 4.00000 -19.15000
v -0.98000 7.15000 -19.15000
v -1.16000 7.15000 -19.15000
v -1.16000 4.00000 -18.97000
v -0.98000 4.00000 -18.97000
v -0.98000 7.15000 -18.97000
v -1.16000 7.15000 -18.97000
f 12647 12648 12649 12650
f 12651 12654 12653 12652
f 12647 12651 12652 12648
f 12650 12649 12653 12654
f 12647 12650 12654 12651
f 12648 12652 12653 12649
o V13_RailA_Post_10_-9.23
usemtl MetalDark
v -9.32000 5.00000 -21.19000
v -9.14000 5.00000 -21.19000
v -9.14000 8.15000 -21.19000
v -9.32000 8.15000 -21.19000
v -9.32000 5.00000 -21.01000
v -9.14000 5.00000 -21.01000
v -9.14000 8.15000 -21.01000
v -9.32000 8.15000 -21.01000
f 12655 12656 12657 12658
f 12659 12662 12661 12660
f 12655 12659 12660 12656
f 12658 12657 12661 12662
f 12655 12658 12662 12659
f 12656 12660 12661 12657
o V13_RailA_Post_10_-1.0700000000000005
usemtl MetalDark
v -1.16000 5.00000 -21.19000
v -0.98000 5.00000 -21.19000
v -0.98000 8.15000 -21.19000
v -1.16000 8.15000 -21.19000
v -1.16000 5.00000 -21.01000
v -0.98000 5.00000 -21.01000
v -0.98000 8.15000 -21.01000
v -1.16000 8.15000 -21.01000
f 12663 12664 12665 12666
f 12667 12670 12669 12668
f 12663 12667 12668 12664
f 12666 12665 12669 12670
f 12663 12666 12670 12667
f 12664 12668 12669 12665
o V13_RailA_Post_12_-9.23
usemtl MetalDark
v -9.32000 6.00000 -23.23000
v -9.14000 6.00000 -23.23000
v -9.14000 9.15000 -23.23000
v -9.32000 9.15000 -23.23000
v -9.32000 6.00000 -23.05000
v -9.14000 6.00000 -23.05000
v -9.14000 9.15000 -23.05000
v -9.32000 9.15000 -23.05000
f 12671 12672 12673 12674
f 12675 12678 12677 12676
f 12671 12675 12676 12672
f 12674 12673 12677 12678
f 12671 12674 12678 12675
f 12672 12676 12677 12673
o V13_RailA_Post_12_-1.0700000000000005
usemtl MetalDark
v -1.16000 6.00000 -23.23000
v -0.98000 6.00000 -23.23000
v -0.98000 9.15000 -23.23000
v -1.16000 9.15000 -23.23000
v -1.16000 6.00000 -23.05000
v -0.98000 6.00000 -23.05000
v -0.98000 9.15000 -23.05000
v -1.16000 9.15000 -23.05000
f 12679 12680 12681 12682
f 12683 12686 12685 12684
f 12679 12683 12684 12680
f 12682 12681 12685 12686
f 12679 12682 12686 12683
f 12680 12684 12685 12681
o V13_RailA_Post_14_-9.23
usemtl MetalDark
v -9.32000 7.00000 -25.27000
v -9.14000 7.00000 -25.27000
v -9.14000 10.15000 -25.27000
v -9.32000 10.15000 -25.27000
v -9.32000 7.00000 -25.09000
v -9.14000 7.00000 -25.09000
v -9.14000 10.15000 -25.09000
v -9.32000 10.15000 -25.09000
f 12687 12688 12689 12690
f 12691 12694 12693 12692
f 12687 12691 12692 12688
f 12690 12689 12693 12694
f 12687 12690 12694 12691
f 12688 12692 12693 12689
o V13_RailA_Post_14_-1.0700000000000005
usemtl MetalDark
v -1.16000 7.00000 -25.27000
v -0.98000 7.00000 -25.27000
v -0.98000 10.15000 -25.27000
v -1.16000 10.15000 -25.27000
v -1.16000 7.00000 -25.09000
v -0.98000 7.00000 -25.09000
v -0.98000 10.15000 -25.09000
v -1.16000 10.15000 -25.09000
f 12695 12696 12697 12698
f 12699 12702 12701 12700
f 12695 12699 12700 12696
f 12698 12697 12701 12702
f 12695 12698 12702 12699
f 12696 12700 12701 12697
o V13_RailB_Post_0_1.0700000000000005
usemtl MetalDark
v 0.98000 7.00000 -24.89000
v 1.16000 7.00000 -24.89000
v 1.16000 10.15000 -24.89000
v 0.98000 10.15000 -24.89000
v 0.98000 7.00000 -24.71000
v 1.16000 7.00000 -24.71000
v 1.16000 10.15000 -24.71000
v 0.98000 10.15000 -24.71000
f 12703 12704 12705 12706
f 12707 12710 12709 12708
f 12703 12707 12708 12704
f 12706 12705 12709 12710
f 12703 12706 12710 12707
f 12704 12708 12709 12705
o V13_RailB_Post_0_9.23
usemtl MetalDark
v 9.14000 7.00000 -24.89000
v 9.32000 7.00000 -24.89000
v 9.32000 10.15000 -24.89000
v 9.14000 10.15000 -24.89000
v 9.14000 7.00000 -24.71000
v 9.32000 7.00000 -24.71000
v 9.32000 10.15000 -24.71000
v 9.14000 10.15000 -24.71000
f 12711 12712 12713 12714
f 12715 12718 12717 12716
f 12711 12715 12716 12712
f 12714 12713 12717 12718
f 12711 12714 12718 12715
f 12712 12716 12717 12713
o V13_RailB_Post_2_1.0700000000000005
usemtl MetalDark
v 0.98000 8.00000 -22.85000
v 1.16000 8.00000 -22.85000
v 1.16000 11.15000 -22.85000
v 0.98000 11.15000 -22.85000
v 0.98000 8.00000 -22.67000
v 1.16000 8.00000 -22.67000
v 1.16000 11.15000 -22.67000
v 0.98000 11.15000 -22.67000
f 12719 12720 12721 12722
f 12723 12726 12725 12724
f 12719 12723 12724 12720
f 12722 12721 12725 12726
f 12719 12722 12726 12723
f 12720 12724 12725 12721
o V13_RailB_Post_2_9.23
usemtl MetalDark
v 9.14000 8.00000 -22.85000
v 9.32000 8.00000 -22.85000
v 9.32000 11.15000 -22.85000
v 9.14000 11.15000 -22.85000
v 9.14000 8.00000 -22.67000
v 9.32000 8.00000 -22.67000
v 9.32000 11.15000 -22.67000
v 9.14000 11.15000 -22.67000
f 12727 12728 12729 12730
f 12731 12734 12733 12732
f 12727 12731 12732 12728
f 12730 12729 12733 12734
f 12727 12730 12734 12731
f 12728 12732 12733 12729
o V13_RailB_Post_4_1.0700000000000005
usemtl MetalDark
v 0.98000 9.00000 -20.81000
v 1.16000 9.00000 -20.81000
v 1.16000 12.15000 -20.81000
v 0.98000 12.15000 -20.81000
v 0.98000 9.00000 -20.63000
v 1.16000 9.00000 -20.63000
v 1.16000 12.15000 -20.63000
v 0.98000 12.15000 -20.63000
f 12735 12736 12737 12738
f 12739 12742 12741 12740
f 12735 12739 12740 12736
f 12738 12737 12741 12742
f 12735 12738 12742 12739
f 12736 12740 12741 12737
o V13_RailB_Post_4_9.23
usemtl MetalDark
v 9.14000 9.00000 -20.81000
v 9.32000 9.00000 -20.81000
v 9.32000 12.15000 -20.81000
v 9.14000 12.15000 -20.81000
v 9.14000 9.00000 -20.63000
v 9.32000 9.00000 -20.63000
v 9.32000 12.15000 -20.63000
v 9.14000 12.15000 -20.63000
f 12743 12744 12745 12746
f 12747 12750 12749 12748
f 12743 12747 12748 12744
f 12746 12745 12749 12750
f 12743 12746 12750 12747
f 12744 12748 12749 12745
o V13_RailB_Post_6_1.0700000000000005
usemtl MetalDark
v 0.98000 10.00000 -18.77000
v 1.16000 10.00000 -18.77000
v 1.16000 13.15000 -18.77000
v 0.98000 13.15000 -18.77000
v 0.98000 10.00000 -18.59000
v 1.16000 10.00000 -18.59000
v 1.16000 13.15000 -18.59000
v 0.98000 13.15000 -18.59000
f 12751 12752 12753 12754
f 12755 12758 12757 12756
f 12751 12755 12756 12752
f 12754 12753 12757 12758
f 12751 12754 12758 12755
f 12752 12756 12757 12753
o V13_RailB_Post_6_9.23
usemtl MetalDark
v 9.14000 10.00000 -18.77000
v 9.32000 10.00000 -18.77000
v 9.32000 13.15000 -18.77000
v 9.14000 13.15000 -18.77000
v 9.14000 10.00000 -18.59000
v 9.32000 10.00000 -18.59000
v 9.32000 13.15000 -18.59000
v 9.14000 13.15000 -18.59000
f 12759 12760 12761 12762
f 12763 12766 12765 12764
f 12759 12763 12764 12760
f 12762 12761 12765 12766
f 12759 12762 12766 12763
f 12760 12764 12765 12761
o V13_RailB_Post_8_1.0700000000000005
usemtl MetalDark
v 0.98000 11.00000 -16.73000
v 1.16000 11.00000 -16.73000
v 1.16000 14.15000 -16.73000
v 0.98000 14.15000 -16.73000
v 0.98000 11.00000 -16.55000
v 1.16000 11.00000 -16.55000
v 1.16000 14.15000 -16.55000
v 0.98000 14.15000 -16.55000
f 12767 12768 12769 12770
f 12771 12774 12773 12772
f 12767 12771 12772 12768
f 12770 12769 12773 12774
f 12767 12770 12774 12771
f 12768 12772 12773 12769
o V13_RailB_Post_8_9.23
usemtl MetalDark
v 9.14000 11.00000 -16.73000
v 9.32000 11.00000 -16.73000
v 9.32000 14.15000 -16.73000
v 9.14000 14.15000 -16.73000
v 9.14000 11.00000 -16.55000
v 9.32000 11.00000 -16.55000
v 9.32000 14.15000 -16.55000
v 9.14000 14.15000 -16.55000
f 12775 12776 12777 12778
f 12779 12782 12781 12780
f 12775 12779 12780 12776
f 12778 12777 12781 12782
f 12775 12778 12782 12779
f 12776 12780 12781 12777
o V13_RailB_Post_10_1.0700000000000005
usemtl MetalDark
v 0.98000 12.00000 -14.69000
v 1.16000 12.00000 -14.69000
v 1.16000 15.15000 -14.69000
v 0.98000 15.15000 -14.69000
v 0.98000 12.00000 -14.51000
v 1.16000 12.00000 -14.51000
v 1.16000 15.15000 -14.51000
v 0.98000 15.15000 -14.51000
f 12783 12784 12785 12786
f 12787 12790 12789 12788
f 12783 12787 12788 12784
f 12786 12785 12789 12790
f 12783 12786 12790 12787
f 12784 12788 12789 12785
o V13_RailB_Post_10_9.23
usemtl MetalDark
v 9.14000 12.00000 -14.69000
v 9.32000 12.00000 -14.69000
v 9.32000 15.15000 -14.69000
v 9.14000 15.15000 -14.69000
v 9.14000 12.00000 -14.51000
v 9.32000 12.00000 -14.51000
v 9.32000 15.15000 -14.51000
v 9.14000 15.15000 -14.51000
f 12791 12792 12793 12794
f 12795 12798 12797 12796
f 12791 12795 12796 12792
f 12794 12793 12797 12798
f 12791 12794 12798 12795
f 12792 12796 12797 12793
o V13_RailB_Post_12_1.0700000000000005
usemtl MetalDark
v 0.98000 13.00000 -12.65000
v 1.16000 13.00000 -12.65000
v 1.16000 16.15000 -12.65000
v 0.98000 16.15000 -12.65000
v 0.98000 13.00000 -12.47000
v 1.16000 13.00000 -12.47000
v 1.16000 16.15000 -12.47000
v 0.98000 16.15000 -12.47000
f 12799 12800 12801 12802
f 12803 12806 12805 12804
f 12799 12803 12804 12800
f 12802 12801 12805 12806
f 12799 12802 12806 12803
f 12800 12804 12805 12801
o V13_RailB_Post_12_9.23
usemtl MetalDark
v 9.14000 13.00000 -12.65000
v 9.32000 13.00000 -12.65000
v 9.32000 16.15000 -12.65000
v 9.14000 16.15000 -12.65000
v 9.14000 13.00000 -12.47000
v 9.32000 13.00000 -12.47000
v 9.32000 16.15000 -12.47000
v 9.14000 16.15000 -12.47000
f 12807 12808 12809 12810
f 12811 12814 12813 12812
f 12807 12811 12812 12808
f 12810 12809 12813 12814
f 12807 12810 12814 12811
f 12808 12812 12813 12809
o V13_RailB_Post_14_1.0700000000000005
usemtl MetalDark
v 0.98000 14.00000 -10.61000
v 1.16000 14.00000 -10.61000
v 1.16000 17.15000 -10.61000
v 0.98000 17.15000 -10.61000
v 0.98000 14.00000 -10.43000
v 1.16000 14.00000 -10.43000
v 1.16000 17.15000 -10.43000
v 0.98000 17.15000 -10.43000
f 12815 12816 12817 12818
f 12819 12822 12821 12820
f 12815 12819 12820 12816
f 12818 12817 12821 12822
f 12815 12818 12822 12819
f 12816 12820 12821 12817
o V13_RailB_Post_14_9.23
usemtl MetalDark
v 9.14000 14.00000 -10.61000
v 9.32000 14.00000 -10.61000
v 9.32000 17.15000 -10.61000
v 9.14000 17.15000 -10.61000
v 9.14000 14.00000 -10.43000
v 9.32000 14.00000 -10.43000
v 9.32000 17.15000 -10.43000
v 9.14000 17.15000 -10.43000
f 12823 12824 12825 12826
f 12827 12830 12829 12828
f 12823 12827 12828 12824
f 12826 12825 12829 12830
f 12823 12826 12830 12827
f 12824 12828 12829 12825
o V13_RailA_Top_-9.23
usemtl MetalDark
v -9.33000 3.23982 -10.85603
v -9.13000 3.23982 -10.85603
v -9.13000 3.06018 -10.94397
v -9.33000 3.06018 -10.94397
v -9.33000 10.23982 -25.15603
v -9.13000 10.23982 -25.15603
v -9.13000 10.06018 -25.24397
v -9.33000 10.06018 -25.24397
f 12831 12832 12833 12834
f 12835 12838 12837 12836
f 12831 12835 12836 12832
f 12834 12833 12837 12838
f 12831 12834 12838 12835
f 12832 12836 12837 12833
o V13_RailA_Top_-1.0700000000000005
usemtl MetalDark
v -1.17000 3.23982 -10.85603
v -0.97000 3.23982 -10.85603
v -0.97000 3.06018 -10.94397
v -1.17000 3.06018 -10.94397
v -1.17000 10.23982 -25.15603
v -0.97000 10.23982 -25.15603
v -0.97000 10.06018 -25.24397
v -1.17000 10.06018 -25.24397
f 12839 12840 12841 12842
f 12843 12846 12845 12844
f 12839 12843 12844 12840
f 12842 12841 12845 12846
f 12839 12842 12846 12843
f 12840 12844 12845 12841
o V13_RailB_Top_1.0700000000000005
usemtl MetalDark
v 0.97000 10.05994 -25.15653
v 1.17000 10.05994 -25.15653
v 1.17000 10.24006 -25.24347
v 0.97000 10.24006 -25.24347
v 0.97000 17.05994 -10.65653
v 1.17000 17.05994 -10.65653
v 1.17000 17.24006 -10.74347
v 0.97000 17.24006 -10.74347
f 12847 12848 12849 12850
f 12851 12854 12853 12852
f 12847 12851 12852 12848
f 12850 12849 12853 12854
f 12847 12850 12854 12851
f 12848 12852 12853 12849
o V13_RailB_Top_9.23
usemtl MetalDark
v 9.13000 10.05994 -25.15653
v 9.33000 10.05994 -25.15653
v 9.33000 10.24006 -25.24347
v 9.13000 10.24006 -25.24347
v 9.13000 17.05994 -10.65653
v 9.33000 17.05994 -10.65653
v 9.33000 17.24006 -10.74347
v 9.13000 17.24006 -10.74347
f 12855 12856 12857 12858
f 12859 12862 12861 12860
f 12855 12859 12860 12856
f 12858 12857 12861 12862
f 12855 12858 12862 12859
f 12856 12860 12861 12857
o V13_CurveRailPost_0
usemtl MetalDark
v -10.34000 7.00000 -25.29000
v -10.16000 7.00000 -25.29000
v -10.16000 10.15000 -25.29000
v -10.34000 10.15000 -25.29000
v -10.34000 7.00000 -25.11000
v -10.16000 7.00000 -25.11000
v -10.16000 10.15000 -25.11000
v -10.34000 10.15000 -25.11000
f 12863 12864 12865 12866
f 12867 12870 12869 12868
f 12863 12867 12868 12864
f 12866 12865 12869 12870
f 12863 12866 12870 12867
f 12864 12868 12869 12865
o V13_CurveRailPost_1
usemtl MetalDark
v -10.18428 7.00000 -27.06989
v -10.00428 7.00000 -27.06989
v -10.00428 10.15000 -27.06989
v -10.18428 10.15000 -27.06989
v -10.18428 7.00000 -26.88989
v -10.00428 7.00000 -26.88989
v -10.00428 10.15000 -26.88989
v -10.18428 10.15000 -26.88989
f 12871 12872 12873 12874
f 12875 12878 12877 12876
f 12871 12875 12876 12872
f 12874 12873 12877 12878
f 12871 12874 12878 12875
f 12872 12876 12877 12873
o V13_CurveRailTop_1
usemtl MetalDark
v -10.15038 10.05000 -25.19128
v -10.34962 10.05000 -25.20872
v -10.34962 10.25000 -25.20872
v -10.15038 10.25000 -25.19128
v -9.99466 10.05000 -26.97118
v -10.19390 10.05000 -26.98861
v -10.19390 10.25000 -26.98861
v -9.99466 10.25000 -26.97118
f 12879 12880 12881 12882
f 12883 12886 12885 12884
f 12879 12883 12884 12880
f 12882 12881 12885 12886
f 12879 12882 12886 12883
f 12880 12884 12885 12881
o V13_CurveRailPost_2
usemtl MetalDark
v -9.72185 7.00000 -28.79571
v -9.54185 7.00000 -28.79571
v -9.54185 10.15000 -28.79571
v -9.72185 10.15000 -28.79571
v -9.72185 7.00000 -28.61571
v -9.54185 7.00000 -28.61571
v -9.54185 10.15000 -28.61571
v -9.72185 10.15000 -28.61571
f 12887 12888 12889 12890
f 12891 12894 12893 12892
f 12887 12891 12892 12888
f 12890 12889 12893 12894
f 12887 12890 12894 12891
f 12888 12892 12893 12889
o V13_CurveRailTop_2
usemtl MetalDark
v -9.99769 10.05000 -26.95401
v -10.19087 10.05000 -27.00578
v -10.19087 10.25000 -27.00578
v -9.99769 10.25000 -26.95401
v -9.53526 10.05000 -28.67982
v -9.72844 10.05000 -28.73159
v -9.72844 10.25000 -28.73159
v -9.53526 10.25000 -28.67982
f 12895 12896 12897 12898
f 12899 12902 12901 12900
f 12895 12899 12900 12896
f 12898 12897 12901 12902
f 12895 12898 12902 12899
f 12896 12900 12901 12897
o V13_CurveRailPost_3
usemtl MetalDark
v -8.96676 7.00000 -30.41500
v -8.78676 7.00000 -30.41500
v -8.78676 10.15000 -30.41500
v -8.96676 10.15000 -30.41500
v -8.96676 7.00000 -30.23500
v -8.78676 7.00000 -30.23500
v -8.78676 10.15000 -30.23500
v -8.96676 10.15000 -30.23500
f 12903 12904 12905 12906
f 12907 12910 12909 12908
f 12903 12907 12908 12904
f 12906 12905 12909 12910
f 12903 12906 12910 12907
f 12904 12908 12909 12905
o V13_CurveRailTop_3
usemtl MetalDark
v -9.54122 10.05000 -28.66344
v -9.72248 10.05000 -28.74797
v -9.72248 10.25000 -28.74797
v -9.54122 10.25000 -28.66344
v -8.78613 10.05000 -30.28274
v -8.96739 10.05000 -30.36726
v -8.96739 10.25000 -30.36726
v -8.78613 10.25000 -30.28274
f 12911 12912 12913 12914
f 12915 12918 12917 12916
f 12911 12915 12916 12912
f 12914 12913 12917 12918
f 12911 12914 12918 12915
f 12912 12916 12917 12913
o V13_CurveRailPost_4
usemtl MetalDark
v -7.94196 7.00000 -31.87857
v -7.76196 7.00000 -31.87857
v -7.76196 10.15000 -31.87857
v -7.94196 10.15000 -31.87857
v -7.94196 7.00000 -31.69857
v -7.76196 7.00000 -31.69857
v -7.76196 10.15000 -31.69857
v -7.94196 10.15000 -31.69857
f 12919 12920 12921 12922
f 12923 12926 12925 12924
f 12919 12923 12924 12920
f 12922 12921 12925 12926
f 12919 12922 12926 12923
f 12920 12924 12925 12921
o V13_CurveRailTop_4
usemtl MetalDark
v -8.79485 10.05000 -30.26764
v -8.95868 10.05000 -30.38236
v -8.95868 10.25000 -30.38236
v -8.79485 10.25000 -30.26764
v -7.77004 10.05000 -31.73122
v -7.93387 10.05000 -31.84593
v -7.93387 10.25000 -31.84593
v -7.77004 10.25000 -31.73122
f 12927 12928 12929 12930
f 12931 12934 12933 12932
f 12927 12931 12932 12928
f 12930 12929 12933 12934
f 12927 12930 12934 12931
f 12928 12932 12933 12929
o V13_CurveRailPost_5
usemtl MetalDark
v -6.67857 7.00000 -33.14196
v -6.49857 7.00000 -33.14196
v -6.49857 10.15000 -33.14196
v -6.67857 10.15000 -33.14196
v -6.67857 7.00000 -32.96196
v -6.49857 7.00000 -32.96196
v -6.49857 10.15000 -32.96196
v -6.67857 10.15000 -32.96196
f 12935 12936 12937 12938
f 12939 12942 12941 12940
f 12935 12939 12940 12936
f 12938 12937 12941 12942
f 12935 12938 12942 12939
f 12936 12940 12941 12937
o V13_CurveRailTop_5
usemtl MetalDark
v -7.78124 10.05000 -31.71786
v -7.92267 10.05000 -31.85928
v -7.92267 10.25000 -31.85928
v -7.78124 10.25000 -31.71786
v -6.51786 10.05000 -32.98124
v -6.65928 10.05000 -33.12267
v -6.65928 10.25000 -33.12267
v -6.51786 10.25000 -32.98124
f 12943 12944 12945 12946
f 12947 12950 12949 12948
f 12943 12947 12948 12944
f 12946 12945 12949 12950
f 12943 12946 12950 12947
f 12944 12948 12949 12945
o V13_CurveRailPost_6
usemtl MetalDark
v -5.21500 7.00000 -34.16676
v -5.03500 7.00000 -34.16676
v -5.03500 10.15000 -34.16676
v -5.21500 10.15000 -34.16676
v -5.21500 7.00000 -33.98676
v -5.03500 7.00000 -33.98676
v -5.03500 10.15000 -33.98676
v -5.21500 10.15000 -33.98676
f 12951 12952 12953 12954
f 12955 12958 12957 12956
f 12951 12955 12956 12952
f 12954 12953 12957 12958
f 12951 12954 12958 12955
f 12952 12956 12957 12953
o V13_CurveRailTop_6
usemtl MetalDark
v -6.53122 10.05000 -32.97004
v -6.64593 10.05000 -33.13387
v -6.64593 10.25000 -33.13387
v -6.53122 10.25000 -32.97004
v -5.06764 10.05000 -33.99485
v -5.18236 10.05000 -34.15868
v -5.18236 10.25000 -34.15868
v -5.06764 10.25000 -33.99485
f 12959 12960 12961 12962
f 12963 12966 12965 12964
f 12959 12963 12964 12960
f 12962 12961 12965 12966
f 12959 12962 12966 12963
f 12960 12964 12965 12961
o V13_CurveRailPost_7
usemtl MetalDark
v -3.59571 7.00000 -34.92185
v -3.41571 7.00000 -34.92185
v -3.41571 10.15000 -34.92185
v -3.59571 10.15000 -34.92185
v -3.59571 7.00000 -34.74185
v -3.41571 7.00000 -34.74185
v -3.41571 10.15000 -34.74185
v -3.59571 10.15000 -34.74185
f 12967 12968 12969 12970
f 12971 12974 12973 12972
f 12967 12971 12972 12968
f 12970 12969 12973 12974
f 12967 12970 12974 12971
f 12968 12972 12973 12969
o V13_CurveRailTop_7
usemtl MetalDark
v -5.08274 10.05000 -33.98613
v -5.16726 10.05000 -34.16739
v -5.16726 10.25000 -34.16739
v -5.08274 10.25000 -33.98613
v -3.46344 10.05000 -34.74122
v -3.54797 10.05000 -34.92248
v -3.54797 10.25000 -34.92248
v -3.46344 10.25000 -34.74122
f 12975 12976 12977 12978
f 12979 12982 12981 12980
f 12975 12979 12980 12976
f 12978 12977 12981 12982
f 12975 12978 12982 12979
f 12976 12980 12981 12977
o V13_CurveRailPost_8
usemtl MetalDark
v -1.86989 7.00000 -35.38428
v -1.68989 7.00000 -35.38428
v -1.68989 10.15000 -35.38428
v -1.86989 10.15000 -35.38428
v -1.86989 7.00000 -35.20428
v -1.68989 7.00000 -35.20428
v -1.68989 10.15000 -35.20428
v -1.86989 10.15000 -35.20428
f 12983 12984 12985 12986
f 12987 12990 12989 12988
f 12983 12987 12988 12984
f 12986 12985 12989 12990
f 12983 12986 12990 12987
f 12984 12988 12989 12985
o V13_CurveRailTop_8
usemtl MetalDark
v -3.47982 10.05000 -34.73526
v -3.53159 10.05000 -34.92844
v -3.53159 10.25000 -34.92844
v -3.47982 10.25000 -34.73526
v -1.75401 10.05000 -35.19769
v -1.80578 10.05000 -35.39087
v -1.80578 10.25000 -35.39087
v -1.75401 10.25000 -35.19769
f 12991 12992 12993 12994
f 12995 12998 12997 12996
f 12991 12995 12996 12992
f 12994 12993 12997 12998
f 12991 12994 12998 12995
f 12992 12996 12997 12993
o V13_CurveRailPost_9
usemtl MetalDark
v -0.09000 7.00000 -35.54000
v 0.09000 7.00000 -35.54000
v 0.09000 10.15000 -35.54000
v -0.09000 10.15000 -35.54000
v -0.09000 7.00000 -35.36000
v 0.09000 7.00000 -35.36000
v 0.09000 10.15000 -35.36000
v -0.09000 10.15000 -35.36000
f 12999 13000 13001 13002
f 13003 13006 13005 13004
f 12999 13003 13004 13000
f 13002 13001 13005 13006
f 12999 13002 13006 13003
f 13000 13004 13005 13001
o V13_CurveRailTop_9
usemtl MetalDark
v -1.77118 10.05000 -35.19466
v -1.78861 10.05000 -35.39390
v -1.78861 10.25000 -35.39390
v -1.77118 10.25000 -35.19466
v 0.00872 10.05000 -35.35038
v -0.00872 10.05000 -35.54962
v -0.00872 10.25000 -35.54962
v 0.00872 10.25000 -35.35038
f 13007 13008 13009 13010
f 13011 13014 13013 13012
f 13007 13011 13012 13008
f 13010 13009 13013 13014
f 13007 13010 13014 13011
f 13008 13012 13013 13009
o V13_CurveRailPost_10
usemtl MetalDark
v 1.68989 7.00000 -35.38428
v 1.86989 7.00000 -35.38428
v 1.86989 10.15000 -35.38428
v 1.68989 10.15000 -35.38428
v 1.68989 7.00000 -35.20428
v 1.86989 7.00000 -35.20428
v 1.86989 10.15000 -35.20428
v 1.68989 10.15000 -35.20428
f 13015 13016 13017 13018
f 13019 13022 13021 13020
f 13015 13019 13020 13016
f 13018 13017 13021 13022
f 13015 13018 13022 13019
f 13016 13020 13021 13017
o V13_CurveRailTop_10
usemtl MetalDark
v -0.00872 10.05000 -35.35038
v 0.00872 10.05000 -35.54962
v 0.00872 10.25000 -35.54962
v -0.00872 10.25000 -35.35038
v 1.77118 10.05000 -35.19466
v 1.78861 10.05000 -35.39390
v 1.78861 10.25000 -35.39390
v 1.77118 10.25000 -35.19466
f 13023 13024 13025 13026
f 13027 13030 13029 13028
f 13023 13027 13028 13024
f 13026 13025 13029 13030
f 13023 13026 13030 13027
f 13024 13028 13029 13025
o V13_CurveRailPost_11
usemtl MetalDark
v 3.41571 7.00000 -34.92185
v 3.59571 7.00000 -34.92185
v 3.59571 10.15000 -34.92185
v 3.41571 10.15000 -34.92185
v 3.41571 7.00000 -34.74185
v 3.59571 7.00000 -34.74185
v 3.59571 10.15000 -34.74185
v 3.41571 10.15000 -34.74185
f 13031 13032 13033 13034
f 13035 13038 13037 13036
f 13031 13035 13036 13032
f 13034 13033 13037 13038
f 13031 13034 13038 13035
f 13032 13036 13037 13033
o V13_CurveRailTop_11
usemtl MetalDark
v 1.75401 10.05000 -35.19769
v 1.80578 10.05000 -35.39087
v 1.80578 10.25000 -35.39087
v 1.75401 10.25000 -35.19769
v 3.47982 10.05000 -34.73526
v 3.53159 10.05000 -34.92844
v 3.53159 10.25000 -34.92844
v 3.47982 10.25000 -34.73526
f 13039 13040 13041 13042
f 13043 13046 13045 13044
f 13039 13043 13044 13040
f 13042 13041 13045 13046
f 13039 13042 13046 13043
f 13040 13044 13045 13041
o V13_CurveRailPost_12
usemtl MetalDark
v 5.03500 7.00000 -34.16676
v 5.21500 7.00000 -34.16676
v 5.21500 10.15000 -34.16676
v 5.03500 10.15000 -34.16676
v 5.03500 7.00000 -33.98676
v 5.21500 7.00000 -33.98676
v 5.21500 10.15000 -33.98676
v 5.03500 10.15000 -33.98676
f 13047 13048 13049 13050
f 13051 13054 13053 13052
f 13047 13051 13052 13048
f 13050 13049 13053 13054
f 13047 13050 13054 13051
f 13048 13052 13053 13049
o V13_CurveRailTop_12
usemtl MetalDark
v 3.46344 10.05000 -34.74122
v 3.54797 10.05000 -34.92248
v 3.54797 10.25000 -34.92248
v 3.46344 10.25000 -34.74122
v 5.08274 10.05000 -33.98613
v 5.16726 10.05000 -34.16739
v 5.16726 10.25000 -34.16739
v 5.08274 10.25000 -33.98613
f 13055 13056 13057 13058
f 13059 13062 13061 13060
f 13055 13059 13060 13056
f 13058 13057 13061 13062
f 13055 13058 13062 13059
f 13056 13060 13061 13057
o V13_CurveRailPost_13
usemtl MetalDark
v 6.49857 7.00000 -33.14196
v 6.67857 7.00000 -33.14196
v 6.67857 10.15000 -33.14196
v 6.49857 10.15000 -33.14196
v 6.49857 7.00000 -32.96196
v 6.67857 7.00000 -32.96196
v 6.67857 10.15000 -32.96196
v 6.49857 10.15000 -32.96196
f 13063 13064 13065 13066
f 13067 13070 13069 13068
f 13063 13067 13068 13064
f 13066 13065 13069 13070
f 13063 13066 13070 13067
f 13064 13068 13069 13065
o V13_CurveRailTop_13
usemtl MetalDark
v 5.06764 10.05000 -33.99485
v 5.18236 10.05000 -34.15868
v 5.18236 10.25000 -34.15868
v 5.06764 10.25000 -33.99485
v 6.53122 10.05000 -32.97004
v 6.64593 10.05000 -33.13387
v 6.64593 10.25000 -33.13387
v 6.53122 10.25000 -32.97004
f 13071 13072 13073 13074
f 13075 13078 13077 13076
f 13071 13075 13076 13072
f 13074 13073 13077 13078
f 13071 13074 13078 13075
f 13072 13076 13077 13073
o V13_CurveRailPost_14
usemtl MetalDark
v 7.76196 7.00000 -31.87857
v 7.94196 7.00000 -31.87857
v 7.94196 10.15000 -31.87857
v 7.76196 10.15000 -31.87857
v 7.76196 7.00000 -31.69857
v 7.94196 7.00000 -31.69857
v 7.94196 10.15000 -31.69857
v 7.76196 10.15000 -31.69857
f 13079 13080 13081 13082
f 13083 13086 13085 13084
f 13079 13083 13084 13080
f 13082 13081 13085 13086
f 13079 13082 13086 13083
f 13080 13084 13085 13081
o V13_CurveRailTop_14
usemtl MetalDark
v 6.51786 10.05000 -32.98124
v 6.65928 10.05000 -33.12267
v 6.65928 10.25000 -33.12267
v 6.51786 10.25000 -32.98124
v 7.78124 10.05000 -31.71786
v 7.92267 10.05000 -31.85928
v 7.92267 10.25000 -31.85928
v 7.78124 10.25000 -31.71786
f 13087 13088 13089 13090
f 13091 13094 13093 13092
f 13087 13091 13092 13088
f 13090 13089 13093 13094
f 13087 13090 13094 13091
f 13088 13092 13093 13089
o V13_CurveRailPost_15
usemtl MetalDark
v 8.78676 7.00000 -30.41500
v 8.96676 7.00000 -30.41500
v 8.96676 10.15000 -30.41500
v 8.78676 10.15000 -30.41500
v 8.78676 7.00000 -30.23500
v 8.96676 7.00000 -30.23500
v 8.96676 10.15000 -30.23500
v 8.78676 10.15000 -30.23500
f 13095 13096 13097 13098
f 13099 13102 13101 13100
f 13095 13099 13100 13096
f 13098 13097 13101 13102
f 13095 13098 13102 13099
f 13096 13100 13101 13097
o V13_CurveRailTop_15
usemtl MetalDark
v 7.77004 10.05000 -31.73122
v 7.93387 10.05000 -31.84593
v 7.93387 10.25000 -31.84593
v 7.77004 10.25000 -31.73122
v 8.79485 10.05000 -30.26764
v 8.95868 10.05000 -30.38236
v 8.95868 10.25000 -30.38236
v 8.79485 10.25000 -30.26764
f 13103 13104 13105 13106
f 13107 13110 13109 13108
f 13103 13107 13108 13104
f 13106 13105 13109 13110
f 13103 13106 13110 13107
f 13104 13108 13109 13105
o V13_CurveRailPost_16
usemtl MetalDark
v 9.54185 7.00000 -28.79571
v 9.72185 7.00000 -28.79571
v 9.72185 10.15000 -28.79571
v 9.54185 10.15000 -28.79571
v 9.54185 7.00000 -28.61571
v 9.72185 7.00000 -28.61571
v 9.72185 10.15000 -28.61571
v 9.54185 10.15000 -28.61571
f 13111 13112 13113 13114
f 13115 13118 13117 13116
f 13111 13115 13116 13112
f 13114 13113 13117 13118
f 13111 13114 13118 13115
f 13112 13116 13117 13113
o V13_CurveRailTop_16
usemtl MetalDark
v 8.78613 10.05000 -30.28274
v 8.96739 10.05000 -30.36726
v 8.96739 10.25000 -30.36726
v 8.78613 10.25000 -30.28274
v 9.54122 10.05000 -28.66344
v 9.72248 10.05000 -28.74797
v 9.72248 10.25000 -28.74797
v 9.54122 10.25000 -28.66344
f 13119 13120 13121 13122
f 13123 13126 13125 13124
f 13119 13123 13124 13120
f 13122 13121 13125 13126
f 13119 13122 13126 13123
f 13120 13124 13125 13121
o V13_CurveRailPost_17
usemtl MetalDark
v 10.00428 7.00000 -27.06989
v 10.18428 7.00000 -27.06989
v 10.18428 10.15000 -27.06989
v 10.00428 10.15000 -27.06989
v 10.00428 7.00000 -26.88989
v 10.18428 7.00000 -26.88989
v 10.18428 10.15000 -26.88989
v 10.00428 10.15000 -26.88989
f 13127 13128 13129 13130
f 13131 13134 13133 13132
f 13127 13131 13132 13128
f 13130 13129 13133 13134
f 13127 13130 13134 13131
f 13128 13132 13133 13129
o V13_CurveRailTop_17
usemtl MetalDark
v 9.53526 10.05000 -28.67982
v 9.72844 10.05000 -28.73159
v 9.72844 10.25000 -28.73159
v 9.53526 10.25000 -28.67982
v 9.99769 10.05000 -26.95401
v 10.19087 10.05000 -27.00578
v 10.19087 10.25000 -27.00578
v 9.99769 10.25000 -26.95401
f 13135 13136 13137 13138
f 13139 13142 13141 13140
f 13135 13139 13140 13136
f 13138 13137 13141 13142
f 13135 13138 13142 13139
f 13136 13140 13141 13137
o V13_CurveRailPost_18
usemtl MetalDark
v 10.16000 7.00000 -25.29000
v 10.34000 7.00000 -25.29000
v 10.34000 10.15000 -25.29000
v 10.16000 10.15000 -25.29000
v 10.16000 7.00000 -25.11000
v 10.34000 7.00000 -25.11000
v 10.34000 10.15000 -25.11000
v 10.16000 10.15000 -25.11000
f 13143 13144 13145 13146
f 13147 13150 13149 13148
f 13143 13147 13148 13144
f 13146 13145 13149 13150
f 13143 13146 13150 13147
f 13144 13148 13149 13145
o V13_CurveRailTop_18
usemtl MetalDark
v 9.99466 10.05000 -26.97118
v 10.19390 10.05000 -26.98861
v 10.19390 10.25000 -26.98861
v 9.99466 10.25000 -26.97118
v 10.15038 10.05000 -25.19128
v 10.34962 10.05000 -25.20872
v 10.34962 10.25000 -25.20872
v 10.15038 10.25000 -25.19128
f 13151 13152 13153 13154
f 13155 13158 13157 13156
f 13151 13155 13156 13152
f 13154 13153 13157 13158
f 13151 13154 13158 13155
f 13152 13156 13157 13153
o V13_UpperGuardPost_-11.379999999999999_-35
usemtl MetalDark
v -11.47000 14.07000 -35.09000
v -11.29000 14.07000 -35.09000
v -11.29000 17.37000 -35.09000
v -11.47000 17.37000 -35.09000
v -11.47000 14.07000 -34.91000
v -11.29000 14.07000 -34.91000
v -11.29000 17.37000 -34.91000
v -11.47000 17.37000 -34.91000
f 13159 13160 13161 13162
f 13163 13166 13165 13164
f 13159 13163 13164 13160
f 13162 13161 13165 13166
f 13159 13162 13166 13163
f 13160 13164 13165 13161
o V13_UpperGuardPost_-11.379999999999999_-31
usemtl MetalDark
v -11.47000 14.07000 -31.09000
v -11.29000 14.07000 -31.09000
v -11.29000 17.37000 -31.09000
v -11.47000 17.37000 -31.09000
v -11.47000 14.07000 -30.91000
v -11.29000 14.07000 -30.91000
v -11.29000 17.37000 -30.91000
v -11.47000 17.37000 -30.91000
f 13167 13168 13169 13170
f 13171 13174 13173 13172
f 13167 13171 13172 13168
f 13170 13169 13173 13174
f 13167 13170 13174 13171
f 13168 13172 13173 13169
o V13_UpperGuardPost_-11.379999999999999_-27
usemtl MetalDark
v -11.47000 14.07000 -27.09000
v -11.29000 14.07000 -27.09000
v -11.29000 17.37000 -27.09000
v -11.47000 17.37000 -27.09000
v -11.47000 14.07000 -26.91000
v -11.29000 14.07000 -26.91000
v -11.29000 17.37000 -26.91000
v -11.47000 17.37000 -26.91000
f 13175 13176 13177 13178
f 13179 13182 13181 13180
f 13175 13179 13180 13176
f 13178 13177 13181 13182
f 13175 13178 13182 13179
f 13176 13180 13181 13177
o V13_UpperGuardPost_-11.379999999999999_-23
usemtl MetalDark
v -11.47000 14.07000 -23.09000
v -11.29000 14.07000 -23.09000
v -11.29000 17.37000 -23.09000
v -11.47000 17.37000 -23.09000
v -11.47000 14.07000 -22.91000
v -11.29000 14.07000 -22.91000
v -11.29000 17.37000 -22.91000
v -11.47000 17.37000 -22.91000
f 13183 13184 13185 13186
f 13187 13190 13189 13188
f 13183 13187 13188 13184
f 13186 13185 13189 13190
f 13183 13186 13190 13187
f 13184 13188 13189 13185
o V13_UpperGuardPost_-11.379999999999999_-19
usemtl MetalDark
v -11.47000 14.07000 -19.09000
v -11.29000 14.07000 -19.09000
v -11.29000 17.37000 -19.09000
v -11.47000 17.37000 -19.09000
v -11.47000 14.07000 -18.91000
v -11.29000 14.07000 -18.91000
v -11.29000 17.37000 -18.91000
v -11.47000 17.37000 -18.91000
f 13191 13192 13193 13194
f 13195 13198 13197 13196
f 13191 13195 13196 13192
f 13194 13193 13197 13198
f 13191 13194 13198 13195
f 13192 13196 13197 13193
o V13_UpperGuardPost_-11.379999999999999_-15
usemtl MetalDark
v -11.47000 14.07000 -15.09000
v -11.29000 14.07000 -15.09000
v -11.29000 17.37000 -15.09000
v -11.47000 17.37000 -15.09000
v -11.47000 14.07000 -14.91000
v -11.29000 14.07000 -14.91000
v -11.29000 17.37000 -14.91000
v -11.47000 17.37000 -14.91000
f 13199 13200 13201 13202
f 13203 13206 13205 13204
f 13199 13203 13204 13200
f 13202 13201 13205 13206
f 13199 13202 13206 13203
f 13200 13204 13205 13201
o V13_UpperGuardTop_-11.379999999999999
usemtl MetalDark
v -11.48000 17.20000 -37.20000
v -11.28000 17.20000 -37.20000
v -11.28000 17.40000 -37.20000
v -11.48000 17.40000 -37.20000
v -11.48000 17.20000 -10.40000
v -11.28000 17.20000 -10.40000
v -11.28000 17.40000 -10.40000
v -11.48000 17.40000 -10.40000
f 13207 13208 13209 13210
f 13211 13214 13213 13212
f 13207 13211 13212 13208
f 13210 13209 13213 13214
f 13207 13210 13214 13211
f 13208 13212 13213 13209
o V13_UpperGuardPost_11.379999999999999_-35
usemtl MetalDark
v 11.29000 14.07000 -35.09000
v 11.47000 14.07000 -35.09000
v 11.47000 17.37000 -35.09000
v 11.29000 17.37000 -35.09000
v 11.29000 14.07000 -34.91000
v 11.47000 14.07000 -34.91000
v 11.47000 17.37000 -34.91000
v 11.29000 17.37000 -34.91000
f 13215 13216 13217 13218
f 13219 13222 13221 13220
f 13215 13219 13220 13216
f 13218 13217 13221 13222
f 13215 13218 13222 13219
f 13216 13220 13221 13217
o V13_UpperGuardPost_11.379999999999999_-31
usemtl MetalDark
v 11.29000 14.07000 -31.09000
v 11.47000 14.07000 -31.09000
v 11.47000 17.37000 -31.09000
v 11.29000 17.37000 -31.09000
v 11.29000 14.07000 -30.91000
v 11.47000 14.07000 -30.91000
v 11.47000 17.37000 -30.91000
v 11.29000 17.37000 -30.91000
f 13223 13224 13225 13226
f 13227 13230 13229 13228
f 13223 13227 13228 13224
f 13226 13225 13229 13230
f 13223 13226 13230 13227
f 13224 13228 13229 13225
o V13_UpperGuardPost_11.379999999999999_-27
usemtl MetalDark
v 11.29000 14.07000 -27.09000
v 11.47000 14.07000 -27.09000
v 11.47000 17.37000 -27.09000
v 11.29000 17.37000 -27.09000
v 11.29000 14.07000 -26.91000
v 11.47000 14.07000 -26.91000
v 11.47000 17.37000 -26.91000
v 11.29000 17.37000 -26.91000
f 13231 13232 13233 13234
f 13235 13238 13237 13236
f 13231 13235 13236 13232
f 13234 13233 13237 13238
f 13231 13234 13238 13235
f 13232 13236 13237 13233
o V13_UpperGuardPost_11.379999999999999_-23
usemtl MetalDark
v 11.29000 14.07000 -23.09000
v 11.47000 14.07000 -23.09000
v 11.47000 17.37000 -23.09000
v 11.29000 17.37000 -23.09000
v 11.29000 14.07000 -22.91000
v 11.47000 14.07000 -22.91000
v 11.47000 17.37000 -22.91000
v 11.29000 17.37000 -22.91000
f 13239 13240 13241 13242
f 13243 13246 13245 13244
f 13239 13243 13244 13240
f 13242 13241 13245 13246
f 13239 13242 13246 13243
f 13240 13244 13245 13241
o V13_UpperGuardPost_11.379999999999999_-19
usemtl MetalDark
v 11.29000 14.07000 -19.09000
v 11.47000 14.07000 -19.09000
v 11.47000 17.37000 -19.09000
v 11.29000 17.37000 -19.09000
v 11.29000 14.07000 -18.91000
v 11.47000 14.07000 -18.91000
v 11.47000 17.37000 -18.91000
v 11.29000 17.37000 -18.91000
f 13247 13248 13249 13250
f 13251 13254 13253 13252
f 13247 13251 13252 13248
f 13250 13249 13253 13254
f 13247 13250 13254 13251
f 13248 13252 13253 13249
o V13_UpperGuardPost_11.379999999999999_-15
usemtl MetalDark
v 11.29000 14.07000 -15.09000
v 11.47000 14.07000 -15.09000
v 11.47000 17.37000 -15.09000
v 11.29000 17.37000 -15.09000
v 11.29000 14.07000 -14.91000
v 11.47000 14.07000 -14.91000
v 11.47000 17.37000 -14.91000
v 11.29000 17.37000 -14.91000
f 13255 13256 13257 13258
f 13259 13262 13261 13260
f 13255 13259 13260 13256
f 13258 13257 13261 13262
f 13255 13258 13262 13259
f 13256 13260 13261 13257
o V13_UpperGuardTop_11.379999999999999
usemtl MetalDark
v 11.28000 17.20000 -37.20000
v 11.48000 17.20000 -37.20000
v 11.48000 17.40000 -37.20000
v 11.28000 17.40000 -37.20000
v 11.28000 17.20000 -10.40000
v 11.48000 17.20000 -10.40000
v 11.48000 17.40000 -10.40000
v 11.28000 17.40000 -10.40000
f 13263 13264 13265 13266
f 13267 13270 13269 13268
f 13263 13267 13268 13264
f 13266 13265 13269 13270
f 13263 13266 13270 13267
f 13264 13268 13269 13265
o V13_UpperFrontPost_-9
usemtl MetalDark
v -9.09000 14.07000 -36.91000
v -8.91000 14.07000 -36.91000
v -8.91000 17.37000 -36.91000
v -9.09000 17.37000 -36.91000
v -9.09000 14.07000 -36.73000
v -8.91000 14.07000 -36.73000
v -8.91000 17.37000 -36.73000
v -9.09000 17.37000 -36.73000
f 13271 13272 13273 13274
f 13275 13278 13277 13276
f 13271 13275 13276 13272
f 13274 13273 13277 13278
f 13271 13274 13278 13275
f 13272 13276 13277 13273
o V13_UpperFrontPost_-6
usemtl MetalDark
v -6.09000 14.07000 -36.91000
v -5.91000 14.07000 -36.91000
v -5.91000 17.37000 -36.91000
v -6.09000 17.37000 -36.91000
v -6.09000 14.07000 -36.73000
v -5.91000 14.07000 -36.73000
v -5.91000 17.37000 -36.73000
v -6.09000 17.37000 -36.73000
f 13279 13280 13281 13282
f 13283 13286 13285 13284
f 13279 13283 13284 13280
f 13282 13281 13285 13286
f 13279 13282 13286 13283
f 13280 13284 13285 13281
o V13_UpperFrontPost_-3
usemtl MetalDark
v -3.09000 14.07000 -36.91000
v -2.91000 14.07000 -36.91000
v -2.91000 17.37000 -36.91000
v -3.09000 17.37000 -36.91000
v -3.09000 14.07000 -36.73000
v -2.91000 14.07000 -36.73000
v -2.91000 17.37000 -36.73000
v -3.09000 17.37000 -36.73000
f 13287 13288 13289 13290
f 13291 13294 13293 13292
f 13287 13291 13292 13288
f 13290 13289 13293 13294
f 13287 13290 13294 13291
f 13288 13292 13293 13289
o V13_UpperFrontPost_0
usemtl MetalDark
v -0.09000 14.07000 -36.91000
v 0.09000 14.07000 -36.91000
v 0.09000 17.37000 -36.91000
v -0.09000 17.37000 -36.91000
v -0.09000 14.07000 -36.73000
v 0.09000 14.07000 -36.73000
v 0.09000 17.37000 -36.73000
v -0.09000 17.37000 -36.73000
f 13295 13296 13297 13298
f 13299 13302 13301 13300
f 13295 13299 13300 13296
f 13298 13297 13301 13302
f 13295 13298 13302 13299
f 13296 13300 13301 13297
o V13_UpperFrontPost_3
usemtl MetalDark
v 2.91000 14.07000 -36.91000
v 3.09000 14.07000 -36.91000
v 3.09000 17.37000 -36.91000
v 2.91000 17.37000 -36.91000
v 2.91000 14.07000 -36.73000
v 3.09000 14.07000 -36.73000
v 3.09000 17.37000 -36.73000
v 2.91000 17.37000 -36.73000
f 13303 13304 13305 13306
f 13307 13310 13309 13308
f 13303 13307 13308 13304
f 13306 13305 13309 13310
f 13303 13306 13310 13307
f 13304 13308 13309 13305
o V13_UpperFrontPost_6
usemtl MetalDark
v 5.91000 14.07000 -36.91000
v 6.09000 14.07000 -36.91000
v 6.09000 17.37000 -36.91000
v 5.91000 17.37000 -36.91000
v 5.91000 14.07000 -36.73000
v 6.09000 14.07000 -36.73000
v 6.09000 17.37000 -36.73000
v 5.91000 17.37000 -36.73000
f 13311 13312 13313 13314
f 13315 13318 13317 13316
f 13311 13315 13316 13312
f 13314 13313 13317 13318
f 13311 13314 13318 13315
f 13312 13316 13317 13313
o V13_UpperFrontPost_9
usemtl MetalDark
v 8.91000 14.07000 -36.91000
v 9.09000 14.07000 -36.91000
v 9.09000 17.37000 -36.91000
v 8.91000 17.37000 -36.91000
v 8.91000 14.07000 -36.73000
v 9.09000 14.07000 -36.73000
v 9.09000 17.37000 -36.73000
v 8.91000 17.37000 -36.73000
f 13319 13320 13321 13322
f 13323 13326 13325 13324
f 13319 13323 13324 13320
f 13322 13321 13325 13326
f 13319 13322 13326 13323
f 13320 13324 13325 13321
o V13_UpperFrontTop
usemtl MetalDark
v -10.90000 17.20000 -36.92000
v 10.90000 17.20000 -36.92000
v 10.90000 17.40000 -36.92000
v -10.90000 17.40000 -36.92000
v -10.90000 17.20000 -36.72000
v 10.90000 17.20000 -36.72000
v 10.90000 17.40000 -36.72000
v -10.90000 17.40000 -36.72000
f 13327 13328 13329 13330
f 13331 13334 13333 13332
f 13327 13331 13332 13328
f 13330 13329 13333 13334
f 13327 13330 13334 13331
f 13328 13332 13333 13329
o V13_UpperBackGuard_L
usemtl MetalDark
v -11.60000 17.20000 -8.52000
v -5.60000 17.20000 -8.52000
v -5.60000 17.40000 -8.52000
v -11.60000 17.40000 -8.52000
v -11.60000 17.20000 -8.32000
v -5.60000 17.20000 -8.32000
v -5.60000 17.40000 -8.32000
v -11.60000 17.40000 -8.32000
f 13335 13336 13337 13338
f 13339 13342 13341 13340
f 13335 13339 13340 13336
f 13338 13337 13341 13342
f 13335 13338 13342 13339
f 13336 13340 13341 13337
o V13_UpperBackGuard_R
usemtl MetalDark
v 5.60000 17.20000 -8.52000
v 11.60000 17.20000 -8.52000
v 11.60000 17.40000 -8.52000
v 5.60000 17.40000 -8.52000
v 5.60000 17.20000 -8.32000
v 11.60000 17.20000 -8.32000
v 11.60000 17.40000 -8.32000
v 5.60000 17.40000 -8.32000
f 13343 13344 13345 13346
f 13347 13350 13349 13348
f 13343 13347 13348 13344
f 13346 13345 13349 13350
f 13343 13346 13350 13347
f 13344 13348 13349 13345
o V13_UpperBackPost_-11.0
usemtl MetalDark
v -11.09000 14.07000 -8.51000
v -10.91000 14.07000 -8.51000
v -10.91000 17.37000 -8.51000
v -11.09000 17.37000 -8.51000
v -11.09000 14.07000 -8.33000
v -10.91000 14.07000 -8.33000
v -10.91000 17.37000 -8.33000
v -11.09000 17.37000 -8.33000
f 13351 13352 13353 13354
f 13355 13358 13357 13356
f 13351 13355 13356 13352
f 13354 13353 13357 13358
f 13351 13354 13358 13355
f 13352 13356 13357 13353
o V13_UpperBackPost_-6.2
usemtl MetalDark
v -6.29000 14.07000 -8.51000
v -6.11000 14.07000 -8.51000
v -6.11000 17.37000 -8.51000
v -6.29000 17.37000 -8.51000
v -6.29000 14.07000 -8.33000
v -6.11000 14.07000 -8.33000
v -6.11000 17.37000 -8.33000
v -6.29000 17.37000 -8.33000
f 13359 13360 13361 13362
f 13363 13366 13365 13364
f 13359 13363 13364 13360
f 13362 13361 13365 13366
f 13359 13362 13366 13363
f 13360 13364 13365 13361
o V13_UpperBackPost_6.2
usemtl MetalDark
v 6.11000 14.07000 -8.51000
v 6.29000 14.07000 -8.51000
v 6.29000 17.37000 -8.51000
v 6.11000 17.37000 -8.51000
v 6.11000 14.07000 -8.33000
v 6.29000 14.07000 -8.33000
v 6.29000 17.37000 -8.33000
v 6.11000 17.37000 -8.33000
f 13367 13368 13369 13370
f 13371 13374 13373 13372
f 13367 13371 13372 13368
f 13370 13369 13373 13374
f 13367 13370 13374 13371
f 13368 13372 13373 13369
o V13_UpperBackPost_11.0
usemtl MetalDark
v 10.91000 14.07000 -8.51000
v 11.09000 14.07000 -8.51000
v 11.09000 17.37000 -8.51000
v 10.91000 17.37000 -8.51000
v 10.91000 14.07000 -8.33000
v 11.09000 14.07000 -8.33000
v 11.09000 17.37000 -8.33000
v 10.91000 17.37000 -8.33000
f 13375 13376 13377 13378
f 13379 13382 13381 13380
f 13375 13379 13380 13376
f 13378 13377 13381 13382
f 13375 13378 13382 13379
f 13376 13380 13381 13377
o V13_StairSkirt_Left
usemtl Green
v -11.22000 0.00000 -35.85000
v -11.08000 0.00000 -35.85000
v -11.08000 2.00000 -35.85000
v -11.22000 2.00000 -35.85000
v -11.22000 0.00000 -9.35000
v -11.08000 0.00000 -9.35000
v -11.08000 2.00000 -9.35000
v -11.22000 2.00000 -9.35000
f 13383 13384 13385 13386
f 13387 13390 13389 13388
f 13383 13387 13388 13384
f 13386 13385 13389 13390
f 13383 13386 13390 13387
f 13384 13388 13389 13385
o V13_StairSkirt_Right
usemtl Green
v 11.08000 0.00000 -35.85000
v 11.22000 0.00000 -35.85000
v 11.22000 2.00000 -35.85000
v 11.08000 2.00000 -35.85000
v 11.08000 0.00000 -9.35000
v 11.22000 0.00000 -9.35000
v 11.22000 2.00000 -9.35000
v 11.08000 2.00000 -9.35000
f 13391 13392 13393 13394
f 13395 13398 13397 13396
f 13391 13395 13396 13392
f 13394 13393 13397 13398
f 13391 13394 13398 13395
f 13392 13396 13397 13393
