mtllib Bloco_Instrucao_3D.mtl
o Ground_Slab
g Ground_Slab
usemtl Concrete
v -101.0000 -0.8000 -42.0000
v 101.0000 -0.8000 -42.0000
v 101.0000 0.0000 -42.0000
v -101.0000 0.0000 -42.0000
v -101.0000 -0.8000 42.0000
v 101.0000 -0.8000 42.0000
v 101.0000 0.0000 42.0000
v -101.0000 0.0000 42.0000
f 1 2 3 4
f 5 8 7 6
f 1 5 6 2
f 4 3 7 8
f 1 4 8 5
f 2 6 7 3
o Floor2_LeftWing
g Floor2_LeftWing
usemtl Concrete
v -101.0000 12.2000 -42.0000
v -17.0000 12.2000 -42.0000
v -17.0000 13.0000 -42.0000
v -101.0000 13.0000 -42.0000
v -101.0000 12.2000 42.0000
v -17.0000 12.2000 42.0000
v -17.0000 13.0000 42.0000
v -101.0000 13.0000 42.0000
f 9 10 11 12
f 13 16 15 14
f 9 13 14 10
f 12 11 15 16
f 9 12 16 13
f 10 14 15 11
o Floor2_RightWing
g Floor2_RightWing
usemtl Concrete
v 17.0000 12.2000 -42.0000
v 101.0000 12.2000 -42.0000
v 101.0000 13.0000 -42.0000
v 17.0000 13.0000 -42.0000
v 17.0000 12.2000 42.0000
v 101.0000 12.2000 42.0000
v 101.0000 13.0000 42.0000
v 17.0000 13.0000 42.0000
f 17 18 19 20
f 21 24 23 22
f 17 21 22 18
f 20 19 23 24
f 17 20 24 21
f 18 22 23 19
o Floor2_Core_Front
g Floor2_Core_Front
usemtl Concrete
v -17.0000 12.2000 -42.0000
v 17.0000 12.2000 -42.0000
v 17.0000 13.0000 -42.0000
v -17.0000 13.0000 -42.0000
v -17.0000 12.2000 -12.0000
v 17.0000 12.2000 -12.0000
v 17.0000 13.0000 -12.0000
v -17.0000 13.0000 -12.0000
f 25 26 27 28
f 29 32 31 30
f 25 29 30 26
f 28 27 31 32
f 25 28 32 29
f 26 30 31 27
o Floor2_Core_Back
g Floor2_Core_Back
usemtl Concrete
v -17.0000 12.2000 16.0000
v 17.0000 12.2000 16.0000
v 17.0000 13.0000 16.0000
v -17.0000 13.0000 16.0000
v -17.0000 12.2000 42.0000
v 17.0000 12.2000 42.0000
v 17.0000 13.0000 42.0000
v -17.0000 13.0000 42.0000
f 33 34 35 36
f 37 40 39 38
f 33 37 38 34
f 36 35 39 40
f 33 36 40 37
f 34 38 39 35
o Floor2_Core_Left
g Floor2_Core_Left
usemtl Concrete
v -17.0000 12.2000 -12.0000
v -10.0000 12.2000 -12.0000
v -10.0000 13.0000 -12.0000
v -17.0000 13.0000 -12.0000
v -17.0000 12.2000 16.0000
v -10.0000 12.2000 16.0000
v -10.0000 13.0000 16.0000
v -17.0000 13.0000 16.0000
f 41 42 43 44
f 45 48 47 46
f 41 45 46 42
f 44 43 47 48
f 41 44 48 45
f 42 46 47 43
o Floor2_Core_Right
g Floor2_Core_Right
usemtl Concrete
v 10.0000 12.2000 -12.0000
v 17.0000 12.2000 -12.0000
v 17.0000 13.0000 -12.0000
v 10.0000 13.0000 -12.0000
v 10.0000 12.2000 16.0000
v 17.0000 12.2000 16.0000
v 17.0000 13.0000 16.0000
v 10.0000 13.0000 16.0000
f 49 50 51 52
f 53 56 55 54
f 49 53 54 50
f 52 51 55 56
f 49 52 56 53
f 50 54 55 51
o Ceiling_LeftWing
g Ceiling_LeftWing
usemtl Concrete
v -101.0000 26.0000 -42.0000
v -17.0000 26.0000 -42.0000
v -17.0000 26.5500 -42.0000
v -101.0000 26.5500 -42.0000
v -101.0000 26.0000 42.0000
v -17.0000 26.0000 42.0000
v -17.0000 26.5500 42.0000
v -101.0000 26.5500 42.0000
f 57 58 59 60
f 61 64 63 62
f 57 61 62 58
f 60 59 63 64
f 57 60 64 61
f 58 62 63 59
o Ceiling_RightWing
g Ceiling_RightWing
usemtl Concrete
v 17.0000 26.0000 -42.0000
v 101.0000 26.0000 -42.0000
v 101.0000 26.5500 -42.0000
v 17.0000 26.5500 -42.0000
v 17.0000 26.0000 42.0000
v 101.0000 26.0000 42.0000
v 101.0000 26.5500 42.0000
v 17.0000 26.5500 42.0000
f 65 66 67 68
f 69 72 71 70
f 65 69 70 66
f 68 67 71 72
f 65 68 72 69
f 66 70 71 67
o Ceiling_Core
g Ceiling_Core
usemtl Concrete
v -17.0000 26.0000 -42.0000
v 17.0000 26.0000 -42.0000
v 17.0000 26.5500 -42.0000
v -17.0000 26.5500 -42.0000
v -17.0000 26.0000 42.0000
v 17.0000 26.0000 42.0000
v 17.0000 26.5500 42.0000
v -17.0000 26.5500 42.0000
f 73 74 75 76
f 77 80 79 78
f 73 77 78 74
f 76 75 79 80
f 73 76 80 77
f 74 78 79 75
o F1_Classroom_01_Exterior_Bottom
g F1_Classroom_01_Exterior_Bottom
usemtl WhiteBrick
v -101.0000 0.0000 -42.5000
v -59.0000 0.0000 -42.5000
v -59.0000 3.8000 -42.5000
v -101.0000 3.8000 -42.5000
v -101.0000 0.0000 -41.5000
v -59.0000 0.0000 -41.5000
v -59.0000 3.8000 -41.5000
v -101.0000 3.8000 -41.5000
f 81 82 83 84
f 85 88 87 86
f 81 85 86 82
f 84 83 87 88
f 81 84 88 85
f 82 86 87 83
o F1_Classroom_01_Exterior_Top
g F1_Classroom_01_Exterior_Top
usemtl WhiteBrick
v -101.0000 9.0000 -42.5000
v -59.0000 9.0000 -42.5000
v -59.0000 13.0000 -42.5000
v -101.0000 13.0000 -42.5000
v -101.0000 9.0000 -41.5000
v -59.0000 9.0000 -41.5000
v -59.0000 13.0000 -41.5000
v -101.0000 13.0000 -41.5000
f 89 90 91 92
f 93 96 95 94
f 89 93 94 90
f 92 91 95 96
f 89 92 96 93
f 90 94 95 91
o F1_Classroom_01_Exterior_Pier_1
g F1_Classroom_01_Exterior_Pier_1
usemtl WhiteBrick
v -101.0000 3.8000 -42.5000
v -94.1000 3.8000 -42.5000
v -94.1000 9.0000 -42.5000
v -101.0000 9.0000 -42.5000
v -101.0000 3.8000 -41.5000
v -94.1000 3.8000 -41.5000
v -94.1000 9.0000 -41.5000
v -101.0000 9.0000 -41.5000
f 97 98 99 100
f 101 104 103 102
f 97 101 102 98
f 100 99 103 104
f 97 100 104 101
f 98 102 103 99
o F1_Classroom_01_Exterior_Pier_2
g F1_Classroom_01_Exterior_Pier_2
usemtl WhiteBrick
v -87.9000 3.8000 -42.5000
v -83.1000 3.8000 -42.5000
v -83.1000 9.0000 -42.5000
v -87.9000 9.0000 -42.5000
v -87.9000 3.8000 -41.5000
v -83.1000 3.8000 -41.5000
v -83.1000 9.0000 -41.5000
v -87.9000 9.0000 -41.5000
f 105 106 107 108
f 109 112 111 110
f 105 109 110 106
f 108 107 111 112
f 105 108 112 109
f 106 110 111 107
o F1_Classroom_01_Exterior_Pier_3
g F1_Classroom_01_Exterior_Pier_3
usemtl WhiteBrick
v -76.9000 3.8000 -42.5000
v -72.1000 3.8000 -42.5000
v -72.1000 9.0000 -42.5000
v -76.9000 9.0000 -42.5000
v -76.9000 3.8000 -41.5000
v -72.1000 3.8000 -41.5000
v -72.1000 9.0000 -41.5000
v -76.9000 9.0000 -41.5000
f 113 114 115 116
f 117 120 119 118
f 113 117 118 114
f 116 115 119 120
f 113 116 120 117
f 114 118 119 115
o F1_Classroom_01_Exterior_Pier_4
g F1_Classroom_01_Exterior_Pier_4
usemtl WhiteBrick
v -65.9000 3.8000 -42.5000
v -59.0000 3.8000 -42.5000
v -59.0000 9.0000 -42.5000
v -65.9000 9.0000 -42.5000
v -65.9000 3.8000 -41.5000
v -59.0000 3.8000 -41.5000
v -59.0000 9.0000 -41.5000
v -65.9000 9.0000 -41.5000
f 121 122 123 124
f 125 128 127 126
f 121 125 126 122
f 124 123 127 128
f 121 124 128 125
f 122 126 127 123
o F1_Classroom_01_Exterior_Glass_1
g F1_Classroom_01_Exterior_Glass_1
usemtl Glass
v -93.9500 3.9500 -42.1400
v -88.0500 3.9500 -42.1400
v -88.0500 8.8500 -42.1400
v -93.9500 8.8500 -42.1400
v -93.9500 3.9500 -41.9800
v -88.0500 3.9500 -41.9800
v -88.0500 8.8500 -41.9800
v -93.9500 8.8500 -41.9800
f 129 130 131 132
f 133 136 135 134
f 129 133 134 130
f 132 131 135 136
f 129 132 136 133
f 130 134 135 131
o F1_Classroom_01_Exterior_FrameL_1
g F1_Classroom_01_Exterior_FrameL_1
usemtl Concrete
v -94.1900 3.8000 -42.1600
v -94.0100 3.8000 -42.1600
v -94.0100 9.0000 -42.1600
v -94.1900 9.0000 -42.1600
v -94.1900 3.8000 -41.9600
v -94.0100 3.8000 -41.9600
v -94.0100 9.0000 -41.9600
v -94.1900 9.0000 -41.9600
f 137 138 139 140
f 141 144 143 142
f 137 141 142 138
f 140 139 143 144
f 137 140 144 141
f 138 142 143 139
o F1_Classroom_01_Exterior_FrameR_1
g F1_Classroom_01_Exterior_FrameR_1
usemtl Concrete
v -87.9900 3.8000 -42.1600
v -87.8100 3.8000 -42.1600
v -87.8100 9.0000 -42.1600
v -87.9900 9.0000 -42.1600
v -87.9900 3.8000 -41.9600
v -87.8100 3.8000 -41.9600
v -87.8100 9.0000 -41.9600
v -87.9900 9.0000 -41.9600
f 145 146 147 148
f 149 152 151 150
f 145 149 150 146
f 148 147 151 152
f 145 148 152 149
f 146 150 151 147
o F1_Classroom_01_Exterior_FrameB_1
g F1_Classroom_01_Exterior_FrameB_1
usemtl Concrete
v -94.1000 3.7100 -42.1600
v -87.9000 3.7100 -42.1600
v -87.9000 3.8900 -42.1600
v -94.1000 3.8900 -42.1600
v -94.1000 3.7100 -41.9600
v -87.9000 3.7100 -41.9600
v -87.9000 3.8900 -41.9600
v -94.1000 3.8900 -41.9600
f 153 154 155 156
f 157 160 159 158
f 153 157 158 154
f 156 155 159 160
f 153 156 160 157
f 154 158 159 155
o F1_Classroom_01_Exterior_FrameT_1
g F1_Classroom_01_Exterior_FrameT_1
usemtl Concrete
v -94.1000 8.9100 -42.1600
v -87.9000 8.9100 -42.1600
v -87.9000 9.0900 -42.1600
v -94.1000 9.0900 -42.1600
v -94.1000 8.9100 -41.9600
v -87.9000 8.9100 -41.9600
v -87.9000 9.0900 -41.9600
v -94.1000 9.0900 -41.9600
f 161 162 163 164
f 165 168 167 166
f 161 165 166 162
f 164 163 167 168
f 161 164 168 165
f 162 166 167 163
o F1_Classroom_01_Exterior_Glass_2
g F1_Classroom_01_Exterior_Glass_2
usemtl Glass
v -82.9500 3.9500 -42.1400
v -77.0500 3.9500 -42.1400
v -77.0500 8.8500 -42.1400
v -82.9500 8.8500 -42.1400
v -82.9500 3.9500 -41.9800
v -77.0500 3.9500 -41.9800
v -77.0500 8.8500 -41.9800
v -82.9500 8.8500 -41.9800
f 169 170 171 172
f 173 176 175 174
f 169 173 174 170
f 172 171 175 176
f 169 172 176 173
f 170 174 175 171
o F1_Classroom_01_Exterior_FrameL_2
g F1_Classroom_01_Exterior_FrameL_2
usemtl Concrete
v -83.1900 3.8000 -42.1600
v -83.0100 3.8000 -42.1600
v -83.0100 9.0000 -42.1600
v -83.1900 9.0000 -42.1600
v -83.1900 3.8000 -41.9600
v -83.0100 3.8000 -41.9600
v -83.0100 9.0000 -41.9600
v -83.1900 9.0000 -41.9600
f 177 178 179 180
f 181 184 183 182
f 177 181 182 178
f 180 179 183 184
f 177 180 184 181
f 178 182 183 179
o F1_Classroom_01_Exterior_FrameR_2
g F1_Classroom_01_Exterior_FrameR_2
usemtl Concrete
v -76.9900 3.8000 -42.1600
v -76.8100 3.8000 -42.1600
v -76.8100 9.0000 -42.1600
v -76.9900 9.0000 -42.1600
v -76.9900 3.8000 -41.9600
v -76.8100 3.8000 -41.9600
v -76.8100 9.0000 -41.9600
v -76.9900 9.0000 -41.9600
f 185 186 187 188
f 189 192 191 190
f 185 189 190 186
f 188 187 191 192
f 185 188 192 189
f 186 190 191 187
o F1_Classroom_01_Exterior_FrameB_2
g F1_Classroom_01_Exterior_FrameB_2
usemtl Concrete
v -83.1000 3.7100 -42.1600
v -76.9000 3.7100 -42.1600
v -76.9000 3.8900 -42.1600
v -83.1000 3.8900 -42.1600
v -83.1000 3.7100 -41.9600
v -76.9000 3.7100 -41.9600
v -76.9000 3.8900 -41.9600
v -83.1000 3.8900 -41.9600
f 193 194 195 196
f 197 200 199 198
f 193 197 198 194
f 196 195 199 200
f 193 196 200 197
f 194 198 199 195
o F1_Classroom_01_Exterior_FrameT_2
g F1_Classroom_01_Exterior_FrameT_2
usemtl Concrete
v -83.1000 8.9100 -42.1600
v -76.9000 8.9100 -42.1600
v -76.9000 9.0900 -42.1600
v -83.1000 9.0900 -42.1600
v -83.1000 8.9100 -41.9600
v -76.9000 8.9100 -41.9600
v -76.9000 9.0900 -41.9600
v -83.1000 9.0900 -41.9600
f 201 202 203 204
f 205 208 207 206
f 201 205 206 202
f 204 203 207 208
f 201 204 208 205
f 202 206 207 203
o F1_Classroom_01_Exterior_Glass_3
g F1_Classroom_01_Exterior_Glass_3
usemtl Glass
v -71.9500 3.9500 -42.1400
v -66.0500 3.9500 -42.1400
v -66.0500 8.8500 -42.1400
v -71.9500 8.8500 -42.1400
v -71.9500 3.9500 -41.9800
v -66.0500 3.9500 -41.9800
v -66.0500 8.8500 -41.9800
v -71.9500 8.8500 -41.9800
f 209 210 211 212
f 213 216 215 214
f 209 213 214 210
f 212 211 215 216
f 209 212 216 213
f 210 214 215 211
o F1_Classroom_01_Exterior_FrameL_3
g F1_Classroom_01_Exterior_FrameL_3
usemtl Concrete
v -72.1900 3.8000 -42.1600
v -72.0100 3.8000 -42.1600
v -72.0100 9.0000 -42.1600
v -72.1900 9.0000 -42.1600
v -72.1900 3.8000 -41.9600
v -72.0100 3.8000 -41.9600
v -72.0100 9.0000 -41.9600
v -72.1900 9.0000 -41.9600
f 217 218 219 220
f 221 224 223 222
f 217 221 222 218
f 220 219 223 224
f 217 220 224 221
f 218 222 223 219
o F1_Classroom_01_Exterior_FrameR_3
g F1_Classroom_01_Exterior_FrameR_3
usemtl Concrete
v -65.9900 3.8000 -42.1600
v -65.8100 3.8000 -42.1600
v -65.8100 9.0000 -42.1600
v -65.9900 9.0000 -42.1600
v -65.9900 3.8000 -41.9600
v -65.8100 3.8000 -41.9600
v -65.8100 9.0000 -41.9600
v -65.9900 9.0000 -41.9600
f 225 226 227 228
f 229 232 231 230
f 225 229 230 226
f 228 227 231 232
f 225 228 232 229
f 226 230 231 227
o F1_Classroom_01_Exterior_FrameB_3
g F1_Classroom_01_Exterior_FrameB_3
usemtl Concrete
v -72.1000 3.7100 -42.1600
v -65.9000 3.7100 -42.1600
v -65.9000 3.8900 -42.1600
v -72.1000 3.8900 -42.1600
v -72.1000 3.7100 -41.9600
v -65.9000 3.7100 -41.9600
v -65.9000 3.8900 -41.9600
v -72.1000 3.8900 -41.9600
f 233 234 235 236
f 237 240 239 238
f 233 237 238 234
f 236 235 239 240
f 233 236 240 237
f 234 238 239 235
o F1_Classroom_01_Exterior_FrameT_3
g F1_Classroom_01_Exterior_FrameT_3
usemtl Concrete
v -72.1000 8.9100 -42.1600
v -65.9000 8.9100 -42.1600
v -65.9000 9.0900 -42.1600
v -72.1000 9.0900 -42.1600
v -72.1000 8.9100 -41.9600
v -65.9000 8.9100 -41.9600
v -65.9000 9.0900 -41.9600
v -72.1000 9.0900 -41.9600
f 241 242 243 244
f 245 248 247 246
f 241 245 246 242
f 244 243 247 248
f 241 244 248 245
f 242 246 247 243
o F1_Classroom_01_Corridor_L
g F1_Classroom_01_Corridor_L
usemtl WhiteBrick
v -101.0000 0.0000 -8.5000
v -83.0000 0.0000 -8.5000
v -83.0000 13.0000 -8.5000
v -101.0000 13.0000 -8.5000
v -101.0000 0.0000 -7.5000
v -83.0000 0.0000 -7.5000
v -83.0000 13.0000 -7.5000
v -101.0000 13.0000 -7.5000
f 249 250 251 252
f 253 256 255 254
f 249 253 254 250
f 252 251 255 256
f 249 252 256 253
f 250 254 255 251
o F1_Classroom_01_Corridor_R
g F1_Classroom_01_Corridor_R
usemtl WhiteBrick
v -77.0000 0.0000 -8.5000
v -59.0000 0.0000 -8.5000
v -59.0000 13.0000 -8.5000
v -77.0000 13.0000 -8.5000
v -77.0000 0.0000 -7.5000
v -59.0000 0.0000 -7.5000
v -59.0000 13.0000 -7.5000
v -77.0000 13.0000 -7.5000
f 257 258 259 260
f 261 264 263 262
f 257 261 262 258
f 260 259 263 264
f 257 260 264 261
f 258 262 263 259
o F1_Classroom_01_Corridor_Header
g F1_Classroom_01_Corridor_Header
usemtl WhiteBrick
v -83.0000 8.5000 -8.5000
v -77.0000 8.5000 -8.5000
v -77.0000 13.0000 -8.5000
v -83.0000 13.0000 -8.5000
v -83.0000 8.5000 -7.5000
v -77.0000 8.5000 -7.5000
v -77.0000 13.0000 -7.5000
v -83.0000 13.0000 -7.5000
f 265 266 267 268
f 269 272 271 270
f 265 269 270 266
f 268 267 271 272
f 265 268 272 269
f 266 270 271 267
o F1_Classroom_01_Corridor_FrameL
g F1_Classroom_01_Corridor_FrameL
usemtl Concrete
v -83.1000 0.0000 -8.0900
v -82.9000 0.0000 -8.0900
v -82.9000 8.5000 -8.0900
v -83.1000 8.5000 -8.0900
v -83.1000 0.0000 -7.9100
v -82.9000 0.0000 -7.9100
v -82.9000 8.5000 -7.9100
v -83.1000 8.5000 -7.9100
f 273 274 275 276
f 277 280 279 278
f 273 277 278 274
f 276 275 279 280
f 273 276 280 277
f 274 278 279 275
o F1_Classroom_01_Corridor_FrameR
g F1_Classroom_01_Corridor_FrameR
usemtl Concrete
v -77.1000 0.0000 -8.0900
v -76.9000 0.0000 -8.0900
v -76.9000 8.5000 -8.0900
v -77.1000 8.5000 -8.0900
v -77.1000 0.0000 -7.9100
v -76.9000 0.0000 -7.9100
v -76.9000 8.5000 -7.9100
v -77.1000 8.5000 -7.9100
f 281 282 283 284
f 285 288 287 286
f 281 285 286 282
f 284 283 287 288
f 281 284 288 285
f 282 286 287 283
o F1_Classroom_01_Corridor_FrameTop
g F1_Classroom_01_Corridor_FrameTop
usemtl Concrete
v -83.0000 8.4000 -8.0900
v -77.0000 8.4000 -8.0900
v -77.0000 8.6000 -8.0900
v -83.0000 8.6000 -8.0900
v -83.0000 8.4000 -7.9100
v -77.0000 8.4000 -7.9100
v -77.0000 8.6000 -7.9100
v -83.0000 8.6000 -7.9100
f 289 290 291 292
f 293 296 295 294
f 289 293 294 290
f 292 291 295 296
f 289 292 296 293
f 290 294 295 291
o F1_Classroom_01_Chair_Seat
g F1_Classroom_01_Chair_Seat
usemtl Chair
v -81.1000 1.9000 -26.0000
v -78.9000 1.9000 -26.0000
v -78.9000 2.1500 -26.0000
v -81.1000 2.1500 -26.0000
v -81.1000 1.9000 -24.0000
v -78.9000 1.9000 -24.0000
v -78.9000 2.1500 -24.0000
v -81.1000 2.1500 -24.0000
f 297 298 299 300
f 301 304 303 302
f 297 301 302 298
f 300 299 303 304
f 297 300 304 301
f 298 302 303 299
o F1_Classroom_01_Chair_Back
g F1_Classroom_01_Chair_Back
usemtl Chair
v -81.1000 2.1500 -24.2000
v -78.9000 2.1500 -24.2000
v -78.9000 4.1000 -24.2000
v -81.1000 4.1000 -24.2000
v -81.1000 2.1500 -23.9600
v -78.9000 2.1500 -23.9600
v -78.9000 4.1000 -23.9600
v -81.1000 4.1000 -23.9600
f 305 306 307 308
f 309 312 311 310
f 305 309 310 306
f 308 307 311 312
f 305 308 312 309
f 306 310 311 307
o F1_Classroom_01_Chair_Leg_-0.82_-0.72
g F1_Classroom_01_Chair_Leg_-0.82_-0.72
usemtl Metal
v -80.8900 0.0000 -25.7900
v -80.7500 0.0000 -25.7900
v -80.7500 1.9000 -25.7900
v -80.8900 1.9000 -25.7900
v -80.8900 0.0000 -25.6500
v -80.7500 0.0000 -25.6500
v -80.7500 1.9000 -25.6500
v -80.8900 1.9000 -25.6500
f 313 314 315 316
f 317 320 319 318
f 313 317 318 314
f 316 315 319 320
f 313 316 320 317
f 314 318 319 315
o F1_Classroom_01_Chair_Leg_-0.82_0.72
g F1_Classroom_01_Chair_Leg_-0.82_0.72
usemtl Metal
v -80.8900 0.0000 -24.3500
v -80.7500 0.0000 -24.3500
v -80.7500 1.9000 -24.3500
v -80.8900 1.9000 -24.3500
v -80.8900 0.0000 -24.2100
v -80.7500 0.0000 -24.2100
v -80.7500 1.9000 -24.2100
v -80.8900 1.9000 -24.2100
f 321 322 323 324
f 325 328 327 326
f 321 325 326 322
f 324 323 327 328
f 321 324 328 325
f 322 326 327 323
o F1_Classroom_01_Chair_Leg_0.82_-0.72
g F1_Classroom_01_Chair_Leg_0.82_-0.72
usemtl Metal
v -79.2500 0.0000 -25.7900
v -79.1100 0.0000 -25.7900
v -79.1100 1.9000 -25.7900
v -79.2500 1.9000 -25.7900
v -79.2500 0.0000 -25.6500
v -79.1100 0.0000 -25.6500
v -79.1100 1.9000 -25.6500
v -79.2500 1.9000 -25.6500
f 329 330 331 332
f 333 336 335 334
f 329 333 334 330
f 332 331 335 336
f 329 332 336 333
f 330 334 335 331
o F1_Classroom_01_Chair_Leg_0.82_0.72
g F1_Classroom_01_Chair_Leg_0.82_0.72
usemtl Metal
v -79.2500 0.0000 -24.3500
v -79.1100 0.0000 -24.3500
v -79.1100 1.9000 -24.3500
v -79.2500 1.9000 -24.3500
v -79.2500 0.0000 -24.2100
v -79.1100 0.0000 -24.2100
v -79.1100 1.9000 -24.2100
v -79.2500 1.9000 -24.2100
f 337 338 339 340
f 341 344 343 342
f 337 341 342 338
f 340 339 343 344
f 337 340 344 341
f 338 342 343 339
o F1_Classroom_01_Chair_TabletSupport
g F1_Classroom_01_Chair_TabletSupport
usemtl Metal
v -78.8700 1.9000 -25.1000
v -78.7200 1.9000 -25.1000
v -78.7200 3.3500 -25.1000
v -78.8700 3.3500 -25.1000
v -78.8700 1.9000 -24.9500
v -78.7200 1.9000 -24.9500
v -78.7200 3.3500 -24.9500
v -78.8700 3.3500 -24.9500
f 345 346 347 348
f 349 352 351 350
f 345 349 350 346
f 348 347 351 352
f 345 348 352 349
f 346 350 351 347
o F1_Classroom_01_Chair_Tablet
g F1_Classroom_01_Chair_Tablet
usemtl Wood
v -79.3500 3.3000 -25.9200
v -78.3500 3.3000 -25.9200
v -78.3500 3.4200 -25.9200
v -79.3500 3.4200 -25.9200
v -79.3500 3.3000 -24.2200
v -78.3500 3.3000 -24.2200
v -78.3500 3.4200 -24.2200
v -79.3500 3.4200 -24.2200
f 353 354 355 356
f 357 360 359 358
f 353 357 358 354
f 356 355 359 360
f 353 356 360 357
f 354 358 359 355
o F1_Classroom_02_Exterior_Bottom
g F1_Classroom_02_Exterior_Bottom
usemtl WhiteBrick
v -101.0000 0.0000 41.5000
v -59.0000 0.0000 41.5000
v -59.0000 3.8000 41.5000
v -101.0000 3.8000 41.5000
v -101.0000 0.0000 42.5000
v -59.0000 0.0000 42.5000
v -59.0000 3.8000 42.5000
v -101.0000 3.8000 42.5000
f 361 362 363 364
f 365 368 367 366
f 361 365 366 362
f 364 363 367 368
f 361 364 368 365
f 362 366 367 363
o F1_Classroom_02_Exterior_Top
g F1_Classroom_02_Exterior_Top
usemtl WhiteBrick
v -101.0000 9.0000 41.5000
v -59.0000 9.0000 41.5000
v -59.0000 13.0000 41.5000
v -101.0000 13.0000 41.5000
v -101.0000 9.0000 42.5000
v -59.0000 9.0000 42.5000
v -59.0000 13.0000 42.5000
v -101.0000 13.0000 42.5000
f 369 370 371 372
f 373 376 375 374
f 369 373 374 370
f 372 371 375 376
f 369 372 376 373
f 370 374 375 371
o F1_Classroom_02_Exterior_Pier_1
g F1_Classroom_02_Exterior_Pier_1
usemtl WhiteBrick
v -101.0000 3.8000 41.5000
v -94.1000 3.8000 41.5000
v -94.1000 9.0000 41.5000
v -101.0000 9.0000 41.5000
v -101.0000 3.8000 42.5000
v -94.1000 3.8000 42.5000
v -94.1000 9.0000 42.5000
v -101.0000 9.0000 42.5000
f 377 378 379 380
f 381 384 383 382
f 377 381 382 378
f 380 379 383 384
f 377 380 384 381
f 378 382 383 379
o F1_Classroom_02_Exterior_Pier_2
g F1_Classroom_02_Exterior_Pier_2
usemtl WhiteBrick
v -87.9000 3.8000 41.5000
v -83.1000 3.8000 41.5000
v -83.1000 9.0000 41.5000
v -87.9000 9.0000 41.5000
v -87.9000 3.8000 42.5000
v -83.1000 3.8000 42.5000
v -83.1000 9.0000 42.5000
v -87.9000 9.0000 42.5000
f 385 386 387 388
f 389 392 391 390
f 385 389 390 386
f 388 387 391 392
f 385 388 392 389
f 386 390 391 387
o F1_Classroom_02_Exterior_Pier_3
g F1_Classroom_02_Exterior_Pier_3
usemtl WhiteBrick
v -76.9000 3.8000 41.5000
v -72.1000 3.8000 41.5000
v -72.1000 9.0000 41.5000
v -76.9000 9.0000 41.5000
v -76.9000 3.8000 42.5000
v -72.1000 3.8000 42.5000
v -72.1000 9.0000 42.5000
v -76.9000 9.0000 42.5000
f 393 394 395 396
f 397 400 399 398
f 393 397 398 394
f 396 395 399 400
f 393 396 400 397
f 394 398 399 395
o F1_Classroom_02_Exterior_Pier_4
g F1_Classroom_02_Exterior_Pier_4
usemtl WhiteBrick
v -65.9000 3.8000 41.5000
v -59.0000 3.8000 41.5000
v -59.0000 9.0000 41.5000
v -65.9000 9.0000 41.5000
v -65.9000 3.8000 42.5000
v -59.0000 3.8000 42.5000
v -59.0000 9.0000 42.5000
v -65.9000 9.0000 42.5000
f 401 402 403 404
f 405 408 407 406
f 401 405 406 402
f 404 403 407 408
f 401 404 408 405
f 402 406 407 403
o F1_Classroom_02_Exterior_Glass_1
g F1_Classroom_02_Exterior_Glass_1
usemtl Glass
v -93.9500 3.9500 41.9800
v -88.0500 3.9500 41.9800
v -88.0500 8.8500 41.9800
v -93.9500 8.8500 41.9800
v -93.9500 3.9500 42.1400
v -88.0500 3.9500 42.1400
v -88.0500 8.8500 42.1400
v -93.9500 8.8500 42.1400
f 409 410 411 412
f 413 416 415 414
f 409 413 414 410
f 412 411 415 416
f 409 412 416 413
f 410 414 415 411
o F1_Classroom_02_Exterior_FrameL_1
g F1_Classroom_02_Exterior_FrameL_1
usemtl Concrete
v -94.1900 3.8000 41.9600
v -94.0100 3.8000 41.9600
v -94.0100 9.0000 41.9600
v -94.1900 9.0000 41.9600
v -94.1900 3.8000 42.1600
v -94.0100 3.8000 42.1600
v -94.0100 9.0000 42.1600
v -94.1900 9.0000 42.1600
f 417 418 419 420
f 421 424 423 422
f 417 421 422 418
f 420 419 423 424
f 417 420 424 421
f 418 422 423 419
o F1_Classroom_02_Exterior_FrameR_1
g F1_Classroom_02_Exterior_FrameR_1
usemtl Concrete
v -87.9900 3.8000 41.9600
v -87.8100 3.8000 41.9600
v -87.8100 9.0000 41.9600
v -87.9900 9.0000 41.9600
v -87.9900 3.8000 42.1600
v -87.8100 3.8000 42.1600
v -87.8100 9.0000 42.1600
v -87.9900 9.0000 42.1600
f 425 426 427 428
f 429 432 431 430
f 425 429 430 426
f 428 427 431 432
f 425 428 432 429
f 426 430 431 427
o F1_Classroom_02_Exterior_FrameB_1
g F1_Classroom_02_Exterior_FrameB_1
usemtl Concrete
v -94.1000 3.7100 41.9600
v -87.9000 3.7100 41.9600
v -87.9000 3.8900 41.9600
v -94.1000 3.8900 41.9600
v -94.1000 3.7100 42.1600
v -87.9000 3.7100 42.1600
v -87.9000 3.8900 42.1600
v -94.1000 3.8900 42.1600
f 433 434 435 436
f 437 440 439 438
f 433 437 438 434
f 436 435 439 440
f 433 436 440 437
f 434 438 439 435
o F1_Classroom_02_Exterior_FrameT_1
g F1_Classroom_02_Exterior_FrameT_1
usemtl Concrete
v -94.1000 8.9100 41.9600
v -87.9000 8.9100 41.9600
v -87.9000 9.0900 41.9600
v -94.1000 9.0900 41.9600
v -94.1000 8.9100 42.1600
v -87.9000 8.9100 42.1600
v -87.9000 9.0900 42.1600
v -94.1000 9.0900 42.1600
f 441 442 443 444
f 445 448 447 446
f 441 445 446 442
f 444 443 447 448
f 441 444 448 445
f 442 446 447 443
o F1_Classroom_02_Exterior_Glass_2
g F1_Classroom_02_Exterior_Glass_2
usemtl Glass
v -82.9500 3.9500 41.9800
v -77.0500 3.9500 41.9800
v -77.0500 8.8500 41.9800
v -82.9500 8.8500 41.9800
v -82.9500 3.9500 42.1400
v -77.0500 3.9500 42.1400
v -77.0500 8.8500 42.1400
v -82.9500 8.8500 42.1400
f 449 450 451 452
f 453 456 455 454
f 449 453 454 450
f 452 451 455 456
f 449 452 456 453
f 450 454 455 451
o F1_Classroom_02_Exterior_FrameL_2
g F1_Classroom_02_Exterior_FrameL_2
usemtl Concrete
v -83.1900 3.8000 41.9600
v -83.0100 3.8000 41.9600
v -83.0100 9.0000 41.9600
v -83.1900 9.0000 41.9600
v -83.1900 3.8000 42.1600
v -83.0100 3.8000 42.1600
v -83.0100 9.0000 42.1600
v -83.1900 9.0000 42.1600
f 457 458 459 460
f 461 464 463 462
f 457 461 462 458
f 460 459 463 464
f 457 460 464 461
f 458 462 463 459
o F1_Classroom_02_Exterior_FrameR_2
g F1_Classroom_02_Exterior_FrameR_2
usemtl Concrete
v -76.9900 3.8000 41.9600
v -76.8100 3.8000 41.9600
v -76.8100 9.0000 41.9600
v -76.9900 9.0000 41.9600
v -76.9900 3.8000 42.1600
v -76.8100 3.8000 42.1600
v -76.8100 9.0000 42.1600
v -76.9900 9.0000 42.1600
f 465 466 467 468
f 469 472 471 470
f 465 469 470 466
f 468 467 471 472
f 465 468 472 469
f 466 470 471 467
o F1_Classroom_02_Exterior_FrameB_2
g F1_Classroom_02_Exterior_FrameB_2
usemtl Concrete
v -83.1000 3.7100 41.9600
v -76.9000 3.7100 41.9600
v -76.9000 3.8900 41.9600
v -83.1000 3.8900 41.9600
v -83.1000 3.7100 42.1600
v -76.9000 3.7100 42.1600
v -76.9000 3.8900 42.1600
v -83.1000 3.8900 42.1600
f 473 474 475 476
f 477 480 479 478
f 473 477 478 474
f 476 475 479 480
f 473 476 480 477
f 474 478 479 475
o F1_Classroom_02_Exterior_FrameT_2
g F1_Classroom_02_Exterior_FrameT_2
usemtl Concrete
v -83.1000 8.9100 41.9600
v -76.9000 8.9100 41.9600
v -76.9000 9.0900 41.9600
v -83.1000 9.0900 41.9600
v -83.1000 8.9100 42.1600
v -76.9000 8.9100 42.1600
v -76.9000 9.0900 42.1600
v -83.1000 9.0900 42.1600
f 481 482 483 484
f 485 488 487 486
f 481 485 486 482
f 484 483 487 488
f 481 484 488 485
f 482 486 487 483
o F1_Classroom_02_Exterior_Glass_3
g F1_Classroom_02_Exterior_Glass_3
usemtl Glass
v -71.9500 3.9500 41.9800
v -66.0500 3.9500 41.9800
v -66.0500 8.8500 41.9800
v -71.9500 8.8500 41.9800
v -71.9500 3.9500 42.1400
v -66.0500 3.9500 42.1400
v -66.0500 8.8500 42.1400
v -71.9500 8.8500 42.1400
f 489 490 491 492
f 493 496 495 494
f 489 493 494 490
f 492 491 495 496
f 489 492 496 493
f 490 494 495 491
o F1_Classroom_02_Exterior_FrameL_3
g F1_Classroom_02_Exterior_FrameL_3
usemtl Concrete
v -72.1900 3.8000 41.9600
v -72.0100 3.8000 41.9600
v -72.0100 9.0000 41.9600
v -72.1900 9.0000 41.9600
v -72.1900 3.8000 42.1600
v -72.0100 3.8000 42.1600
v -72.0100 9.0000 42.1600
v -72.1900 9.0000 42.1600
f 497 498 499 500
f 501 504 503 502
f 497 501 502 498
f 500 499 503 504
f 497 500 504 501
f 498 502 503 499
o F1_Classroom_02_Exterior_FrameR_3
g F1_Classroom_02_Exterior_FrameR_3
usemtl Concrete
v -65.9900 3.8000 41.9600
v -65.8100 3.8000 41.9600
v -65.8100 9.0000 41.9600
v -65.9900 9.0000 41.9600
v -65.9900 3.8000 42.1600
v -65.8100 3.8000 42.1600
v -65.8100 9.0000 42.1600
v -65.9900 9.0000 42.1600
f 505 506 507 508
f 509 512 511 510
f 505 509 510 506
f 508 507 511 512
f 505 508 512 509
f 506 510 511 507
o F1_Classroom_02_Exterior_FrameB_3
g F1_Classroom_02_Exterior_FrameB_3
usemtl Concrete
v -72.1000 3.7100 41.9600
v -65.9000 3.7100 41.9600
v -65.9000 3.8900 41.9600
v -72.1000 3.8900 41.9600
v -72.1000 3.7100 42.1600
v -65.9000 3.7100 42.1600
v -65.9000 3.8900 42.1600
v -72.1000 3.8900 42.1600
f 513 514 515 516
f 517 520 519 518
f 513 517 518 514
f 516 515 519 520
f 513 516 520 517
f 514 518 519 515
o F1_Classroom_02_Exterior_FrameT_3
g F1_Classroom_02_Exterior_FrameT_3
usemtl Concrete
v -72.1000 8.9100 41.9600
v -65.9000 8.9100 41.9600
v -65.9000 9.0900 41.9600
v -72.1000 9.0900 41.9600
v -72.1000 8.9100 42.1600
v -65.9000 8.9100 42.1600
v -65.9000 9.0900 42.1600
v -72.1000 9.0900 42.1600
f 521 522 523 524
f 525 528 527 526
f 521 525 526 522
f 524 523 527 528
f 521 524 528 525
f 522 526 527 523
o F1_Classroom_02_Corridor_L
g F1_Classroom_02_Corridor_L
usemtl WhiteBrick
v -101.0000 0.0000 7.5000
v -83.0000 0.0000 7.5000
v -83.0000 13.0000 7.5000
v -101.0000 13.0000 7.5000
v -101.0000 0.0000 8.5000
v -83.0000 0.0000 8.5000
v -83.0000 13.0000 8.5000
v -101.0000 13.0000 8.5000
f 529 530 531 532
f 533 536 535 534
f 529 533 534 530
f 532 531 535 536
f 529 532 536 533
f 530 534 535 531
o F1_Classroom_02_Corridor_R
g F1_Classroom_02_Corridor_R
usemtl WhiteBrick
v -77.0000 0.0000 7.5000
v -59.0000 0.0000 7.5000
v -59.0000 13.0000 7.5000
v -77.0000 13.0000 7.5000
v -77.0000 0.0000 8.5000
v -59.0000 0.0000 8.5000
v -59.0000 13.0000 8.5000
v -77.0000 13.0000 8.5000
f 537 538 539 540
f 541 544 543 542
f 537 541 542 538
f 540 539 543 544
f 537 540 544 541
f 538 542 543 539
o F1_Classroom_02_Corridor_Header
g F1_Classroom_02_Corridor_Header
usemtl WhiteBrick
v -83.0000 8.5000 7.5000
v -77.0000 8.5000 7.5000
v -77.0000 13.0000 7.5000
v -83.0000 13.0000 7.5000
v -83.0000 8.5000 8.5000
v -77.0000 8.5000 8.5000
v -77.0000 13.0000 8.5000
v -83.0000 13.0000 8.5000
f 545 546 547 548
f 549 552 551 550
f 545 549 550 546
f 548 547 551 552
f 545 548 552 549
f 546 550 551 547
o F1_Classroom_02_Corridor_FrameL
g F1_Classroom_02_Corridor_FrameL
usemtl Concrete
v -83.1000 0.0000 7.9100
v -82.9000 0.0000 7.9100
v -82.9000 8.5000 7.9100
v -83.1000 8.5000 7.9100
v -83.1000 0.0000 8.0900
v -82.9000 0.0000 8.0900
v -82.9000 8.5000 8.0900
v -83.1000 8.5000 8.0900
f 553 554 555 556
f 557 560 559 558
f 553 557 558 554
f 556 555 559 560
f 553 556 560 557
f 554 558 559 555
o F1_Classroom_02_Corridor_FrameR
g F1_Classroom_02_Corridor_FrameR
usemtl Concrete
v -77.1000 0.0000 7.9100
v -76.9000 0.0000 7.9100
v -76.9000 8.5000 7.9100
v -77.1000 8.5000 7.9100
v -77.1000 0.0000 8.0900
v -76.9000 0.0000 8.0900
v -76.9000 8.5000 8.0900
v -77.1000 8.5000 8.0900
f 561 562 563 564
f 565 568 567 566
f 561 565 566 562
f 564 563 567 568
f 561 564 568 565
f 562 566 567 563
o F1_Classroom_02_Corridor_FrameTop
g F1_Classroom_02_Corridor_FrameTop
usemtl Concrete
v -83.0000 8.4000 7.9100
v -77.0000 8.4000 7.9100
v -77.0000 8.6000 7.9100
v -83.0000 8.6000 7.9100
v -83.0000 8.4000 8.0900
v -77.0000 8.4000 8.0900
v -77.0000 8.6000 8.0900
v -83.0000 8.6000 8.0900
f 569 570 571 572
f 573 576 575 574
f 569 573 574 570
f 572 571 575 576
f 569 572 576 573
f 570 574 575 571
o F1_Classroom_02_Chair_Seat
g F1_Classroom_02_Chair_Seat
usemtl Chair
v -81.1000 1.9000 24.0000
v -78.9000 1.9000 24.0000
v -78.9000 2.1500 24.0000
v -81.1000 2.1500 24.0000
v -81.1000 1.9000 26.0000
v -78.9000 1.9000 26.0000
v -78.9000 2.1500 26.0000
v -81.1000 2.1500 26.0000
f 577 578 579 580
f 581 584 583 582
f 577 581 582 578
f 580 579 583 584
f 577 580 584 581
f 578 582 583 579
o F1_Classroom_02_Chair_Back
g F1_Classroom_02_Chair_Back
usemtl Chair
v -81.1000 2.1500 23.9600
v -78.9000 2.1500 23.9600
v -78.9000 4.1000 23.9600
v -81.1000 4.1000 23.9600
v -81.1000 2.1500 24.2000
v -78.9000 2.1500 24.2000
v -78.9000 4.1000 24.2000
v -81.1000 4.1000 24.2000
f 585 586 587 588
f 589 592 591 590
f 585 589 590 586
f 588 587 591 592
f 585 588 592 589
f 586 590 591 587
o F1_Classroom_02_Chair_Leg_-0.82_-0.72
g F1_Classroom_02_Chair_Leg_-0.82_-0.72
usemtl Metal
v -80.8900 0.0000 24.2100
v -80.7500 0.0000 24.2100
v -80.7500 1.9000 24.2100
v -80.8900 1.9000 24.2100
v -80.8900 0.0000 24.3500
v -80.7500 0.0000 24.3500
v -80.7500 1.9000 24.3500
v -80.8900 1.9000 24.3500
f 593 594 595 596
f 597 600 599 598
f 593 597 598 594
f 596 595 599 600
f 593 596 600 597
f 594 598 599 595
o F1_Classroom_02_Chair_Leg_-0.82_0.72
g F1_Classroom_02_Chair_Leg_-0.82_0.72
usemtl Metal
v -80.8900 0.0000 25.6500
v -80.7500 0.0000 25.6500
v -80.7500 1.9000 25.6500
v -80.8900 1.9000 25.6500
v -80.8900 0.0000 25.7900
v -80.7500 0.0000 25.7900
v -80.7500 1.9000 25.7900
v -80.8900 1.9000 25.7900
f 601 602 603 604
f 605 608 607 606
f 601 605 606 602
f 604 603 607 608
f 601 604 608 605
f 602 606 607 603
o F1_Classroom_02_Chair_Leg_0.82_-0.72
g F1_Classroom_02_Chair_Leg_0.82_-0.72
usemtl Metal
v -79.2500 0.0000 24.2100
v -79.1100 0.0000 24.2100
v -79.1100 1.9000 24.2100
v -79.2500 1.9000 24.2100
v -79.2500 0.0000 24.3500
v -79.1100 0.0000 24.3500
v -79.1100 1.9000 24.3500
v -79.2500 1.9000 24.3500
f 609 610 611 612
f 613 616 615 614
f 609 613 614 610
f 612 611 615 616
f 609 612 616 613
f 610 614 615 611
o F1_Classroom_02_Chair_Leg_0.82_0.72
g F1_Classroom_02_Chair_Leg_0.82_0.72
usemtl Metal
v -79.2500 0.0000 25.6500
v -79.1100 0.0000 25.6500
v -79.1100 1.9000 25.6500
v -79.2500 1.9000 25.6500
v -79.2500 0.0000 25.7900
v -79.1100 0.0000 25.7900
v -79.1100 1.9000 25.7900
v -79.2500 1.9000 25.7900
f 617 618 619 620
f 621 624 623 622
f 617 621 622 618
f 620 619 623 624
f 617 620 624 621
f 618 622 623 619
o F1_Classroom_02_Chair_TabletSupport
g F1_Classroom_02_Chair_TabletSupport
usemtl Metal
v -78.8700 1.9000 24.9000
v -78.7200 1.9000 24.9000
v -78.7200 3.3500 24.9000
v -78.8700 3.3500 24.9000
v -78.8700 1.9000 25.0500
v -78.7200 1.9000 25.0500
v -78.7200 3.3500 25.0500
v -78.8700 3.3500 25.0500
f 625 626 627 628
f 629 632 631 630
f 625 629 630 626
f 628 627 631 632
f 625 628 632 629
f 626 630 631 627
o F1_Classroom_02_Chair_Tablet
g F1_Classroom_02_Chair_Tablet
usemtl Wood
v -79.3500 3.3000 24.0800
v -78.3500 3.3000 24.0800
v -78.3500 3.4200 24.0800
v -79.3500 3.4200 24.0800
v -79.3500 3.3000 25.7800
v -78.3500 3.3000 25.7800
v -78.3500 3.4200 25.7800
v -79.3500 3.4200 25.7800
f 633 634 635 636
f 637 640 639 638
f 633 637 638 634
f 636 635 639 640
f 633 636 640 637
f 634 638 639 635
o F1_Classroom_03_Exterior_Bottom
g F1_Classroom_03_Exterior_Bottom
usemtl WhiteBrick
v -59.0000 0.0000 -42.5000
v -17.0000 0.0000 -42.5000
v -17.0000 3.8000 -42.5000
v -59.0000 3.8000 -42.5000
v -59.0000 0.0000 -41.5000
v -17.0000 0.0000 -41.5000
v -17.0000 3.8000 -41.5000
v -59.0000 3.8000 -41.5000
f 641 642 643 644
f 645 648 647 646
f 641 645 646 642
f 644 643 647 648
f 641 644 648 645
f 642 646 647 643
o F1_Classroom_03_Exterior_Top
g F1_Classroom_03_Exterior_Top
usemtl WhiteBrick
v -59.0000 9.0000 -42.5000
v -17.0000 9.0000 -42.5000
v -17.0000 13.0000 -42.5000
v -59.0000 13.0000 -42.5000
v -59.0000 9.0000 -41.5000
v -17.0000 9.0000 -41.5000
v -17.0000 13.0000 -41.5000
v -59.0000 13.0000 -41.5000
f 649 650 651 652
f 653 656 655 654
f 649 653 654 650
f 652 651 655 656
f 649 652 656 653
f 650 654 655 651
o F1_Classroom_03_Exterior_Pier_1
g F1_Classroom_03_Exterior_Pier_1
usemtl WhiteBrick
v -59.0000 3.8000 -42.5000
v -52.1000 3.8000 -42.5000
v -52.1000 9.0000 -42.5000
v -59.0000 9.0000 -42.5000
v -59.0000 3.8000 -41.5000
v -52.1000 3.8000 -41.5000
v -52.1000 9.0000 -41.5000
v -59.0000 9.0000 -41.5000
f 657 658 659 660
f 661 664 663 662
f 657 661 662 658
f 660 659 663 664
f 657 660 664 661
f 658 662 663 659
o F1_Classroom_03_Exterior_Pier_2
g F1_Classroom_03_Exterior_Pier_2
usemtl WhiteBrick
v -45.9000 3.8000 -42.5000
v -41.1000 3.8000 -42.5000
v -41.1000 9.0000 -42.5000
v -45.9000 9.0000 -42.5000
v -45.9000 3.8000 -41.5000
v -41.1000 3.8000 -41.5000
v -41.1000 9.0000 -41.5000
v -45.9000 9.0000 -41.5000
f 665 666 667 668
f 669 672 671 670
f 665 669 670 666
f 668 667 671 672
f 665 668 672 669
f 666 670 671 667
o F1_Classroom_03_Exterior_Pier_3
g F1_Classroom_03_Exterior_Pier_3
usemtl WhiteBrick
v -34.9000 3.8000 -42.5000
v -30.1000 3.8000 -42.5000
v -30.1000 9.0000 -42.5000
v -34.9000 9.0000 -42.5000
v -34.9000 3.8000 -41.5000
v -30.1000 3.8000 -41.5000
v -30.1000 9.0000 -41.5000
v -34.9000 9.0000 -41.5000
f 673 674 675 676
f 677 680 679 678
f 673 677 678 674
f 676 675 679 680
f 673 676 680 677
f 674 678 679 675
o F1_Classroom_03_Exterior_Pier_4
g F1_Classroom_03_Exterior_Pier_4
usemtl WhiteBrick
v -23.9000 3.8000 -42.5000
v -17.0000 3.8000 -42.5000
v -17.0000 9.0000 -42.5000
v -23.9000 9.0000 -42.5000
v -23.9000 3.8000 -41.5000
v -17.0000 3.8000 -41.5000
v -17.0000 9.0000 -41.5000
v -23.9000 9.0000 -41.5000
f 681 682 683 684
f 685 688 687 686
f 681 685 686 682
f 684 683 687 688
f 681 684 688 685
f 682 686 687 683
o F1_Classroom_03_Exterior_Glass_1
g F1_Classroom_03_Exterior_Glass_1
usemtl Glass
v -51.9500 3.9500 -42.1400
v -46.0500 3.9500 -42.1400
v -46.0500 8.8500 -42.1400
v -51.9500 8.8500 -42.1400
v -51.9500 3.9500 -41.9800
v -46.0500 3.9500 -41.9800
v -46.0500 8.8500 -41.9800
v -51.9500 8.8500 -41.9800
f 689 690 691 692
f 693 696 695 694
f 689 693 694 690
f 692 691 695 696
f 689 692 696 693
f 690 694 695 691
o F1_Classroom_03_Exterior_FrameL_1
g F1_Classroom_03_Exterior_FrameL_1
usemtl Concrete
v -52.1900 3.8000 -42.1600
v -52.0100 3.8000 -42.1600
v -52.0100 9.0000 -42.1600
v -52.1900 9.0000 -42.1600
v -52.1900 3.8000 -41.9600
v -52.0100 3.8000 -41.9600
v -52.0100 9.0000 -41.9600
v -52.1900 9.0000 -41.9600
f 697 698 699 700
f 701 704 703 702
f 697 701 702 698
f 700 699 703 704
f 697 700 704 701
f 698 702 703 699
o F1_Classroom_03_Exterior_FrameR_1
g F1_Classroom_03_Exterior_FrameR_1
usemtl Concrete
v -45.9900 3.8000 -42.1600
v -45.8100 3.8000 -42.1600
v -45.8100 9.0000 -42.1600
v -45.9900 9.0000 -42.1600
v -45.9900 3.8000 -41.9600
v -45.8100 3.8000 -41.9600
v -45.8100 9.0000 -41.9600
v -45.9900 9.0000 -41.9600
f 705 706 707 708
f 709 712 711 710
f 705 709 710 706
f 708 707 711 712
f 705 708 712 709
f 706 710 711 707
o F1_Classroom_03_Exterior_FrameB_1
g F1_Classroom_03_Exterior_FrameB_1
usemtl Concrete
v -52.1000 3.7100 -42.1600
v -45.9000 3.7100 -42.1600
v -45.9000 3.8900 -42.1600
v -52.1000 3.8900 -42.1600
v -52.1000 3.7100 -41.9600
v -45.9000 3.7100 -41.9600
v -45.9000 3.8900 -41.9600
v -52.1000 3.8900 -41.9600
f 713 714 715 716
f 717 720 719 718
f 713 717 718 714
f 716 715 719 720
f 713 716 720 717
f 714 718 719 715
o F1_Classroom_03_Exterior_FrameT_1
g F1_Classroom_03_Exterior_FrameT_1
usemtl Concrete
v -52.1000 8.9100 -42.1600
v -45.9000 8.9100 -42.1600
v -45.9000 9.0900 -42.1600
v -52.1000 9.0900 -42.1600
v -52.1000 8.9100 -41.9600
v -45.9000 8.9100 -41.9600
v -45.9000 9.0900 -41.9600
v -52.1000 9.0900 -41.9600
f 721 722 723 724
f 725 728 727 726
f 721 725 726 722
f 724 723 727 728
f 721 724 728 725
f 722 726 727 723
o F1_Classroom_03_Exterior_Glass_2
g F1_Classroom_03_Exterior_Glass_2
usemtl Glass
v -40.9500 3.9500 -42.1400
v -35.0500 3.9500 -42.1400
v -35.0500 8.8500 -42.1400
v -40.9500 8.8500 -42.1400
v -40.9500 3.9500 -41.9800
v -35.0500 3.9500 -41.9800
v -35.0500 8.8500 -41.9800
v -40.9500 8.8500 -41.9800
f 729 730 731 732
f 733 736 735 734
f 729 733 734 730
f 732 731 735 736
f 729 732 736 733
f 730 734 735 731
o F1_Classroom_03_Exterior_FrameL_2
g F1_Classroom_03_Exterior_FrameL_2
usemtl Concrete
v -41.1900 3.8000 -42.1600
v -41.0100 3.8000 -42.1600
v -41.0100 9.0000 -42.1600
v -41.1900 9.0000 -42.1600
v -41.1900 3.8000 -41.9600
v -41.0100 3.8000 -41.9600
v -41.0100 9.0000 -41.9600
v -41.1900 9.0000 -41.9600
f 737 738 739 740
f 741 744 743 742
f 737 741 742 738
f 740 739 743 744
f 737 740 744 741
f 738 742 743 739
o F1_Classroom_03_Exterior_FrameR_2
g F1_Classroom_03_Exterior_FrameR_2
usemtl Concrete
v -34.9900 3.8000 -42.1600
v -34.8100 3.8000 -42.1600
v -34.8100 9.0000 -42.1600
v -34.9900 9.0000 -42.1600
v -34.9900 3.8000 -41.9600
v -34.8100 3.8000 -41.9600
v -34.8100 9.0000 -41.9600
v -34.9900 9.0000 -41.9600
f 745 746 747 748
f 749 752 751 750
f 745 749 750 746
f 748 747 751 752
f 745 748 752 749
f 746 750 751 747
o F1_Classroom_03_Exterior_FrameB_2
g F1_Classroom_03_Exterior_FrameB_2
usemtl Concrete
v -41.1000 3.7100 -42.1600
v -34.9000 3.7100 -42.1600
v -34.9000 3.8900 -42.1600
v -41.1000 3.8900 -42.1600
v -41.1000 3.7100 -41.9600
v -34.9000 3.7100 -41.9600
v -34.9000 3.8900 -41.9600
v -41.1000 3.8900 -41.9600
f 753 754 755 756
f 757 760 759 758
f 753 757 758 754
f 756 755 759 760
f 753 756 760 757
f 754 758 759 755
o F1_Classroom_03_Exterior_FrameT_2
g F1_Classroom_03_Exterior_FrameT_2
usemtl Concrete
v -41.1000 8.9100 -42.1600
v -34.9000 8.9100 -42.1600
v -34.9000 9.0900 -42.1600
v -41.1000 9.0900 -42.1600
v -41.1000 8.9100 -41.9600
v -34.9000 8.9100 -41.9600
v -34.9000 9.0900 -41.9600
v -41.1000 9.0900 -41.9600
f 761 762 763 764
f 765 768 767 766
f 761 765 766 762
f 764 763 767 768
f 761 764 768 765
f 762 766 767 763
o F1_Classroom_03_Exterior_Glass_3
g F1_Classroom_03_Exterior_Glass_3
usemtl Glass
v -29.9500 3.9500 -42.1400
v -24.0500 3.9500 -42.1400
v -24.0500 8.8500 -42.1400
v -29.9500 8.8500 -42.1400
v -29.9500 3.9500 -41.9800
v -24.0500 3.9500 -41.9800
v -24.0500 8.8500 -41.9800
v -29.9500 8.8500 -41.9800
f 769 770 771 772
f 773 776 775 774
f 769 773 774 770
f 772 771 775 776
f 769 772 776 773
f 770 774 775 771
o F1_Classroom_03_Exterior_FrameL_3
g F1_Classroom_03_Exterior_FrameL_3
usemtl Concrete
v -30.1900 3.8000 -42.1600
v -30.0100 3.8000 -42.1600
v -30.0100 9.0000 -42.1600
v -30.1900 9.0000 -42.1600
v -30.1900 3.8000 -41.9600
v -30.0100 3.8000 -41.9600
v -30.0100 9.0000 -41.9600
v -30.1900 9.0000 -41.9600
f 777 778 779 780
f 781 784 783 782
f 777 781 782 778
f 780 779 783 784
f 777 780 784 781
f 778 782 783 779
o F1_Classroom_03_Exterior_FrameR_3
g F1_Classroom_03_Exterior_FrameR_3
usemtl Concrete
v -23.9900 3.8000 -42.1600
v -23.8100 3.8000 -42.1600
v -23.8100 9.0000 -42.1600
v -23.9900 9.0000 -42.1600
v -23.9900 3.8000 -41.9600
v -23.8100 3.8000 -41.9600
v -23.8100 9.0000 -41.9600
v -23.9900 9.0000 -41.9600
f 785 786 787 788
f 789 792 791 790
f 785 789 790 786
f 788 787 791 792
f 785 788 792 789
f 786 790 791 787
o F1_Classroom_03_Exterior_FrameB_3
g F1_Classroom_03_Exterior_FrameB_3
usemtl Concrete
v -30.1000 3.7100 -42.1600
v -23.9000 3.7100 -42.1600
v -23.9000 3.8900 -42.1600
v -30.1000 3.8900 -42.1600
v -30.1000 3.7100 -41.9600
v -23.9000 3.7100 -41.9600
v -23.9000 3.8900 -41.9600
v -30.1000 3.8900 -41.9600
f 793 794 795 796
f 797 800 799 798
f 793 797 798 794
f 796 795 799 800
f 793 796 800 797
f 794 798 799 795
o F1_Classroom_03_Exterior_FrameT_3
g F1_Classroom_03_Exterior_FrameT_3
usemtl Concrete
v -30.1000 8.9100 -42.1600
v -23.9000 8.9100 -42.1600
v -23.9000 9.0900 -42.1600
v -30.1000 9.0900 -42.1600
v -30.1000 8.9100 -41.9600
v -23.9000 8.9100 -41.9600
v -23.9000 9.0900 -41.9600
v -30.1000 9.0900 -41.9600
f 801 802 803 804
f 805 808 807 806
f 801 805 806 802
f 804 803 807 808
f 801 804 808 805
f 802 806 807 803
o F1_Classroom_03_Corridor_L
g F1_Classroom_03_Corridor_L
usemtl WhiteBrick
v -59.0000 0.0000 -8.5000
v -41.0000 0.0000 -8.5000
v -41.0000 13.0000 -8.5000
v -59.0000 13.0000 -8.5000
v -59.0000 0.0000 -7.5000
v -41.0000 0.0000 -7.5000
v -41.0000 13.0000 -7.5000
v -59.0000 13.0000 -7.5000
f 809 810 811 812
f 813 816 815 814
f 809 813 814 810
f 812 811 815 816
f 809 812 816 813
f 810 814 815 811
o F1_Classroom_03_Corridor_R
g F1_Classroom_03_Corridor_R
usemtl WhiteBrick
v -35.0000 0.0000 -8.5000
v -17.0000 0.0000 -8.5000
v -17.0000 13.0000 -8.5000
v -35.0000 13.0000 -8.5000
v -35.0000 0.0000 -7.5000
v -17.0000 0.0000 -7.5000
v -17.0000 13.0000 -7.5000
v -35.0000 13.0000 -7.5000
f 817 818 819 820
f 821 824 823 822
f 817 821 822 818
f 820 819 823 824
f 817 820 824 821
f 818 822 823 819
o F1_Classroom_03_Corridor_Header
g F1_Classroom_03_Corridor_Header
usemtl WhiteBrick
v -41.0000 8.5000 -8.5000
v -35.0000 8.5000 -8.5000
v -35.0000 13.0000 -8.5000
v -41.0000 13.0000 -8.5000
v -41.0000 8.5000 -7.5000
v -35.0000 8.5000 -7.5000
v -35.0000 13.0000 -7.5000
v -41.0000 13.0000 -7.5000
f 825 826 827 828
f 829 832 831 830
f 825 829 830 826
f 828 827 831 832
f 825 828 832 829
f 826 830 831 827
o F1_Classroom_03_Corridor_FrameL
g F1_Classroom_03_Corridor_FrameL
usemtl Concrete
v -41.1000 0.0000 -8.0900
v -40.9000 0.0000 -8.0900
v -40.9000 8.5000 -8.0900
v -41.1000 8.5000 -8.0900
v -41.1000 0.0000 -7.9100
v -40.9000 0.0000 -7.9100
v -40.9000 8.5000 -7.9100
v -41.1000 8.5000 -7.9100
f 833 834 835 836
f 837 840 839 838
f 833 837 838 834
f 836 835 839 840
f 833 836 840 837
f 834 838 839 835
o F1_Classroom_03_Corridor_FrameR
g F1_Classroom_03_Corridor_FrameR
usemtl Concrete
v -35.1000 0.0000 -8.0900
v -34.9000 0.0000 -8.0900
v -34.9000 8.5000 -8.0900
v -35.1000 8.5000 -8.0900
v -35.1000 0.0000 -7.9100
v -34.9000 0.0000 -7.9100
v -34.9000 8.5000 -7.9100
v -35.1000 8.5000 -7.9100
f 841 842 843 844
f 845 848 847 846
f 841 845 846 842
f 844 843 847 848
f 841 844 848 845
f 842 846 847 843
o F1_Classroom_03_Corridor_FrameTop
g F1_Classroom_03_Corridor_FrameTop
usemtl Concrete
v -41.0000 8.4000 -8.0900
v -35.0000 8.4000 -8.0900
v -35.0000 8.6000 -8.0900
v -41.0000 8.6000 -8.0900
v -41.0000 8.4000 -7.9100
v -35.0000 8.4000 -7.9100
v -35.0000 8.6000 -7.9100
v -41.0000 8.6000 -7.9100
f 849 850 851 852
f 853 856 855 854
f 849 853 854 850
f 852 851 855 856
f 849 852 856 853
f 850 854 855 851
o F1_Classroom_03_Chair_Seat
g F1_Classroom_03_Chair_Seat
usemtl Chair
v -39.1000 1.9000 -26.0000
v -36.9000 1.9000 -26.0000
v -36.9000 2.1500 -26.0000
v -39.1000 2.1500 -26.0000
v -39.1000 1.9000 -24.0000
v -36.9000 1.9000 -24.0000
v -36.9000 2.1500 -24.0000
v -39.1000 2.1500 -24.0000
f 857 858 859 860
f 861 864 863 862
f 857 861 862 858
f 860 859 863 864
f 857 860 864 861
f 858 862 863 859
o F1_Classroom_03_Chair_Back
g F1_Classroom_03_Chair_Back
usemtl Chair
v -39.1000 2.1500 -24.2000
v -36.9000 2.1500 -24.2000
v -36.9000 4.1000 -24.2000
v -39.1000 4.1000 -24.2000
v -39.1000 2.1500 -23.9600
v -36.9000 2.1500 -23.9600
v -36.9000 4.1000 -23.9600
v -39.1000 4.1000 -23.9600
f 865 866 867 868
f 869 872 871 870
f 865 869 870 866
f 868 867 871 872
f 865 868 872 869
f 866 870 871 867
o F1_Classroom_03_Chair_Leg_-0.82_-0.72
g F1_Classroom_03_Chair_Leg_-0.82_-0.72
usemtl Metal
v -38.8900 0.0000 -25.7900
v -38.7500 0.0000 -25.7900
v -38.7500 1.9000 -25.7900
v -38.8900 1.9000 -25.7900
v -38.8900 0.0000 -25.6500
v -38.7500 0.0000 -25.6500
v -38.7500 1.9000 -25.6500
v -38.8900 1.9000 -25.6500
f 873 874 875 876
f 877 880 879 878
f 873 877 878 874
f 876 875 879 880
f 873 876 880 877
f 874 878 879 875
o F1_Classroom_03_Chair_Leg_-0.82_0.72
g F1_Classroom_03_Chair_Leg_-0.82_0.72
usemtl Metal
v -38.8900 0.0000 -24.3500
v -38.7500 0.0000 -24.3500
v -38.7500 1.9000 -24.3500
v -38.8900 1.9000 -24.3500
v -38.8900 0.0000 -24.2100
v -38.7500 0.0000 -24.2100
v -38.7500 1.9000 -24.2100
v -38.8900 1.9000 -24.2100
f 881 882 883 884
f 885 888 887 886
f 881 885 886 882
f 884 883 887 888
f 881 884 888 885
f 882 886 887 883
o F1_Classroom_03_Chair_Leg_0.82_-0.72
g F1_Classroom_03_Chair_Leg_0.82_-0.72
usemtl Metal
v -37.2500 0.0000 -25.7900
v -37.1100 0.0000 -25.7900
v -37.1100 1.9000 -25.7900
v -37.2500 1.9000 -25.7900
v -37.2500 0.0000 -25.6500
v -37.1100 0.0000 -25.6500
v -37.1100 1.9000 -25.6500
v -37.2500 1.9000 -25.6500
f 889 890 891 892
f 893 896 895 894
f 889 893 894 890
f 892 891 895 896
f 889 892 896 893
f 890 894 895 891
o F1_Classroom_03_Chair_Leg_0.82_0.72
g F1_Classroom_03_Chair_Leg_0.82_0.72
usemtl Metal
v -37.2500 0.0000 -24.3500
v -37.1100 0.0000 -24.3500
v -37.1100 1.9000 -24.3500
v -37.2500 1.9000 -24.3500
v -37.2500 0.0000 -24.2100
v -37.1100 0.0000 -24.2100
v -37.1100 1.9000 -24.2100
v -37.2500 1.9000 -24.2100
f 897 898 899 900
f 901 904 903 902
f 897 901 902 898
f 900 899 903 904
f 897 900 904 901
f 898 902 903 899
o F1_Classroom_03_Chair_TabletSupport
g F1_Classroom_03_Chair_TabletSupport
usemtl Metal
v -36.8700 1.9000 -25.1000
v -36.7200 1.9000 -25.1000
v -36.7200 3.3500 -25.1000
v -36.8700 3.3500 -25.1000
v -36.8700 1.9000 -24.9500
v -36.7200 1.9000 -24.9500
v -36.7200 3.3500 -24.9500
v -36.8700 3.3500 -24.9500
f 905 906 907 908
f 909 912 911 910
f 905 909 910 906
f 908 907 911 912
f 905 908 912 909
f 906 910 911 907
o F1_Classroom_03_Chair_Tablet
g F1_Classroom_03_Chair_Tablet
usemtl Wood
v -37.3500 3.3000 -25.9200
v -36.3500 3.3000 -25.9200
v -36.3500 3.4200 -25.9200
v -37.3500 3.4200 -25.9200
v -37.3500 3.3000 -24.2200
v -36.3500 3.3000 -24.2200
v -36.3500 3.4200 -24.2200
v -37.3500 3.4200 -24.2200
f 913 914 915 916
f 917 920 919 918
f 913 917 918 914
f 916 915 919 920
f 913 916 920 917
f 914 918 919 915
o F1_Classroom_04_Exterior_Bottom
g F1_Classroom_04_Exterior_Bottom
usemtl WhiteBrick
v -59.0000 0.0000 41.5000
v -17.0000 0.0000 41.5000
v -17.0000 3.8000 41.5000
v -59.0000 3.8000 41.5000
v -59.0000 0.0000 42.5000
v -17.0000 0.0000 42.5000
v -17.0000 3.8000 42.5000
v -59.0000 3.8000 42.5000
f 921 922 923 924
f 925 928 927 926
f 921 925 926 922
f 924 923 927 928
f 921 924 928 925
f 922 926 927 923
o F1_Classroom_04_Exterior_Top
g F1_Classroom_04_Exterior_Top
usemtl WhiteBrick
v -59.0000 9.0000 41.5000
v -17.0000 9.0000 41.5000
v -17.0000 13.0000 41.5000
v -59.0000 13.0000 41.5000
v -59.0000 9.0000 42.5000
v -17.0000 9.0000 42.5000
v -17.0000 13.0000 42.5000
v -59.0000 13.0000 42.5000
f 929 930 931 932
f 933 936 935 934
f 929 933 934 930
f 932 931 935 936
f 929 932 936 933
f 930 934 935 931
o F1_Classroom_04_Exterior_Pier_1
g F1_Classroom_04_Exterior_Pier_1
usemtl WhiteBrick
v -59.0000 3.8000 41.5000
v -52.1000 3.8000 41.5000
v -52.1000 9.0000 41.5000
v -59.0000 9.0000 41.5000
v -59.0000 3.8000 42.5000
v -52.1000 3.8000 42.5000
v -52.1000 9.0000 42.5000
v -59.0000 9.0000 42.5000
f 937 938 939 940
f 941 944 943 942
f 937 941 942 938
f 940 939 943 944
f 937 940 944 941
f 938 942 943 939
o F1_Classroom_04_Exterior_Pier_2
g F1_Classroom_04_Exterior_Pier_2
usemtl WhiteBrick
v -45.9000 3.8000 41.5000
v -41.1000 3.8000 41.5000
v -41.1000 9.0000 41.5000
v -45.9000 9.0000 41.5000
v -45.9000 3.8000 42.5000
v -41.1000 3.8000 42.5000
v -41.1000 9.0000 42.5000
v -45.9000 9.0000 42.5000
f 945 946 947 948
f 949 952 951 950
f 945 949 950 946
f 948 947 951 952
f 945 948 952 949
f 946 950 951 947
o F1_Classroom_04_Exterior_Pier_3
g F1_Classroom_04_Exterior_Pier_3
usemtl WhiteBrick
v -34.9000 3.8000 41.5000
v -30.1000 3.8000 41.5000
v -30.1000 9.0000 41.5000
v -34.9000 9.0000 41.5000
v -34.9000 3.8000 42.5000
v -30.1000 3.8000 42.5000
v -30.1000 9.0000 42.5000
v -34.9000 9.0000 42.5000
f 953 954 955 956
f 957 960 959 958
f 953 957 958 954
f 956 955 959 960
f 953 956 960 957
f 954 958 959 955
o F1_Classroom_04_Exterior_Pier_4
g F1_Classroom_04_Exterior_Pier_4
usemtl WhiteBrick
v -23.9000 3.8000 41.5000
v -17.0000 3.8000 41.5000
v -17.0000 9.0000 41.5000
v -23.9000 9.0000 41.5000
v -23.9000 3.8000 42.5000
v -17.0000 3.8000 42.5000
v -17.0000 9.0000 42.5000
v -23.9000 9.0000 42.5000
f 961 962 963 964
f 965 968 967 966
f 961 965 966 962
f 964 963 967 968
f 961 964 968 965
f 962 966 967 963
o F1_Classroom_04_Exterior_Glass_1
g F1_Classroom_04_Exterior_Glass_1
usemtl Glass
v -51.9500 3.9500 41.9800
v -46.0500 3.9500 41.9800
v -46.0500 8.8500 41.9800
v -51.9500 8.8500 41.9800
v -51.9500 3.9500 42.1400
v -46.0500 3.9500 42.1400
v -46.0500 8.8500 42.1400
v -51.9500 8.8500 42.1400
f 969 970 971 972
f 973 976 975 974
f 969 973 974 970
f 972 971 975 976
f 969 972 976 973
f 970 974 975 971
o F1_Classroom_04_Exterior_FrameL_1
g F1_Classroom_04_Exterior_FrameL_1
usemtl Concrete
v -52.1900 3.8000 41.9600
v -52.0100 3.8000 41.9600
v -52.0100 9.0000 41.9600
v -52.1900 9.0000 41.9600
v -52.1900 3.8000 42.1600
v -52.0100 3.8000 42.1600
v -52.0100 9.0000 42.1600
v -52.1900 9.0000 42.1600
f 977 978 979 980
f 981 984 983 982
f 977 981 982 978
f 980 979 983 984
f 977 980 984 981
f 978 982 983 979
o F1_Classroom_04_Exterior_FrameR_1
g F1_Classroom_04_Exterior_FrameR_1
usemtl Concrete
v -45.9900 3.8000 41.9600
v -45.8100 3.8000 41.9600
v -45.8100 9.0000 41.9600
v -45.9900 9.0000 41.9600
v -45.9900 3.8000 42.1600
v -45.8100 3.8000 42.1600
v -45.8100 9.0000 42.1600
v -45.9900 9.0000 42.1600
f 985 986 987 988
f 989 992 991 990
f 985 989 990 986
f 988 987 991 992
f 985 988 992 989
f 986 990 991 987
o F1_Classroom_04_Exterior_FrameB_1
g F1_Classroom_04_Exterior_FrameB_1
usemtl Concrete
v -52.1000 3.7100 41.9600
v -45.9000 3.7100 41.9600
v -45.9000 3.8900 41.9600
v -52.1000 3.8900 41.9600
v -52.1000 3.7100 42.1600
v -45.9000 3.7100 42.1600
v -45.9000 3.8900 42.1600
v -52.1000 3.8900 42.1600
f 993 994 995 996
f 997 1000 999 998
f 993 997 998 994
f 996 995 999 1000
f 993 996 1000 997
f 994 998 999 995
o F1_Classroom_04_Exterior_FrameT_1
g F1_Classroom_04_Exterior_FrameT_1
usemtl Concrete
v -52.1000 8.9100 41.9600
v -45.9000 8.9100 41.9600
v -45.9000 9.0900 41.9600
v -52.1000 9.0900 41.9600
v -52.1000 8.9100 42.1600
v -45.9000 8.9100 42.1600
v -45.9000 9.0900 42.1600
v -52.1000 9.0900 42.1600
f 1001 1002 1003 1004
f 1005 1008 1007 1006
f 1001 1005 1006 1002
f 1004 1003 1007 1008
f 1001 1004 1008 1005
f 1002 1006 1007 1003
o F1_Classroom_04_Exterior_Glass_2
g F1_Classroom_04_Exterior_Glass_2
usemtl Glass
v -40.9500 3.9500 41.9800
v -35.0500 3.9500 41.9800
v -35.0500 8.8500 41.9800
v -40.9500 8.8500 41.9800
v -40.9500 3.9500 42.1400
v -35.0500 3.9500 42.1400
v -35.0500 8.8500 42.1400
v -40.9500 8.8500 42.1400
f 1009 1010 1011 1012
f 1013 1016 1015 1014
f 1009 1013 1014 1010
f 1012 1011 1015 1016
f 1009 1012 1016 1013
f 1010 1014 1015 1011
o F1_Classroom_04_Exterior_FrameL_2
g F1_Classroom_04_Exterior_FrameL_2
usemtl Concrete
v -41.1900 3.8000 41.9600
v -41.0100 3.8000 41.9600
v -41.0100 9.0000 41.9600
v -41.1900 9.0000 41.9600
v -41.1900 3.8000 42.1600
v -41.0100 3.8000 42.1600
v -41.0100 9.0000 42.1600
v -41.1900 9.0000 42.1600
f 1017 1018 1019 1020
f 1021 1024 1023 1022
f 1017 1021 1022 1018
f 1020 1019 1023 1024
f 1017 1020 1024 1021
f 1018 1022 1023 1019
o F1_Classroom_04_Exterior_FrameR_2
g F1_Classroom_04_Exterior_FrameR_2
usemtl Concrete
v -34.9900 3.8000 41.9600
v -34.8100 3.8000 41.9600
v -34.8100 9.0000 41.9600
v -34.9900 9.0000 41.9600
v -34.9900 3.8000 42.1600
v -34.8100 3.8000 42.1600
v -34.8100 9.0000 42.1600
v -34.9900 9.0000 42.1600
f 1025 1026 1027 1028
f 1029 1032 1031 1030
f 1025 1029 1030 1026
f 1028 1027 1031 1032
f 1025 1028 1032 1029
f 1026 1030 1031 1027
o F1_Classroom_04_Exterior_FrameB_2
g F1_Classroom_04_Exterior_FrameB_2
usemtl Concrete
v -41.1000 3.7100 41.9600
v -34.9000 3.7100 41.9600
v -34.9000 3.8900 41.9600
v -41.1000 3.8900 41.9600
v -41.1000 3.7100 42.1600
v -34.9000 3.7100 42.1600
v -34.9000 3.8900 42.1600
v -41.1000 3.8900 42.1600
f 1033 1034 1035 1036
f 1037 1040 1039 1038
f 1033 1037 1038 1034
f 1036 1035 1039 1040
f 1033 1036 1040 1037
f 1034 1038 1039 1035
o F1_Classroom_04_Exterior_FrameT_2
g F1_Classroom_04_Exterior_FrameT_2
usemtl Concrete
v -41.1000 8.9100 41.9600
v -34.9000 8.9100 41.9600
v -34.9000 9.0900 41.9600
v -41.1000 9.0900 41.9600
v -41.1000 8.9100 42.1600
v -34.9000 8.9100 42.1600
v -34.9000 9.0900 42.1600
v -41.1000 9.0900 42.1600
f 1041 1042 1043 1044
f 1045 1048 1047 1046
f 1041 1045 1046 1042
f 1044 1043 1047 1048
f 1041 1044 1048 1045
f 1042 1046 1047 1043
o F1_Classroom_04_Exterior_Glass_3
g F1_Classroom_04_Exterior_Glass_3
usemtl Glass
v -29.9500 3.9500 41.9800
v -24.0500 3.9500 41.9800
v -24.0500 8.8500 41.9800
v -29.9500 8.8500 41.9800
v -29.9500 3.9500 42.1400
v -24.0500 3.9500 42.1400
v -24.0500 8.8500 42.1400
v -29.9500 8.8500 42.1400
f 1049 1050 1051 1052
f 1053 1056 1055 1054
f 1049 1053 1054 1050
f 1052 1051 1055 1056
f 1049 1052 1056 1053
f 1050 1054 1055 1051
o F1_Classroom_04_Exterior_FrameL_3
g F1_Classroom_04_Exterior_FrameL_3
usemtl Concrete
v -30.1900 3.8000 41.9600
v -30.0100 3.8000 41.9600
v -30.0100 9.0000 41.9600
v -30.1900 9.0000 41.9600
v -30.1900 3.8000 42.1600
v -30.0100 3.8000 42.1600
v -30.0100 9.0000 42.1600
v -30.1900 9.0000 42.1600
f 1057 1058 1059 1060
f 1061 1064 1063 1062
f 1057 1061 1062 1058
f 1060 1059 1063 1064
f 1057 1060 1064 1061
f 1058 1062 1063 1059
o F1_Classroom_04_Exterior_FrameR_3
g F1_Classroom_04_Exterior_FrameR_3
usemtl Concrete
v -23.9900 3.8000 41.9600
v -23.8100 3.8000 41.9600
v -23.8100 9.0000 41.9600
v -23.9900 9.0000 41.9600
v -23.9900 3.8000 42.1600
v -23.8100 3.8000 42.1600
v -23.8100 9.0000 42.1600
v -23.9900 9.0000 42.1600
f 1065 1066 1067 1068
f 1069 1072 1071 1070
f 1065 1069 1070 1066
f 1068 1067 1071 1072
f 1065 1068 1072 1069
f 1066 1070 1071 1067
o F1_Classroom_04_Exterior_FrameB_3
g F1_Classroom_04_Exterior_FrameB_3
usemtl Concrete
v -30.1000 3.7100 41.9600
v -23.9000 3.7100 41.9600
v -23.9000 3.8900 41.9600
v -30.1000 3.8900 41.9600
v -30.1000 3.7100 42.1600
v -23.9000 3.7100 42.1600
v -23.9000 3.8900 42.1600
v -30.1000 3.8900 42.1600
f 1073 1074 1075 1076
f 1077 1080 1079 1078
f 1073 1077 1078 1074
f 1076 1075 1079 1080
f 1073 1076 1080 1077
f 1074 1078 1079 1075
o F1_Classroom_04_Exterior_FrameT_3
g F1_Classroom_04_Exterior_FrameT_3
usemtl Concrete
v -30.1000 8.9100 41.9600
v -23.9000 8.9100 41.9600
v -23.9000 9.0900 41.9600
v -30.1000 9.0900 41.9600
v -30.1000 8.9100 42.1600
v -23.9000 8.9100 42.1600
v -23.9000 9.0900 42.1600
v -30.1000 9.0900 42.1600
f 1081 1082 1083 1084
f 1085 1088 1087 1086
f 1081 1085 1086 1082
f 1084 1083 1087 1088
f 1081 1084 1088 1085
f 1082 1086 1087 1083
o F1_Classroom_04_Corridor_L
g F1_Classroom_04_Corridor_L
usemtl WhiteBrick
v -59.0000 0.0000 7.5000
v -41.0000 0.0000 7.5000
v -41.0000 13.0000 7.5000
v -59.0000 13.0000 7.5000
v -59.0000 0.0000 8.5000
v -41.0000 0.0000 8.5000
v -41.0000 13.0000 8.5000
v -59.0000 13.0000 8.5000
f 1089 1090 1091 1092
f 1093 1096 1095 1094
f 1089 1093 1094 1090
f 1092 1091 1095 1096
f 1089 1092 1096 1093
f 1090 1094 1095 1091
o F1_Classroom_04_Corridor_R
g F1_Classroom_04_Corridor_R
usemtl WhiteBrick
v -35.0000 0.0000 7.5000
v -17.0000 0.0000 7.5000
v -17.0000 13.0000 7.5000
v -35.0000 13.0000 7.5000
v -35.0000 0.0000 8.5000
v -17.0000 0.0000 8.5000
v -17.0000 13.0000 8.5000
v -35.0000 13.0000 8.5000
f 1097 1098 1099 1100
f 1101 1104 1103 1102
f 1097 1101 1102 1098
f 1100 1099 1103 1104
f 1097 1100 1104 1101
f 1098 1102 1103 1099
o F1_Classroom_04_Corridor_Header
g F1_Classroom_04_Corridor_Header
usemtl WhiteBrick
v -41.0000 8.5000 7.5000
v -35.0000 8.5000 7.5000
v -35.0000 13.0000 7.5000
v -41.0000 13.0000 7.5000
v -41.0000 8.5000 8.5000
v -35.0000 8.5000 8.5000
v -35.0000 13.0000 8.5000
v -41.0000 13.0000 8.5000
f 1105 1106 1107 1108
f 1109 1112 1111 1110
f 1105 1109 1110 1106
f 1108 1107 1111 1112
f 1105 1108 1112 1109
f 1106 1110 1111 1107
o F1_Classroom_04_Corridor_FrameL
g F1_Classroom_04_Corridor_FrameL
usemtl Concrete
v -41.1000 0.0000 7.9100
v -40.9000 0.0000 7.9100
v -40.9000 8.5000 7.9100
v -41.1000 8.5000 7.9100
v -41.1000 0.0000 8.0900
v -40.9000 0.0000 8.0900
v -40.9000 8.5000 8.0900
v -41.1000 8.5000 8.0900
f 1113 1114 1115 1116
f 1117 1120 1119 1118
f 1113 1117 1118 1114
f 1116 1115 1119 1120
f 1113 1116 1120 1117
f 1114 1118 1119 1115
o F1_Classroom_04_Corridor_FrameR
g F1_Classroom_04_Corridor_FrameR
usemtl Concrete
v -35.1000 0.0000 7.9100
v -34.9000 0.0000 7.9100
v -34.9000 8.5000 7.9100
v -35.1000 8.5000 7.9100
v -35.1000 0.0000 8.0900
v -34.9000 0.0000 8.0900
v -34.9000 8.5000 8.0900
v -35.1000 8.5000 8.0900
f 1121 1122 1123 1124
f 1125 1128 1127 1126
f 1121 1125 1126 1122
f 1124 1123 1127 1128
f 1121 1124 1128 1125
f 1122 1126 1127 1123
o F1_Classroom_04_Corridor_FrameTop
g F1_Classroom_04_Corridor_FrameTop
usemtl Concrete
v -41.0000 8.4000 7.9100
v -35.0000 8.4000 7.9100
v -35.0000 8.6000 7.9100
v -41.0000 8.6000 7.9100
v -41.0000 8.4000 8.0900
v -35.0000 8.4000 8.0900
v -35.0000 8.6000 8.0900
v -41.0000 8.6000 8.0900
f 1129 1130 1131 1132
f 1133 1136 1135 1134
f 1129 1133 1134 1130
f 1132 1131 1135 1136
f 1129 1132 1136 1133
f 1130 1134 1135 1131
o F1_Classroom_04_Chair_Seat
g F1_Classroom_04_Chair_Seat
usemtl Chair
v -39.1000 1.9000 24.0000
v -36.9000 1.9000 24.0000
v -36.9000 2.1500 24.0000
v -39.1000 2.1500 24.0000
v -39.1000 1.9000 26.0000
v -36.9000 1.9000 26.0000
v -36.9000 2.1500 26.0000
v -39.1000 2.1500 26.0000
f 1137 1138 1139 1140
f 1141 1144 1143 1142
f 1137 1141 1142 1138
f 1140 1139 1143 1144
f 1137 1140 1144 1141
f 1138 1142 1143 1139
o F1_Classroom_04_Chair_Back
g F1_Classroom_04_Chair_Back
usemtl Chair
v -39.1000 2.1500 23.9600
v -36.9000 2.1500 23.9600
v -36.9000 4.1000 23.9600
v -39.1000 4.1000 23.9600
v -39.1000 2.1500 24.2000
v -36.9000 2.1500 24.2000
v -36.9000 4.1000 24.2000
v -39.1000 4.1000 24.2000
f 1145 1146 1147 1148
f 1149 1152 1151 1150
f 1145 1149 1150 1146
f 1148 1147 1151 1152
f 1145 1148 1152 1149
f 1146 1150 1151 1147
o F1_Classroom_04_Chair_Leg_-0.82_-0.72
g F1_Classroom_04_Chair_Leg_-0.82_-0.72
usemtl Metal
v -38.8900 0.0000 24.2100
v -38.7500 0.0000 24.2100
v -38.7500 1.9000 24.2100
v -38.8900 1.9000 24.2100
v -38.8900 0.0000 24.3500
v -38.7500 0.0000 24.3500
v -38.7500 1.9000 24.3500
v -38.8900 1.9000 24.3500
f 1153 1154 1155 1156
f 1157 1160 1159 1158
f 1153 1157 1158 1154
f 1156 1155 1159 1160
f 1153 1156 1160 1157
f 1154 1158 1159 1155
o F1_Classroom_04_Chair_Leg_-0.82_0.72
g F1_Classroom_04_Chair_Leg_-0.82_0.72
usemtl Metal
v -38.8900 0.0000 25.6500
v -38.7500 0.0000 25.6500
v -38.7500 1.9000 25.6500
v -38.8900 1.9000 25.6500
v -38.8900 0.0000 25.7900
v -38.7500 0.0000 25.7900
v -38.7500 1.9000 25.7900
v -38.8900 1.9000 25.7900
f 1161 1162 1163 1164
f 1165 1168 1167 1166
f 1161 1165 1166 1162
f 1164 1163 1167 1168
f 1161 1164 1168 1165
f 1162 1166 1167 1163
o F1_Classroom_04_Chair_Leg_0.82_-0.72
g F1_Classroom_04_Chair_Leg_0.82_-0.72
usemtl Metal
v -37.2500 0.0000 24.2100
v -37.1100 0.0000 24.2100
v -37.1100 1.9000 24.2100
v -37.2500 1.9000 24.2100
v -37.2500 0.0000 24.3500
v -37.1100 0.0000 24.3500
v -37.1100 1.9000 24.3500
v -37.2500 1.9000 24.3500
f 1169 1170 1171 1172
f 1173 1176 1175 1174
f 1169 1173 1174 1170
f 1172 1171 1175 1176
f 1169 1172 1176 1173
f 1170 1174 1175 1171
o F1_Classroom_04_Chair_Leg_0.82_0.72
g F1_Classroom_04_Chair_Leg_0.82_0.72
usemtl Metal
v -37.2500 0.0000 25.6500
v -37.1100 0.0000 25.6500
v -37.1100 1.9000 25.6500
v -37.2500 1.9000 25.6500
v -37.2500 0.0000 25.7900
v -37.1100 0.0000 25.7900
v -37.1100 1.9000 25.7900
v -37.2500 1.9000 25.7900
f 1177 1178 1179 1180
f 1181 1184 1183 1182
f 1177 1181 1182 1178
f 1180 1179 1183 1184
f 1177 1180 1184 1181
f 1178 1182 1183 1179
o F1_Classroom_04_Chair_TabletSupport
g F1_Classroom_04_Chair_TabletSupport
usemtl Metal
v -36.8700 1.9000 24.9000
v -36.7200 1.9000 24.9000
v -36.7200 3.3500 24.9000
v -36.8700 3.3500 24.9000
v -36.8700 1.9000 25.0500
v -36.7200 1.9000 25.0500
v -36.7200 3.3500 25.0500
v -36.8700 3.3500 25.0500
f 1185 1186 1187 1188
f 1189 1192 1191 1190
f 1185 1189 1190 1186
f 1188 1187 1191 1192
f 1185 1188 1192 1189
f 1186 1190 1191 1187
o F1_Classroom_04_Chair_Tablet
g F1_Classroom_04_Chair_Tablet
usemtl Wood
v -37.3500 3.3000 24.0800
v -36.3500 3.3000 24.0800
v -36.3500 3.4200 24.0800
v -37.3500 3.4200 24.0800
v -37.3500 3.3000 25.7800
v -36.3500 3.3000 25.7800
v -36.3500 3.4200 25.7800
v -37.3500 3.4200 25.7800
f 1193 1194 1195 1196
f 1197 1200 1199 1198
f 1193 1197 1198 1194
f 1196 1195 1199 1200
f 1193 1196 1200 1197
f 1194 1198 1199 1195
o F1_Classroom_05_Exterior_Bottom
g F1_Classroom_05_Exterior_Bottom
usemtl WhiteBrick
v 17.0000 0.0000 -42.5000
v 59.0000 0.0000 -42.5000
v 59.0000 3.8000 -42.5000
v 17.0000 3.8000 -42.5000
v 17.0000 0.0000 -41.5000
v 59.0000 0.0000 -41.5000
v 59.0000 3.8000 -41.5000
v 17.0000 3.8000 -41.5000
f 1201 1202 1203 1204
f 1205 1208 1207 1206
f 1201 1205 1206 1202
f 1204 1203 1207 1208
f 1201 1204 1208 1205
f 1202 1206 1207 1203
o F1_Classroom_05_Exterior_Top
g F1_Classroom_05_Exterior_Top
usemtl WhiteBrick
v 17.0000 9.0000 -42.5000
v 59.0000 9.0000 -42.5000
v 59.0000 13.0000 -42.5000
v 17.0000 13.0000 -42.5000
v 17.0000 9.0000 -41.5000
v 59.0000 9.0000 -41.5000
v 59.0000 13.0000 -41.5000
v 17.0000 13.0000 -41.5000
f 1209 1210 1211 1212
f 1213 1216 1215 1214
f 1209 1213 1214 1210
f 1212 1211 1215 1216
f 1209 1212 1216 1213
f 1210 1214 1215 1211
o F1_Classroom_05_Exterior_Pier_1
g F1_Classroom_05_Exterior_Pier_1
usemtl WhiteBrick
v 17.0000 3.8000 -42.5000
v 23.9000 3.8000 -42.5000
v 23.9000 9.0000 -42.5000
v 17.0000 9.0000 -42.5000
v 17.0000 3.8000 -41.5000
v 23.9000 3.8000 -41.5000
v 23.9000 9.0000 -41.5000
v 17.0000 9.0000 -41.5000
f 1217 1218 1219 1220
f 1221 1224 1223 1222
f 1217 1221 1222 1218
f 1220 1219 1223 1224
f 1217 1220 1224 1221
f 1218 1222 1223 1219
o F1_Classroom_05_Exterior_Pier_2
g F1_Classroom_05_Exterior_Pier_2
usemtl WhiteBrick
v 30.1000 3.8000 -42.5000
v 34.9000 3.8000 -42.5000
v 34.9000 9.0000 -42.5000
v 30.1000 9.0000 -42.5000
v 30.1000 3.8000 -41.5000
v 34.9000 3.8000 -41.5000
v 34.9000 9.0000 -41.5000
v 30.1000 9.0000 -41.5000
f 1225 1226 1227 1228
f 1229 1232 1231 1230
f 1225 1229 1230 1226
f 1228 1227 1231 1232
f 1225 1228 1232 1229
f 1226 1230 1231 1227
o F1_Classroom_05_Exterior_Pier_3
g F1_Classroom_05_Exterior_Pier_3
usemtl WhiteBrick
v 41.1000 3.8000 -42.5000
v 45.9000 3.8000 -42.5000
v 45.9000 9.0000 -42.5000
v 41.1000 9.0000 -42.5000
v 41.1000 3.8000 -41.5000
v 45.9000 3.8000 -41.5000
v 45.9000 9.0000 -41.5000
v 41.1000 9.0000 -41.5000
f 1233 1234 1235 1236
f 1237 1240 1239 1238
f 1233 1237 1238 1234
f 1236 1235 1239 1240
f 1233 1236 1240 1237
f 1234 1238 1239 1235
o F1_Classroom_05_Exterior_Pier_4
g F1_Classroom_05_Exterior_Pier_4
usemtl WhiteBrick
v 52.1000 3.8000 -42.5000
v 59.0000 3.8000 -42.5000
v 59.0000 9.0000 -42.5000
v 52.1000 9.0000 -42.5000
v 52.1000 3.8000 -41.5000
v 59.0000 3.8000 -41.5000
v 59.0000 9.0000 -41.5000
v 52.1000 9.0000 -41.5000
f 1241 1242 1243 1244
f 1245 1248 1247 1246
f 1241 1245 1246 1242
f 1244 1243 1247 1248
f 1241 1244 1248 1245
f 1242 1246 1247 1243
o F1_Classroom_05_Exterior_Glass_1
g F1_Classroom_05_Exterior_Glass_1
usemtl Glass
v 24.0500 3.9500 -42.1400
v 29.9500 3.9500 -42.1400
v 29.9500 8.8500 -42.1400
v 24.0500 8.8500 -42.1400
v 24.0500 3.9500 -41.9800
v 29.9500 3.9500 -41.9800
v 29.9500 8.8500 -41.9800
v 24.0500 8.8500 -41.9800
f 1249 1250 1251 1252
f 1253 1256 1255 1254
f 1249 1253 1254 1250
f 1252 1251 1255 1256
f 1249 1252 1256 1253
f 1250 1254 1255 1251
o F1_Classroom_05_Exterior_FrameL_1
g F1_Classroom_05_Exterior_FrameL_1
usemtl Concrete
v 23.8100 3.8000 -42.1600
v 23.9900 3.8000 -42.1600
v 23.9900 9.0000 -42.1600
v 23.8100 9.0000 -42.1600
v 23.8100 3.8000 -41.9600
v 23.9900 3.8000 -41.9600
v 23.9900 9.0000 -41.9600
v 23.8100 9.0000 -41.9600
f 1257 1258 1259 1260
f 1261 1264 1263 1262
f 1257 1261 1262 1258
f 1260 1259 1263 1264
f 1257 1260 1264 1261
f 1258 1262 1263 1259
o F1_Classroom_05_Exterior_FrameR_1
g F1_Classroom_05_Exterior_FrameR_1
usemtl Concrete
v 30.0100 3.8000 -42.1600
v 30.1900 3.8000 -42.1600
v 30.1900 9.0000 -42.1600
v 30.0100 9.0000 -42.1600
v 30.0100 3.8000 -41.9600
v 30.1900 3.8000 -41.9600
v 30.1900 9.0000 -41.9600
v 30.0100 9.0000 -41.9600
f 1265 1266 1267 1268
f 1269 1272 1271 1270
f 1265 1269 1270 1266
f 1268 1267 1271 1272
f 1265 1268 1272 1269
f 1266 1270 1271 1267
o F1_Classroom_05_Exterior_FrameB_1
g F1_Classroom_05_Exterior_FrameB_1
usemtl Concrete
v 23.9000 3.7100 -42.1600
v 30.1000 3.7100 -42.1600
v 30.1000 3.8900 -42.1600
v 23.9000 3.8900 -42.1600
v 23.9000 3.7100 -41.9600
v 30.1000 3.7100 -41.9600
v 30.1000 3.8900 -41.9600
v 23.9000 3.8900 -41.9600
f 1273 1274 1275 1276
f 1277 1280 1279 1278
f 1273 1277 1278 1274
f 1276 1275 1279 1280
f 1273 1276 1280 1277
f 1274 1278 1279 1275
o F1_Classroom_05_Exterior_FrameT_1
g F1_Classroom_05_Exterior_FrameT_1
usemtl Concrete
v 23.9000 8.9100 -42.1600
v 30.1000 8.9100 -42.1600
v 30.1000 9.0900 -42.1600
v 23.9000 9.0900 -42.1600
v 23.9000 8.9100 -41.9600
v 30.1000 8.9100 -41.9600
v 30.1000 9.0900 -41.9600
v 23.9000 9.0900 -41.9600
f 1281 1282 1283 1284
f 1285 1288 1287 1286
f 1281 1285 1286 1282
f 1284 1283 1287 1288
f 1281 1284 1288 1285
f 1282 1286 1287 1283
o F1_Classroom_05_Exterior_Glass_2
g F1_Classroom_05_Exterior_Glass_2
usemtl Glass
v 35.0500 3.9500 -42.1400
v 40.9500 3.9500 -42.1400
v 40.9500 8.8500 -42.1400
v 35.0500 8.8500 -42.1400
v 35.0500 3.9500 -41.9800
v 40.9500 3.9500 -41.9800
v 40.9500 8.8500 -41.9800
v 35.0500 8.8500 -41.9800
f 1289 1290 1291 1292
f 1293 1296 1295 1294
f 1289 1293 1294 1290
f 1292 1291 1295 1296
f 1289 1292 1296 1293
f 1290 1294 1295 1291
o F1_Classroom_05_Exterior_FrameL_2
g F1_Classroom_05_Exterior_FrameL_2
usemtl Concrete
v 34.8100 3.8000 -42.1600
v 34.9900 3.8000 -42.1600
v 34.9900 9.0000 -42.1600
v 34.8100 9.0000 -42.1600
v 34.8100 3.8000 -41.9600
v 34.9900 3.8000 -41.9600
v 34.9900 9.0000 -41.9600
v 34.8100 9.0000 -41.9600
f 1297 1298 1299 1300
f 1301 1304 1303 1302
f 1297 1301 1302 1298
f 1300 1299 1303 1304
f 1297 1300 1304 1301
f 1298 1302 1303 1299
o F1_Classroom_05_Exterior_FrameR_2
g F1_Classroom_05_Exterior_FrameR_2
usemtl Concrete
v 41.0100 3.8000 -42.1600
v 41.1900 3.8000 -42.1600
v 41.1900 9.0000 -42.1600
v 41.0100 9.0000 -42.1600
v 41.0100 3.8000 -41.9600
v 41.1900 3.8000 -41.9600
v 41.1900 9.0000 -41.9600
v 41.0100 9.0000 -41.9600
f 1305 1306 1307 1308
f 1309 1312 1311 1310
f 1305 1309 1310 1306
f 1308 1307 1311 1312
f 1305 1308 1312 1309
f 1306 1310 1311 1307
o F1_Classroom_05_Exterior_FrameB_2
g F1_Classroom_05_Exterior_FrameB_2
usemtl Concrete
v 34.9000 3.7100 -42.1600
v 41.1000 3.7100 -42.1600
v 41.1000 3.8900 -42.1600
v 34.9000 3.8900 -42.1600
v 34.9000 3.7100 -41.9600
v 41.1000 3.7100 -41.9600
v 41.1000 3.8900 -41.9600
v 34.9000 3.8900 -41.9600
f 1313 1314 1315 1316
f 1317 1320 1319 1318
f 1313 1317 1318 1314
f 1316 1315 1319 1320
f 1313 1316 1320 1317
f 1314 1318 1319 1315
o F1_Classroom_05_Exterior_FrameT_2
g F1_Classroom_05_Exterior_FrameT_2
usemtl Concrete
v 34.9000 8.9100 -42.1600
v 41.1000 8.9100 -42.1600
v 41.1000 9.0900 -42.1600
v 34.9000 9.0900 -42.1600
v 34.9000 8.9100 -41.9600
v 41.1000 8.9100 -41.9600
v 41.1000 9.0900 -41.9600
v 34.9000 9.0900 -41.9600
f 1321 1322 1323 1324
f 1325 1328 1327 1326
f 1321 1325 1326 1322
f 1324 1323 1327 1328
f 1321 1324 1328 1325
f 1322 1326 1327 1323
o F1_Classroom_05_Exterior_Glass_3
g F1_Classroom_05_Exterior_Glass_3
usemtl Glass
v 46.0500 3.9500 -42.1400
v 51.9500 3.9500 -42.1400
v 51.9500 8.8500 -42.1400
v 46.0500 8.8500 -42.1400
v 46.0500 3.9500 -41.9800
v 51.9500 3.9500 -41.9800
v 51.9500 8.8500 -41.9800
v 46.0500 8.8500 -41.9800
f 1329 1330 1331 1332
f 1333 1336 1335 1334
f 1329 1333 1334 1330
f 1332 1331 1335 1336
f 1329 1332 1336 1333
f 1330 1334 1335 1331
o F1_Classroom_05_Exterior_FrameL_3
g F1_Classroom_05_Exterior_FrameL_3
usemtl Concrete
v 45.8100 3.8000 -42.1600
v 45.9900 3.8000 -42.1600
v 45.9900 9.0000 -42.1600
v 45.8100 9.0000 -42.1600
v 45.8100 3.8000 -41.9600
v 45.9900 3.8000 -41.9600
v 45.9900 9.0000 -41.9600
v 45.8100 9.0000 -41.9600
f 1337 1338 1339 1340
f 1341 1344 1343 1342
f 1337 1341 1342 1338
f 1340 1339 1343 1344
f 1337 1340 1344 1341
f 1338 1342 1343 1339
o F1_Classroom_05_Exterior_FrameR_3
g F1_Classroom_05_Exterior_FrameR_3
usemtl Concrete
v 52.0100 3.8000 -42.1600
v 52.1900 3.8000 -42.1600
v 52.1900 9.0000 -42.1600
v 52.0100 9.0000 -42.1600
v 52.0100 3.8000 -41.9600
v 52.1900 3.8000 -41.9600
v 52.1900 9.0000 -41.9600
v 52.0100 9.0000 -41.9600
f 1345 1346 1347 1348
f 1349 1352 1351 1350
f 1345 1349 1350 1346
f 1348 1347 1351 1352
f 1345 1348 1352 1349
f 1346 1350 1351 1347
o F1_Classroom_05_Exterior_FrameB_3
g F1_Classroom_05_Exterior_FrameB_3
usemtl Concrete
v 45.9000 3.7100 -42.1600
v 52.1000 3.7100 -42.1600
v 52.1000 3.8900 -42.1600
v 45.9000 3.8900 -42.1600
v 45.9000 3.7100 -41.9600
v 52.1000 3.7100 -41.9600
v 52.1000 3.8900 -41.9600
v 45.9000 3.8900 -41.9600
f 1353 1354 1355 1356
f 1357 1360 1359 1358
f 1353 1357 1358 1354
f 1356 1355 1359 1360
f 1353 1356 1360 1357
f 1354 1358 1359 1355
o F1_Classroom_05_Exterior_FrameT_3
g F1_Classroom_05_Exterior_FrameT_3
usemtl Concrete
v 45.9000 8.9100 -42.1600
v 52.1000 8.9100 -42.1600
v 52.1000 9.0900 -42.1600
v 45.9000 9.0900 -42.1600
v 45.9000 8.9100 -41.9600
v 52.1000 8.9100 -41.9600
v 52.1000 9.0900 -41.9600
v 45.9000 9.0900 -41.9600
f 1361 1362 1363 1364
f 1365 1368 1367 1366
f 1361 1365 1366 1362
f 1364 1363 1367 1368
f 1361 1364 1368 1365
f 1362 1366 1367 1363
o F1_Classroom_05_Corridor_L
g F1_Classroom_05_Corridor_L
usemtl WhiteBrick
v 17.0000 0.0000 -8.5000
v 35.0000 0.0000 -8.5000
v 35.0000 13.0000 -8.5000
v 17.0000 13.0000 -8.5000
v 17.0000 0.0000 -7.5000
v 35.0000 0.0000 -7.5000
v 35.0000 13.0000 -7.5000
v 17.0000 13.0000 -7.5000
f 1369 1370 1371 1372
f 1373 1376 1375 1374
f 1369 1373 1374 1370
f 1372 1371 1375 1376
f 1369 1372 1376 1373
f 1370 1374 1375 1371
o F1_Classroom_05_Corridor_R
g F1_Classroom_05_Corridor_R
usemtl WhiteBrick
v 41.0000 0.0000 -8.5000
v 59.0000 0.0000 -8.5000
v 59.0000 13.0000 -8.5000
v 41.0000 13.0000 -8.5000
v 41.0000 0.0000 -7.5000
v 59.0000 0.0000 -7.5000
v 59.0000 13.0000 -7.5000
v 41.0000 13.0000 -7.5000
f 1377 1378 1379 1380
f 1381 1384 1383 1382
f 1377 1381 1382 1378
f 1380 1379 1383 1384
f 1377 1380 1384 1381
f 1378 1382 1383 1379
o F1_Classroom_05_Corridor_Header
g F1_Classroom_05_Corridor_Header
usemtl WhiteBrick
v 35.0000 8.5000 -8.5000
v 41.0000 8.5000 -8.5000
v 41.0000 13.0000 -8.5000
v 35.0000 13.0000 -8.5000
v 35.0000 8.5000 -7.5000
v 41.0000 8.5000 -7.5000
v 41.0000 13.0000 -7.5000
v 35.0000 13.0000 -7.5000
f 1385 1386 1387 1388
f 1389 1392 1391 1390
f 1385 1389 1390 1386
f 1388 1387 1391 1392
f 1385 1388 1392 1389
f 1386 1390 1391 1387
o F1_Classroom_05_Corridor_FrameL
g F1_Classroom_05_Corridor_FrameL
usemtl Concrete
v 34.9000 0.0000 -8.0900
v 35.1000 0.0000 -8.0900
v 35.1000 8.5000 -8.0900
v 34.9000 8.5000 -8.0900
v 34.9000 0.0000 -7.9100
v 35.1000 0.0000 -7.9100
v 35.1000 8.5000 -7.9100
v 34.9000 8.5000 -7.9100
f 1393 1394 1395 1396
f 1397 1400 1399 1398
f 1393 1397 1398 1394
f 1396 1395 1399 1400
f 1393 1396 1400 1397
f 1394 1398 1399 1395
o F1_Classroom_05_Corridor_FrameR
g F1_Classroom_05_Corridor_FrameR
usemtl Concrete
v 40.9000 0.0000 -8.0900
v 41.1000 0.0000 -8.0900
v 41.1000 8.5000 -8.0900
v 40.9000 8.5000 -8.0900
v 40.9000 0.0000 -7.9100
v 41.1000 0.0000 -7.9100
v 41.1000 8.5000 -7.9100
v 40.9000 8.5000 -7.9100
f 1401 1402 1403 1404
f 1405 1408 1407 1406
f 1401 1405 1406 1402
f 1404 1403 1407 1408
f 1401 1404 1408 1405
f 1402 1406 1407 1403
o F1_Classroom_05_Corridor_FrameTop
g F1_Classroom_05_Corridor_FrameTop
usemtl Concrete
v 35.0000 8.4000 -8.0900
v 41.0000 8.4000 -8.0900
v 41.0000 8.6000 -8.0900
v 35.0000 8.6000 -8.0900
v 35.0000 8.4000 -7.9100
v 41.0000 8.4000 -7.9100
v 41.0000 8.6000 -7.9100
v 35.0000 8.6000 -7.9100
f 1409 1410 1411 1412
f 1413 1416 1415 1414
f 1409 1413 1414 1410
f 1412 1411 1415 1416
f 1409 1412 1416 1413
f 1410 1414 1415 1411
o F1_Classroom_05_Chair_Seat
g F1_Classroom_05_Chair_Seat
usemtl Chair
v 36.9000 1.9000 -26.0000
v 39.1000 1.9000 -26.0000
v 39.1000 2.1500 -26.0000
v 36.9000 2.1500 -26.0000
v 36.9000 1.9000 -24.0000
v 39.1000 1.9000 -24.0000
v 39.1000 2.1500 -24.0000
v 36.9000 2.1500 -24.0000
f 1417 1418 1419 1420
f 1421 1424 1423 1422
f 1417 1421 1422 1418
f 1420 1419 1423 1424
f 1417 1420 1424 1421
f 1418 1422 1423 1419
o F1_Classroom_05_Chair_Back
g F1_Classroom_05_Chair_Back
usemtl Chair
v 36.9000 2.1500 -24.2000
v 39.1000 2.1500 -24.2000
v 39.1000 4.1000 -24.2000
v 36.9000 4.1000 -24.2000
v 36.9000 2.1500 -23.9600
v 39.1000 2.1500 -23.9600
v 39.1000 4.1000 -23.9600
v 36.9000 4.1000 -23.9600
f 1425 1426 1427 1428
f 1429 1432 1431 1430
f 1425 1429 1430 1426
f 1428 1427 1431 1432
f 1425 1428 1432 1429
f 1426 1430 1431 1427
o F1_Classroom_05_Chair_Leg_-0.82_-0.72
g F1_Classroom_05_Chair_Leg_-0.82_-0.72
usemtl Metal
v 37.1100 0.0000 -25.7900
v 37.2500 0.0000 -25.7900
v 37.2500 1.9000 -25.7900
v 37.1100 1.9000 -25.7900
v 37.1100 0.0000 -25.6500
v 37.2500 0.0000 -25.6500
v 37.2500 1.9000 -25.6500
v 37.1100 1.9000 -25.6500
f 1433 1434 1435 1436
f 1437 1440 1439 1438
f 1433 1437 1438 1434
f 1436 1435 1439 1440
f 1433 1436 1440 1437
f 1434 1438 1439 1435
o F1_Classroom_05_Chair_Leg_-0.82_0.72
g F1_Classroom_05_Chair_Leg_-0.82_0.72
usemtl Metal
v 37.1100 0.0000 -24.3500
v 37.2500 0.0000 -24.3500
v 37.2500 1.9000 -24.3500
v 37.1100 1.9000 -24.3500
v 37.1100 0.0000 -24.2100
v 37.2500 0.0000 -24.2100
v 37.2500 1.9000 -24.2100
v 37.1100 1.9000 -24.2100
f 1441 1442 1443 1444
f 1445 1448 1447 1446
f 1441 1445 1446 1442
f 1444 1443 1447 1448
f 1441 1444 1448 1445
f 1442 1446 1447 1443
o F1_Classroom_05_Chair_Leg_0.82_-0.72
g F1_Classroom_05_Chair_Leg_0.82_-0.72
usemtl Metal
v 38.7500 0.0000 -25.7900
v 38.8900 0.0000 -25.7900
v 38.8900 1.9000 -25.7900
v 38.7500 1.9000 -25.7900
v 38.7500 0.0000 -25.6500
v 38.8900 0.0000 -25.6500
v 38.8900 1.9000 -25.6500
v 38.7500 1.9000 -25.6500
f 1449 1450 1451 1452
f 1453 1456 1455 1454
f 1449 1453 1454 1450
f 1452 1451 1455 1456
f 1449 1452 1456 1453
f 1450 1454 1455 1451
o F1_Classroom_05_Chair_Leg_0.82_0.72
g F1_Classroom_05_Chair_Leg_0.82_0.72
usemtl Metal
v 38.7500 0.0000 -24.3500
v 38.8900 0.0000 -24.3500
v 38.8900 1.9000 -24.3500
v 38.7500 1.9000 -24.3500
v 38.7500 0.0000 -24.2100
v 38.8900 0.0000 -24.2100
v 38.8900 1.9000 -24.2100
v 38.7500 1.9000 -24.2100
f 1457 1458 1459 1460
f 1461 1464 1463 1462
f 1457 1461 1462 1458
f 1460 1459 1463 1464
f 1457 1460 1464 1461
f 1458 1462 1463 1459
o F1_Classroom_05_Chair_TabletSupport
g F1_Classroom_05_Chair_TabletSupport
usemtl Metal
v 39.1300 1.9000 -25.1000
v 39.2800 1.9000 -25.1000
v 39.2800 3.3500 -25.1000
v 39.1300 3.3500 -25.1000
v 39.1300 1.9000 -24.9500
v 39.2800 1.9000 -24.9500
v 39.2800 3.3500 -24.9500
v 39.1300 3.3500 -24.9500
f 1465 1466 1467 1468
f 1469 1472 1471 1470
f 1465 1469 1470 1466
f 1468 1467 1471 1472
f 1465 1468 1472 1469
f 1466 1470 1471 1467
o F1_Classroom_05_Chair_Tablet
g F1_Classroom_05_Chair_Tablet
usemtl Wood
v 38.6500 3.3000 -25.9200
v 39.6500 3.3000 -25.9200
v 39.6500 3.4200 -25.9200
v 38.6500 3.4200 -25.9200
v 38.6500 3.3000 -24.2200
v 39.6500 3.3000 -24.2200
v 39.6500 3.4200 -24.2200
v 38.6500 3.4200 -24.2200
f 1473 1474 1475 1476
f 1477 1480 1479 1478
f 1473 1477 1478 1474
f 1476 1475 1479 1480
f 1473 1476 1480 1477
f 1474 1478 1479 1475
o F1_Classroom_06_Exterior_Bottom
g F1_Classroom_06_Exterior_Bottom
usemtl WhiteBrick
v 17.0000 0.0000 41.5000
v 59.0000 0.0000 41.5000
v 59.0000 3.8000 41.5000
v 17.0000 3.8000 41.5000
v 17.0000 0.0000 42.5000
v 59.0000 0.0000 42.5000
v 59.0000 3.8000 42.5000
v 17.0000 3.8000 42.5000
f 1481 1482 1483 1484
f 1485 1488 1487 1486
f 1481 1485 1486 1482
f 1484 1483 1487 1488
f 1481 1484 1488 1485
f 1482 1486 1487 1483
o F1_Classroom_06_Exterior_Top
g F1_Classroom_06_Exterior_Top
usemtl WhiteBrick
v 17.0000 9.0000 41.5000
v 59.0000 9.0000 41.5000
v 59.0000 13.0000 41.5000
v 17.0000 13.0000 41.5000
v 17.0000 9.0000 42.5000
v 59.0000 9.0000 42.5000
v 59.0000 13.0000 42.5000
v 17.0000 13.0000 42.5000
f 1489 1490 1491 1492
f 1493 1496 1495 1494
f 1489 1493 1494 1490
f 1492 1491 1495 1496
f 1489 1492 1496 1493
f 1490 1494 1495 1491
o F1_Classroom_06_Exterior_Pier_1
g F1_Classroom_06_Exterior_Pier_1
usemtl WhiteBrick
v 17.0000 3.8000 41.5000
v 23.9000 3.8000 41.5000
v 23.9000 9.0000 41.5000
v 17.0000 9.0000 41.5000
v 17.0000 3.8000 42.5000
v 23.9000 3.8000 42.5000
v 23.9000 9.0000 42.5000
v 17.0000 9.0000 42.5000
f 1497 1498 1499 1500
f 1501 1504 1503 1502
f 1497 1501 1502 1498
f 1500 1499 1503 1504
f 1497 1500 1504 1501
f 1498 1502 1503 1499
o F1_Classroom_06_Exterior_Pier_2
g F1_Classroom_06_Exterior_Pier_2
usemtl WhiteBrick
v 30.1000 3.8000 41.5000
v 34.9000 3.8000 41.5000
v 34.9000 9.0000 41.5000
v 30.1000 9.0000 41.5000
v 30.1000 3.8000 42.5000
v 34.9000 3.8000 42.5000
v 34.9000 9.0000 42.5000
v 30.1000 9.0000 42.5000
f 1505 1506 1507 1508
f 1509 1512 1511 1510
f 1505 1509 1510 1506
f 1508 1507 1511 1512
f 1505 1508 1512 1509
f 1506 1510 1511 1507
o F1_Classroom_06_Exterior_Pier_3
g F1_Classroom_06_Exterior_Pier_3
usemtl WhiteBrick
v 41.1000 3.8000 41.5000
v 45.9000 3.8000 41.5000
v 45.9000 9.0000 41.5000
v 41.1000 9.0000 41.5000
v 41.1000 3.8000 42.5000
v 45.9000 3.8000 42.5000
v 45.9000 9.0000 42.5000
v 41.1000 9.0000 42.5000
f 1513 1514 1515 1516
f 1517 1520 1519 1518
f 1513 1517 1518 1514
f 1516 1515 1519 1520
f 1513 1516 1520 1517
f 1514 1518 1519 1515
o F1_Classroom_06_Exterior_Pier_4
g F1_Classroom_06_Exterior_Pier_4
usemtl WhiteBrick
v 52.1000 3.8000 41.5000
v 59.0000 3.8000 41.5000
v 59.0000 9.0000 41.5000
v 52.1000 9.0000 41.5000
v 52.1000 3.8000 42.5000
v 59.0000 3.8000 42.5000
v 59.0000 9.0000 42.5000
v 52.1000 9.0000 42.5000
f 1521 1522 1523 1524
f 1525 1528 1527 1526
f 1521 1525 1526 1522
f 1524 1523 1527 1528
f 1521 1524 1528 1525
f 1522 1526 1527 1523
o F1_Classroom_06_Exterior_Glass_1
g F1_Classroom_06_Exterior_Glass_1
usemtl Glass
v 24.0500 3.9500 41.9800
v 29.9500 3.9500 41.9800
v 29.9500 8.8500 41.9800
v 24.0500 8.8500 41.9800
v 24.0500 3.9500 42.1400
v 29.9500 3.9500 42.1400
v 29.9500 8.8500 42.1400
v 24.0500 8.8500 42.1400
f 1529 1530 1531 1532
f 1533 1536 1535 1534
f 1529 1533 1534 1530
f 1532 1531 1535 1536
f 1529 1532 1536 1533
f 1530 1534 1535 1531
o F1_Classroom_06_Exterior_FrameL_1
g F1_Classroom_06_Exterior_FrameL_1
usemtl Concrete
v 23.8100 3.8000 41.9600
v 23.9900 3.8000 41.9600
v 23.9900 9.0000 41.9600
v 23.8100 9.0000 41.9600
v 23.8100 3.8000 42.1600
v 23.9900 3.8000 42.1600
v 23.9900 9.0000 42.1600
v 23.8100 9.0000 42.1600
f 1537 1538 1539 1540
f 1541 1544 1543 1542
f 1537 1541 1542 1538
f 1540 1539 1543 1544
f 1537 1540 1544 1541
f 1538 1542 1543 1539
o F1_Classroom_06_Exterior_FrameR_1
g F1_Classroom_06_Exterior_FrameR_1
usemtl Concrete
v 30.0100 3.8000 41.9600
v 30.1900 3.8000 41.9600
v 30.1900 9.0000 41.9600
v 30.0100 9.0000 41.9600
v 30.0100 3.8000 42.1600
v 30.1900 3.8000 42.1600
v 30.1900 9.0000 42.1600
v 30.0100 9.0000 42.1600
f 1545 1546 1547 1548
f 1549 1552 1551 1550
f 1545 1549 1550 1546
f 1548 1547 1551 1552
f 1545 1548 1552 1549
f 1546 1550 1551 1547
o F1_Classroom_06_Exterior_FrameB_1
g F1_Classroom_06_Exterior_FrameB_1
usemtl Concrete
v 23.9000 3.7100 41.9600
v 30.1000 3.7100 41.9600
v 30.1000 3.8900 41.9600
v 23.9000 3.8900 41.9600
v 23.9000 3.7100 42.1600
v 30.1000 3.7100 42.1600
v 30.1000 3.8900 42.1600
v 23.9000 3.8900 42.1600
f 1553 1554 1555 1556
f 1557 1560 1559 1558
f 1553 1557 1558 1554
f 1556 1555 1559 1560
f 1553 1556 1560 1557
f 1554 1558 1559 1555
o F1_Classroom_06_Exterior_FrameT_1
g F1_Classroom_06_Exterior_FrameT_1
usemtl Concrete
v 23.9000 8.9100 41.9600
v 30.1000 8.9100 41.9600
v 30.1000 9.0900 41.9600
v 23.9000 9.0900 41.9600
v 23.9000 8.9100 42.1600
v 30.1000 8.9100 42.1600
v 30.1000 9.0900 42.1600
v 23.9000 9.0900 42.1600
f 1561 1562 1563 1564
f 1565 1568 1567 1566
f 1561 1565 1566 1562
f 1564 1563 1567 1568
f 1561 1564 1568 1565
f 1562 1566 1567 1563
o F1_Classroom_06_Exterior_Glass_2
g F1_Classroom_06_Exterior_Glass_2
usemtl Glass
v 35.0500 3.9500 41.9800
v 40.9500 3.9500 41.9800
v 40.9500 8.8500 41.9800
v 35.0500 8.8500 41.9800
v 35.0500 3.9500 42.1400
v 40.9500 3.9500 42.1400
v 40.9500 8.8500 42.1400
v 35.0500 8.8500 42.1400
f 1569 1570 1571 1572
f 1573 1576 1575 1574
f 1569 1573 1574 1570
f 1572 1571 1575 1576
f 1569 1572 1576 1573
f 1570 1574 1575 1571
o F1_Classroom_06_Exterior_FrameL_2
g F1_Classroom_06_Exterior_FrameL_2
usemtl Concrete
v 34.8100 3.8000 41.9600
v 34.9900 3.8000 41.9600
v 34.9900 9.0000 41.9600
v 34.8100 9.0000 41.9600
v 34.8100 3.8000 42.1600
v 34.9900 3.8000 42.1600
v 34.9900 9.0000 42.1600
v 34.8100 9.0000 42.1600
f 1577 1578 1579 1580
f 1581 1584 1583 1582
f 1577 1581 1582 1578
f 1580 1579 1583 1584
f 1577 1580 1584 1581
f 1578 1582 1583 1579
o F1_Classroom_06_Exterior_FrameR_2
g F1_Classroom_06_Exterior_FrameR_2
usemtl Concrete
v 41.0100 3.8000 41.9600
v 41.1900 3.8000 41.9600
v 41.1900 9.0000 41.9600
v 41.0100 9.0000 41.9600
v 41.0100 3.8000 42.1600
v 41.1900 3.8000 42.1600
v 41.1900 9.0000 42.1600
v 41.0100 9.0000 42.1600
f 1585 1586 1587 1588
f 1589 1592 1591 1590
f 1585 1589 1590 1586
f 1588 1587 1591 1592
f 1585 1588 1592 1589
f 1586 1590 1591 1587
o F1_Classroom_06_Exterior_FrameB_2
g F1_Classroom_06_Exterior_FrameB_2
usemtl Concrete
v 34.9000 3.7100 41.9600
v 41.1000 3.7100 41.9600
v 41.1000 3.8900 41.9600
v 34.9000 3.8900 41.9600
v 34.9000 3.7100 42.1600
v 41.1000 3.7100 42.1600
v 41.1000 3.8900 42.1600
v 34.9000 3.8900 42.1600
f 1593 1594 1595 1596
f 1597 1600 1599 1598
f 1593 1597 1598 1594
f 1596 1595 1599 1600
f 1593 1596 1600 1597
f 1594 1598 1599 1595
o F1_Classroom_06_Exterior_FrameT_2
g F1_Classroom_06_Exterior_FrameT_2
usemtl Concrete
v 34.9000 8.9100 41.9600
v 41.1000 8.9100 41.9600
v 41.1000 9.0900 41.9600
v 34.9000 9.0900 41.9600
v 34.9000 8.9100 42.1600
v 41.1000 8.9100 42.1600
v 41.1000 9.0900 42.1600
v 34.9000 9.0900 42.1600
f 1601 1602 1603 1604
f 1605 1608 1607 1606
f 1601 1605 1606 1602
f 1604 1603 1607 1608
f 1601 1604 1608 1605
f 1602 1606 1607 1603
o F1_Classroom_06_Exterior_Glass_3
g F1_Classroom_06_Exterior_Glass_3
usemtl Glass
v 46.0500 3.9500 41.9800
v 51.9500 3.9500 41.9800
v 51.9500 8.8500 41.9800
v 46.0500 8.8500 41.9800
v 46.0500 3.9500 42.1400
v 51.9500 3.9500 42.1400
v 51.9500 8.8500 42.1400
v 46.0500 8.8500 42.1400
f 1609 1610 1611 1612
f 1613 1616 1615 1614
f 1609 1613 1614 1610
f 1612 1611 1615 1616
f 1609 1612 1616 1613
f 1610 1614 1615 1611
o F1_Classroom_06_Exterior_FrameL_3
g F1_Classroom_06_Exterior_FrameL_3
usemtl Concrete
v 45.8100 3.8000 41.9600
v 45.9900 3.8000 41.9600
v 45.9900 9.0000 41.9600
v 45.8100 9.0000 41.9600
v 45.8100 3.8000 42.1600
v 45.9900 3.8000 42.1600
v 45.9900 9.0000 42.1600
v 45.8100 9.0000 42.1600
f 1617 1618 1619 1620
f 1621 1624 1623 1622
f 1617 1621 1622 1618
f 1620 1619 1623 1624
f 1617 1620 1624 1621
f 1618 1622 1623 1619
o F1_Classroom_06_Exterior_FrameR_3
g F1_Classroom_06_Exterior_FrameR_3
usemtl Concrete
v 52.0100 3.8000 41.9600
v 52.1900 3.8000 41.9600
v 52.1900 9.0000 41.9600
v 52.0100 9.0000 41.9600
v 52.0100 3.8000 42.1600
v 52.1900 3.8000 42.1600
v 52.1900 9.0000 42.1600
v 52.0100 9.0000 42.1600
f 1625 1626 1627 1628
f 1629 1632 1631 1630
f 1625 1629 1630 1626
f 1628 1627 1631 1632
f 1625 1628 1632 1629
f 1626 1630 1631 1627
o F1_Classroom_06_Exterior_FrameB_3
g F1_Classroom_06_Exterior_FrameB_3
usemtl Concrete
v 45.9000 3.7100 41.9600
v 52.1000 3.7100 41.9600
v 52.1000 3.8900 41.9600
v 45.9000 3.8900 41.9600
v 45.9000 3.7100 42.1600
v 52.1000 3.7100 42.1600
v 52.1000 3.8900 42.1600
v 45.9000 3.8900 42.1600
f 1633 1634 1635 1636
f 1637 1640 1639 1638
f 1633 1637 1638 1634
f 1636 1635 1639 1640
f 1633 1636 1640 1637
f 1634 1638 1639 1635
o F1_Classroom_06_Exterior_FrameT_3
g F1_Classroom_06_Exterior_FrameT_3
usemtl Concrete
v 45.9000 8.9100 41.9600
v 52.1000 8.9100 41.9600
v 52.1000 9.0900 41.9600
v 45.9000 9.0900 41.9600
v 45.9000 8.9100 42.1600
v 52.1000 8.9100 42.1600
v 52.1000 9.0900 42.1600
v 45.9000 9.0900 42.1600
f 1641 1642 1643 1644
f 1645 1648 1647 1646
f 1641 1645 1646 1642
f 1644 1643 1647 1648
f 1641 1644 1648 1645
f 1642 1646 1647 1643
o F1_Classroom_06_Corridor_L
g F1_Classroom_06_Corridor_L
usemtl WhiteBrick
v 17.0000 0.0000 7.5000
v 35.0000 0.0000 7.5000
v 35.0000 13.0000 7.5000
v 17.0000 13.0000 7.5000
v 17.0000 0.0000 8.5000
v 35.0000 0.0000 8.5000
v 35.0000 13.0000 8.5000
v 17.0000 13.0000 8.5000
f 1649 1650 1651 1652
f 1653 1656 1655 1654
f 1649 1653 1654 1650
f 1652 1651 1655 1656
f 1649 1652 1656 1653
f 1650 1654 1655 1651
o F1_Classroom_06_Corridor_R
g F1_Classroom_06_Corridor_R
usemtl WhiteBrick
v 41.0000 0.0000 7.5000
v 59.0000 0.0000 7.5000
v 59.0000 13.0000 7.5000
v 41.0000 13.0000 7.5000
v 41.0000 0.0000 8.5000
v 59.0000 0.0000 8.5000
v 59.0000 13.0000 8.5000
v 41.0000 13.0000 8.5000
f 1657 1658 1659 1660
f 1661 1664 1663 1662
f 1657 1661 1662 1658
f 1660 1659 1663 1664
f 1657 1660 1664 1661
f 1658 1662 1663 1659
o F1_Classroom_06_Corridor_Header
g F1_Classroom_06_Corridor_Header
usemtl WhiteBrick
v 35.0000 8.5000 7.5000
v 41.0000 8.5000 7.5000
v 41.0000 13.0000 7.5000
v 35.0000 13.0000 7.5000
v 35.0000 8.5000 8.5000
v 41.0000 8.5000 8.5000
v 41.0000 13.0000 8.5000
v 35.0000 13.0000 8.5000
f 1665 1666 1667 1668
f 1669 1672 1671 1670
f 1665 1669 1670 1666
f 1668 1667 1671 1672
f 1665 1668 1672 1669
f 1666 1670 1671 1667
o F1_Classroom_06_Corridor_FrameL
g F1_Classroom_06_Corridor_FrameL
usemtl Concrete
v 34.9000 0.0000 7.9100
v 35.1000 0.0000 7.9100
v 35.1000 8.5000 7.9100
v 34.9000 8.5000 7.9100
v 34.9000 0.0000 8.0900
v 35.1000 0.0000 8.0900
v 35.1000 8.5000 8.0900
v 34.9000 8.5000 8.0900
f 1673 1674 1675 1676
f 1677 1680 1679 1678
f 1673 1677 1678 1674
f 1676 1675 1679 1680
f 1673 1676 1680 1677
f 1674 1678 1679 1675
o F1_Classroom_06_Corridor_FrameR
g F1_Classroom_06_Corridor_FrameR
usemtl Concrete
v 40.9000 0.0000 7.9100
v 41.1000 0.0000 7.9100
v 41.1000 8.5000 7.9100
v 40.9000 8.5000 7.9100
v 40.9000 0.0000 8.0900
v 41.1000 0.0000 8.0900
v 41.1000 8.5000 8.0900
v 40.9000 8.5000 8.0900
f 1681 1682 1683 1684
f 1685 1688 1687 1686
f 1681 1685 1686 1682
f 1684 1683 1687 1688
f 1681 1684 1688 1685
f 1682 1686 1687 1683
o F1_Classroom_06_Corridor_FrameTop
g F1_Classroom_06_Corridor_FrameTop
usemtl Concrete
v 35.0000 8.4000 7.9100
v 41.0000 8.4000 7.9100
v 41.0000 8.6000 7.9100
v 35.0000 8.6000 7.9100
v 35.0000 8.4000 8.0900
v 41.0000 8.4000 8.0900
v 41.0000 8.6000 8.0900
v 35.0000 8.6000 8.0900
f 1689 1690 1691 1692
f 1693 1696 1695 1694
f 1689 1693 1694 1690
f 1692 1691 1695 1696
f 1689 1692 1696 1693
f 1690 1694 1695 1691
o F1_Classroom_06_Chair_Seat
g F1_Classroom_06_Chair_Seat
usemtl Chair
v 36.9000 1.9000 24.0000
v 39.1000 1.9000 24.0000
v 39.1000 2.1500 24.0000
v 36.9000 2.1500 24.0000
v 36.9000 1.9000 26.0000
v 39.1000 1.9000 26.0000
v 39.1000 2.1500 26.0000
v 36.9000 2.1500 26.0000
f 1697 1698 1699 1700
f 1701 1704 1703 1702
f 1697 1701 1702 1698
f 1700 1699 1703 1704
f 1697 1700 1704 1701
f 1698 1702 1703 1699
o F1_Classroom_06_Chair_Back
g F1_Classroom_06_Chair_Back
usemtl Chair
v 36.9000 2.1500 23.9600
v 39.1000 2.1500 23.9600
v 39.1000 4.1000 23.9600
v 36.9000 4.1000 23.9600
v 36.9000 2.1500 24.2000
v 39.1000 2.1500 24.2000
v 39.1000 4.1000 24.2000
v 36.9000 4.1000 24.2000
f 1705 1706 1707 1708
f 1709 1712 1711 1710
f 1705 1709 1710 1706
f 1708 1707 1711 1712
f 1705 1708 1712 1709
f 1706 1710 1711 1707
o F1_Classroom_06_Chair_Leg_-0.82_-0.72
g F1_Classroom_06_Chair_Leg_-0.82_-0.72
usemtl Metal
v 37.1100 0.0000 24.2100
v 37.2500 0.0000 24.2100
v 37.2500 1.9000 24.2100
v 37.1100 1.9000 24.2100
v 37.1100 0.0000 24.3500
v 37.2500 0.0000 24.3500
v 37.2500 1.9000 24.3500
v 37.1100 1.9000 24.3500
f 1713 1714 1715 1716
f 1717 1720 1719 1718
f 1713 1717 1718 1714
f 1716 1715 1719 1720
f 1713 1716 1720 1717
f 1714 1718 1719 1715
o F1_Classroom_06_Chair_Leg_-0.82_0.72
g F1_Classroom_06_Chair_Leg_-0.82_0.72
usemtl Metal
v 37.1100 0.0000 25.6500
v 37.2500 0.0000 25.6500
v 37.2500 1.9000 25.6500
v 37.1100 1.9000 25.6500
v 37.1100 0.0000 25.7900
v 37.2500 0.0000 25.7900
v 37.2500 1.9000 25.7900
v 37.1100 1.9000 25.7900
f 1721 1722 1723 1724
f 1725 1728 1727 1726
f 1721 1725 1726 1722
f 1724 1723 1727 1728
f 1721 1724 1728 1725
f 1722 1726 1727 1723
o F1_Classroom_06_Chair_Leg_0.82_-0.72
g F1_Classroom_06_Chair_Leg_0.82_-0.72
usemtl Metal
v 38.7500 0.0000 24.2100
v 38.8900 0.0000 24.2100
v 38.8900 1.9000 24.2100
v 38.7500 1.9000 24.2100
v 38.7500 0.0000 24.3500
v 38.8900 0.0000 24.3500
v 38.8900 1.9000 24.3500
v 38.7500 1.9000 24.3500
f 1729 1730 1731 1732
f 1733 1736 1735 1734
f 1729 1733 1734 1730
f 1732 1731 1735 1736
f 1729 1732 1736 1733
f 1730 1734 1735 1731
o F1_Classroom_06_Chair_Leg_0.82_0.72
g F1_Classroom_06_Chair_Leg_0.82_0.72
usemtl Metal
v 38.7500 0.0000 25.6500
v 38.8900 0.0000 25.6500
v 38.8900 1.9000 25.6500
v 38.7500 1.9000 25.6500
v 38.7500 0.0000 25.7900
v 38.8900 0.0000 25.7900
v 38.8900 1.9000 25.7900
v 38.7500 1.9000 25.7900
f 1737 1738 1739 1740
f 1741 1744 1743 1742
f 1737 1741 1742 1738
f 1740 1739 1743 1744
f 1737 1740 1744 1741
f 1738 1742 1743 1739
o F1_Classroom_06_Chair_TabletSupport
g F1_Classroom_06_Chair_TabletSupport
usemtl Metal
v 39.1300 1.9000 24.9000
v 39.2800 1.9000 24.9000
v 39.2800 3.3500 24.9000
v 39.1300 3.3500 24.9000
v 39.1300 1.9000 25.0500
v 39.2800 1.9000 25.0500
v 39.2800 3.3500 25.0500
v 39.1300 3.3500 25.0500
f 1745 1746 1747 1748
f 1749 1752 1751 1750
f 1745 1749 1750 1746
f 1748 1747 1751 1752
f 1745 1748 1752 1749
f 1746 1750 1751 1747
o F1_Classroom_06_Chair_Tablet
g F1_Classroom_06_Chair_Tablet
usemtl Wood
v 38.6500 3.3000 24.0800
v 39.6500 3.3000 24.0800
v 39.6500 3.4200 24.0800
v 38.6500 3.4200 24.0800
v 38.6500 3.3000 25.7800
v 39.6500 3.3000 25.7800
v 39.6500 3.4200 25.7800
v 38.6500 3.4200 25.7800
f 1753 1754 1755 1756
f 1757 1760 1759 1758
f 1753 1757 1758 1754
f 1756 1755 1759 1760
f 1753 1756 1760 1757
f 1754 1758 1759 1755
o F1_Classroom_07_Exterior_Bottom
g F1_Classroom_07_Exterior_Bottom
usemtl WhiteBrick
v 59.0000 0.0000 -42.5000
v 101.0000 0.0000 -42.5000
v 101.0000 3.8000 -42.5000
v 59.0000 3.8000 -42.5000
v 59.0000 0.0000 -41.5000
v 101.0000 0.0000 -41.5000
v 101.0000 3.8000 -41.5000
v 59.0000 3.8000 -41.5000
f 1761 1762 1763 1764
f 1765 1768 1767 1766
f 1761 1765 1766 1762
f 1764 1763 1767 1768
f 1761 1764 1768 1765
f 1762 1766 1767 1763
o F1_Classroom_07_Exterior_Top
g F1_Classroom_07_Exterior_Top
usemtl WhiteBrick
v 59.0000 9.0000 -42.5000
v 101.0000 9.0000 -42.5000
v 101.0000 13.0000 -42.5000
v 59.0000 13.0000 -42.5000
v 59.0000 9.0000 -41.5000
v 101.0000 9.0000 -41.5000
v 101.0000 13.0000 -41.5000
v 59.0000 13.0000 -41.5000
f 1769 1770 1771 1772
f 1773 1776 1775 1774
f 1769 1773 1774 1770
f 1772 1771 1775 1776
f 1769 1772 1776 1773
f 1770 1774 1775 1771
o F1_Classroom_07_Exterior_Pier_1
g F1_Classroom_07_Exterior_Pier_1
usemtl WhiteBrick
v 59.0000 3.8000 -42.5000
v 65.9000 3.8000 -42.5000
v 65.9000 9.0000 -42.5000
v 59.0000 9.0000 -42.5000
v 59.0000 3.8000 -41.5000
v 65.9000 3.8000 -41.5000
v 65.9000 9.0000 -41.5000
v 59.0000 9.0000 -41.5000
f 1777 1778 1779 1780
f 1781 1784 1783 1782
f 1777 1781 1782 1778
f 1780 1779 1783 1784
f 1777 1780 1784 1781
f 1778 1782 1783 1779
o F1_Classroom_07_Exterior_Pier_2
g F1_Classroom_07_Exterior_Pier_2
usemtl WhiteBrick
v 72.1000 3.8000 -42.5000
v 76.9000 3.8000 -42.5000
v 76.9000 9.0000 -42.5000
v 72.1000 9.0000 -42.5000
v 72.1000 3.8000 -41.5000
v 76.9000 3.8000 -41.5000
v 76.9000 9.0000 -41.5000
v 72.1000 9.0000 -41.5000
f 1785 1786 1787 1788
f 1789 1792 1791 1790
f 1785 1789 1790 1786
f 1788 1787 1791 1792
f 1785 1788 1792 1789
f 1786 1790 1791 1787
o F1_Classroom_07_Exterior_Pier_3
g F1_Classroom_07_Exterior_Pier_3
usemtl WhiteBrick
v 83.1000 3.8000 -42.5000
v 87.9000 3.8000 -42.5000
v 87.9000 9.0000 -42.5000
v 83.1000 9.0000 -42.5000
v 83.1000 3.8000 -41.5000
v 87.9000 3.8000 -41.5000
v 87.9000 9.0000 -41.5000
v 83.1000 9.0000 -41.5000
f 1793 1794 1795 1796
f 1797 1800 1799 1798
f 1793 1797 1798 1794
f 1796 1795 1799 1800
f 1793 1796 1800 1797
f 1794 1798 1799 1795
o F1_Classroom_07_Exterior_Pier_4
g F1_Classroom_07_Exterior_Pier_4
usemtl WhiteBrick
v 94.1000 3.8000 -42.5000
v 101.0000 3.8000 -42.5000
v 101.0000 9.0000 -42.5000
v 94.1000 9.0000 -42.5000
v 94.1000 3.8000 -41.5000
v 101.0000 3.8000 -41.5000
v 101.0000 9.0000 -41.5000
v 94.1000 9.0000 -41.5000
f 1801 1802 1803 1804
f 1805 1808 1807 1806
f 1801 1805 1806 1802
f 1804 1803 1807 1808
f 1801 1804 1808 1805
f 1802 1806 1807 1803
o F1_Classroom_07_Exterior_Glass_1
g F1_Classroom_07_Exterior_Glass_1
usemtl Glass
v 66.0500 3.9500 -42.1400
v 71.9500 3.9500 -42.1400
v 71.9500 8.8500 -42.1400
v 66.0500 8.8500 -42.1400
v 66.0500 3.9500 -41.9800
v 71.9500 3.9500 -41.9800
v 71.9500 8.8500 -41.9800
v 66.0500 8.8500 -41.9800
f 1809 1810 1811 1812
f 1813 1816 1815 1814
f 1809 1813 1814 1810
f 1812 1811 1815 1816
f 1809 1812 1816 1813
f 1810 1814 1815 1811
o F1_Classroom_07_Exterior_FrameL_1
g F1_Classroom_07_Exterior_FrameL_1
usemtl Concrete
v 65.8100 3.8000 -42.1600
v 65.9900 3.8000 -42.1600
v 65.9900 9.0000 -42.1600
v 65.8100 9.0000 -42.1600
v 65.8100 3.8000 -41.9600
v 65.9900 3.8000 -41.9600
v 65.9900 9.0000 -41.9600
v 65.8100 9.0000 -41.9600
f 1817 1818 1819 1820
f 1821 1824 1823 1822
f 1817 1821 1822 1818
f 1820 1819 1823 1824
f 1817 1820 1824 1821
f 1818 1822 1823 1819
o F1_Classroom_07_Exterior_FrameR_1
g F1_Classroom_07_Exterior_FrameR_1
usemtl Concrete
v 72.0100 3.8000 -42.1600
v 72.1900 3.8000 -42.1600
v 72.1900 9.0000 -42.1600
v 72.0100 9.0000 -42.1600
v 72.0100 3.8000 -41.9600
v 72.1900 3.8000 -41.9600
v 72.1900 9.0000 -41.9600
v 72.0100 9.0000 -41.9600
f 1825 1826 1827 1828
f 1829 1832 1831 1830
f 1825 1829 1830 1826
f 1828 1827 1831 1832
f 1825 1828 1832 1829
f 1826 1830 1831 1827
o F1_Classroom_07_Exterior_FrameB_1
g F1_Classroom_07_Exterior_FrameB_1
usemtl Concrete
v 65.9000 3.7100 -42.1600
v 72.1000 3.7100 -42.1600
v 72.1000 3.8900 -42.1600
v 65.9000 3.8900 -42.1600
v 65.9000 3.7100 -41.9600
v 72.1000 3.7100 -41.9600
v 72.1000 3.8900 -41.9600
v 65.9000 3.8900 -41.9600
f 1833 1834 1835 1836
f 1837 1840 1839 1838
f 1833 1837 1838 1834
f 1836 1835 1839 1840
f 1833 1836 1840 1837
f 1834 1838 1839 1835
o F1_Classroom_07_Exterior_FrameT_1
g F1_Classroom_07_Exterior_FrameT_1
usemtl Concrete
v 65.9000 8.9100 -42.1600
v 72.1000 8.9100 -42.1600
v 72.1000 9.0900 -42.1600
v 65.9000 9.0900 -42.1600
v 65.9000 8.9100 -41.9600
v 72.1000 8.9100 -41.9600
v 72.1000 9.0900 -41.9600
v 65.9000 9.0900 -41.9600
f 1841 1842 1843 1844
f 1845 1848 1847 1846
f 1841 1845 1846 1842
f 1844 1843 1847 1848
f 1841 1844 1848 1845
f 1842 1846 1847 1843
o F1_Classroom_07_Exterior_Glass_2
g F1_Classroom_07_Exterior_Glass_2
usemtl Glass
v 77.0500 3.9500 -42.1400
v 82.9500 3.9500 -42.1400
v 82.9500 8.8500 -42.1400
v 77.0500 8.8500 -42.1400
v 77.0500 3.9500 -41.9800
v 82.9500 3.9500 -41.9800
v 82.9500 8.8500 -41.9800
v 77.0500 8.8500 -41.9800
f 1849 1850 1851 1852
f 1853 1856 1855 1854
f 1849 1853 1854 1850
f 1852 1851 1855 1856
f 1849 1852 1856 1853
f 1850 1854 1855 1851
o F1_Classroom_07_Exterior_FrameL_2
g F1_Classroom_07_Exterior_FrameL_2
usemtl Concrete
v 76.8100 3.8000 -42.1600
v 76.9900 3.8000 -42.1600
v 76.9900 9.0000 -42.1600
v 76.8100 9.0000 -42.1600
v 76.8100 3.8000 -41.9600
v 76.9900 3.8000 -41.9600
v 76.9900 9.0000 -41.9600
v 76.8100 9.0000 -41.9600
f 1857 1858 1859 1860
f 1861 1864 1863 1862
f 1857 1861 1862 1858
f 1860 1859 1863 1864
f 1857 1860 1864 1861
f 1858 1862 1863 1859
o F1_Classroom_07_Exterior_FrameR_2
g F1_Classroom_07_Exterior_FrameR_2
usemtl Concrete
v 83.0100 3.8000 -42.1600
v 83.1900 3.8000 -42.1600
v 83.1900 9.0000 -42.1600
v 83.0100 9.0000 -42.1600
v 83.0100 3.8000 -41.9600
v 83.1900 3.8000 -41.9600
v 83.1900 9.0000 -41.9600
v 83.0100 9.0000 -41.9600
f 1865 1866 1867 1868
f 1869 1872 1871 1870
f 1865 1869 1870 1866
f 1868 1867 1871 1872
f 1865 1868 1872 1869
f 1866 1870 1871 1867
o F1_Classroom_07_Exterior_FrameB_2
g F1_Classroom_07_Exterior_FrameB_2
usemtl Concrete
v 76.9000 3.7100 -42.1600
v 83.1000 3.7100 -42.1600
v 83.1000 3.8900 -42.1600
v 76.9000 3.8900 -42.1600
v 76.9000 3.7100 -41.9600
v 83.1000 3.7100 -41.9600
v 83.1000 3.8900 -41.9600
v 76.9000 3.8900 -41.9600
f 1873 1874 1875 1876
f 1877 1880 1879 1878
f 1873 1877 1878 1874
f 1876 1875 1879 1880
f 1873 1876 1880 1877
f 1874 1878 1879 1875
o F1_Classroom_07_Exterior_FrameT_2
g F1_Classroom_07_Exterior_FrameT_2
usemtl Concrete
v 76.9000 8.9100 -42.1600
v 83.1000 8.9100 -42.1600
v 83.1000 9.0900 -42.1600
v 76.9000 9.0900 -42.1600
v 76.9000 8.9100 -41.9600
v 83.1000 8.9100 -41.9600
v 83.1000 9.0900 -41.9600
v 76.9000 9.0900 -41.9600
f 1881 1882 1883 1884
f 1885 1888 1887 1886
f 1881 1885 1886 1882
f 1884 1883 1887 1888
f 1881 1884 1888 1885
f 1882 1886 1887 1883
o F1_Classroom_07_Exterior_Glass_3
g F1_Classroom_07_Exterior_Glass_3
usemtl Glass
v 88.0500 3.9500 -42.1400
v 93.9500 3.9500 -42.1400
v 93.9500 8.8500 -42.1400
v 88.0500 8.8500 -42.1400
v 88.0500 3.9500 -41.9800
v 93.9500 3.9500 -41.9800
v 93.9500 8.8500 -41.9800
v 88.0500 8.8500 -41.9800
f 1889 1890 1891 1892
f 1893 1896 1895 1894
f 1889 1893 1894 1890
f 1892 1891 1895 1896
f 1889 1892 1896 1893
f 1890 1894 1895 1891
o F1_Classroom_07_Exterior_FrameL_3
g F1_Classroom_07_Exterior_FrameL_3
usemtl Concrete
v 87.8100 3.8000 -42.1600
v 87.9900 3.8000 -42.1600
v 87.9900 9.0000 -42.1600
v 87.8100 9.0000 -42.1600
v 87.8100 3.8000 -41.9600
v 87.9900 3.8000 -41.9600
v 87.9900 9.0000 -41.9600
v 87.8100 9.0000 -41.9600
f 1897 1898 1899 1900
f 1901 1904 1903 1902
f 1897 1901 1902 1898
f 1900 1899 1903 1904
f 1897 1900 1904 1901
f 1898 1902 1903 1899
o F1_Classroom_07_Exterior_FrameR_3
g F1_Classroom_07_Exterior_FrameR_3
usemtl Concrete
v 94.0100 3.8000 -42.1600
v 94.1900 3.8000 -42.1600
v 94.1900 9.0000 -42.1600
v 94.0100 9.0000 -42.1600
v 94.0100 3.8000 -41.9600
v 94.1900 3.8000 -41.9600
v 94.1900 9.0000 -41.9600
v 94.0100 9.0000 -41.9600
f 1905 1906 1907 1908
f 1909 1912 1911 1910
f 1905 1909 1910 1906
f 1908 1907 1911 1912
f 1905 1908 1912 1909
f 1906 1910 1911 1907
o F1_Classroom_07_Exterior_FrameB_3
g F1_Classroom_07_Exterior_FrameB_3
usemtl Concrete
v 87.9000 3.7100 -42.1600
v 94.1000 3.7100 -42.1600
v 94.1000 3.8900 -42.1600
v 87.9000 3.8900 -42.1600
v 87.9000 3.7100 -41.9600
v 94.1000 3.7100 -41.9600
v 94.1000 3.8900 -41.9600
v 87.9000 3.8900 -41.9600
f 1913 1914 1915 1916
f 1917 1920 1919 1918
f 1913 1917 1918 1914
f 1916 1915 1919 1920
f 1913 1916 1920 1917
f 1914 1918 1919 1915
o F1_Classroom_07_Exterior_FrameT_3
g F1_Classroom_07_Exterior_FrameT_3
usemtl Concrete
v 87.9000 8.9100 -42.1600
v 94.1000 8.9100 -42.1600
v 94.1000 9.0900 -42.1600
v 87.9000 9.0900 -42.1600
v 87.9000 8.9100 -41.9600
v 94.1000 8.9100 -41.9600
v 94.1000 9.0900 -41.9600
v 87.9000 9.0900 -41.9600
f 1921 1922 1923 1924
f 1925 1928 1927 1926
f 1921 1925 1926 1922
f 1924 1923 1927 1928
f 1921 1924 1928 1925
f 1922 1926 1927 1923
o F1_Classroom_07_Corridor_L
g F1_Classroom_07_Corridor_L
usemtl WhiteBrick
v 59.0000 0.0000 -8.5000
v 77.0000 0.0000 -8.5000
v 77.0000 13.0000 -8.5000
v 59.0000 13.0000 -8.5000
v 59.0000 0.0000 -7.5000
v 77.0000 0.0000 -7.5000
v 77.0000 13.0000 -7.5000
v 59.0000 13.0000 -7.5000
f 1929 1930 1931 1932
f 1933 1936 1935 1934
f 1929 1933 1934 1930
f 1932 1931 1935 1936
f 1929 1932 1936 1933
f 1930 1934 1935 1931
o F1_Classroom_07_Corridor_R
g F1_Classroom_07_Corridor_R
usemtl WhiteBrick
v 83.0000 0.0000 -8.5000
v 101.0000 0.0000 -8.5000
v 101.0000 13.0000 -8.5000
v 83.0000 13.0000 -8.5000
v 83.0000 0.0000 -7.5000
v 101.0000 0.0000 -7.5000
v 101.0000 13.0000 -7.5000
v 83.0000 13.0000 -7.5000
f 1937 1938 1939 1940
f 1941 1944 1943 1942
f 1937 1941 1942 1938
f 1940 1939 1943 1944
f 1937 1940 1944 1941
f 1938 1942 1943 1939
o F1_Classroom_07_Corridor_Header
g F1_Classroom_07_Corridor_Header
usemtl WhiteBrick
v 77.0000 8.5000 -8.5000
v 83.0000 8.5000 -8.5000
v 83.0000 13.0000 -8.5000
v 77.0000 13.0000 -8.5000
v 77.0000 8.5000 -7.5000
v 83.0000 8.5000 -7.5000
v 83.0000 13.0000 -7.5000
v 77.0000 13.0000 -7.5000
f 1945 1946 1947 1948
f 1949 1952 1951 1950
f 1945 1949 1950 1946
f 1948 1947 1951 1952
f 1945 1948 1952 1949
f 1946 1950 1951 1947
o F1_Classroom_07_Corridor_FrameL
g F1_Classroom_07_Corridor_FrameL
usemtl Concrete
v 76.9000 0.0000 -8.0900
v 77.1000 0.0000 -8.0900
v 77.1000 8.5000 -8.0900
v 76.9000 8.5000 -8.0900
v 76.9000 0.0000 -7.9100
v 77.1000 0.0000 -7.9100
v 77.1000 8.5000 -7.9100
v 76.9000 8.5000 -7.9100
f 1953 1954 1955 1956
f 1957 1960 1959 1958
f 1953 1957 1958 1954
f 1956 1955 1959 1960
f 1953 1956 1960 1957
f 1954 1958 1959 1955
o F1_Classroom_07_Corridor_FrameR
g F1_Classroom_07_Corridor_FrameR
usemtl Concrete
v 82.9000 0.0000 -8.0900
v 83.1000 0.0000 -8.0900
v 83.1000 8.5000 -8.0900
v 82.9000 8.5000 -8.0900
v 82.9000 0.0000 -7.9100
v 83.1000 0.0000 -7.9100
v 83.1000 8.5000 -7.9100
v 82.9000 8.5000 -7.9100
f 1961 1962 1963 1964
f 1965 1968 1967 1966
f 1961 1965 1966 1962
f 1964 1963 1967 1968
f 1961 1964 1968 1965
f 1962 1966 1967 1963
o F1_Classroom_07_Corridor_FrameTop
g F1_Classroom_07_Corridor_FrameTop
usemtl Concrete
v 77.0000 8.4000 -8.0900
v 83.0000 8.4000 -8.0900
v 83.0000 8.6000 -8.0900
v 77.0000 8.6000 -8.0900
v 77.0000 8.4000 -7.9100
v 83.0000 8.4000 -7.9100
v 83.0000 8.6000 -7.9100
v 77.0000 8.6000 -7.9100
f 1969 1970 1971 1972
f 1973 1976 1975 1974
f 1969 1973 1974 1970
f 1972 1971 1975 1976
f 1969 1972 1976 1973
f 1970 1974 1975 1971
o F1_Classroom_07_Chair_Seat
g F1_Classroom_07_Chair_Seat
usemtl Chair
v 78.9000 1.9000 -26.0000
v 81.1000 1.9000 -26.0000
v 81.1000 2.1500 -26.0000
v 78.9000 2.1500 -26.0000
v 78.9000 1.9000 -24.0000
v 81.1000 1.9000 -24.0000
v 81.1000 2.1500 -24.0000
v 78.9000 2.1500 -24.0000
f 1977 1978 1979 1980
f 1981 1984 1983 1982
f 1977 1981 1982 1978
f 1980 1979 1983 1984
f 1977 1980 1984 1981
f 1978 1982 1983 1979
o F1_Classroom_07_Chair_Back
g F1_Classroom_07_Chair_Back
usemtl Chair
v 78.9000 2.1500 -24.2000
v 81.1000 2.1500 -24.2000
v 81.1000 4.1000 -24.2000
v 78.9000 4.1000 -24.2000
v 78.9000 2.1500 -23.9600
v 81.1000 2.1500 -23.9600
v 81.1000 4.1000 -23.9600
v 78.9000 4.1000 -23.9600
f 1985 1986 1987 1988
f 1989 1992 1991 1990
f 1985 1989 1990 1986
f 1988 1987 1991 1992
f 1985 1988 1992 1989
f 1986 1990 1991 1987
o F1_Classroom_07_Chair_Leg_-0.82_-0.72
g F1_Classroom_07_Chair_Leg_-0.82_-0.72
usemtl Metal
v 79.1100 0.0000 -25.7900
v 79.2500 0.0000 -25.7900
v 79.2500 1.9000 -25.7900
v 79.1100 1.9000 -25.7900
v 79.1100 0.0000 -25.6500
v 79.2500 0.0000 -25.6500
v 79.2500 1.9000 -25.6500
v 79.1100 1.9000 -25.6500
f 1993 1994 1995 1996
f 1997 2000 1999 1998
f 1993 1997 1998 1994
f 1996 1995 1999 2000
f 1993 1996 2000 1997
f 1994 1998 1999 1995
o F1_Classroom_07_Chair_Leg_-0.82_0.72
g F1_Classroom_07_Chair_Leg_-0.82_0.72
usemtl Metal
v 79.1100 0.0000 -24.3500
v 79.2500 0.0000 -24.3500
v 79.2500 1.9000 -24.3500
v 79.1100 1.9000 -24.3500
v 79.1100 0.0000 -24.2100
v 79.2500 0.0000 -24.2100
v 79.2500 1.9000 -24.2100
v 79.1100 1.9000 -24.2100
f 2001 2002 2003 2004
f 2005 2008 2007 2006
f 2001 2005 2006 2002
f 2004 2003 2007 2008
f 2001 2004 2008 2005
f 2002 2006 2007 2003
o F1_Classroom_07_Chair_Leg_0.82_-0.72
g F1_Classroom_07_Chair_Leg_0.82_-0.72
usemtl Metal
v 80.7500 0.0000 -25.7900
v 80.8900 0.0000 -25.7900
v 80.8900 1.9000 -25.7900
v 80.7500 1.9000 -25.7900
v 80.7500 0.0000 -25.6500
v 80.8900 0.0000 -25.6500
v 80.8900 1.9000 -25.6500
v 80.7500 1.9000 -25.6500
f 2009 2010 2011 2012
f 2013 2016 2015 2014
f 2009 2013 2014 2010
f 2012 2011 2015 2016
f 2009 2012 2016 2013
f 2010 2014 2015 2011
o F1_Classroom_07_Chair_Leg_0.82_0.72
g F1_Classroom_07_Chair_Leg_0.82_0.72
usemtl Metal
v 80.7500 0.0000 -24.3500
v 80.8900 0.0000 -24.3500
v 80.8900 1.9000 -24.3500
v 80.7500 1.9000 -24.3500
v 80.7500 0.0000 -24.2100
v 80.8900 0.0000 -24.2100
v 80.8900 1.9000 -24.2100
v 80.7500 1.9000 -24.2100
f 2017 2018 2019 2020
f 2021 2024 2023 2022
f 2017 2021 2022 2018
f 2020 2019 2023 2024
f 2017 2020 2024 2021
f 2018 2022 2023 2019
o F1_Classroom_07_Chair_TabletSupport
g F1_Classroom_07_Chair_TabletSupport
usemtl Metal
v 81.1300 1.9000 -25.1000
v 81.2800 1.9000 -25.1000
v 81.2800 3.3500 -25.1000
v 81.1300 3.3500 -25.1000
v 81.1300 1.9000 -24.9500
v 81.2800 1.9000 -24.9500
v 81.2800 3.3500 -24.9500
v 81.1300 3.3500 -24.9500
f 2025 2026 2027 2028
f 2029 2032 2031 2030
f 2025 2029 2030 2026
f 2028 2027 2031 2032
f 2025 2028 2032 2029
f 2026 2030 2031 2027
o F1_Classroom_07_Chair_Tablet
g F1_Classroom_07_Chair_Tablet
usemtl Wood
v 80.6500 3.3000 -25.9200
v 81.6500 3.3000 -25.9200
v 81.6500 3.4200 -25.9200
v 80.6500 3.4200 -25.9200
v 80.6500 3.3000 -24.2200
v 81.6500 3.3000 -24.2200
v 81.6500 3.4200 -24.2200
v 80.6500 3.4200 -24.2200
f 2033 2034 2035 2036
f 2037 2040 2039 2038
f 2033 2037 2038 2034
f 2036 2035 2039 2040
f 2033 2036 2040 2037
f 2034 2038 2039 2035
o F1_Classroom_08_Exterior_Bottom
g F1_Classroom_08_Exterior_Bottom
usemtl WhiteBrick
v 59.0000 0.0000 41.5000
v 101.0000 0.0000 41.5000
v 101.0000 3.8000 41.5000
v 59.0000 3.8000 41.5000
v 59.0000 0.0000 42.5000
v 101.0000 0.0000 42.5000
v 101.0000 3.8000 42.5000
v 59.0000 3.8000 42.5000
f 2041 2042 2043 2044
f 2045 2048 2047 2046
f 2041 2045 2046 2042
f 2044 2043 2047 2048
f 2041 2044 2048 2045
f 2042 2046 2047 2043
o F1_Classroom_08_Exterior_Top
g F1_Classroom_08_Exterior_Top
usemtl WhiteBrick
v 59.0000 9.0000 41.5000
v 101.0000 9.0000 41.5000
v 101.0000 13.0000 41.5000
v 59.0000 13.0000 41.5000
v 59.0000 9.0000 42.5000
v 101.0000 9.0000 42.5000
v 101.0000 13.0000 42.5000
v 59.0000 13.0000 42.5000
f 2049 2050 2051 2052
f 2053 2056 2055 2054
f 2049 2053 2054 2050
f 2052 2051 2055 2056
f 2049 2052 2056 2053
f 2050 2054 2055 2051
o F1_Classroom_08_Exterior_Pier_1
g F1_Classroom_08_Exterior_Pier_1
usemtl WhiteBrick
v 59.0000 3.8000 41.5000
v 65.9000 3.8000 41.5000
v 65.9000 9.0000 41.5000
v 59.0000 9.0000 41.5000
v 59.0000 3.8000 42.5000
v 65.9000 3.8000 42.5000
v 65.9000 9.0000 42.5000
v 59.0000 9.0000 42.5000
f 2057 2058 2059 2060
f 2061 2064 2063 2062
f 2057 2061 2062 2058
f 2060 2059 2063 2064
f 2057 2060 2064 2061
f 2058 2062 2063 2059
o F1_Classroom_08_Exterior_Pier_2
g F1_Classroom_08_Exterior_Pier_2
usemtl WhiteBrick
v 72.1000 3.8000 41.5000
v 76.9000 3.8000 41.5000
v 76.9000 9.0000 41.5000
v 72.1000 9.0000 41.5000
v 72.1000 3.8000 42.5000
v 76.9000 3.8000 42.5000
v 76.9000 9.0000 42.5000
v 72.1000 9.0000 42.5000
f 2065 2066 2067 2068
f 2069 2072 2071 2070
f 2065 2069 2070 2066
f 2068 2067 2071 2072
f 2065 2068 2072 2069
f 2066 2070 2071 2067
o F1_Classroom_08_Exterior_Pier_3
g F1_Classroom_08_Exterior_Pier_3
usemtl WhiteBrick
v 83.1000 3.8000 41.5000
v 87.9000 3.8000 41.5000
v 87.9000 9.0000 41.5000
v 83.1000 9.0000 41.5000
v 83.1000 3.8000 42.5000
v 87.9000 3.8000 42.5000
v 87.9000 9.0000 42.5000
v 83.1000 9.0000 42.5000
f 2073 2074 2075 2076
f 2077 2080 2079 2078
f 2073 2077 2078 2074
f 2076 2075 2079 2080
f 2073 2076 2080 2077
f 2074 2078 2079 2075
o F1_Classroom_08_Exterior_Pier_4
g F1_Classroom_08_Exterior_Pier_4
usemtl WhiteBrick
v 94.1000 3.8000 41.5000
v 101.0000 3.8000 41.5000
v 101.0000 9.0000 41.5000
v 94.1000 9.0000 41.5000
v 94.1000 3.8000 42.5000
v 101.0000 3.8000 42.5000
v 101.0000 9.0000 42.5000
v 94.1000 9.0000 42.5000
f 2081 2082 2083 2084
f 2085 2088 2087 2086
f 2081 2085 2086 2082
f 2084 2083 2087 2088
f 2081 2084 2088 2085
f 2082 2086 2087 2083
o F1_Classroom_08_Exterior_Glass_1
g F1_Classroom_08_Exterior_Glass_1
usemtl Glass
v 66.0500 3.9500 41.9800
v 71.9500 3.9500 41.9800
v 71.9500 8.8500 41.9800
v 66.0500 8.8500 41.9800
v 66.0500 3.9500 42.1400
v 71.9500 3.9500 42.1400
v 71.9500 8.8500 42.1400
v 66.0500 8.8500 42.1400
f 2089 2090 2091 2092
f 2093 2096 2095 2094
f 2089 2093 2094 2090
f 2092 2091 2095 2096
f 2089 2092 2096 2093
f 2090 2094 2095 2091
o F1_Classroom_08_Exterior_FrameL_1
g F1_Classroom_08_Exterior_FrameL_1
usemtl Concrete
v 65.8100 3.8000 41.9600
v 65.9900 3.8000 41.9600
v 65.9900 9.0000 41.9600
v 65.8100 9.0000 41.9600
v 65.8100 3.8000 42.1600
v 65.9900 3.8000 42.1600
v 65.9900 9.0000 42.1600
v 65.8100 9.0000 42.1600
f 2097 2098 2099 2100
f 2101 2104 2103 2102
f 2097 2101 2102 2098
f 2100 2099 2103 2104
f 2097 2100 2104 2101
f 2098 2102 2103 2099
o F1_Classroom_08_Exterior_FrameR_1
g F1_Classroom_08_Exterior_FrameR_1
usemtl Concrete
v 72.0100 3.8000 41.9600
v 72.1900 3.8000 41.9600
v 72.1900 9.0000 41.9600
v 72.0100 9.0000 41.9600
v 72.0100 3.8000 42.1600
v 72.1900 3.8000 42.1600
v 72.1900 9.0000 42.1600
v 72.0100 9.0000 42.1600
f 2105 2106 2107 2108
f 2109 2112 2111 2110
f 2105 2109 2110 2106
f 2108 2107 2111 2112
f 2105 2108 2112 2109
f 2106 2110 2111 2107
o F1_Classroom_08_Exterior_FrameB_1
g F1_Classroom_08_Exterior_FrameB_1
usemtl Concrete
v 65.9000 3.7100 41.9600
v 72.1000 3.7100 41.9600
v 72.1000 3.8900 41.9600
v 65.9000 3.8900 41.9600
v 65.9000 3.7100 42.1600
v 72.1000 3.7100 42.1600
v 72.1000 3.8900 42.1600
v 65.9000 3.8900 42.1600
f 2113 2114 2115 2116
f 2117 2120 2119 2118
f 2113 2117 2118 2114
f 2116 2115 2119 2120
f 2113 2116 2120 2117
f 2114 2118 2119 2115
o F1_Classroom_08_Exterior_FrameT_1
g F1_Classroom_08_Exterior_FrameT_1
usemtl Concrete
v 65.9000 8.9100 41.9600
v 72.1000 8.9100 41.9600
v 72.1000 9.0900 41.9600
v 65.9000 9.0900 41.9600
v 65.9000 8.9100 42.1600
v 72.1000 8.9100 42.1600
v 72.1000 9.0900 42.1600
v 65.9000 9.0900 42.1600
f 2121 2122 2123 2124
f 2125 2128 2127 2126
f 2121 2125 2126 2122
f 2124 2123 2127 2128
f 2121 2124 2128 2125
f 2122 2126 2127 2123
o F1_Classroom_08_Exterior_Glass_2
g F1_Classroom_08_Exterior_Glass_2
usemtl Glass
v 77.0500 3.9500 41.9800
v 82.9500 3.9500 41.9800
v 82.9500 8.8500 41.9800
v 77.0500 8.8500 41.9800
v 77.0500 3.9500 42.1400
v 82.9500 3.9500 42.1400
v 82.9500 8.8500 42.1400
v 77.0500 8.8500 42.1400
f 2129 2130 2131 2132
f 2133 2136 2135 2134
f 2129 2133 2134 2130
f 2132 2131 2135 2136
f 2129 2132 2136 2133
f 2130 2134 2135 2131
o F1_Classroom_08_Exterior_FrameL_2
g F1_Classroom_08_Exterior_FrameL_2
usemtl Concrete
v 76.8100 3.8000 41.9600
v 76.9900 3.8000 41.9600
v 76.9900 9.0000 41.9600
v 76.8100 9.0000 41.9600
v 76.8100 3.8000 42.1600
v 76.9900 3.8000 42.1600
v 76.9900 9.0000 42.1600
v 76.8100 9.0000 42.1600
f 2137 2138 2139 2140
f 2141 2144 2143 2142
f 2137 2141 2142 2138
f 2140 2139 2143 2144
f 2137 2140 2144 2141
f 2138 2142 2143 2139
o F1_Classroom_08_Exterior_FrameR_2
g F1_Classroom_08_Exterior_FrameR_2
usemtl Concrete
v 83.0100 3.8000 41.9600
v 83.1900 3.8000 41.9600
v 83.1900 9.0000 41.9600
v 83.0100 9.0000 41.9600
v 83.0100 3.8000 42.1600
v 83.1900 3.8000 42.1600
v 83.1900 9.0000 42.1600
v 83.0100 9.0000 42.1600
f 2145 2146 2147 2148
f 2149 2152 2151 2150
f 2145 2149 2150 2146
f 2148 2147 2151 2152
f 2145 2148 2152 2149
f 2146 2150 2151 2147
o F1_Classroom_08_Exterior_FrameB_2
g F1_Classroom_08_Exterior_FrameB_2
usemtl Concrete
v 76.9000 3.7100 41.9600
v 83.1000 3.7100 41.9600
v 83.1000 3.8900 41.9600
v 76.9000 3.8900 41.9600
v 76.9000 3.7100 42.1600
v 83.1000 3.7100 42.1600
v 83.1000 3.8900 42.1600
v 76.9000 3.8900 42.1600
f 2153 2154 2155 2156
f 2157 2160 2159 2158
f 2153 2157 2158 2154
f 2156 2155 2159 2160
f 2153 2156 2160 2157
f 2154 2158 2159 2155
o F1_Classroom_08_Exterior_FrameT_2
g F1_Classroom_08_Exterior_FrameT_2
usemtl Concrete
v 76.9000 8.9100 41.9600
v 83.1000 8.9100 41.9600
v 83.1000 9.0900 41.9600
v 76.9000 9.0900 41.9600
v 76.9000 8.9100 42.1600
v 83.1000 8.9100 42.1600
v 83.1000 9.0900 42.1600
v 76.9000 9.0900 42.1600
f 2161 2162 2163 2164
f 2165 2168 2167 2166
f 2161 2165 2166 2162
f 2164 2163 2167 2168
f 2161 2164 2168 2165
f 2162 2166 2167 2163
o F1_Classroom_08_Exterior_Glass_3
g F1_Classroom_08_Exterior_Glass_3
usemtl Glass
v 88.0500 3.9500 41.9800
v 93.9500 3.9500 41.9800
v 93.9500 8.8500 41.9800
v 88.0500 8.8500 41.9800
v 88.0500 3.9500 42.1400
v 93.9500 3.9500 42.1400
v 93.9500 8.8500 42.1400
v 88.0500 8.8500 42.1400
f 2169 2170 2171 2172
f 2173 2176 2175 2174
f 2169 2173 2174 2170
f 2172 2171 2175 2176
f 2169 2172 2176 2173
f 2170 2174 2175 2171
o F1_Classroom_08_Exterior_FrameL_3
g F1_Classroom_08_Exterior_FrameL_3
usemtl Concrete
v 87.8100 3.8000 41.9600
v 87.9900 3.8000 41.9600
v 87.9900 9.0000 41.9600
v 87.8100 9.0000 41.9600
v 87.8100 3.8000 42.1600
v 87.9900 3.8000 42.1600
v 87.9900 9.0000 42.1600
v 87.8100 9.0000 42.1600
f 2177 2178 2179 2180
f 2181 2184 2183 2182
f 2177 2181 2182 2178
f 2180 2179 2183 2184
f 2177 2180 2184 2181
f 2178 2182 2183 2179
o F1_Classroom_08_Exterior_FrameR_3
g F1_Classroom_08_Exterior_FrameR_3
usemtl Concrete
v 94.0100 3.8000 41.9600
v 94.1900 3.8000 41.9600
v 94.1900 9.0000 41.9600
v 94.0100 9.0000 41.9600
v 94.0100 3.8000 42.1600
v 94.1900 3.8000 42.1600
v 94.1900 9.0000 42.1600
v 94.0100 9.0000 42.1600
f 2185 2186 2187 2188
f 2189 2192 2191 2190
f 2185 2189 2190 2186
f 2188 2187 2191 2192
f 2185 2188 2192 2189
f 2186 2190 2191 2187
o F1_Classroom_08_Exterior_FrameB_3
g F1_Classroom_08_Exterior_FrameB_3
usemtl Concrete
v 87.9000 3.7100 41.9600
v 94.1000 3.7100 41.9600
v 94.1000 3.8900 41.9600
v 87.9000 3.8900 41.9600
v 87.9000 3.7100 42.1600
v 94.1000 3.7100 42.1600
v 94.1000 3.8900 42.1600
v 87.9000 3.8900 42.1600
f 2193 2194 2195 2196
f 2197 2200 2199 2198
f 2193 2197 2198 2194
f 2196 2195 2199 2200
f 2193 2196 2200 2197
f 2194 2198 2199 2195
o F1_Classroom_08_Exterior_FrameT_3
g F1_Classroom_08_Exterior_FrameT_3
usemtl Concrete
v 87.9000 8.9100 41.9600
v 94.1000 8.9100 41.9600
v 94.1000 9.0900 41.9600
v 87.9000 9.0900 41.9600
v 87.9000 8.9100 42.1600
v 94.1000 8.9100 42.1600
v 94.1000 9.0900 42.1600
v 87.9000 9.0900 42.1600
f 2201 2202 2203 2204
f 2205 2208 2207 2206
f 2201 2205 2206 2202
f 2204 2203 2207 2208
f 2201 2204 2208 2205
f 2202 2206 2207 2203
o F1_Classroom_08_Corridor_L
g F1_Classroom_08_Corridor_L
usemtl WhiteBrick
v 59.0000 0.0000 7.5000
v 77.0000 0.0000 7.5000
v 77.0000 13.0000 7.5000
v 59.0000 13.0000 7.5000
v 59.0000 0.0000 8.5000
v 77.0000 0.0000 8.5000
v 77.0000 13.0000 8.5000
v 59.0000 13.0000 8.5000
f 2209 2210 2211 2212
f 2213 2216 2215 2214
f 2209 2213 2214 2210
f 2212 2211 2215 2216
f 2209 2212 2216 2213
f 2210 2214 2215 2211
o F1_Classroom_08_Corridor_R
g F1_Classroom_08_Corridor_R
usemtl WhiteBrick
v 83.0000 0.0000 7.5000
v 101.0000 0.0000 7.5000
v 101.0000 13.0000 7.5000
v 83.0000 13.0000 7.5000
v 83.0000 0.0000 8.5000
v 101.0000 0.0000 8.5000
v 101.0000 13.0000 8.5000
v 83.0000 13.0000 8.5000
f 2217 2218 2219 2220
f 2221 2224 2223 2222
f 2217 2221 2222 2218
f 2220 2219 2223 2224
f 2217 2220 2224 2221
f 2218 2222 2223 2219
o F1_Classroom_08_Corridor_Header
g F1_Classroom_08_Corridor_Header
usemtl WhiteBrick
v 77.0000 8.5000 7.5000
v 83.0000 8.5000 7.5000
v 83.0000 13.0000 7.5000
v 77.0000 13.0000 7.5000
v 77.0000 8.5000 8.5000
v 83.0000 8.5000 8.5000
v 83.0000 13.0000 8.5000
v 77.0000 13.0000 8.5000
f 2225 2226 2227 2228
f 2229 2232 2231 2230
f 2225 2229 2230 2226
f 2228 2227 2231 2232
f 2225 2228 2232 2229
f 2226 2230 2231 2227
o F1_Classroom_08_Corridor_FrameL
g F1_Classroom_08_Corridor_FrameL
usemtl Concrete
v 76.9000 0.0000 7.9100
v 77.1000 0.0000 7.9100
v 77.1000 8.5000 7.9100
v 76.9000 8.5000 7.9100
v 76.9000 0.0000 8.0900
v 77.1000 0.0000 8.0900
v 77.1000 8.5000 8.0900
v 76.9000 8.5000 8.0900
f 2233 2234 2235 2236
f 2237 2240 2239 2238
f 2233 2237 2238 2234
f 2236 2235 2239 2240
f 2233 2236 2240 2237
f 2234 2238 2239 2235
o F1_Classroom_08_Corridor_FrameR
g F1_Classroom_08_Corridor_FrameR
usemtl Concrete
v 82.9000 0.0000 7.9100
v 83.1000 0.0000 7.9100
v 83.1000 8.5000 7.9100
v 82.9000 8.5000 7.9100
v 82.9000 0.0000 8.0900
v 83.1000 0.0000 8.0900
v 83.1000 8.5000 8.0900
v 82.9000 8.5000 8.0900
f 2241 2242 2243 2244
f 2245 2248 2247 2246
f 2241 2245 2246 2242
f 2244 2243 2247 2248
f 2241 2244 2248 2245
f 2242 2246 2247 2243
o F1_Classroom_08_Corridor_FrameTop
g F1_Classroom_08_Corridor_FrameTop
usemtl Concrete
v 77.0000 8.4000 7.9100
v 83.0000 8.4000 7.9100
v 83.0000 8.6000 7.9100
v 77.0000 8.6000 7.9100
v 77.0000 8.4000 8.0900
v 83.0000 8.4000 8.0900
v 83.0000 8.6000 8.0900
v 77.0000 8.6000 8.0900
f 2249 2250 2251 2252
f 2253 2256 2255 2254
f 2249 2253 2254 2250
f 2252 2251 2255 2256
f 2249 2252 2256 2253
f 2250 2254 2255 2251
o F1_Classroom_08_Chair_Seat
g F1_Classroom_08_Chair_Seat
usemtl Chair
v 78.9000 1.9000 24.0000
v 81.1000 1.9000 24.0000
v 81.1000 2.1500 24.0000
v 78.9000 2.1500 24.0000
v 78.9000 1.9000 26.0000
v 81.1000 1.9000 26.0000
v 81.1000 2.1500 26.0000
v 78.9000 2.1500 26.0000
f 2257 2258 2259 2260
f 2261 2264 2263 2262
f 2257 2261 2262 2258
f 2260 2259 2263 2264
f 2257 2260 2264 2261
f 2258 2262 2263 2259
o F1_Classroom_08_Chair_Back
g F1_Classroom_08_Chair_Back
usemtl Chair
v 78.9000 2.1500 23.9600
v 81.1000 2.1500 23.9600
v 81.1000 4.1000 23.9600
v 78.9000 4.1000 23.9600
v 78.9000 2.1500 24.2000
v 81.1000 2.1500 24.2000
v 81.1000 4.1000 24.2000
v 78.9000 4.1000 24.2000
f 2265 2266 2267 2268
f 2269 2272 2271 2270
f 2265 2269 2270 2266
f 2268 2267 2271 2272
f 2265 2268 2272 2269
f 2266 2270 2271 2267
o F1_Classroom_08_Chair_Leg_-0.82_-0.72
g F1_Classroom_08_Chair_Leg_-0.82_-0.72
usemtl Metal
v 79.1100 0.0000 24.2100
v 79.2500 0.0000 24.2100
v 79.2500 1.9000 24.2100
v 79.1100 1.9000 24.2100
v 79.1100 0.0000 24.3500
v 79.2500 0.0000 24.3500
v 79.2500 1.9000 24.3500
v 79.1100 1.9000 24.3500
f 2273 2274 2275 2276
f 2277 2280 2279 2278
f 2273 2277 2278 2274
f 2276 2275 2279 2280
f 2273 2276 2280 2277
f 2274 2278 2279 2275
o F1_Classroom_08_Chair_Leg_-0.82_0.72
g F1_Classroom_08_Chair_Leg_-0.82_0.72
usemtl Metal
v 79.1100 0.0000 25.6500
v 79.2500 0.0000 25.6500
v 79.2500 1.9000 25.6500
v 79.1100 1.9000 25.6500
v 79.1100 0.0000 25.7900
v 79.2500 0.0000 25.7900
v 79.2500 1.9000 25.7900
v 79.1100 1.9000 25.7900
f 2281 2282 2283 2284
f 2285 2288 2287 2286
f 2281 2285 2286 2282
f 2284 2283 2287 2288
f 2281 2284 2288 2285
f 2282 2286 2287 2283
o F1_Classroom_08_Chair_Leg_0.82_-0.72
g F1_Classroom_08_Chair_Leg_0.82_-0.72
usemtl Metal
v 80.7500 0.0000 24.2100
v 80.8900 0.0000 24.2100
v 80.8900 1.9000 24.2100
v 80.7500 1.9000 24.2100
v 80.7500 0.0000 24.3500
v 80.8900 0.0000 24.3500
v 80.8900 1.9000 24.3500
v 80.7500 1.9000 24.3500
f 2289 2290 2291 2292
f 2293 2296 2295 2294
f 2289 2293 2294 2290
f 2292 2291 2295 2296
f 2289 2292 2296 2293
f 2290 2294 2295 2291
o F1_Classroom_08_Chair_Leg_0.82_0.72
g F1_Classroom_08_Chair_Leg_0.82_0.72
usemtl Metal
v 80.7500 0.0000 25.6500
v 80.8900 0.0000 25.6500
v 80.8900 1.9000 25.6500
v 80.7500 1.9000 25.6500
v 80.7500 0.0000 25.7900
v 80.8900 0.0000 25.7900
v 80.8900 1.9000 25.7900
v 80.7500 1.9000 25.7900
f 2297 2298 2299 2300
f 2301 2304 2303 2302
f 2297 2301 2302 2298
f 2300 2299 2303 2304
f 2297 2300 2304 2301
f 2298 2302 2303 2299
o F1_Classroom_08_Chair_TabletSupport
g F1_Classroom_08_Chair_TabletSupport
usemtl Metal
v 81.1300 1.9000 24.9000
v 81.2800 1.9000 24.9000
v 81.2800 3.3500 24.9000
v 81.1300 3.3500 24.9000
v 81.1300 1.9000 25.0500
v 81.2800 1.9000 25.0500
v 81.2800 3.3500 25.0500
v 81.1300 3.3500 25.0500
f 2305 2306 2307 2308
f 2309 2312 2311 2310
f 2305 2309 2310 2306
f 2308 2307 2311 2312
f 2305 2308 2312 2309
f 2306 2310 2311 2307
o F1_Classroom_08_Chair_Tablet
g F1_Classroom_08_Chair_Tablet
usemtl Wood
v 80.6500 3.3000 24.0800
v 81.6500 3.3000 24.0800
v 81.6500 3.4200 24.0800
v 80.6500 3.4200 24.0800
v 80.6500 3.3000 25.7800
v 81.6500 3.3000 25.7800
v 81.6500 3.4200 25.7800
v 80.6500 3.4200 25.7800
f 2313 2314 2315 2316
f 2317 2320 2319 2318
f 2313 2317 2318 2314
f 2316 2315 2319 2320
f 2313 2316 2320 2317
f 2314 2318 2319 2315
o F2_Classroom_09_Exterior_Bottom
g F2_Classroom_09_Exterior_Bottom
usemtl WhiteBrick
v -101.0000 13.0000 -42.5000
v -59.0000 13.0000 -42.5000
v -59.0000 16.8000 -42.5000
v -101.0000 16.8000 -42.5000
v -101.0000 13.0000 -41.5000
v -59.0000 13.0000 -41.5000
v -59.0000 16.8000 -41.5000
v -101.0000 16.8000 -41.5000
f 2321 2322 2323 2324
f 2325 2328 2327 2326
f 2321 2325 2326 2322
f 2324 2323 2327 2328
f 2321 2324 2328 2325
f 2322 2326 2327 2323
o F2_Classroom_09_Exterior_Top
g F2_Classroom_09_Exterior_Top
usemtl WhiteBrick
v -101.0000 22.0000 -42.5000
v -59.0000 22.0000 -42.5000
v -59.0000 26.0000 -42.5000
v -101.0000 26.0000 -42.5000
v -101.0000 22.0000 -41.5000
v -59.0000 22.0000 -41.5000
v -59.0000 26.0000 -41.5000
v -101.0000 26.0000 -41.5000
f 2329 2330 2331 2332
f 2333 2336 2335 2334
f 2329 2333 2334 2330
f 2332 2331 2335 2336
f 2329 2332 2336 2333
f 2330 2334 2335 2331
o F2_Classroom_09_Exterior_Pier_1
g F2_Classroom_09_Exterior_Pier_1
usemtl WhiteBrick
v -101.0000 16.8000 -42.5000
v -94.1000 16.8000 -42.5000
v -94.1000 22.0000 -42.5000
v -101.0000 22.0000 -42.5000
v -101.0000 16.8000 -41.5000
v -94.1000 16.8000 -41.5000
v -94.1000 22.0000 -41.5000
v -101.0000 22.0000 -41.5000
f 2337 2338 2339 2340
f 2341 2344 2343 2342
f 2337 2341 2342 2338
f 2340 2339 2343 2344
f 2337 2340 2344 2341
f 2338 2342 2343 2339
o F2_Classroom_09_Exterior_Pier_2
g F2_Classroom_09_Exterior_Pier_2
usemtl WhiteBrick
v -87.9000 16.8000 -42.5000
v -83.1000 16.8000 -42.5000
v -83.1000 22.0000 -42.5000
v -87.9000 22.0000 -42.5000
v -87.9000 16.8000 -41.5000
v -83.1000 16.8000 -41.5000
v -83.1000 22.0000 -41.5000
v -87.9000 22.0000 -41.5000
f 2345 2346 2347 2348
f 2349 2352 2351 2350
f 2345 2349 2350 2346
f 2348 2347 2351 2352
f 2345 2348 2352 2349
f 2346 2350 2351 2347
o F2_Classroom_09_Exterior_Pier_3
g F2_Classroom_09_Exterior_Pier_3
usemtl WhiteBrick
v -76.9000 16.8000 -42.5000
v -72.1000 16.8000 -42.5000
v -72.1000 22.0000 -42.5000
v -76.9000 22.0000 -42.5000
v -76.9000 16.8000 -41.5000
v -72.1000 16.8000 -41.5000
v -72.1000 22.0000 -41.5000
v -76.9000 22.0000 -41.5000
f 2353 2354 2355 2356
f 2357 2360 2359 2358
f 2353 2357 2358 2354
f 2356 2355 2359 2360
f 2353 2356 2360 2357
f 2354 2358 2359 2355
o F2_Classroom_09_Exterior_Pier_4
g F2_Classroom_09_Exterior_Pier_4
usemtl WhiteBrick
v -65.9000 16.8000 -42.5000
v -59.0000 16.8000 -42.5000
v -59.0000 22.0000 -42.5000
v -65.9000 22.0000 -42.5000
v -65.9000 16.8000 -41.5000
v -59.0000 16.8000 -41.5000
v -59.0000 22.0000 -41.5000
v -65.9000 22.0000 -41.5000
f 2361 2362 2363 2364
f 2365 2368 2367 2366
f 2361 2365 2366 2362
f 2364 2363 2367 2368
f 2361 2364 2368 2365
f 2362 2366 2367 2363
o F2_Classroom_09_Exterior_Glass_1
g F2_Classroom_09_Exterior_Glass_1
usemtl Glass
v -93.9500 16.9500 -42.1400
v -88.0500 16.9500 -42.1400
v -88.0500 21.8500 -42.1400
v -93.9500 21.8500 -42.1400
v -93.9500 16.9500 -41.9800
v -88.0500 16.9500 -41.9800
v -88.0500 21.8500 -41.9800
v -93.9500 21.8500 -41.9800
f 2369 2370 2371 2372
f 2373 2376 2375 2374
f 2369 2373 2374 2370
f 2372 2371 2375 2376
f 2369 2372 2376 2373
f 2370 2374 2375 2371
o F2_Classroom_09_Exterior_FrameL_1
g F2_Classroom_09_Exterior_FrameL_1
usemtl Concrete
v -94.1900 16.8000 -42.1600
v -94.0100 16.8000 -42.1600
v -94.0100 22.0000 -42.1600
v -94.1900 22.0000 -42.1600
v -94.1900 16.8000 -41.9600
v -94.0100 16.8000 -41.9600
v -94.0100 22.0000 -41.9600
v -94.1900 22.0000 -41.9600
f 2377 2378 2379 2380
f 2381 2384 2383 2382
f 2377 2381 2382 2378
f 2380 2379 2383 2384
f 2377 2380 2384 2381
f 2378 2382 2383 2379
o F2_Classroom_09_Exterior_FrameR_1
g F2_Classroom_09_Exterior_FrameR_1
usemtl Concrete
v -87.9900 16.8000 -42.1600
v -87.8100 16.8000 -42.1600
v -87.8100 22.0000 -42.1600
v -87.9900 22.0000 -42.1600
v -87.9900 16.8000 -41.9600
v -87.8100 16.8000 -41.9600
v -87.8100 22.0000 -41.9600
v -87.9900 22.0000 -41.9600
f 2385 2386 2387 2388
f 2389 2392 2391 2390
f 2385 2389 2390 2386
f 2388 2387 2391 2392
f 2385 2388 2392 2389
f 2386 2390 2391 2387
o F2_Classroom_09_Exterior_FrameB_1
g F2_Classroom_09_Exterior_FrameB_1
usemtl Concrete
v -94.1000 16.7100 -42.1600
v -87.9000 16.7100 -42.1600
v -87.9000 16.8900 -42.1600
v -94.1000 16.8900 -42.1600
v -94.1000 16.7100 -41.9600
v -87.9000 16.7100 -41.9600
v -87.9000 16.8900 -41.9600
v -94.1000 16.8900 -41.9600
f 2393 2394 2395 2396
f 2397 2400 2399 2398
f 2393 2397 2398 2394
f 2396 2395 2399 2400
f 2393 2396 2400 2397
f 2394 2398 2399 2395
o F2_Classroom_09_Exterior_FrameT_1
g F2_Classroom_09_Exterior_FrameT_1
usemtl Concrete
v -94.1000 21.9100 -42.1600
v -87.9000 21.9100 -42.1600
v -87.9000 22.0900 -42.1600
v -94.1000 22.0900 -42.1600
v -94.1000 21.9100 -41.9600
v -87.9000 21.9100 -41.9600
v -87.9000 22.0900 -41.9600
v -94.1000 22.0900 -41.9600
f 2401 2402 2403 2404
f 2405 2408 2407 2406
f 2401 2405 2406 2402
f 2404 2403 2407 2408
f 2401 2404 2408 2405
f 2402 2406 2407 2403
o F2_Classroom_09_Exterior_Glass_2
g F2_Classroom_09_Exterior_Glass_2
usemtl Glass
v -82.9500 16.9500 -42.1400
v -77.0500 16.9500 -42.1400
v -77.0500 21.8500 -42.1400
v -82.9500 21.8500 -42.1400
v -82.9500 16.9500 -41.9800
v -77.0500 16.9500 -41.9800
v -77.0500 21.8500 -41.9800
v -82.9500 21.8500 -41.9800
f 2409 2410 2411 2412
f 2413 2416 2415 2414
f 2409 2413 2414 2410
f 2412 2411 2415 2416
f 2409 2412 2416 2413
f 2410 2414 2415 2411
o F2_Classroom_09_Exterior_FrameL_2
g F2_Classroom_09_Exterior_FrameL_2
usemtl Concrete
v -83.1900 16.8000 -42.1600
v -83.0100 16.8000 -42.1600
v -83.0100 22.0000 -42.1600
v -83.1900 22.0000 -42.1600
v -83.1900 16.8000 -41.9600
v -83.0100 16.8000 -41.9600
v -83.0100 22.0000 -41.9600
v -83.1900 22.0000 -41.9600
f 2417 2418 2419 2420
f 2421 2424 2423 2422
f 2417 2421 2422 2418
f 2420 2419 2423 2424
f 2417 2420 2424 2421
f 2418 2422 2423 2419
o F2_Classroom_09_Exterior_FrameR_2
g F2_Classroom_09_Exterior_FrameR_2
usemtl Concrete
v -76.9900 16.8000 -42.1600
v -76.8100 16.8000 -42.1600
v -76.8100 22.0000 -42.1600
v -76.9900 22.0000 -42.1600
v -76.9900 16.8000 -41.9600
v -76.8100 16.8000 -41.9600
v -76.8100 22.0000 -41.9600
v -76.9900 22.0000 -41.9600
f 2425 2426 2427 2428
f 2429 2432 2431 2430
f 2425 2429 2430 2426
f 2428 2427 2431 2432
f 2425 2428 2432 2429
f 2426 2430 2431 2427
o F2_Classroom_09_Exterior_FrameB_2
g F2_Classroom_09_Exterior_FrameB_2
usemtl Concrete
v -83.1000 16.7100 -42.1600
v -76.9000 16.7100 -42.1600
v -76.9000 16.8900 -42.1600
v -83.1000 16.8900 -42.1600
v -83.1000 16.7100 -41.9600
v -76.9000 16.7100 -41.9600
v -76.9000 16.8900 -41.9600
v -83.1000 16.8900 -41.9600
f 2433 2434 2435 2436
f 2437 2440 2439 2438
f 2433 2437 2438 2434
f 2436 2435 2439 2440
f 2433 2436 2440 2437
f 2434 2438 2439 2435
o F2_Classroom_09_Exterior_FrameT_2
g F2_Classroom_09_Exterior_FrameT_2
usemtl Concrete
v -83.1000 21.9100 -42.1600
v -76.9000 21.9100 -42.1600
v -76.9000 22.0900 -42.1600
v -83.1000 22.0900 -42.1600
v -83.1000 21.9100 -41.9600
v -76.9000 21.9100 -41.9600
v -76.9000 22.0900 -41.9600
v -83.1000 22.0900 -41.9600
f 2441 2442 2443 2444
f 2445 2448 2447 2446
f 2441 2445 2446 2442
f 2444 2443 2447 2448
f 2441 2444 2448 2445
f 2442 2446 2447 2443
o F2_Classroom_09_Exterior_Glass_3
g F2_Classroom_09_Exterior_Glass_3
usemtl Glass
v -71.9500 16.9500 -42.1400
v -66.0500 16.9500 -42.1400
v -66.0500 21.8500 -42.1400
v -71.9500 21.8500 -42.1400
v -71.9500 16.9500 -41.9800
v -66.0500 16.9500 -41.9800
v -66.0500 21.8500 -41.9800
v -71.9500 21.8500 -41.9800
f 2449 2450 2451 2452
f 2453 2456 2455 2454
f 2449 2453 2454 2450
f 2452 2451 2455 2456
f 2449 2452 2456 2453
f 2450 2454 2455 2451
o F2_Classroom_09_Exterior_FrameL_3
g F2_Classroom_09_Exterior_FrameL_3
usemtl Concrete
v -72.1900 16.8000 -42.1600
v -72.0100 16.8000 -42.1600
v -72.0100 22.0000 -42.1600
v -72.1900 22.0000 -42.1600
v -72.1900 16.8000 -41.9600
v -72.0100 16.8000 -41.9600
v -72.0100 22.0000 -41.9600
v -72.1900 22.0000 -41.9600
f 2457 2458 2459 2460
f 2461 2464 2463 2462
f 2457 2461 2462 2458
f 2460 2459 2463 2464
f 2457 2460 2464 2461
f 2458 2462 2463 2459
o F2_Classroom_09_Exterior_FrameR_3
g F2_Classroom_09_Exterior_FrameR_3
usemtl Concrete
v -65.9900 16.8000 -42.1600
v -65.8100 16.8000 -42.1600
v -65.8100 22.0000 -42.1600
v -65.9900 22.0000 -42.1600
v -65.9900 16.8000 -41.9600
v -65.8100 16.8000 -41.9600
v -65.8100 22.0000 -41.9600
v -65.9900 22.0000 -41.9600
f 2465 2466 2467 2468
f 2469 2472 2471 2470
f 2465 2469 2470 2466
f 2468 2467 2471 2472
f 2465 2468 2472 2469
f 2466 2470 2471 2467
o F2_Classroom_09_Exterior_FrameB_3
g F2_Classroom_09_Exterior_FrameB_3
usemtl Concrete
v -72.1000 16.7100 -42.1600
v -65.9000 16.7100 -42.1600
v -65.9000 16.8900 -42.1600
v -72.1000 16.8900 -42.1600
v -72.1000 16.7100 -41.9600
v -65.9000 16.7100 -41.9600
v -65.9000 16.8900 -41.9600
v -72.1000 16.8900 -41.9600
f 2473 2474 2475 2476
f 2477 2480 2479 2478
f 2473 2477 2478 2474
f 2476 2475 2479 2480
f 2473 2476 2480 2477
f 2474 2478 2479 2475
o F2_Classroom_09_Exterior_FrameT_3
g F2_Classroom_09_Exterior_FrameT_3
usemtl Concrete
v -72.1000 21.9100 -42.1600
v -65.9000 21.9100 -42.1600
v -65.9000 22.0900 -42.1600
v -72.1000 22.0900 -42.1600
v -72.1000 21.9100 -41.9600
v -65.9000 21.9100 -41.9600
v -65.9000 22.0900 -41.9600
v -72.1000 22.0900 -41.9600
f 2481 2482 2483 2484
f 2485 2488 2487 2486
f 2481 2485 2486 2482
f 2484 2483 2487 2488
f 2481 2484 2488 2485
f 2482 2486 2487 2483
o F2_Classroom_09_Corridor_L
g F2_Classroom_09_Corridor_L
usemtl WhiteBrick
v -101.0000 13.0000 -8.5000
v -83.0000 13.0000 -8.5000
v -83.0000 26.0000 -8.5000
v -101.0000 26.0000 -8.5000
v -101.0000 13.0000 -7.5000
v -83.0000 13.0000 -7.5000
v -83.0000 26.0000 -7.5000
v -101.0000 26.0000 -7.5000
f 2489 2490 2491 2492
f 2493 2496 2495 2494
f 2489 2493 2494 2490
f 2492 2491 2495 2496
f 2489 2492 2496 2493
f 2490 2494 2495 2491
o F2_Classroom_09_Corridor_R
g F2_Classroom_09_Corridor_R
usemtl WhiteBrick
v -77.0000 13.0000 -8.5000
v -59.0000 13.0000 -8.5000
v -59.0000 26.0000 -8.5000
v -77.0000 26.0000 -8.5000
v -77.0000 13.0000 -7.5000
v -59.0000 13.0000 -7.5000
v -59.0000 26.0000 -7.5000
v -77.0000 26.0000 -7.5000
f 2497 2498 2499 2500
f 2501 2504 2503 2502
f 2497 2501 2502 2498
f 2500 2499 2503 2504
f 2497 2500 2504 2501
f 2498 2502 2503 2499
o F2_Classroom_09_Corridor_Header
g F2_Classroom_09_Corridor_Header
usemtl WhiteBrick
v -83.0000 21.5000 -8.5000
v -77.0000 21.5000 -8.5000
v -77.0000 26.0000 -8.5000
v -83.0000 26.0000 -8.5000
v -83.0000 21.5000 -7.5000
v -77.0000 21.5000 -7.5000
v -77.0000 26.0000 -7.5000
v -83.0000 26.0000 -7.5000
f 2505 2506 2507 2508
f 2509 2512 2511 2510
f 2505 2509 2510 2506
f 2508 2507 2511 2512
f 2505 2508 2512 2509
f 2506 2510 2511 2507
o F2_Classroom_09_Corridor_FrameL
g F2_Classroom_09_Corridor_FrameL
usemtl Concrete
v -83.1000 13.0000 -8.0900
v -82.9000 13.0000 -8.0900
v -82.9000 21.5000 -8.0900
v -83.1000 21.5000 -8.0900
v -83.1000 13.0000 -7.9100
v -82.9000 13.0000 -7.9100
v -82.9000 21.5000 -7.9100
v -83.1000 21.5000 -7.9100
f 2513 2514 2515 2516
f 2517 2520 2519 2518
f 2513 2517 2518 2514
f 2516 2515 2519 2520
f 2513 2516 2520 2517
f 2514 2518 2519 2515
o F2_Classroom_09_Corridor_FrameR
g F2_Classroom_09_Corridor_FrameR
usemtl Concrete
v -77.1000 13.0000 -8.0900
v -76.9000 13.0000 -8.0900
v -76.9000 21.5000 -8.0900
v -77.1000 21.5000 -8.0900
v -77.1000 13.0000 -7.9100
v -76.9000 13.0000 -7.9100
v -76.9000 21.5000 -7.9100
v -77.1000 21.5000 -7.9100
f 2521 2522 2523 2524
f 2525 2528 2527 2526
f 2521 2525 2526 2522
f 2524 2523 2527 2528
f 2521 2524 2528 2525
f 2522 2526 2527 2523
o F2_Classroom_09_Corridor_FrameTop
g F2_Classroom_09_Corridor_FrameTop
usemtl Concrete
v -83.0000 21.4000 -8.0900
v -77.0000 21.4000 -8.0900
v -77.0000 21.6000 -8.0900
v -83.0000 21.6000 -8.0900
v -83.0000 21.4000 -7.9100
v -77.0000 21.4000 -7.9100
v -77.0000 21.6000 -7.9100
v -83.0000 21.6000 -7.9100
f 2529 2530 2531 2532
f 2533 2536 2535 2534
f 2529 2533 2534 2530
f 2532 2531 2535 2536
f 2529 2532 2536 2533
f 2530 2534 2535 2531
o F2_Classroom_09_Chair_Seat
g F2_Classroom_09_Chair_Seat
usemtl Chair
v -81.1000 14.9000 -26.0000
v -78.9000 14.9000 -26.0000
v -78.9000 15.1500 -26.0000
v -81.1000 15.1500 -26.0000
v -81.1000 14.9000 -24.0000
v -78.9000 14.9000 -24.0000
v -78.9000 15.1500 -24.0000
v -81.1000 15.1500 -24.0000
f 2537 2538 2539 2540
f 2541 2544 2543 2542
f 2537 2541 2542 2538
f 2540 2539 2543 2544
f 2537 2540 2544 2541
f 2538 2542 2543 2539
o F2_Classroom_09_Chair_Back
g F2_Classroom_09_Chair_Back
usemtl Chair
v -81.1000 15.1500 -24.2000
v -78.9000 15.1500 -24.2000
v -78.9000 17.1000 -24.2000
v -81.1000 17.1000 -24.2000
v -81.1000 15.1500 -23.9600
v -78.9000 15.1500 -23.9600
v -78.9000 17.1000 -23.9600
v -81.1000 17.1000 -23.9600
f 2545 2546 2547 2548
f 2549 2552 2551 2550
f 2545 2549 2550 2546
f 2548 2547 2551 2552
f 2545 2548 2552 2549
f 2546 2550 2551 2547
o F2_Classroom_09_Chair_Leg_-0.82_-0.72
g F2_Classroom_09_Chair_Leg_-0.82_-0.72
usemtl Metal
v -80.8900 13.0000 -25.7900
v -80.7500 13.0000 -25.7900
v -80.7500 14.9000 -25.7900
v -80.8900 14.9000 -25.7900
v -80.8900 13.0000 -25.6500
v -80.7500 13.0000 -25.6500
v -80.7500 14.9000 -25.6500
v -80.8900 14.9000 -25.6500
f 2553 2554 2555 2556
f 2557 2560 2559 2558
f 2553 2557 2558 2554
f 2556 2555 2559 2560
f 2553 2556 2560 2557
f 2554 2558 2559 2555
o F2_Classroom_09_Chair_Leg_-0.82_0.72
g F2_Classroom_09_Chair_Leg_-0.82_0.72
usemtl Metal
v -80.8900 13.0000 -24.3500
v -80.7500 13.0000 -24.3500
v -80.7500 14.9000 -24.3500
v -80.8900 14.9000 -24.3500
v -80.8900 13.0000 -24.2100
v -80.7500 13.0000 -24.2100
v -80.7500 14.9000 -24.2100
v -80.8900 14.9000 -24.2100
f 2561 2562 2563 2564
f 2565 2568 2567 2566
f 2561 2565 2566 2562
f 2564 2563 2567 2568
f 2561 2564 2568 2565
f 2562 2566 2567 2563
o F2_Classroom_09_Chair_Leg_0.82_-0.72
g F2_Classroom_09_Chair_Leg_0.82_-0.72
usemtl Metal
v -79.2500 13.0000 -25.7900
v -79.1100 13.0000 -25.7900
v -79.1100 14.9000 -25.7900
v -79.2500 14.9000 -25.7900
v -79.2500 13.0000 -25.6500
v -79.1100 13.0000 -25.6500
v -79.1100 14.9000 -25.6500
v -79.2500 14.9000 -25.6500
f 2569 2570 2571 2572
f 2573 2576 2575 2574
f 2569 2573 2574 2570
f 2572 2571 2575 2576
f 2569 2572 2576 2573
f 2570 2574 2575 2571
o F2_Classroom_09_Chair_Leg_0.82_0.72
g F2_Classroom_09_Chair_Leg_0.82_0.72
usemtl Metal
v -79.2500 13.0000 -24.3500
v -79.1100 13.0000 -24.3500
v -79.1100 14.9000 -24.3500
v -79.2500 14.9000 -24.3500
v -79.2500 13.0000 -24.2100
v -79.1100 13.0000 -24.2100
v -79.1100 14.9000 -24.2100
v -79.2500 14.9000 -24.2100
f 2577 2578 2579 2580
f 2581 2584 2583 2582
f 2577 2581 2582 2578
f 2580 2579 2583 2584
f 2577 2580 2584 2581
f 2578 2582 2583 2579
o F2_Classroom_09_Chair_TabletSupport
g F2_Classroom_09_Chair_TabletSupport
usemtl Metal
v -78.8700 14.9000 -25.1000
v -78.7200 14.9000 -25.1000
v -78.7200 16.3500 -25.1000
v -78.8700 16.3500 -25.1000
v -78.8700 14.9000 -24.9500
v -78.7200 14.9000 -24.9500
v -78.7200 16.3500 -24.9500
v -78.8700 16.3500 -24.9500
f 2585 2586 2587 2588
f 2589 2592 2591 2590
f 2585 2589 2590 2586
f 2588 2587 2591 2592
f 2585 2588 2592 2589
f 2586 2590 2591 2587
o F2_Classroom_09_Chair_Tablet
g F2_Classroom_09_Chair_Tablet
usemtl Wood
v -79.3500 16.3000 -25.9200
v -78.3500 16.3000 -25.9200
v -78.3500 16.4200 -25.9200
v -79.3500 16.4200 -25.9200
v -79.3500 16.3000 -24.2200
v -78.3500 16.3000 -24.2200
v -78.3500 16.4200 -24.2200
v -79.3500 16.4200 -24.2200
f 2593 2594 2595 2596
f 2597 2600 2599 2598
f 2593 2597 2598 2594
f 2596 2595 2599 2600
f 2593 2596 2600 2597
f 2594 2598 2599 2595
o F2_Classroom_10_Exterior_Bottom
g F2_Classroom_10_Exterior_Bottom
usemtl WhiteBrick
v -101.0000 13.0000 41.5000
v -59.0000 13.0000 41.5000
v -59.0000 16.8000 41.5000
v -101.0000 16.8000 41.5000
v -101.0000 13.0000 42.5000
v -59.0000 13.0000 42.5000
v -59.0000 16.8000 42.5000
v -101.0000 16.8000 42.5000
f 2601 2602 2603 2604
f 2605 2608 2607 2606
f 2601 2605 2606 2602
f 2604 2603 2607 2608
f 2601 2604 2608 2605
f 2602 2606 2607 2603
o F2_Classroom_10_Exterior_Top
g F2_Classroom_10_Exterior_Top
usemtl WhiteBrick
v -101.0000 22.0000 41.5000
v -59.0000 22.0000 41.5000
v -59.0000 26.0000 41.5000
v -101.0000 26.0000 41.5000
v -101.0000 22.0000 42.5000
v -59.0000 22.0000 42.5000
v -59.0000 26.0000 42.5000
v -101.0000 26.0000 42.5000
f 2609 2610 2611 2612
f 2613 2616 2615 2614
f 2609 2613 2614 2610
f 2612 2611 2615 2616
f 2609 2612 2616 2613
f 2610 2614 2615 2611
o F2_Classroom_10_Exterior_Pier_1
g F2_Classroom_10_Exterior_Pier_1
usemtl WhiteBrick
v -101.0000 16.8000 41.5000
v -94.1000 16.8000 41.5000
v -94.1000 22.0000 41.5000
v -101.0000 22.0000 41.5000
v -101.0000 16.8000 42.5000
v -94.1000 16.8000 42.5000
v -94.1000 22.0000 42.5000
v -101.0000 22.0000 42.5000
f 2617 2618 2619 2620
f 2621 2624 2623 2622
f 2617 2621 2622 2618
f 2620 2619 2623 2624
f 2617 2620 2624 2621
f 2618 2622 2623 2619
o F2_Classroom_10_Exterior_Pier_2
g F2_Classroom_10_Exterior_Pier_2
usemtl WhiteBrick
v -87.9000 16.8000 41.5000
v -83.1000 16.8000 41.5000
v -83.1000 22.0000 41.5000
v -87.9000 22.0000 41.5000
v -87.9000 16.8000 42.5000
v -83.1000 16.8000 42.5000
v -83.1000 22.0000 42.5000
v -87.9000 22.0000 42.5000
f 2625 2626 2627 2628
f 2629 2632 2631 2630
f 2625 2629 2630 2626
f 2628 2627 2631 2632
f 2625 2628 2632 2629
f 2626 2630 2631 2627
o F2_Classroom_10_Exterior_Pier_3
g F2_Classroom_10_Exterior_Pier_3
usemtl WhiteBrick
v -76.9000 16.8000 41.5000
v -72.1000 16.8000 41.5000
v -72.1000 22.0000 41.5000
v -76.9000 22.0000 41.5000
v -76.9000 16.8000 42.5000
v -72.1000 16.8000 42.5000
v -72.1000 22.0000 42.5000
v -76.9000 22.0000 42.5000
f 2633 2634 2635 2636
f 2637 2640 2639 2638
f 2633 2637 2638 2634
f 2636 2635 2639 2640
f 2633 2636 2640 2637
f 2634 2638 2639 2635
o F2_Classroom_10_Exterior_Pier_4
g F2_Classroom_10_Exterior_Pier_4
usemtl WhiteBrick
v -65.9000 16.8000 41.5000
v -59.0000 16.8000 41.5000
v -59.0000 22.0000 41.5000
v -65.9000 22.0000 41.5000
v -65.9000 16.8000 42.5000
v -59.0000 16.8000 42.5000
v -59.0000 22.0000 42.5000
v -65.9000 22.0000 42.5000
f 2641 2642 2643 2644
f 2645 2648 2647 2646
f 2641 2645 2646 2642
f 2644 2643 2647 2648
f 2641 2644 2648 2645
f 2642 2646 2647 2643
o F2_Classroom_10_Exterior_Glass_1
g F2_Classroom_10_Exterior_Glass_1
usemtl Glass
v -93.9500 16.9500 41.9800
v -88.0500 16.9500 41.9800
v -88.0500 21.8500 41.9800
v -93.9500 21.8500 41.9800
v -93.9500 16.9500 42.1400
v -88.0500 16.9500 42.1400
v -88.0500 21.8500 42.1400
v -93.9500 21.8500 42.1400
f 2649 2650 2651 2652
f 2653 2656 2655 2654
f 2649 2653 2654 2650
f 2652 2651 2655 2656
f 2649 2652 2656 2653
f 2650 2654 2655 2651
o F2_Classroom_10_Exterior_FrameL_1
g F2_Classroom_10_Exterior_FrameL_1
usemtl Concrete
v -94.1900 16.8000 41.9600
v -94.0100 16.8000 41.9600
v -94.0100 22.0000 41.9600
v -94.1900 22.0000 41.9600
v -94.1900 16.8000 42.1600
v -94.0100 16.8000 42.1600
v -94.0100 22.0000 42.1600
v -94.1900 22.0000 42.1600
f 2657 2658 2659 2660
f 2661 2664 2663 2662
f 2657 2661 2662 2658
f 2660 2659 2663 2664
f 2657 2660 2664 2661
f 2658 2662 2663 2659
o F2_Classroom_10_Exterior_FrameR_1
g F2_Classroom_10_Exterior_FrameR_1
usemtl Concrete
v -87.9900 16.8000 41.9600
v -87.8100 16.8000 41.9600
v -87.8100 22.0000 41.9600
v -87.9900 22.0000 41.9600
v -87.9900 16.8000 42.1600
v -87.8100 16.8000 42.1600
v -87.8100 22.0000 42.1600
v -87.9900 22.0000 42.1600
f 2665 2666 2667 2668
f 2669 2672 2671 2670
f 2665 2669 2670 2666
f 2668 2667 2671 2672
f 2665 2668 2672 2669
f 2666 2670 2671 2667
o F2_Classroom_10_Exterior_FrameB_1
g F2_Classroom_10_Exterior_FrameB_1
usemtl Concrete
v -94.1000 16.7100 41.9600
v -87.9000 16.7100 41.9600
v -87.9000 16.8900 41.9600
v -94.1000 16.8900 41.9600
v -94.1000 16.7100 42.1600
v -87.9000 16.7100 42.1600
v -87.9000 16.8900 42.1600
v -94.1000 16.8900 42.1600
f 2673 2674 2675 2676
f 2677 2680 2679 2678
f 2673 2677 2678 2674
f 2676 2675 2679 2680
f 2673 2676 2680 2677
f 2674 2678 2679 2675
o F2_Classroom_10_Exterior_FrameT_1
g F2_Classroom_10_Exterior_FrameT_1
usemtl Concrete
v -94.1000 21.9100 41.9600
v -87.9000 21.9100 41.9600
v -87.9000 22.0900 41.9600
v -94.1000 22.0900 41.9600
v -94.1000 21.9100 42.1600
v -87.9000 21.9100 42.1600
v -87.9000 22.0900 42.1600
v -94.1000 22.0900 42.1600
f 2681 2682 2683 2684
f 2685 2688 2687 2686
f 2681 2685 2686 2682
f 2684 2683 2687 2688
f 2681 2684 2688 2685
f 2682 2686 2687 2683
o F2_Classroom_10_Exterior_Glass_2
g F2_Classroom_10_Exterior_Glass_2
usemtl Glass
v -82.9500 16.9500 41.9800
v -77.0500 16.9500 41.9800
v -77.0500 21.8500 41.9800
v -82.9500 21.8500 41.9800
v -82.9500 16.9500 42.1400
v -77.0500 16.9500 42.1400
v -77.0500 21.8500 42.1400
v -82.9500 21.8500 42.1400
f 2689 2690 2691 2692
f 2693 2696 2695 2694
f 2689 2693 2694 2690
f 2692 2691 2695 2696
f 2689 2692 2696 2693
f 2690 2694 2695 2691
o F2_Classroom_10_Exterior_FrameL_2
g F2_Classroom_10_Exterior_FrameL_2
usemtl Concrete
v -83.1900 16.8000 41.9600
v -83.0100 16.8000 41.9600
v -83.0100 22.0000 41.9600
v -83.1900 22.0000 41.9600
v -83.1900 16.8000 42.1600
v -83.0100 16.8000 42.1600
v -83.0100 22.0000 42.1600
v -83.1900 22.0000 42.1600
f 2697 2698 2699 2700
f 2701 2704 2703 2702
f 2697 2701 2702 2698
f 2700 2699 2703 2704
f 2697 2700 2704 2701
f 2698 2702 2703 2699
o F2_Classroom_10_Exterior_FrameR_2
g F2_Classroom_10_Exterior_FrameR_2
usemtl Concrete
v -76.9900 16.8000 41.9600
v -76.8100 16.8000 41.9600
v -76.8100 22.0000 41.9600
v -76.9900 22.0000 41.9600
v -76.9900 16.8000 42.1600
v -76.8100 16.8000 42.1600
v -76.8100 22.0000 42.1600
v -76.9900 22.0000 42.1600
f 2705 2706 2707 2708
f 2709 2712 2711 2710
f 2705 2709 2710 2706
f 2708 2707 2711 2712
f 2705 2708 2712 2709
f 2706 2710 2711 2707
o F2_Classroom_10_Exterior_FrameB_2
g F2_Classroom_10_Exterior_FrameB_2
usemtl Concrete
v -83.1000 16.7100 41.9600
v -76.9000 16.7100 41.9600
v -76.9000 16.8900 41.9600
v -83.1000 16.8900 41.9600
v -83.1000 16.7100 42.1600
v -76.9000 16.7100 42.1600
v -76.9000 16.8900 42.1600
v -83.1000 16.8900 42.1600
f 2713 2714 2715 2716
f 2717 2720 2719 2718
f 2713 2717 2718 2714
f 2716 2715 2719 2720
f 2713 2716 2720 2717
f 2714 2718 2719 2715
o F2_Classroom_10_Exterior_FrameT_2
g F2_Classroom_10_Exterior_FrameT_2
usemtl Concrete
v -83.1000 21.9100 41.9600
v -76.9000 21.9100 41.9600
v -76.9000 22.0900 41.9600
v -83.1000 22.0900 41.9600
v -83.1000 21.9100 42.1600
v -76.9000 21.9100 42.1600
v -76.9000 22.0900 42.1600
v -83.1000 22.0900 42.1600
f 2721 2722 2723 2724
f 2725 2728 2727 2726
f 2721 2725 2726 2722
f 2724 2723 2727 2728
f 2721 2724 2728 2725
f 2722 2726 2727 2723
o F2_Classroom_10_Exterior_Glass_3
g F2_Classroom_10_Exterior_Glass_3
usemtl Glass
v -71.9500 16.9500 41.9800
v -66.0500 16.9500 41.9800
v -66.0500 21.8500 41.9800
v -71.9500 21.8500 41.9800
v -71.9500 16.9500 42.1400
v -66.0500 16.9500 42.1400
v -66.0500 21.8500 42.1400
v -71.9500 21.8500 42.1400
f 2729 2730 2731 2732
f 2733 2736 2735 2734
f 2729 2733 2734 2730
f 2732 2731 2735 2736
f 2729 2732 2736 2733
f 2730 2734 2735 2731
o F2_Classroom_10_Exterior_FrameL_3
g F2_Classroom_10_Exterior_FrameL_3
usemtl Concrete
v -72.1900 16.8000 41.9600
v -72.0100 16.8000 41.9600
v -72.0100 22.0000 41.9600
v -72.1900 22.0000 41.9600
v -72.1900 16.8000 42.1600
v -72.0100 16.8000 42.1600
v -72.0100 22.0000 42.1600
v -72.1900 22.0000 42.1600
f 2737 2738 2739 2740
f 2741 2744 2743 2742
f 2737 2741 2742 2738
f 2740 2739 2743 2744
f 2737 2740 2744 2741
f 2738 2742 2743 2739
o F2_Classroom_10_Exterior_FrameR_3
g F2_Classroom_10_Exterior_FrameR_3
usemtl Concrete
v -65.9900 16.8000 41.9600
v -65.8100 16.8000 41.9600
v -65.8100 22.0000 41.9600
v -65.9900 22.0000 41.9600
v -65.9900 16.8000 42.1600
v -65.8100 16.8000 42.1600
v -65.8100 22.0000 42.1600
v -65.9900 22.0000 42.1600
f 2745 2746 2747 2748
f 2749 2752 2751 2750
f 2745 2749 2750 2746
f 2748 2747 2751 2752
f 2745 2748 2752 2749
f 2746 2750 2751 2747
o F2_Classroom_10_Exterior_FrameB_3
g F2_Classroom_10_Exterior_FrameB_3
usemtl Concrete
v -72.1000 16.7100 41.9600
v -65.9000 16.7100 41.9600
v -65.9000 16.8900 41.9600
v -72.1000 16.8900 41.9600
v -72.1000 16.7100 42.1600
v -65.9000 16.7100 42.1600
v -65.9000 16.8900 42.1600
v -72.1000 16.8900 42.1600
f 2753 2754 2755 2756
f 2757 2760 2759 2758
f 2753 2757 2758 2754
f 2756 2755 2759 2760
f 2753 2756 2760 2757
f 2754 2758 2759 2755
o F2_Classroom_10_Exterior_FrameT_3
g F2_Classroom_10_Exterior_FrameT_3
usemtl Concrete
v -72.1000 21.9100 41.9600
v -65.9000 21.9100 41.9600
v -65.9000 22.0900 41.9600
v -72.1000 22.0900 41.9600
v -72.1000 21.9100 42.1600
v -65.9000 21.9100 42.1600
v -65.9000 22.0900 42.1600
v -72.1000 22.0900 42.1600
f 2761 2762 2763 2764
f 2765 2768 2767 2766
f 2761 2765 2766 2762
f 2764 2763 2767 2768
f 2761 2764 2768 2765
f 2762 2766 2767 2763
o F2_Classroom_10_Corridor_L
g F2_Classroom_10_Corridor_L
usemtl WhiteBrick
v -101.0000 13.0000 7.5000
v -83.0000 13.0000 7.5000
v -83.0000 26.0000 7.5000
v -101.0000 26.0000 7.5000
v -101.0000 13.0000 8.5000
v -83.0000 13.0000 8.5000
v -83.0000 26.0000 8.5000
v -101.0000 26.0000 8.5000
f 2769 2770 2771 2772
f 2773 2776 2775 2774
f 2769 2773 2774 2770
f 2772 2771 2775 2776
f 2769 2772 2776 2773
f 2770 2774 2775 2771
o F2_Classroom_10_Corridor_R
g F2_Classroom_10_Corridor_R
usemtl WhiteBrick
v -77.0000 13.0000 7.5000
v -59.0000 13.0000 7.5000
v -59.0000 26.0000 7.5000
v -77.0000 26.0000 7.5000
v -77.0000 13.0000 8.5000
v -59.0000 13.0000 8.5000
v -59.0000 26.0000 8.5000
v -77.0000 26.0000 8.5000
f 2777 2778 2779 2780
f 2781 2784 2783 2782
f 2777 2781 2782 2778
f 2780 2779 2783 2784
f 2777 2780 2784 2781
f 2778 2782 2783 2779
o F2_Classroom_10_Corridor_Header
g F2_Classroom_10_Corridor_Header
usemtl WhiteBrick
v -83.0000 21.5000 7.5000
v -77.0000 21.5000 7.5000
v -77.0000 26.0000 7.5000
v -83.0000 26.0000 7.5000
v -83.0000 21.5000 8.5000
v -77.0000 21.5000 8.5000
v -77.0000 26.0000 8.5000
v -83.0000 26.0000 8.5000
f 2785 2786 2787 2788
f 2789 2792 2791 2790
f 2785 2789 2790 2786
f 2788 2787 2791 2792
f 2785 2788 2792 2789
f 2786 2790 2791 2787
o F2_Classroom_10_Corridor_FrameL
g F2_Classroom_10_Corridor_FrameL
usemtl Concrete
v -83.1000 13.0000 7.9100
v -82.9000 13.0000 7.9100
v -82.9000 21.5000 7.9100
v -83.1000 21.5000 7.9100
v -83.1000 13.0000 8.0900
v -82.9000 13.0000 8.0900
v -82.9000 21.5000 8.0900
v -83.1000 21.5000 8.0900
f 2793 2794 2795 2796
f 2797 2800 2799 2798
f 2793 2797 2798 2794
f 2796 2795 2799 2800
f 2793 2796 2800 2797
f 2794 2798 2799 2795
o F2_Classroom_10_Corridor_FrameR
g F2_Classroom_10_Corridor_FrameR
usemtl Concrete
v -77.1000 13.0000 7.9100
v -76.9000 13.0000 7.9100
v -76.9000 21.5000 7.9100
v -77.1000 21.5000 7.9100
v -77.1000 13.0000 8.0900
v -76.9000 13.0000 8.0900
v -76.9000 21.5000 8.0900
v -77.1000 21.5000 8.0900
f 2801 2802 2803 2804
f 2805 2808 2807 2806
f 2801 2805 2806 2802
f 2804 2803 2807 2808
f 2801 2804 2808 2805
f 2802 2806 2807 2803
o F2_Classroom_10_Corridor_FrameTop
g F2_Classroom_10_Corridor_FrameTop
usemtl Concrete
v -83.0000 21.4000 7.9100
v -77.0000 21.4000 7.9100
v -77.0000 21.6000 7.9100
v -83.0000 21.6000 7.9100
v -83.0000 21.4000 8.0900
v -77.0000 21.4000 8.0900
v -77.0000 21.6000 8.0900
v -83.0000 21.6000 8.0900
f 2809 2810 2811 2812
f 2813 2816 2815 2814
f 2809 2813 2814 2810
f 2812 2811 2815 2816
f 2809 2812 2816 2813
f 2810 2814 2815 2811
o F2_Classroom_10_Chair_Seat
g F2_Classroom_10_Chair_Seat
usemtl Chair
v -81.1000 14.9000 24.0000
v -78.9000 14.9000 24.0000
v -78.9000 15.1500 24.0000
v -81.1000 15.1500 24.0000
v -81.1000 14.9000 26.0000
v -78.9000 14.9000 26.0000
v -78.9000 15.1500 26.0000
v -81.1000 15.1500 26.0000
f 2817 2818 2819 2820
f 2821 2824 2823 2822
f 2817 2821 2822 2818
f 2820 2819 2823 2824
f 2817 2820 2824 2821
f 2818 2822 2823 2819
o F2_Classroom_10_Chair_Back
g F2_Classroom_10_Chair_Back
usemtl Chair
v -81.1000 15.1500 23.9600
v -78.9000 15.1500 23.9600
v -78.9000 17.1000 23.9600
v -81.1000 17.1000 23.9600
v -81.1000 15.1500 24.2000
v -78.9000 15.1500 24.2000
v -78.9000 17.1000 24.2000
v -81.1000 17.1000 24.2000
f 2825 2826 2827 2828
f 2829 2832 2831 2830
f 2825 2829 2830 2826
f 2828 2827 2831 2832
f 2825 2828 2832 2829
f 2826 2830 2831 2827
o F2_Classroom_10_Chair_Leg_-0.82_-0.72
g F2_Classroom_10_Chair_Leg_-0.82_-0.72
usemtl Metal
v -80.8900 13.0000 24.2100
v -80.7500 13.0000 24.2100
v -80.7500 14.9000 24.2100
v -80.8900 14.9000 24.2100
v -80.8900 13.0000 24.3500
v -80.7500 13.0000 24.3500
v -80.7500 14.9000 24.3500
v -80.8900 14.9000 24.3500
f 2833 2834 2835 2836
f 2837 2840 2839 2838
f 2833 2837 2838 2834
f 2836 2835 2839 2840
f 2833 2836 2840 2837
f 2834 2838 2839 2835
o F2_Classroom_10_Chair_Leg_-0.82_0.72
g F2_Classroom_10_Chair_Leg_-0.82_0.72
usemtl Metal
v -80.8900 13.0000 25.6500
v -80.7500 13.0000 25.6500
v -80.7500 14.9000 25.6500
v -80.8900 14.9000 25.6500
v -80.8900 13.0000 25.7900
v -80.7500 13.0000 25.7900
v -80.7500 14.9000 25.7900
v -80.8900 14.9000 25.7900
f 2841 2842 2843 2844
f 2845 2848 2847 2846
f 2841 2845 2846 2842
f 2844 2843 2847 2848
f 2841 2844 2848 2845
f 2842 2846 2847 2843
o F2_Classroom_10_Chair_Leg_0.82_-0.72
g F2_Classroom_10_Chair_Leg_0.82_-0.72
usemtl Metal
v -79.2500 13.0000 24.2100
v -79.1100 13.0000 24.2100
v -79.1100 14.9000 24.2100
v -79.2500 14.9000 24.2100
v -79.2500 13.0000 24.3500
v -79.1100 13.0000 24.3500
v -79.1100 14.9000 24.3500
v -79.2500 14.9000 24.3500
f 2849 2850 2851 2852
f 2853 2856 2855 2854
f 2849 2853 2854 2850
f 2852 2851 2855 2856
f 2849 2852 2856 2853
f 2850 2854 2855 2851
o F2_Classroom_10_Chair_Leg_0.82_0.72
g F2_Classroom_10_Chair_Leg_0.82_0.72
usemtl Metal
v -79.2500 13.0000 25.6500
v -79.1100 13.0000 25.6500
v -79.1100 14.9000 25.6500
v -79.2500 14.9000 25.6500
v -79.2500 13.0000 25.7900
v -79.1100 13.0000 25.7900
v -79.1100 14.9000 25.7900
v -79.2500 14.9000 25.7900
f 2857 2858 2859 2860
f 2861 2864 2863 2862
f 2857 2861 2862 2858
f 2860 2859 2863 2864
f 2857 2860 2864 2861
f 2858 2862 2863 2859
o F2_Classroom_10_Chair_TabletSupport
g F2_Classroom_10_Chair_TabletSupport
usemtl Metal
v -78.8700 14.9000 24.9000
v -78.7200 14.9000 24.9000
v -78.7200 16.3500 24.9000
v -78.8700 16.3500 24.9000
v -78.8700 14.9000 25.0500
v -78.7200 14.9000 25.0500
v -78.7200 16.3500 25.0500
v -78.8700 16.3500 25.0500
f 2865 2866 2867 2868
f 2869 2872 2871 2870
f 2865 2869 2870 2866
f 2868 2867 2871 2872
f 2865 2868 2872 2869
f 2866 2870 2871 2867
o F2_Classroom_10_Chair_Tablet
g F2_Classroom_10_Chair_Tablet
usemtl Wood
v -79.3500 16.3000 24.0800
v -78.3500 16.3000 24.0800
v -78.3500 16.4200 24.0800
v -79.3500 16.4200 24.0800
v -79.3500 16.3000 25.7800
v -78.3500 16.3000 25.7800
v -78.3500 16.4200 25.7800
v -79.3500 16.4200 25.7800
f 2873 2874 2875 2876
f 2877 2880 2879 2878
f 2873 2877 2878 2874
f 2876 2875 2879 2880
f 2873 2876 2880 2877
f 2874 2878 2879 2875
o F2_Classroom_11_Exterior_Bottom
g F2_Classroom_11_Exterior_Bottom
usemtl WhiteBrick
v -59.0000 13.0000 -42.5000
v -17.0000 13.0000 -42.5000
v -17.0000 16.8000 -42.5000
v -59.0000 16.8000 -42.5000
v -59.0000 13.0000 -41.5000
v -17.0000 13.0000 -41.5000
v -17.0000 16.8000 -41.5000
v -59.0000 16.8000 -41.5000
f 2881 2882 2883 2884
f 2885 2888 2887 2886
f 2881 2885 2886 2882
f 2884 2883 2887 2888
f 2881 2884 2888 2885
f 2882 2886 2887 2883
o F2_Classroom_11_Exterior_Top
g F2_Classroom_11_Exterior_Top
usemtl WhiteBrick
v -59.0000 22.0000 -42.5000
v -17.0000 22.0000 -42.5000
v -17.0000 26.0000 -42.5000
v -59.0000 26.0000 -42.5000
v -59.0000 22.0000 -41.5000
v -17.0000 22.0000 -41.5000
v -17.0000 26.0000 -41.5000
v -59.0000 26.0000 -41.5000
f 2889 2890 2891 2892
f 2893 2896 2895 2894
f 2889 2893 2894 2890
f 2892 2891 2895 2896
f 2889 2892 2896 2893
f 2890 2894 2895 2891
o F2_Classroom_11_Exterior_Pier_1
g F2_Classroom_11_Exterior_Pier_1
usemtl WhiteBrick
v -59.0000 16.8000 -42.5000
v -52.1000 16.8000 -42.5000
v -52.1000 22.0000 -42.5000
v -59.0000 22.0000 -42.5000
v -59.0000 16.8000 -41.5000
v -52.1000 16.8000 -41.5000
v -52.1000 22.0000 -41.5000
v -59.0000 22.0000 -41.5000
f 2897 2898 2899 2900
f 2901 2904 2903 2902
f 2897 2901 2902 2898
f 2900 2899 2903 2904
f 2897 2900 2904 2901
f 2898 2902 2903 2899
o F2_Classroom_11_Exterior_Pier_2
g F2_Classroom_11_Exterior_Pier_2
usemtl WhiteBrick
v -45.9000 16.8000 -42.5000
v -41.1000 16.8000 -42.5000
v -41.1000 22.0000 -42.5000
v -45.9000 22.0000 -42.5000
v -45.9000 16.8000 -41.5000
v -41.1000 16.8000 -41.5000
v -41.1000 22.0000 -41.5000
v -45.9000 22.0000 -41.5000
f 2905 2906 2907 2908
f 2909 2912 2911 2910
f 2905 2909 2910 2906
f 2908 2907 2911 2912
f 2905 2908 2912 2909
f 2906 2910 2911 2907
o F2_Classroom_11_Exterior_Pier_3
g F2_Classroom_11_Exterior_Pier_3
usemtl WhiteBrick
v -34.9000 16.8000 -42.5000
v -30.1000 16.8000 -42.5000
v -30.1000 22.0000 -42.5000
v -34.9000 22.0000 -42.5000
v -34.9000 16.8000 -41.5000
v -30.1000 16.8000 -41.5000
v -30.1000 22.0000 -41.5000
v -34.9000 22.0000 -41.5000
f 2913 2914 2915 2916
f 2917 2920 2919 2918
f 2913 2917 2918 2914
f 2916 2915 2919 2920
f 2913 2916 2920 2917
f 2914 2918 2919 2915
o F2_Classroom_11_Exterior_Pier_4
g F2_Classroom_11_Exterior_Pier_4
usemtl WhiteBrick
v -23.9000 16.8000 -42.5000
v -17.0000 16.8000 -42.5000
v -17.0000 22.0000 -42.5000
v -23.9000 22.0000 -42.5000
v -23.9000 16.8000 -41.5000
v -17.0000 16.8000 -41.5000
v -17.0000 22.0000 -41.5000
v -23.9000 22.0000 -41.5000
f 2921 2922 2923 2924
f 2925 2928 2927 2926
f 2921 2925 2926 2922
f 2924 2923 2927 2928
f 2921 2924 2928 2925
f 2922 2926 2927 2923
o F2_Classroom_11_Exterior_Glass_1
g F2_Classroom_11_Exterior_Glass_1
usemtl Glass
v -51.9500 16.9500 -42.1400
v -46.0500 16.9500 -42.1400
v -46.0500 21.8500 -42.1400
v -51.9500 21.8500 -42.1400
v -51.9500 16.9500 -41.9800
v -46.0500 16.9500 -41.9800
v -46.0500 21.8500 -41.9800
v -51.9500 21.8500 -41.9800
f 2929 2930 2931 2932
f 2933 2936 2935 2934
f 2929 2933 2934 2930
f 2932 2931 2935 2936
f 2929 2932 2936 2933
f 2930 2934 2935 2931
o F2_Classroom_11_Exterior_FrameL_1
g F2_Classroom_11_Exterior_FrameL_1
usemtl Concrete
v -52.1900 16.8000 -42.1600
v -52.0100 16.8000 -42.1600
v -52.0100 22.0000 -42.1600
v -52.1900 22.0000 -42.1600
v -52.1900 16.8000 -41.9600
v -52.0100 16.8000 -41.9600
v -52.0100 22.0000 -41.9600
v -52.1900 22.0000 -41.9600
f 2937 2938 2939 2940
f 2941 2944 2943 2942
f 2937 2941 2942 2938
f 2940 2939 2943 2944
f 2937 2940 2944 2941
f 2938 2942 2943 2939
o F2_Classroom_11_Exterior_FrameR_1
g F2_Classroom_11_Exterior_FrameR_1
usemtl Concrete
v -45.9900 16.8000 -42.1600
v -45.8100 16.8000 -42.1600
v -45.8100 22.0000 -42.1600
v -45.9900 22.0000 -42.1600
v -45.9900 16.8000 -41.9600
v -45.8100 16.8000 -41.9600
v -45.8100 22.0000 -41.9600
v -45.9900 22.0000 -41.9600
f 2945 2946 2947 2948
f 2949 2952 2951 2950
f 2945 2949 2950 2946
f 2948 2947 2951 2952
f 2945 2948 2952 2949
f 2946 2950 2951 2947
o F2_Classroom_11_Exterior_FrameB_1
g F2_Classroom_11_Exterior_FrameB_1
usemtl Concrete
v -52.1000 16.7100 -42.1600
v -45.9000 16.7100 -42.1600
v -45.9000 16.8900 -42.1600
v -52.1000 16.8900 -42.1600
v -52.1000 16.7100 -41.9600
v -45.9000 16.7100 -41.9600
v -45.9000 16.8900 -41.9600
v -52.1000 16.8900 -41.9600
f 2953 2954 2955 2956
f 2957 2960 2959 2958
f 2953 2957 2958 2954
f 2956 2955 2959 2960
f 2953 2956 2960 2957
f 2954 2958 2959 2955
o F2_Classroom_11_Exterior_FrameT_1
g F2_Classroom_11_Exterior_FrameT_1
usemtl Concrete
v -52.1000 21.9100 -42.1600
v -45.9000 21.9100 -42.1600
v -45.9000 22.0900 -42.1600
v -52.1000 22.0900 -42.1600
v -52.1000 21.9100 -41.9600
v -45.9000 21.9100 -41.9600
v -45.9000 22.0900 -41.9600
v -52.1000 22.0900 -41.9600
f 2961 2962 2963 2964
f 2965 2968 2967 2966
f 2961 2965 2966 2962
f 2964 2963 2967 2968
f 2961 2964 2968 2965
f 2962 2966 2967 2963
o F2_Classroom_11_Exterior_Glass_2
g F2_Classroom_11_Exterior_Glass_2
usemtl Glass
v -40.9500 16.9500 -42.1400
v -35.0500 16.9500 -42.1400
v -35.0500 21.8500 -42.1400
v -40.9500 21.8500 -42.1400
v -40.9500 16.9500 -41.9800
v -35.0500 16.9500 -41.9800
v -35.0500 21.8500 -41.9800
v -40.9500 21.8500 -41.9800
f 2969 2970 2971 2972
f 2973 2976 2975 2974
f 2969 2973 2974 2970
f 2972 2971 2975 2976
f 2969 2972 2976 2973
f 2970 2974 2975 2971
o F2_Classroom_11_Exterior_FrameL_2
g F2_Classroom_11_Exterior_FrameL_2
usemtl Concrete
v -41.1900 16.8000 -42.1600
v -41.0100 16.8000 -42.1600
v -41.0100 22.0000 -42.1600
v -41.1900 22.0000 -42.1600
v -41.1900 16.8000 -41.9600
v -41.0100 16.8000 -41.9600
v -41.0100 22.0000 -41.9600
v -41.1900 22.0000 -41.9600
f 2977 2978 2979 2980
f 2981 2984 2983 2982
f 2977 2981 2982 2978
f 2980 2979 2983 2984
f 2977 2980 2984 2981
f 2978 2982 2983 2979
o F2_Classroom_11_Exterior_FrameR_2
g F2_Classroom_11_Exterior_FrameR_2
usemtl Concrete
v -34.9900 16.8000 -42.1600
v -34.8100 16.8000 -42.1600
v -34.8100 22.0000 -42.1600
v -34.9900 22.0000 -42.1600
v -34.9900 16.8000 -41.9600
v -34.8100 16.8000 -41.9600
v -34.8100 22.0000 -41.9600
v -34.9900 22.0000 -41.9600
f 2985 2986 2987 2988
f 2989 2992 2991 2990
f 2985 2989 2990 2986
f 2988 2987 2991 2992
f 2985 2988 2992 2989
f 2986 2990 2991 2987
o F2_Classroom_11_Exterior_FrameB_2
g F2_Classroom_11_Exterior_FrameB_2
usemtl Concrete
v -41.1000 16.7100 -42.1600
v -34.9000 16.7100 -42.1600
v -34.9000 16.8900 -42.1600
v -41.1000 16.8900 -42.1600
v -41.1000 16.7100 -41.9600
v -34.9000 16.7100 -41.9600
v -34.9000 16.8900 -41.9600
v -41.1000 16.8900 -41.9600
f 2993 2994 2995 2996
f 2997 3000 2999 2998
f 2993 2997 2998 2994
f 2996 2995 2999 3000
f 2993 2996 3000 2997
f 2994 2998 2999 2995
o F2_Classroom_11_Exterior_FrameT_2
g F2_Classroom_11_Exterior_FrameT_2
usemtl Concrete
v -41.1000 21.9100 -42.1600
v -34.9000 21.9100 -42.1600
v -34.9000 22.0900 -42.1600
v -41.1000 22.0900 -42.1600
v -41.1000 21.9100 -41.9600
v -34.9000 21.9100 -41.9600
v -34.9000 22.0900 -41.9600
v -41.1000 22.0900 -41.9600
f 3001 3002 3003 3004
f 3005 3008 3007 3006
f 3001 3005 3006 3002
f 3004 3003 3007 3008
f 3001 3004 3008 3005
f 3002 3006 3007 3003
o F2_Classroom_11_Exterior_Glass_3
g F2_Classroom_11_Exterior_Glass_3
usemtl Glass
v -29.9500 16.9500 -42.1400
v -24.0500 16.9500 -42.1400
v -24.0500 21.8500 -42.1400
v -29.9500 21.8500 -42.1400
v -29.9500 16.9500 -41.9800
v -24.0500 16.9500 -41.9800
v -24.0500 21.8500 -41.9800
v -29.9500 21.8500 -41.9800
f 3009 3010 3011 3012
f 3013 3016 3015 3014
f 3009 3013 3014 3010
f 3012 3011 3015 3016
f 3009 3012 3016 3013
f 3010 3014 3015 3011
o F2_Classroom_11_Exterior_FrameL_3
g F2_Classroom_11_Exterior_FrameL_3
usemtl Concrete
v -30.1900 16.8000 -42.1600
v -30.0100 16.8000 -42.1600
v -30.0100 22.0000 -42.1600
v -30.1900 22.0000 -42.1600
v -30.1900 16.8000 -41.9600
v -30.0100 16.8000 -41.9600
v -30.0100 22.0000 -41.9600
v -30.1900 22.0000 -41.9600
f 3017 3018 3019 3020
f 3021 3024 3023 3022
f 3017 3021 3022 3018
f 3020 3019 3023 3024
f 3017 3020 3024 3021
f 3018 3022 3023 3019
o F2_Classroom_11_Exterior_FrameR_3
g F2_Classroom_11_Exterior_FrameR_3
usemtl Concrete
v -23.9900 16.8000 -42.1600
v -23.8100 16.8000 -42.1600
v -23.8100 22.0000 -42.1600
v -23.9900 22.0000 -42.1600
v -23.9900 16.8000 -41.9600
v -23.8100 16.8000 -41.9600
v -23.8100 22.0000 -41.9600
v -23.9900 22.0000 -41.9600
f 3025 3026 3027 3028
f 3029 3032 3031 3030
f 3025 3029 3030 3026
f 3028 3027 3031 3032
f 3025 3028 3032 3029
f 3026 3030 3031 3027
o F2_Classroom_11_Exterior_FrameB_3
g F2_Classroom_11_Exterior_FrameB_3
usemtl Concrete
v -30.1000 16.7100 -42.1600
v -23.9000 16.7100 -42.1600
v -23.9000 16.8900 -42.1600
v -30.1000 16.8900 -42.1600
v -30.1000 16.7100 -41.9600
v -23.9000 16.7100 -41.9600
v -23.9000 16.8900 -41.9600
v -30.1000 16.8900 -41.9600
f 3033 3034 3035 3036
f 3037 3040 3039 3038
f 3033 3037 3038 3034
f 3036 3035 3039 3040
f 3033 3036 3040 3037
f 3034 3038 3039 3035
o F2_Classroom_11_Exterior_FrameT_3
g F2_Classroom_11_Exterior_FrameT_3
usemtl Concrete
v -30.1000 21.9100 -42.1600
v -23.9000 21.9100 -42.1600
v -23.9000 22.0900 -42.1600
v -30.1000 22.0900 -42.1600
v -30.1000 21.9100 -41.9600
v -23.9000 21.9100 -41.9600
v -23.9000 22.0900 -41.9600
v -30.1000 22.0900 -41.9600
f 3041 3042 3043 3044
f 3045 3048 3047 3046
f 3041 3045 3046 3042
f 3044 3043 3047 3048
f 3041 3044 3048 3045
f 3042 3046 3047 3043
o F2_Classroom_11_Corridor_L
g F2_Classroom_11_Corridor_L
usemtl WhiteBrick
v -59.0000 13.0000 -8.5000
v -41.0000 13.0000 -8.5000
v -41.0000 26.0000 -8.5000
v -59.0000 26.0000 -8.5000
v -59.0000 13.0000 -7.5000
v -41.0000 13.0000 -7.5000
v -41.0000 26.0000 -7.5000
v -59.0000 26.0000 -7.5000
f 3049 3050 3051 3052
f 3053 3056 3055 3054
f 3049 3053 3054 3050
f 3052 3051 3055 3056
f 3049 3052 3056 3053
f 3050 3054 3055 3051
o F2_Classroom_11_Corridor_R
g F2_Classroom_11_Corridor_R
usemtl WhiteBrick
v -35.0000 13.0000 -8.5000
v -17.0000 13.0000 -8.5000
v -17.0000 26.0000 -8.5000
v -35.0000 26.0000 -8.5000
v -35.0000 13.0000 -7.5000
v -17.0000 13.0000 -7.5000
v -17.0000 26.0000 -7.5000
v -35.0000 26.0000 -7.5000
f 3057 3058 3059 3060
f 3061 3064 3063 3062
f 3057 3061 3062 3058
f 3060 3059 3063 3064
f 3057 3060 3064 3061
f 3058 3062 3063 3059
o F2_Classroom_11_Corridor_Header
g F2_Classroom_11_Corridor_Header
usemtl WhiteBrick
v -41.0000 21.5000 -8.5000
v -35.0000 21.5000 -8.5000
v -35.0000 26.0000 -8.5000
v -41.0000 26.0000 -8.5000
v -41.0000 21.5000 -7.5000
v -35.0000 21.5000 -7.5000
v -35.0000 26.0000 -7.5000
v -41.0000 26.0000 -7.5000
f 3065 3066 3067 3068
f 3069 3072 3071 3070
f 3065 3069 3070 3066
f 3068 3067 3071 3072
f 3065 3068 3072 3069
f 3066 3070 3071 3067
o F2_Classroom_11_Corridor_FrameL
g F2_Classroom_11_Corridor_FrameL
usemtl Concrete
v -41.1000 13.0000 -8.0900
v -40.9000 13.0000 -8.0900
v -40.9000 21.5000 -8.0900
v -41.1000 21.5000 -8.0900
v -41.1000 13.0000 -7.9100
v -40.9000 13.0000 -7.9100
v -40.9000 21.5000 -7.9100
v -41.1000 21.5000 -7.9100
f 3073 3074 3075 3076
f 3077 3080 3079 3078
f 3073 3077 3078 3074
f 3076 3075 3079 3080
f 3073 3076 3080 3077
f 3074 3078 3079 3075
o F2_Classroom_11_Corridor_FrameR
g F2_Classroom_11_Corridor_FrameR
usemtl Concrete
v -35.1000 13.0000 -8.0900
v -34.9000 13.0000 -8.0900
v -34.9000 21.5000 -8.0900
v -35.1000 21.5000 -8.0900
v -35.1000 13.0000 -7.9100
v -34.9000 13.0000 -7.9100
v -34.9000 21.5000 -7.9100
v -35.1000 21.5000 -7.9100
f 3081 3082 3083 3084
f 3085 3088 3087 3086
f 3081 3085 3086 3082
f 3084 3083 3087 3088
f 3081 3084 3088 3085
f 3082 3086 3087 3083
o F2_Classroom_11_Corridor_FrameTop
g F2_Classroom_11_Corridor_FrameTop
usemtl Concrete
v -41.0000 21.4000 -8.0900
v -35.0000 21.4000 -8.0900
v -35.0000 21.6000 -8.0900
v -41.0000 21.6000 -8.0900
v -41.0000 21.4000 -7.9100
v -35.0000 21.4000 -7.9100
v -35.0000 21.6000 -7.9100
v -41.0000 21.6000 -7.9100
f 3089 3090 3091 3092
f 3093 3096 3095 3094
f 3089 3093 3094 3090
f 3092 3091 3095 3096
f 3089 3092 3096 3093
f 3090 3094 3095 3091
o F2_Classroom_11_Chair_Seat
g F2_Classroom_11_Chair_Seat
usemtl Chair
v -39.1000 14.9000 -26.0000
v -36.9000 14.9000 -26.0000
v -36.9000 15.1500 -26.0000
v -39.1000 15.1500 -26.0000
v -39.1000 14.9000 -24.0000
v -36.9000 14.9000 -24.0000
v -36.9000 15.1500 -24.0000
v -39.1000 15.1500 -24.0000
f 3097 3098 3099 3100
f 3101 3104 3103 3102
f 3097 3101 3102 3098
f 3100 3099 3103 3104
f 3097 3100 3104 3101
f 3098 3102 3103 3099
o F2_Classroom_11_Chair_Back
g F2_Classroom_11_Chair_Back
usemtl Chair
v -39.1000 15.1500 -24.2000
v -36.9000 15.1500 -24.2000
v -36.9000 17.1000 -24.2000
v -39.1000 17.1000 -24.2000
v -39.1000 15.1500 -23.9600
v -36.9000 15.1500 -23.9600
v -36.9000 17.1000 -23.9600
v -39.1000 17.1000 -23.9600
f 3105 3106 3107 3108
f 3109 3112 3111 3110
f 3105 3109 3110 3106
f 3108 3107 3111 3112
f 3105 3108 3112 3109
f 3106 3110 3111 3107
o F2_Classroom_11_Chair_Leg_-0.82_-0.72
g F2_Classroom_11_Chair_Leg_-0.82_-0.72
usemtl Metal
v -38.8900 13.0000 -25.7900
v -38.7500 13.0000 -25.7900
v -38.7500 14.9000 -25.7900
v -38.8900 14.9000 -25.7900
v -38.8900 13.0000 -25.6500
v -38.7500 13.0000 -25.6500
v -38.7500 14.9000 -25.6500
v -38.8900 14.9000 -25.6500
f 3113 3114 3115 3116
f 3117 3120 3119 3118
f 3113 3117 3118 3114
f 3116 3115 3119 3120
f 3113 3116 3120 3117
f 3114 3118 3119 3115
o F2_Classroom_11_Chair_Leg_-0.82_0.72
g F2_Classroom_11_Chair_Leg_-0.82_0.72
usemtl Metal
v -38.8900 13.0000 -24.3500
v -38.7500 13.0000 -24.3500
v -38.7500 14.9000 -24.3500
v -38.8900 14.9000 -24.3500
v -38.8900 13.0000 -24.2100
v -38.7500 13.0000 -24.2100
v -38.7500 14.9000 -24.2100
v -38.8900 14.9000 -24.2100
f 3121 3122 3123 3124
f 3125 3128 3127 3126
f 3121 3125 3126 3122
f 3124 3123 3127 3128
f 3121 3124 3128 3125
f 3122 3126 3127 3123
o F2_Classroom_11_Chair_Leg_0.82_-0.72
g F2_Classroom_11_Chair_Leg_0.82_-0.72
usemtl Metal
v -37.2500 13.0000 -25.7900
v -37.1100 13.0000 -25.7900
v -37.1100 14.9000 -25.7900
v -37.2500 14.9000 -25.7900
v -37.2500 13.0000 -25.6500
v -37.1100 13.0000 -25.6500
v -37.1100 14.9000 -25.6500
v -37.2500 14.9000 -25.6500
f 3129 3130 3131 3132
f 3133 3136 3135 3134
f 3129 3133 3134 3130
f 3132 3131 3135 3136
f 3129 3132 3136 3133
f 3130 3134 3135 3131
o F2_Classroom_11_Chair_Leg_0.82_0.72
g F2_Classroom_11_Chair_Leg_0.82_0.72
usemtl Metal
v -37.2500 13.0000 -24.3500
v -37.1100 13.0000 -24.3500
v -37.1100 14.9000 -24.3500
v -37.2500 14.9000 -24.3500
v -37.2500 13.0000 -24.2100
v -37.1100 13.0000 -24.2100
v -37.1100 14.9000 -24.2100
v -37.2500 14.9000 -24.2100
f 3137 3138 3139 3140
f 3141 3144 3143 3142
f 3137 3141 3142 3138
f 3140 3139 3143 3144
f 3137 3140 3144 3141
f 3138 3142 3143 3139
o F2_Classroom_11_Chair_TabletSupport
g F2_Classroom_11_Chair_TabletSupport
usemtl Metal
v -36.8700 14.9000 -25.1000
v -36.7200 14.9000 -25.1000
v -36.7200 16.3500 -25.1000
v -36.8700 16.3500 -25.1000
v -36.8700 14.9000 -24.9500
v -36.7200 14.9000 -24.9500
v -36.7200 16.3500 -24.9500
v -36.8700 16.3500 -24.9500
f 3145 3146 3147 3148
f 3149 3152 3151 3150
f 3145 3149 3150 3146
f 3148 3147 3151 3152
f 3145 3148 3152 3149
f 3146 3150 3151 3147
o F2_Classroom_11_Chair_Tablet
g F2_Classroom_11_Chair_Tablet
usemtl Wood
v -37.3500 16.3000 -25.9200
v -36.3500 16.3000 -25.9200
v -36.3500 16.4200 -25.9200
v -37.3500 16.4200 -25.9200
v -37.3500 16.3000 -24.2200
v -36.3500 16.3000 -24.2200
v -36.3500 16.4200 -24.2200
v -37.3500 16.4200 -24.2200
f 3153 3154 3155 3156
f 3157 3160 3159 3158
f 3153 3157 3158 3154
f 3156 3155 3159 3160
f 3153 3156 3160 3157
f 3154 3158 3159 3155
o F2_Classroom_12_Exterior_Bottom
g F2_Classroom_12_Exterior_Bottom
usemtl WhiteBrick
v -59.0000 13.0000 41.5000
v -17.0000 13.0000 41.5000
v -17.0000 16.8000 41.5000
v -59.0000 16.8000 41.5000
v -59.0000 13.0000 42.5000
v -17.0000 13.0000 42.5000
v -17.0000 16.8000 42.5000
v -59.0000 16.8000 42.5000
f 3161 3162 3163 3164
f 3165 3168 3167 3166
f 3161 3165 3166 3162
f 3164 3163 3167 3168
f 3161 3164 3168 3165
f 3162 3166 3167 3163
o F2_Classroom_12_Exterior_Top
g F2_Classroom_12_Exterior_Top
usemtl WhiteBrick
v -59.0000 22.0000 41.5000
v -17.0000 22.0000 41.5000
v -17.0000 26.0000 41.5000
v -59.0000 26.0000 41.5000
v -59.0000 22.0000 42.5000
v -17.0000 22.0000 42.5000
v -17.0000 26.0000 42.5000
v -59.0000 26.0000 42.5000
f 3169 3170 3171 3172
f 3173 3176 3175 3174
f 3169 3173 3174 3170
f 3172 3171 3175 3176
f 3169 3172 3176 3173
f 3170 3174 3175 3171
o F2_Classroom_12_Exterior_Pier_1
g F2_Classroom_12_Exterior_Pier_1
usemtl WhiteBrick
v -59.0000 16.8000 41.5000
v -52.1000 16.8000 41.5000
v -52.1000 22.0000 41.5000
v -59.0000 22.0000 41.5000
v -59.0000 16.8000 42.5000
v -52.1000 16.8000 42.5000
v -52.1000 22.0000 42.5000
v -59.0000 22.0000 42.5000
f 3177 3178 3179 3180
f 3181 3184 3183 3182
f 3177 3181 3182 3178
f 3180 3179 3183 3184
f 3177 3180 3184 3181
f 3178 3182 3183 3179
o F2_Classroom_12_Exterior_Pier_2
g F2_Classroom_12_Exterior_Pier_2
usemtl WhiteBrick
v -45.9000 16.8000 41.5000
v -41.1000 16.8000 41.5000
v -41.1000 22.0000 41.5000
v -45.9000 22.0000 41.5000
v -45.9000 16.8000 42.5000
v -41.1000 16.8000 42.5000
v -41.1000 22.0000 42.5000
v -45.9000 22.0000 42.5000
f 3185 3186 3187 3188
f 3189 3192 3191 3190
f 3185 3189 3190 3186
f 3188 3187 3191 3192
f 3185 3188 3192 3189
f 3186 3190 3191 3187
o F2_Classroom_12_Exterior_Pier_3
g F2_Classroom_12_Exterior_Pier_3
usemtl WhiteBrick
v -34.9000 16.8000 41.5000
v -30.1000 16.8000 41.5000
v -30.1000 22.0000 41.5000
v -34.9000 22.0000 41.5000
v -34.9000 16.8000 42.5000
v -30.1000 16.8000 42.5000
v -30.1000 22.0000 42.5000
v -34.9000 22.0000 42.5000
f 3193 3194 3195 3196
f 3197 3200 3199 3198
f 3193 3197 3198 3194
f 3196 3195 3199 3200
f 3193 3196 3200 3197
f 3194 3198 3199 3195
o F2_Classroom_12_Exterior_Pier_4
g F2_Classroom_12_Exterior_Pier_4
usemtl WhiteBrick
v -23.9000 16.8000 41.5000
v -17.0000 16.8000 41.5000
v -17.0000 22.0000 41.5000
v -23.9000 22.0000 41.5000
v -23.9000 16.8000 42.5000
v -17.0000 16.8000 42.5000
v -17.0000 22.0000 42.5000
v -23.9000 22.0000 42.5000
f 3201 3202 3203 3204
f 3205 3208 3207 3206
f 3201 3205 3206 3202
f 3204 3203 3207 3208
f 3201 3204 3208 3205
f 3202 3206 3207 3203
o F2_Classroom_12_Exterior_Glass_1
g F2_Classroom_12_Exterior_Glass_1
usemtl Glass
v -51.9500 16.9500 41.9800
v -46.0500 16.9500 41.9800
v -46.0500 21.8500 41.9800
v -51.9500 21.8500 41.9800
v -51.9500 16.9500 42.1400
v -46.0500 16.9500 42.1400
v -46.0500 21.8500 42.1400
v -51.9500 21.8500 42.1400
f 3209 3210 3211 3212
f 3213 3216 3215 3214
f 3209 3213 3214 3210
f 3212 3211 3215 3216
f 3209 3212 3216 3213
f 3210 3214 3215 3211
o F2_Classroom_12_Exterior_FrameL_1
g F2_Classroom_12_Exterior_FrameL_1
usemtl Concrete
v -52.1900 16.8000 41.9600
v -52.0100 16.8000 41.9600
v -52.0100 22.0000 41.9600
v -52.1900 22.0000 41.9600
v -52.1900 16.8000 42.1600
v -52.0100 16.8000 42.1600
v -52.0100 22.0000 42.1600
v -52.1900 22.0000 42.1600
f 3217 3218 3219 3220
f 3221 3224 3223 3222
f 3217 3221 3222 3218
f 3220 3219 3223 3224
f 3217 3220 3224 3221
f 3218 3222 3223 3219
o F2_Classroom_12_Exterior_FrameR_1
g F2_Classroom_12_Exterior_FrameR_1
usemtl Concrete
v -45.9900 16.8000 41.9600
v -45.8100 16.8000 41.9600
v -45.8100 22.0000 41.9600
v -45.9900 22.0000 41.9600
v -45.9900 16.8000 42.1600
v -45.8100 16.8000 42.1600
v -45.8100 22.0000 42.1600
v -45.9900 22.0000 42.1600
f 3225 3226 3227 3228
f 3229 3232 3231 3230
f 3225 3229 3230 3226
f 3228 3227 3231 3232
f 3225 3228 3232 3229
f 3226 3230 3231 3227
o F2_Classroom_12_Exterior_FrameB_1
g F2_Classroom_12_Exterior_FrameB_1
usemtl Concrete
v -52.1000 16.7100 41.9600
v -45.9000 16.7100 41.9600
v -45.9000 16.8900 41.9600
v -52.1000 16.8900 41.9600
v -52.1000 16.7100 42.1600
v -45.9000 16.7100 42.1600
v -45.9000 16.8900 42.1600
v -52.1000 16.8900 42.1600
f 3233 3234 3235 3236
f 3237 3240 3239 3238
f 3233 3237 3238 3234
f 3236 3235 3239 3240
f 3233 3236 3240 3237
f 3234 3238 3239 3235
o F2_Classroom_12_Exterior_FrameT_1
g F2_Classroom_12_Exterior_FrameT_1
usemtl Concrete
v -52.1000 21.9100 41.9600
v -45.9000 21.9100 41.9600
v -45.9000 22.0900 41.9600
v -52.1000 22.0900 41.9600
v -52.1000 21.9100 42.1600
v -45.9000 21.9100 42.1600
v -45.9000 22.0900 42.1600
v -52.1000 22.0900 42.1600
f 3241 3242 3243 3244
f 3245 3248 3247 3246
f 3241 3245 3246 3242
f 3244 3243 3247 3248
f 3241 3244 3248 3245
f 3242 3246 3247 3243
o F2_Classroom_12_Exterior_Glass_2
g F2_Classroom_12_Exterior_Glass_2
usemtl Glass
v -40.9500 16.9500 41.9800
v -35.0500 16.9500 41.9800
v -35.0500 21.8500 41.9800
v -40.9500 21.8500 41.9800
v -40.9500 16.9500 42.1400
v -35.0500 16.9500 42.1400
v -35.0500 21.8500 42.1400
v -40.9500 21.8500 42.1400
f 3249 3250 3251 3252
f 3253 3256 3255 3254
f 3249 3253 3254 3250
f 3252 3251 3255 3256
f 3249 3252 3256 3253
f 3250 3254 3255 3251
o F2_Classroom_12_Exterior_FrameL_2
g F2_Classroom_12_Exterior_FrameL_2
usemtl Concrete
v -41.1900 16.8000 41.9600
v -41.0100 16.8000 41.9600
v -41.0100 22.0000 41.9600
v -41.1900 22.0000 41.9600
v -41.1900 16.8000 42.1600
v -41.0100 16.8000 42.1600
v -41.0100 22.0000 42.1600
v -41.1900 22.0000 42.1600
f 3257 3258 3259 3260
f 3261 3264 3263 3262
f 3257 3261 3262 3258
f 3260 3259 3263 3264
f 3257 3260 3264 3261
f 3258 3262 3263 3259
o F2_Classroom_12_Exterior_FrameR_2
g F2_Classroom_12_Exterior_FrameR_2
usemtl Concrete
v -34.9900 16.8000 41.9600
v -34.8100 16.8000 41.9600
v -34.8100 22.0000 41.9600
v -34.9900 22.0000 41.9600
v -34.9900 16.8000 42.1600
v -34.8100 16.8000 42.1600
v -34.8100 22.0000 42.1600
v -34.9900 22.0000 42.1600
f 3265 3266 3267 3268
f 3269 3272 3271 3270
f 3265 3269 3270 3266
f 3268 3267 3271 3272
f 3265 3268 3272 3269
f 3266 3270 3271 3267
o F2_Classroom_12_Exterior_FrameB_2
g F2_Classroom_12_Exterior_FrameB_2
usemtl Concrete
v -41.1000 16.7100 41.9600
v -34.9000 16.7100 41.9600
v -34.9000 16.8900 41.9600
v -41.1000 16.8900 41.9600
v -41.1000 16.7100 42.1600
v -34.9000 16.7100 42.1600
v -34.9000 16.8900 42.1600
v -41.1000 16.8900 42.1600
f 3273 3274 3275 3276
f 3277 3280 3279 3278
f 3273 3277 3278 3274
f 3276 3275 3279 3280
f 3273 3276 3280 3277
f 3274 3278 3279 3275
o F2_Classroom_12_Exterior_FrameT_2
g F2_Classroom_12_Exterior_FrameT_2
usemtl Concrete
v -41.1000 21.9100 41.9600
v -34.9000 21.9100 41.9600
v -34.9000 22.0900 41.9600
v -41.1000 22.0900 41.9600
v -41.1000 21.9100 42.1600
v -34.9000 21.9100 42.1600
v -34.9000 22.0900 42.1600
v -41.1000 22.0900 42.1600
f 3281 3282 3283 3284
f 3285 3288 3287 3286
f 3281 3285 3286 3282
f 3284 3283 3287 3288
f 3281 3284 3288 3285
f 3282 3286 3287 3283
o F2_Classroom_12_Exterior_Glass_3
g F2_Classroom_12_Exterior_Glass_3
usemtl Glass
v -29.9500 16.9500 41.9800
v -24.0500 16.9500 41.9800
v -24.0500 21.8500 41.9800
v -29.9500 21.8500 41.9800
v -29.9500 16.9500 42.1400
v -24.0500 16.9500 42.1400
v -24.0500 21.8500 42.1400
v -29.9500 21.8500 42.1400
f 3289 3290 3291 3292
f 3293 3296 3295 3294
f 3289 3293 3294 3290
f 3292 3291 3295 3296
f 3289 3292 3296 3293
f 3290 3294 3295 3291
o F2_Classroom_12_Exterior_FrameL_3
g F2_Classroom_12_Exterior_FrameL_3
usemtl Concrete
v -30.1900 16.8000 41.9600
v -30.0100 16.8000 41.9600
v -30.0100 22.0000 41.9600
v -30.1900 22.0000 41.9600
v -30.1900 16.8000 42.1600
v -30.0100 16.8000 42.1600
v -30.0100 22.0000 42.1600
v -30.1900 22.0000 42.1600
f 3297 3298 3299 3300
f 3301 3304 3303 3302
f 3297 3301 3302 3298
f 3300 3299 3303 3304
f 3297 3300 3304 3301
f 3298 3302 3303 3299
o F2_Classroom_12_Exterior_FrameR_3
g F2_Classroom_12_Exterior_FrameR_3
usemtl Concrete
v -23.9900 16.8000 41.9600
v -23.8100 16.8000 41.9600
v -23.8100 22.0000 41.9600
v -23.9900 22.0000 41.9600
v -23.9900 16.8000 42.1600
v -23.8100 16.8000 42.1600
v -23.8100 22.0000 42.1600
v -23.9900 22.0000 42.1600
f 3305 3306 3307 3308
f 3309 3312 3311 3310
f 3305 3309 3310 3306
f 3308 3307 3311 3312
f 3305 3308 3312 3309
f 3306 3310 3311 3307
o F2_Classroom_12_Exterior_FrameB_3
g F2_Classroom_12_Exterior_FrameB_3
usemtl Concrete
v -30.1000 16.7100 41.9600
v -23.9000 16.7100 41.9600
v -23.9000 16.8900 41.9600
v -30.1000 16.8900 41.9600
v -30.1000 16.7100 42.1600
v -23.9000 16.7100 42.1600
v -23.9000 16.8900 42.1600
v -30.1000 16.8900 42.1600
f 3313 3314 3315 3316
f 3317 3320 3319 3318
f 3313 3317 3318 3314
f 3316 3315 3319 3320
f 3313 3316 3320 3317
f 3314 3318 3319 3315
o F2_Classroom_12_Exterior_FrameT_3
g F2_Classroom_12_Exterior_FrameT_3
usemtl Concrete
v -30.1000 21.9100 41.9600
v -23.9000 21.9100 41.9600
v -23.9000 22.0900 41.9600
v -30.1000 22.0900 41.9600
v -30.1000 21.9100 42.1600
v -23.9000 21.9100 42.1600
v -23.9000 22.0900 42.1600
v -30.1000 22.0900 42.1600
f 3321 3322 3323 3324
f 3325 3328 3327 3326
f 3321 3325 3326 3322
f 3324 3323 3327 3328
f 3321 3324 3328 3325
f 3322 3326 3327 3323
o F2_Classroom_12_Corridor_L
g F2_Classroom_12_Corridor_L
usemtl WhiteBrick
v -59.0000 13.0000 7.5000
v -41.0000 13.0000 7.5000
v -41.0000 26.0000 7.5000
v -59.0000 26.0000 7.5000
v -59.0000 13.0000 8.5000
v -41.0000 13.0000 8.5000
v -41.0000 26.0000 8.5000
v -59.0000 26.0000 8.5000
f 3329 3330 3331 3332
f 3333 3336 3335 3334
f 3329 3333 3334 3330
f 3332 3331 3335 3336
f 3329 3332 3336 3333
f 3330 3334 3335 3331
o F2_Classroom_12_Corridor_R
g F2_Classroom_12_Corridor_R
usemtl WhiteBrick
v -35.0000 13.0000 7.5000
v -17.0000 13.0000 7.5000
v -17.0000 26.0000 7.5000
v -35.0000 26.0000 7.5000
v -35.0000 13.0000 8.5000
v -17.0000 13.0000 8.5000
v -17.0000 26.0000 8.5000
v -35.0000 26.0000 8.5000
f 3337 3338 3339 3340
f 3341 3344 3343 3342
f 3337 3341 3342 3338
f 3340 3339 3343 3344
f 3337 3340 3344 3341
f 3338 3342 3343 3339
o F2_Classroom_12_Corridor_Header
g F2_Classroom_12_Corridor_Header
usemtl WhiteBrick
v -41.0000 21.5000 7.5000
v -35.0000 21.5000 7.5000
v -35.0000 26.0000 7.5000
v -41.0000 26.0000 7.5000
v -41.0000 21.5000 8.5000
v -35.0000 21.5000 8.5000
v -35.0000 26.0000 8.5000
v -41.0000 26.0000 8.5000
f 3345 3346 3347 3348
f 3349 3352 3351 3350
f 3345 3349 3350 3346
f 3348 3347 3351 3352
f 3345 3348 3352 3349
f 3346 3350 3351 3347
o F2_Classroom_12_Corridor_FrameL
g F2_Classroom_12_Corridor_FrameL
usemtl Concrete
v -41.1000 13.0000 7.9100
v -40.9000 13.0000 7.9100
v -40.9000 21.5000 7.9100
v -41.1000 21.5000 7.9100
v -41.1000 13.0000 8.0900
v -40.9000 13.0000 8.0900
v -40.9000 21.5000 8.0900
v -41.1000 21.5000 8.0900
f 3353 3354 3355 3356
f 3357 3360 3359 3358
f 3353 3357 3358 3354
f 3356 3355 3359 3360
f 3353 3356 3360 3357
f 3354 3358 3359 3355
o F2_Classroom_12_Corridor_FrameR
g F2_Classroom_12_Corridor_FrameR
usemtl Concrete
v -35.1000 13.0000 7.9100
v -34.9000 13.0000 7.9100
v -34.9000 21.5000 7.9100
v -35.1000 21.5000 7.9100
v -35.1000 13.0000 8.0900
v -34.9000 13.0000 8.0900
v -34.9000 21.5000 8.0900
v -35.1000 21.5000 8.0900
f 3361 3362 3363 3364
f 3365 3368 3367 3366
f 3361 3365 3366 3362
f 3364 3363 3367 3368
f 3361 3364 3368 3365
f 3362 3366 3367 3363
o F2_Classroom_12_Corridor_FrameTop
g F2_Classroom_12_Corridor_FrameTop
usemtl Concrete
v -41.0000 21.4000 7.9100
v -35.0000 21.4000 7.9100
v -35.0000 21.6000 7.9100
v -41.0000 21.6000 7.9100
v -41.0000 21.4000 8.0900
v -35.0000 21.4000 8.0900
v -35.0000 21.6000 8.0900
v -41.0000 21.6000 8.0900
f 3369 3370 3371 3372
f 3373 3376 3375 3374
f 3369 3373 3374 3370
f 3372 3371 3375 3376
f 3369 3372 3376 3373
f 3370 3374 3375 3371
o F2_Classroom_12_Chair_Seat
g F2_Classroom_12_Chair_Seat
usemtl Chair
v -39.1000 14.9000 24.0000
v -36.9000 14.9000 24.0000
v -36.9000 15.1500 24.0000
v -39.1000 15.1500 24.0000
v -39.1000 14.9000 26.0000
v -36.9000 14.9000 26.0000
v -36.9000 15.1500 26.0000
v -39.1000 15.1500 26.0000
f 3377 3378 3379 3380
f 3381 3384 3383 3382
f 3377 3381 3382 3378
f 3380 3379 3383 3384
f 3377 3380 3384 3381
f 3378 3382 3383 3379
o F2_Classroom_12_Chair_Back
g F2_Classroom_12_Chair_Back
usemtl Chair
v -39.1000 15.1500 23.9600
v -36.9000 15.1500 23.9600
v -36.9000 17.1000 23.9600
v -39.1000 17.1000 23.9600
v -39.1000 15.1500 24.2000
v -36.9000 15.1500 24.2000
v -36.9000 17.1000 24.2000
v -39.1000 17.1000 24.2000
f 3385 3386 3387 3388
f 3389 3392 3391 3390
f 3385 3389 3390 3386
f 3388 3387 3391 3392
f 3385 3388 3392 3389
f 3386 3390 3391 3387
o F2_Classroom_12_Chair_Leg_-0.82_-0.72
g F2_Classroom_12_Chair_Leg_-0.82_-0.72
usemtl Metal
v -38.8900 13.0000 24.2100
v -38.7500 13.0000 24.2100
v -38.7500 14.9000 24.2100
v -38.8900 14.9000 24.2100
v -38.8900 13.0000 24.3500
v -38.7500 13.0000 24.3500
v -38.7500 14.9000 24.3500
v -38.8900 14.9000 24.3500
f 3393 3394 3395 3396
f 3397 3400 3399 3398
f 3393 3397 3398 3394
f 3396 3395 3399 3400
f 3393 3396 3400 3397
f 3394 3398 3399 3395
o F2_Classroom_12_Chair_Leg_-0.82_0.72
g F2_Classroom_12_Chair_Leg_-0.82_0.72
usemtl Metal
v -38.8900 13.0000 25.6500
v -38.7500 13.0000 25.6500
v -38.7500 14.9000 25.6500
v -38.8900 14.9000 25.6500
v -38.8900 13.0000 25.7900
v -38.7500 13.0000 25.7900
v -38.7500 14.9000 25.7900
v -38.8900 14.9000 25.7900
f 3401 3402 3403 3404
f 3405 3408 3407 3406
f 3401 3405 3406 3402
f 3404 3403 3407 3408
f 3401 3404 3408 3405
f 3402 3406 3407 3403
o F2_Classroom_12_Chair_Leg_0.82_-0.72
g F2_Classroom_12_Chair_Leg_0.82_-0.72
usemtl Metal
v -37.2500 13.0000 24.2100
v -37.1100 13.0000 24.2100
v -37.1100 14.9000 24.2100
v -37.2500 14.9000 24.2100
v -37.2500 13.0000 24.3500
v -37.1100 13.0000 24.3500
v -37.1100 14.9000 24.3500
v -37.2500 14.9000 24.3500
f 3409 3410 3411 3412
f 3413 3416 3415 3414
f 3409 3413 3414 3410
f 3412 3411 3415 3416
f 3409 3412 3416 3413
f 3410 3414 3415 3411
o F2_Classroom_12_Chair_Leg_0.82_0.72
g F2_Classroom_12_Chair_Leg_0.82_0.72
usemtl Metal
v -37.2500 13.0000 25.6500
v -37.1100 13.0000 25.6500
v -37.1100 14.9000 25.6500
v -37.2500 14.9000 25.6500
v -37.2500 13.0000 25.7900
v -37.1100 13.0000 25.7900
v -37.1100 14.9000 25.7900
v -37.2500 14.9000 25.7900
f 3417 3418 3419 3420
f 3421 3424 3423 3422
f 3417 3421 3422 3418
f 3420 3419 3423 3424
f 3417 3420 3424 3421
f 3418 3422 3423 3419
o F2_Classroom_12_Chair_TabletSupport
g F2_Classroom_12_Chair_TabletSupport
usemtl Metal
v -36.8700 14.9000 24.9000
v -36.7200 14.9000 24.9000
v -36.7200 16.3500 24.9000
v -36.8700 16.3500 24.9000
v -36.8700 14.9000 25.0500
v -36.7200 14.9000 25.0500
v -36.7200 16.3500 25.0500
v -36.8700 16.3500 25.0500
f 3425 3426 3427 3428
f 3429 3432 3431 3430
f 3425 3429 3430 3426
f 3428 3427 3431 3432
f 3425 3428 3432 3429
f 3426 3430 3431 3427
o F2_Classroom_12_Chair_Tablet
g F2_Classroom_12_Chair_Tablet
usemtl Wood
v -37.3500 16.3000 24.0800
v -36.3500 16.3000 24.0800
v -36.3500 16.4200 24.0800
v -37.3500 16.4200 24.0800
v -37.3500 16.3000 25.7800
v -36.3500 16.3000 25.7800
v -36.3500 16.4200 25.7800
v -37.3500 16.4200 25.7800
f 3433 3434 3435 3436
f 3437 3440 3439 3438
f 3433 3437 3438 3434
f 3436 3435 3439 3440
f 3433 3436 3440 3437
f 3434 3438 3439 3435
o F2_Classroom_13_Exterior_Bottom
g F2_Classroom_13_Exterior_Bottom
usemtl WhiteBrick
v 17.0000 13.0000 -42.5000
v 59.0000 13.0000 -42.5000
v 59.0000 16.8000 -42.5000
v 17.0000 16.8000 -42.5000
v 17.0000 13.0000 -41.5000
v 59.0000 13.0000 -41.5000
v 59.0000 16.8000 -41.5000
v 17.0000 16.8000 -41.5000
f 3441 3442 3443 3444
f 3445 3448 3447 3446
f 3441 3445 3446 3442
f 3444 3443 3447 3448
f 3441 3444 3448 3445
f 3442 3446 3447 3443
o F2_Classroom_13_Exterior_Top
g F2_Classroom_13_Exterior_Top
usemtl WhiteBrick
v 17.0000 22.0000 -42.5000
v 59.0000 22.0000 -42.5000
v 59.0000 26.0000 -42.5000
v 17.0000 26.0000 -42.5000
v 17.0000 22.0000 -41.5000
v 59.0000 22.0000 -41.5000
v 59.0000 26.0000 -41.5000
v 17.0000 26.0000 -41.5000
f 3449 3450 3451 3452
f 3453 3456 3455 3454
f 3449 3453 3454 3450
f 3452 3451 3455 3456
f 3449 3452 3456 3453
f 3450 3454 3455 3451
o F2_Classroom_13_Exterior_Pier_1
g F2_Classroom_13_Exterior_Pier_1
usemtl WhiteBrick
v 17.0000 16.8000 -42.5000
v 23.9000 16.8000 -42.5000
v 23.9000 22.0000 -42.5000
v 17.0000 22.0000 -42.5000
v 17.0000 16.8000 -41.5000
v 23.9000 16.8000 -41.5000
v 23.9000 22.0000 -41.5000
v 17.0000 22.0000 -41.5000
f 3457 3458 3459 3460
f 3461 3464 3463 3462
f 3457 3461 3462 3458
f 3460 3459 3463 3464
f 3457 3460 3464 3461
f 3458 3462 3463 3459
o F2_Classroom_13_Exterior_Pier_2
g F2_Classroom_13_Exterior_Pier_2
usemtl WhiteBrick
v 30.1000 16.8000 -42.5000
v 34.9000 16.8000 -42.5000
v 34.9000 22.0000 -42.5000
v 30.1000 22.0000 -42.5000
v 30.1000 16.8000 -41.5000
v 34.9000 16.8000 -41.5000
v 34.9000 22.0000 -41.5000
v 30.1000 22.0000 -41.5000
f 3465 3466 3467 3468
f 3469 3472 3471 3470
f 3465 3469 3470 3466
f 3468 3467 3471 3472
f 3465 3468 3472 3469
f 3466 3470 3471 3467
o F2_Classroom_13_Exterior_Pier_3
g F2_Classroom_13_Exterior_Pier_3
usemtl WhiteBrick
v 41.1000 16.8000 -42.5000
v 45.9000 16.8000 -42.5000
v 45.9000 22.0000 -42.5000
v 41.1000 22.0000 -42.5000
v 41.1000 16.8000 -41.5000
v 45.9000 16.8000 -41.5000
v 45.9000 22.0000 -41.5000
v 41.1000 22.0000 -41.5000
f 3473 3474 3475 3476
f 3477 3480 3479 3478
f 3473 3477 3478 3474
f 3476 3475 3479 3480
f 3473 3476 3480 3477
f 3474 3478 3479 3475
o F2_Classroom_13_Exterior_Pier_4
g F2_Classroom_13_Exterior_Pier_4
usemtl WhiteBrick
v 52.1000 16.8000 -42.5000
v 59.0000 16.8000 -42.5000
v 59.0000 22.0000 -42.5000
v 52.1000 22.0000 -42.5000
v 52.1000 16.8000 -41.5000
v 59.0000 16.8000 -41.5000
v 59.0000 22.0000 -41.5000
v 52.1000 22.0000 -41.5000
f 3481 3482 3483 3484
f 3485 3488 3487 3486
f 3481 3485 3486 3482
f 3484 3483 3487 3488
f 3481 3484 3488 3485
f 3482 3486 3487 3483
o F2_Classroom_13_Exterior_Glass_1
g F2_Classroom_13_Exterior_Glass_1
usemtl Glass
v 24.0500 16.9500 -42.1400
v 29.9500 16.9500 -42.1400
v 29.9500 21.8500 -42.1400
v 24.0500 21.8500 -42.1400
v 24.0500 16.9500 -41.9800
v 29.9500 16.9500 -41.9800
v 29.9500 21.8500 -41.9800
v 24.0500 21.8500 -41.9800
f 3489 3490 3491 3492
f 3493 3496 3495 3494
f 3489 3493 3494 3490
f 3492 3491 3495 3496
f 3489 3492 3496 3493
f 3490 3494 3495 3491
o F2_Classroom_13_Exterior_FrameL_1
g F2_Classroom_13_Exterior_FrameL_1
usemtl Concrete
v 23.8100 16.8000 -42.1600
v 23.9900 16.8000 -42.1600
v 23.9900 22.0000 -42.1600
v 23.8100 22.0000 -42.1600
v 23.8100 16.8000 -41.9600
v 23.9900 16.8000 -41.9600
v 23.9900 22.0000 -41.9600
v 23.8100 22.0000 -41.9600
f 3497 3498 3499 3500
f 3501 3504 3503 3502
f 3497 3501 3502 3498
f 3500 3499 3503 3504
f 3497 3500 3504 3501
f 3498 3502 3503 3499
o F2_Classroom_13_Exterior_FrameR_1
g F2_Classroom_13_Exterior_FrameR_1
usemtl Concrete
v 30.0100 16.8000 -42.1600
v 30.1900 16.8000 -42.1600
v 30.1900 22.0000 -42.1600
v 30.0100 22.0000 -42.1600
v 30.0100 16.8000 -41.9600
v 30.1900 16.8000 -41.9600
v 30.1900 22.0000 -41.9600
v 30.0100 22.0000 -41.9600
f 3505 3506 3507 3508
f 3509 3512 3511 3510
f 3505 3509 3510 3506
f 3508 3507 3511 3512
f 3505 3508 3512 3509
f 3506 3510 3511 3507
o F2_Classroom_13_Exterior_FrameB_1
g F2_Classroom_13_Exterior_FrameB_1
usemtl Concrete
v 23.9000 16.7100 -42.1600
v 30.1000 16.7100 -42.1600
v 30.1000 16.8900 -42.1600
v 23.9000 16.8900 -42.1600
v 23.9000 16.7100 -41.9600
v 30.1000 16.7100 -41.9600
v 30.1000 16.8900 -41.9600
v 23.9000 16.8900 -41.9600
f 3513 3514 3515 3516
f 3517 3520 3519 3518
f 3513 3517 3518 3514
f 3516 3515 3519 3520
f 3513 3516 3520 3517
f 3514 3518 3519 3515
o F2_Classroom_13_Exterior_FrameT_1
g F2_Classroom_13_Exterior_FrameT_1
usemtl Concrete
v 23.9000 21.9100 -42.1600
v 30.1000 21.9100 -42.1600
v 30.1000 22.0900 -42.1600
v 23.9000 22.0900 -42.1600
v 23.9000 21.9100 -41.9600
v 30.1000 21.9100 -41.9600
v 30.1000 22.0900 -41.9600
v 23.9000 22.0900 -41.9600
f 3521 3522 3523 3524
f 3525 3528 3527 3526
f 3521 3525 3526 3522
f 3524 3523 3527 3528
f 3521 3524 3528 3525
f 3522 3526 3527 3523
o F2_Classroom_13_Exterior_Glass_2
g F2_Classroom_13_Exterior_Glass_2
usemtl Glass
v 35.0500 16.9500 -42.1400
v 40.9500 16.9500 -42.1400
v 40.9500 21.8500 -42.1400
v 35.0500 21.8500 -42.1400
v 35.0500 16.9500 -41.9800
v 40.9500 16.9500 -41.9800
v 40.9500 21.8500 -41.9800
v 35.0500 21.8500 -41.9800
f 3529 3530 3531 3532
f 3533 3536 3535 3534
f 3529 3533 3534 3530
f 3532 3531 3535 3536
f 3529 3532 3536 3533
f 3530 3534 3535 3531
o F2_Classroom_13_Exterior_FrameL_2
g F2_Classroom_13_Exterior_FrameL_2
usemtl Concrete
v 34.8100 16.8000 -42.1600
v 34.9900 16.8000 -42.1600
v 34.9900 22.0000 -42.1600
v 34.8100 22.0000 -42.1600
v 34.8100 16.8000 -41.9600
v 34.9900 16.8000 -41.9600
v 34.9900 22.0000 -41.9600
v 34.8100 22.0000 -41.9600
f 3537 3538 3539 3540
f 3541 3544 3543 3542
f 3537 3541 3542 3538
f 3540 3539 3543 3544
f 3537 3540 3544 3541
f 3538 3542 3543 3539
o F2_Classroom_13_Exterior_FrameR_2
g F2_Classroom_13_Exterior_FrameR_2
usemtl Concrete
v 41.0100 16.8000 -42.1600
v 41.1900 16.8000 -42.1600
v 41.1900 22.0000 -42.1600
v 41.0100 22.0000 -42.1600
v 41.0100 16.8000 -41.9600
v 41.1900 16.8000 -41.9600
v 41.1900 22.0000 -41.9600
v 41.0100 22.0000 -41.9600
f 3545 3546 3547 3548
f 3549 3552 3551 3550
f 3545 3549 3550 3546
f 3548 3547 3551 3552
f 3545 3548 3552 3549
f 3546 3550 3551 3547
o F2_Classroom_13_Exterior_FrameB_2
g F2_Classroom_13_Exterior_FrameB_2
usemtl Concrete
v 34.9000 16.7100 -42.1600
v 41.1000 16.7100 -42.1600
v 41.1000 16.8900 -42.1600
v 34.9000 16.8900 -42.1600
v 34.9000 16.7100 -41.9600
v 41.1000 16.7100 -41.9600
v 41.1000 16.8900 -41.9600
v 34.9000 16.8900 -41.9600
f 3553 3554 3555 3556
f 3557 3560 3559 3558
f 3553 3557 3558 3554
f 3556 3555 3559 3560
f 3553 3556 3560 3557
f 3554 3558 3559 3555
o F2_Classroom_13_Exterior_FrameT_2
g F2_Classroom_13_Exterior_FrameT_2
usemtl Concrete
v 34.9000 21.9100 -42.1600
v 41.1000 21.9100 -42.1600
v 41.1000 22.0900 -42.1600
v 34.9000 22.0900 -42.1600
v 34.9000 21.9100 -41.9600
v 41.1000 21.9100 -41.9600
v 41.1000 22.0900 -41.9600
v 34.9000 22.0900 -41.9600
f 3561 3562 3563 3564
f 3565 3568 3567 3566
f 3561 3565 3566 3562
f 3564 3563 3567 3568
f 3561 3564 3568 3565
f 3562 3566 3567 3563
o F2_Classroom_13_Exterior_Glass_3
g F2_Classroom_13_Exterior_Glass_3
usemtl Glass
v 46.0500 16.9500 -42.1400
v 51.9500 16.9500 -42.1400
v 51.9500 21.8500 -42.1400
v 46.0500 21.8500 -42.1400
v 46.0500 16.9500 -41.9800
v 51.9500 16.9500 -41.9800
v 51.9500 21.8500 -41.9800
v 46.0500 21.8500 -41.9800
f 3569 3570 3571 3572
f 3573 3576 3575 3574
f 3569 3573 3574 3570
f 3572 3571 3575 3576
f 3569 3572 3576 3573
f 3570 3574 3575 3571
o F2_Classroom_13_Exterior_FrameL_3
g F2_Classroom_13_Exterior_FrameL_3
usemtl Concrete
v 45.8100 16.8000 -42.1600
v 45.9900 16.8000 -42.1600
v 45.9900 22.0000 -42.1600
v 45.8100 22.0000 -42.1600
v 45.8100 16.8000 -41.9600
v 45.9900 16.8000 -41.9600
v 45.9900 22.0000 -41.9600
v 45.8100 22.0000 -41.9600
f 3577 3578 3579 3580
f 3581 3584 3583 3582
f 3577 3581 3582 3578
f 3580 3579 3583 3584
f 3577 3580 3584 3581
f 3578 3582 3583 3579
o F2_Classroom_13_Exterior_FrameR_3
g F2_Classroom_13_Exterior_FrameR_3
usemtl Concrete
v 52.0100 16.8000 -42.1600
v 52.1900 16.8000 -42.1600
v 52.1900 22.0000 -42.1600
v 52.0100 22.0000 -42.1600
v 52.0100 16.8000 -41.9600
v 52.1900 16.8000 -41.9600
v 52.1900 22.0000 -41.9600
v 52.0100 22.0000 -41.9600
f 3585 3586 3587 3588
f 3589 3592 3591 3590
f 3585 3589 3590 3586
f 3588 3587 3591 3592
f 3585 3588 3592 3589
f 3586 3590 3591 3587
o F2_Classroom_13_Exterior_FrameB_3
g F2_Classroom_13_Exterior_FrameB_3
usemtl Concrete
v 45.9000 16.7100 -42.1600
v 52.1000 16.7100 -42.1600
v 52.1000 16.8900 -42.1600
v 45.9000 16.8900 -42.1600
v 45.9000 16.7100 -41.9600
v 52.1000 16.7100 -41.9600
v 52.1000 16.8900 -41.9600
v 45.9000 16.8900 -41.9600
f 3593 3594 3595 3596
f 3597 3600 3599 3598
f 3593 3597 3598 3594
f 3596 3595 3599 3600
f 3593 3596 3600 3597
f 3594 3598 3599 3595
o F2_Classroom_13_Exterior_FrameT_3
g F2_Classroom_13_Exterior_FrameT_3
usemtl Concrete
v 45.9000 21.9100 -42.1600
v 52.1000 21.9100 -42.1600
v 52.1000 22.0900 -42.1600
v 45.9000 22.0900 -42.1600
v 45.9000 21.9100 -41.9600
v 52.1000 21.9100 -41.9600
v 52.1000 22.0900 -41.9600
v 45.9000 22.0900 -41.9600
f 3601 3602 3603 3604
f 3605 3608 3607 3606
f 3601 3605 3606 3602
f 3604 3603 3607 3608
f 3601 3604 3608 3605
f 3602 3606 3607 3603
o F2_Classroom_13_Corridor_L
g F2_Classroom_13_Corridor_L
usemtl WhiteBrick
v 17.0000 13.0000 -8.5000
v 35.0000 13.0000 -8.5000
v 35.0000 26.0000 -8.5000
v 17.0000 26.0000 -8.5000
v 17.0000 13.0000 -7.5000
v 35.0000 13.0000 -7.5000
v 35.0000 26.0000 -7.5000
v 17.0000 26.0000 -7.5000
f 3609 3610 3611 3612
f 3613 3616 3615 3614
f 3609 3613 3614 3610
f 3612 3611 3615 3616
f 3609 3612 3616 3613
f 3610 3614 3615 3611
o F2_Classroom_13_Corridor_R
g F2_Classroom_13_Corridor_R
usemtl WhiteBrick
v 41.0000 13.0000 -8.5000
v 59.0000 13.0000 -8.5000
v 59.0000 26.0000 -8.5000
v 41.0000 26.0000 -8.5000
v 41.0000 13.0000 -7.5000
v 59.0000 13.0000 -7.5000
v 59.0000 26.0000 -7.5000
v 41.0000 26.0000 -7.5000
f 3617 3618 3619 3620
f 3621 3624 3623 3622
f 3617 3621 3622 3618
f 3620 3619 3623 3624
f 3617 3620 3624 3621
f 3618 3622 3623 3619
o F2_Classroom_13_Corridor_Header
g F2_Classroom_13_Corridor_Header
usemtl WhiteBrick
v 35.0000 21.5000 -8.5000
v 41.0000 21.5000 -8.5000
v 41.0000 26.0000 -8.5000
v 35.0000 26.0000 -8.5000
v 35.0000 21.5000 -7.5000
v 41.0000 21.5000 -7.5000
v 41.0000 26.0000 -7.5000
v 35.0000 26.0000 -7.5000
f 3625 3626 3627 3628
f 3629 3632 3631 3630
f 3625 3629 3630 3626
f 3628 3627 3631 3632
f 3625 3628 3632 3629
f 3626 3630 3631 3627
o F2_Classroom_13_Corridor_FrameL
g F2_Classroom_13_Corridor_FrameL
usemtl Concrete
v 34.9000 13.0000 -8.0900
v 35.1000 13.0000 -8.0900
v 35.1000 21.5000 -8.0900
v 34.9000 21.5000 -8.0900
v 34.9000 13.0000 -7.9100
v 35.1000 13.0000 -7.9100
v 35.1000 21.5000 -7.9100
v 34.9000 21.5000 -7.9100
f 3633 3634 3635 3636
f 3637 3640 3639 3638
f 3633 3637 3638 3634
f 3636 3635 3639 3640
f 3633 3636 3640 3637
f 3634 3638 3639 3635
o F2_Classroom_13_Corridor_FrameR
g F2_Classroom_13_Corridor_FrameR
usemtl Concrete
v 40.9000 13.0000 -8.0900
v 41.1000 13.0000 -8.0900
v 41.1000 21.5000 -8.0900
v 40.9000 21.5000 -8.0900
v 40.9000 13.0000 -7.9100
v 41.1000 13.0000 -7.9100
v 41.1000 21.5000 -7.9100
v 40.9000 21.5000 -7.9100
f 3641 3642 3643 3644
f 3645 3648 3647 3646
f 3641 3645 3646 3642
f 3644 3643 3647 3648
f 3641 3644 3648 3645
f 3642 3646 3647 3643
o F2_Classroom_13_Corridor_FrameTop
g F2_Classroom_13_Corridor_FrameTop
usemtl Concrete
v 35.0000 21.4000 -8.0900
v 41.0000 21.4000 -8.0900
v 41.0000 21.6000 -8.0900
v 35.0000 21.6000 -8.0900
v 35.0000 21.4000 -7.9100
v 41.0000 21.4000 -7.9100
v 41.0000 21.6000 -7.9100
v 35.0000 21.6000 -7.9100
f 3649 3650 3651 3652
f 3653 3656 3655 3654
f 3649 3653 3654 3650
f 3652 3651 3655 3656
f 3649 3652 3656 3653
f 3650 3654 3655 3651
o F2_Classroom_13_Chair_Seat
g F2_Classroom_13_Chair_Seat
usemtl Chair
v 36.9000 14.9000 -26.0000
v 39.1000 14.9000 -26.0000
v 39.1000 15.1500 -26.0000
v 36.9000 15.1500 -26.0000
v 36.9000 14.9000 -24.0000
v 39.1000 14.9000 -24.0000
v 39.1000 15.1500 -24.0000
v 36.9000 15.1500 -24.0000
f 3657 3658 3659 3660
f 3661 3664 3663 3662
f 3657 3661 3662 3658
f 3660 3659 3663 3664
f 3657 3660 3664 3661
f 3658 3662 3663 3659
o F2_Classroom_13_Chair_Back
g F2_Classroom_13_Chair_Back
usemtl Chair
v 36.9000 15.1500 -24.2000
v 39.1000 15.1500 -24.2000
v 39.1000 17.1000 -24.2000
v 36.9000 17.1000 -24.2000
v 36.9000 15.1500 -23.9600
v 39.1000 15.1500 -23.9600
v 39.1000 17.1000 -23.9600
v 36.9000 17.1000 -23.9600
f 3665 3666 3667 3668
f 3669 3672 3671 3670
f 3665 3669 3670 3666
f 3668 3667 3671 3672
f 3665 3668 3672 3669
f 3666 3670 3671 3667
o F2_Classroom_13_Chair_Leg_-0.82_-0.72
g F2_Classroom_13_Chair_Leg_-0.82_-0.72
usemtl Metal
v 37.1100 13.0000 -25.7900
v 37.2500 13.0000 -25.7900
v 37.2500 14.9000 -25.7900
v 37.1100 14.9000 -25.7900
v 37.1100 13.0000 -25.6500
v 37.2500 13.0000 -25.6500
v 37.2500 14.9000 -25.6500
v 37.1100 14.9000 -25.6500
f 3673 3674 3675 3676
f 3677 3680 3679 3678
f 3673 3677 3678 3674
f 3676 3675 3679 3680
f 3673 3676 3680 3677
f 3674 3678 3679 3675
o F2_Classroom_13_Chair_Leg_-0.82_0.72
g F2_Classroom_13_Chair_Leg_-0.82_0.72
usemtl Metal
v 37.1100 13.0000 -24.3500
v 37.2500 13.0000 -24.3500
v 37.2500 14.9000 -24.3500
v 37.1100 14.9000 -24.3500
v 37.1100 13.0000 -24.2100
v 37.2500 13.0000 -24.2100
v 37.2500 14.9000 -24.2100
v 37.1100 14.9000 -24.2100
f 3681 3682 3683 3684
f 3685 3688 3687 3686
f 3681 3685 3686 3682
f 3684 3683 3687 3688
f 3681 3684 3688 3685
f 3682 3686 3687 3683
o F2_Classroom_13_Chair_Leg_0.82_-0.72
g F2_Classroom_13_Chair_Leg_0.82_-0.72
usemtl Metal
v 38.7500 13.0000 -25.7900
v 38.8900 13.0000 -25.7900
v 38.8900 14.9000 -25.7900
v 38.7500 14.9000 -25.7900
v 38.7500 13.0000 -25.6500
v 38.8900 13.0000 -25.6500
v 38.8900 14.9000 -25.6500
v 38.7500 14.9000 -25.6500
f 3689 3690 3691 3692
f 3693 3696 3695 3694
f 3689 3693 3694 3690
f 3692 3691 3695 3696
f 3689 3692 3696 3693
f 3690 3694 3695 3691
o F2_Classroom_13_Chair_Leg_0.82_0.72
g F2_Classroom_13_Chair_Leg_0.82_0.72
usemtl Metal
v 38.7500 13.0000 -24.3500
v 38.8900 13.0000 -24.3500
v 38.8900 14.9000 -24.3500
v 38.7500 14.9000 -24.3500
v 38.7500 13.0000 -24.2100
v 38.8900 13.0000 -24.2100
v 38.8900 14.9000 -24.2100
v 38.7500 14.9000 -24.2100
f 3697 3698 3699 3700
f 3701 3704 3703 3702
f 3697 3701 3702 3698
f 3700 3699 3703 3704
f 3697 3700 3704 3701
f 3698 3702 3703 3699
o F2_Classroom_13_Chair_TabletSupport
g F2_Classroom_13_Chair_TabletSupport
usemtl Metal
v 39.1300 14.9000 -25.1000
v 39.2800 14.9000 -25.1000
v 39.2800 16.3500 -25.1000
v 39.1300 16.3500 -25.1000
v 39.1300 14.9000 -24.9500
v 39.2800 14.9000 -24.9500
v 39.2800 16.3500 -24.9500
v 39.1300 16.3500 -24.9500
f 3705 3706 3707 3708
f 3709 3712 3711 3710
f 3705 3709 3710 3706
f 3708 3707 3711 3712
f 3705 3708 3712 3709
f 3706 3710 3711 3707
o F2_Classroom_13_Chair_Tablet
g F2_Classroom_13_Chair_Tablet
usemtl Wood
v 38.6500 16.3000 -25.9200
v 39.6500 16.3000 -25.9200
v 39.6500 16.4200 -25.9200
v 38.6500 16.4200 -25.9200
v 38.6500 16.3000 -24.2200
v 39.6500 16.3000 -24.2200
v 39.6500 16.4200 -24.2200
v 38.6500 16.4200 -24.2200
f 3713 3714 3715 3716
f 3717 3720 3719 3718
f 3713 3717 3718 3714
f 3716 3715 3719 3720
f 3713 3716 3720 3717
f 3714 3718 3719 3715
o F2_Classroom_14_Exterior_Bottom
g F2_Classroom_14_Exterior_Bottom
usemtl WhiteBrick
v 17.0000 13.0000 41.5000
v 59.0000 13.0000 41.5000
v 59.0000 16.8000 41.5000
v 17.0000 16.8000 41.5000
v 17.0000 13.0000 42.5000
v 59.0000 13.0000 42.5000
v 59.0000 16.8000 42.5000
v 17.0000 16.8000 42.5000
f 3721 3722 3723 3724
f 3725 3728 3727 3726
f 3721 3725 3726 3722
f 3724 3723 3727 3728
f 3721 3724 3728 3725
f 3722 3726 3727 3723
o F2_Classroom_14_Exterior_Top
g F2_Classroom_14_Exterior_Top
usemtl WhiteBrick
v 17.0000 22.0000 41.5000
v 59.0000 22.0000 41.5000
v 59.0000 26.0000 41.5000
v 17.0000 26.0000 41.5000
v 17.0000 22.0000 42.5000
v 59.0000 22.0000 42.5000
v 59.0000 26.0000 42.5000
v 17.0000 26.0000 42.5000
f 3729 3730 3731 3732
f 3733 3736 3735 3734
f 3729 3733 3734 3730
f 3732 3731 3735 3736
f 3729 3732 3736 3733
f 3730 3734 3735 3731
o F2_Classroom_14_Exterior_Pier_1
g F2_Classroom_14_Exterior_Pier_1
usemtl WhiteBrick
v 17.0000 16.8000 41.5000
v 23.9000 16.8000 41.5000
v 23.9000 22.0000 41.5000
v 17.0000 22.0000 41.5000
v 17.0000 16.8000 42.5000
v 23.9000 16.8000 42.5000
v 23.9000 22.0000 42.5000
v 17.0000 22.0000 42.5000
f 3737 3738 3739 3740
f 3741 3744 3743 3742
f 3737 3741 3742 3738
f 3740 3739 3743 3744
f 3737 3740 3744 3741
f 3738 3742 3743 3739
o F2_Classroom_14_Exterior_Pier_2
g F2_Classroom_14_Exterior_Pier_2
usemtl WhiteBrick
v 30.1000 16.8000 41.5000
v 34.9000 16.8000 41.5000
v 34.9000 22.0000 41.5000
v 30.1000 22.0000 41.5000
v 30.1000 16.8000 42.5000
v 34.9000 16.8000 42.5000
v 34.9000 22.0000 42.5000
v 30.1000 22.0000 42.5000
f 3745 3746 3747 3748
f 3749 3752 3751 3750
f 3745 3749 3750 3746
f 3748 3747 3751 3752
f 3745 3748 3752 3749
f 3746 3750 3751 3747
o F2_Classroom_14_Exterior_Pier_3
g F2_Classroom_14_Exterior_Pier_3
usemtl WhiteBrick
v 41.1000 16.8000 41.5000
v 45.9000 16.8000 41.5000
v 45.9000 22.0000 41.5000
v 41.1000 22.0000 41.5000
v 41.1000 16.8000 42.5000
v 45.9000 16.8000 42.5000
v 45.9000 22.0000 42.5000
v 41.1000 22.0000 42.5000
f 3753 3754 3755 3756
f 3757 3760 3759 3758
f 3753 3757 3758 3754
f 3756 3755 3759 3760
f 3753 3756 3760 3757
f 3754 3758 3759 3755
o F2_Classroom_14_Exterior_Pier_4
g F2_Classroom_14_Exterior_Pier_4
usemtl WhiteBrick
v 52.1000 16.8000 41.5000
v 59.0000 16.8000 41.5000
v 59.0000 22.0000 41.5000
v 52.1000 22.0000 41.5000
v 52.1000 16.8000 42.5000
v 59.0000 16.8000 42.5000
v 59.0000 22.0000 42.5000
v 52.1000 22.0000 42.5000
f 3761 3762 3763 3764
f 3765 3768 3767 3766
f 3761 3765 3766 3762
f 3764 3763 3767 3768
f 3761 3764 3768 3765
f 3762 3766 3767 3763
o F2_Classroom_14_Exterior_Glass_1
g F2_Classroom_14_Exterior_Glass_1
usemtl Glass
v 24.0500 16.9500 41.9800
v 29.9500 16.9500 41.9800
v 29.9500 21.8500 41.9800
v 24.0500 21.8500 41.9800
v 24.0500 16.9500 42.1400
v 29.9500 16.9500 42.1400
v 29.9500 21.8500 42.1400
v 24.0500 21.8500 42.1400
f 3769 3770 3771 3772
f 3773 3776 3775 3774
f 3769 3773 3774 3770
f 3772 3771 3775 3776
f 3769 3772 3776 3773
f 3770 3774 3775 3771
o F2_Classroom_14_Exterior_FrameL_1
g F2_Classroom_14_Exterior_FrameL_1
usemtl Concrete
v 23.8100 16.8000 41.9600
v 23.9900 16.8000 41.9600
v 23.9900 22.0000 41.9600
v 23.8100 22.0000 41.9600
v 23.8100 16.8000 42.1600
v 23.9900 16.8000 42.1600
v 23.9900 22.0000 42.1600
v 23.8100 22.0000 42.1600
f 3777 3778 3779 3780
f 3781 3784 3783 3782
f 3777 3781 3782 3778
f 3780 3779 3783 3784
f 3777 3780 3784 3781
f 3778 3782 3783 3779
o F2_Classroom_14_Exterior_FrameR_1
g F2_Classroom_14_Exterior_FrameR_1
usemtl Concrete
v 30.0100 16.8000 41.9600
v 30.1900 16.8000 41.9600
v 30.1900 22.0000 41.9600
v 30.0100 22.0000 41.9600
v 30.0100 16.8000 42.1600
v 30.1900 16.8000 42.1600
v 30.1900 22.0000 42.1600
v 30.0100 22.0000 42.1600
f 3785 3786 3787 3788
f 3789 3792 3791 3790
f 3785 3789 3790 3786
f 3788 3787 3791 3792
f 3785 3788 3792 3789
f 3786 3790 3791 3787
o F2_Classroom_14_Exterior_FrameB_1
g F2_Classroom_14_Exterior_FrameB_1
usemtl Concrete
v 23.9000 16.7100 41.9600
v 30.1000 16.7100 41.9600
v 30.1000 16.8900 41.9600
v 23.9000 16.8900 41.9600
v 23.9000 16.7100 42.1600
v 30.1000 16.7100 42.1600
v 30.1000 16.8900 42.1600
v 23.9000 16.8900 42.1600
f 3793 3794 3795 3796
f 3797 3800 3799 3798
f 3793 3797 3798 3794
f 3796 3795 3799 3800
f 3793 3796 3800 3797
f 3794 3798 3799 3795
o F2_Classroom_14_Exterior_FrameT_1
g F2_Classroom_14_Exterior_FrameT_1
usemtl Concrete
v 23.9000 21.9100 41.9600
v 30.1000 21.9100 41.9600
v 30.1000 22.0900 41.9600
v 23.9000 22.0900 41.9600
v 23.9000 21.9100 42.1600
v 30.1000 21.9100 42.1600
v 30.1000 22.0900 42.1600
v 23.9000 22.0900 42.1600
f 3801 3802 3803 3804
f 3805 3808 3807 3806
f 3801 3805 3806 3802
f 3804 3803 3807 3808
f 3801 3804 3808 3805
f 3802 3806 3807 3803
o F2_Classroom_14_Exterior_Glass_2
g F2_Classroom_14_Exterior_Glass_2
usemtl Glass
v 35.0500 16.9500 41.9800
v 40.9500 16.9500 41.9800
v 40.9500 21.8500 41.9800
v 35.0500 21.8500 41.9800
v 35.0500 16.9500 42.1400
v 40.9500 16.9500 42.1400
v 40.9500 21.8500 42.1400
v 35.0500 21.8500 42.1400
f 3809 3810 3811 3812
f 3813 3816 3815 3814
f 3809 3813 3814 3810
f 3812 3811 3815 3816
f 3809 3812 3816 3813
f 3810 3814 3815 3811
o F2_Classroom_14_Exterior_FrameL_2
g F2_Classroom_14_Exterior_FrameL_2
usemtl Concrete
v 34.8100 16.8000 41.9600
v 34.9900 16.8000 41.9600
v 34.9900 22.0000 41.9600
v 34.8100 22.0000 41.9600
v 34.8100 16.8000 42.1600
v 34.9900 16.8000 42.1600
v 34.9900 22.0000 42.1600
v 34.8100 22.0000 42.1600
f 3817 3818 3819 3820
f 3821 3824 3823 3822
f 3817 3821 3822 3818
f 3820 3819 3823 3824
f 3817 3820 3824 3821
f 3818 3822 3823 3819
o F2_Classroom_14_Exterior_FrameR_2
g F2_Classroom_14_Exterior_FrameR_2
usemtl Concrete
v 41.0100 16.8000 41.9600
v 41.1900 16.8000 41.9600
v 41.1900 22.0000 41.9600
v 41.0100 22.0000 41.9600
v 41.0100 16.8000 42.1600
v 41.1900 16.8000 42.1600
v 41.1900 22.0000 42.1600
v 41.0100 22.0000 42.1600
f 3825 3826 3827 3828
f 3829 3832 3831 3830
f 3825 3829 3830 3826
f 3828 3827 3831 3832
f 3825 3828 3832 3829
f 3826 3830 3831 3827
o F2_Classroom_14_Exterior_FrameB_2
g F2_Classroom_14_Exterior_FrameB_2
usemtl Concrete
v 34.9000 16.7100 41.9600
v 41.1000 16.7100 41.9600
v 41.1000 16.8900 41.9600
v 34.9000 16.8900 41.9600
v 34.9000 16.7100 42.1600
v 41.1000 16.7100 42.1600
v 41.1000 16.8900 42.1600
v 34.9000 16.8900 42.1600
f 3833 3834 3835 3836
f 3837 3840 3839 3838
f 3833 3837 3838 3834
f 3836 3835 3839 3840
f 3833 3836 3840 3837
f 3834 3838 3839 3835
o F2_Classroom_14_Exterior_FrameT_2
g F2_Classroom_14_Exterior_FrameT_2
usemtl Concrete
v 34.9000 21.9100 41.9600
v 41.1000 21.9100 41.9600
v 41.1000 22.0900 41.9600
v 34.9000 22.0900 41.9600
v 34.9000 21.9100 42.1600
v 41.1000 21.9100 42.1600
v 41.1000 22.0900 42.1600
v 34.9000 22.0900 42.1600
f 3841 3842 3843 3844
f 3845 3848 3847 3846
f 3841 3845 3846 3842
f 3844 3843 3847 3848
f 3841 3844 3848 3845
f 3842 3846 3847 3843
o F2_Classroom_14_Exterior_Glass_3
g F2_Classroom_14_Exterior_Glass_3
usemtl Glass
v 46.0500 16.9500 41.9800
v 51.9500 16.9500 41.9800
v 51.9500 21.8500 41.9800
v 46.0500 21.8500 41.9800
v 46.0500 16.9500 42.1400
v 51.9500 16.9500 42.1400
v 51.9500 21.8500 42.1400
v 46.0500 21.8500 42.1400
f 3849 3850 3851 3852
f 3853 3856 3855 3854
f 3849 3853 3854 3850
f 3852 3851 3855 3856
f 3849 3852 3856 3853
f 3850 3854 3855 3851
o F2_Classroom_14_Exterior_FrameL_3
g F2_Classroom_14_Exterior_FrameL_3
usemtl Concrete
v 45.8100 16.8000 41.9600
v 45.9900 16.8000 41.9600
v 45.9900 22.0000 41.9600
v 45.8100 22.0000 41.9600
v 45.8100 16.8000 42.1600
v 45.9900 16.8000 42.1600
v 45.9900 22.0000 42.1600
v 45.8100 22.0000 42.1600
f 3857 3858 3859 3860
f 3861 3864 3863 3862
f 3857 3861 3862 3858
f 3860 3859 3863 3864
f 3857 3860 3864 3861
f 3858 3862 3863 3859
o F2_Classroom_14_Exterior_FrameR_3
g F2_Classroom_14_Exterior_FrameR_3
usemtl Concrete
v 52.0100 16.8000 41.9600
v 52.1900 16.8000 41.9600
v 52.1900 22.0000 41.9600
v 52.0100 22.0000 41.9600
v 52.0100 16.8000 42.1600
v 52.1900 16.8000 42.1600
v 52.1900 22.0000 42.1600
v 52.0100 22.0000 42.1600
f 3865 3866 3867 3868
f 3869 3872 3871 3870
f 3865 3869 3870 3866
f 3868 3867 3871 3872
f 3865 3868 3872 3869
f 3866 3870 3871 3867
o F2_Classroom_14_Exterior_FrameB_3
g F2_Classroom_14_Exterior_FrameB_3
usemtl Concrete
v 45.9000 16.7100 41.9600
v 52.1000 16.7100 41.9600
v 52.1000 16.8900 41.9600
v 45.9000 16.8900 41.9600
v 45.9000 16.7100 42.1600
v 52.1000 16.7100 42.1600
v 52.1000 16.8900 42.1600
v 45.9000 16.8900 42.1600
f 3873 3874 3875 3876
f 3877 3880 3879 3878
f 3873 3877 3878 3874
f 3876 3875 3879 3880
f 3873 3876 3880 3877
f 3874 3878 3879 3875
o F2_Classroom_14_Exterior_FrameT_3
g F2_Classroom_14_Exterior_FrameT_3
usemtl Concrete
v 45.9000 21.9100 41.9600
v 52.1000 21.9100 41.9600
v 52.1000 22.0900 41.9600
v 45.9000 22.0900 41.9600
v 45.9000 21.9100 42.1600
v 52.1000 21.9100 42.1600
v 52.1000 22.0900 42.1600
v 45.9000 22.0900 42.1600
f 3881 3882 3883 3884
f 3885 3888 3887 3886
f 3881 3885 3886 3882
f 3884 3883 3887 3888
f 3881 3884 3888 3885
f 3882 3886 3887 3883
o F2_Classroom_14_Corridor_L
g F2_Classroom_14_Corridor_L
usemtl WhiteBrick
v 17.0000 13.0000 7.5000
v 35.0000 13.0000 7.5000
v 35.0000 26.0000 7.5000
v 17.0000 26.0000 7.5000
v 17.0000 13.0000 8.5000
v 35.0000 13.0000 8.5000
v 35.0000 26.0000 8.5000
v 17.0000 26.0000 8.5000
f 3889 3890 3891 3892
f 3893 3896 3895 3894
f 3889 3893 3894 3890
f 3892 3891 3895 3896
f 3889 3892 3896 3893
f 3890 3894 3895 3891
o F2_Classroom_14_Corridor_R
g F2_Classroom_14_Corridor_R
usemtl WhiteBrick
v 41.0000 13.0000 7.5000
v 59.0000 13.0000 7.5000
v 59.0000 26.0000 7.5000
v 41.0000 26.0000 7.5000
v 41.0000 13.0000 8.5000
v 59.0000 13.0000 8.5000
v 59.0000 26.0000 8.5000
v 41.0000 26.0000 8.5000
f 3897 3898 3899 3900
f 3901 3904 3903 3902
f 3897 3901 3902 3898
f 3900 3899 3903 3904
f 3897 3900 3904 3901
f 3898 3902 3903 3899
o F2_Classroom_14_Corridor_Header
g F2_Classroom_14_Corridor_Header
usemtl WhiteBrick
v 35.0000 21.5000 7.5000
v 41.0000 21.5000 7.5000
v 41.0000 26.0000 7.5000
v 35.0000 26.0000 7.5000
v 35.0000 21.5000 8.5000
v 41.0000 21.5000 8.5000
v 41.0000 26.0000 8.5000
v 35.0000 26.0000 8.5000
f 3905 3906 3907 3908
f 3909 3912 3911 3910
f 3905 3909 3910 3906
f 3908 3907 3911 3912
f 3905 3908 3912 3909
f 3906 3910 3911 3907
o F2_Classroom_14_Corridor_FrameL
g F2_Classroom_14_Corridor_FrameL
usemtl Concrete
v 34.9000 13.0000 7.9100
v 35.1000 13.0000 7.9100
v 35.1000 21.5000 7.9100
v 34.9000 21.5000 7.9100
v 34.9000 13.0000 8.0900
v 35.1000 13.0000 8.0900
v 35.1000 21.5000 8.0900
v 34.9000 21.5000 8.0900
f 3913 3914 3915 3916
f 3917 3920 3919 3918
f 3913 3917 3918 3914
f 3916 3915 3919 3920
f 3913 3916 3920 3917
f 3914 3918 3919 3915
o F2_Classroom_14_Corridor_FrameR
g F2_Classroom_14_Corridor_FrameR
usemtl Concrete
v 40.9000 13.0000 7.9100
v 41.1000 13.0000 7.9100
v 41.1000 21.5000 7.9100
v 40.9000 21.5000 7.9100
v 40.9000 13.0000 8.0900
v 41.1000 13.0000 8.0900
v 41.1000 21.5000 8.0900
v 40.9000 21.5000 8.0900
f 3921 3922 3923 3924
f 3925 3928 3927 3926
f 3921 3925 3926 3922
f 3924 3923 3927 3928
f 3921 3924 3928 3925
f 3922 3926 3927 3923
o F2_Classroom_14_Corridor_FrameTop
g F2_Classroom_14_Corridor_FrameTop
usemtl Concrete
v 35.0000 21.4000 7.9100
v 41.0000 21.4000 7.9100
v 41.0000 21.6000 7.9100
v 35.0000 21.6000 7.9100
v 35.0000 21.4000 8.0900
v 41.0000 21.4000 8.0900
v 41.0000 21.6000 8.0900
v 35.0000 21.6000 8.0900
f 3929 3930 3931 3932
f 3933 3936 3935 3934
f 3929 3933 3934 3930
f 3932 3931 3935 3936
f 3929 3932 3936 3933
f 3930 3934 3935 3931
o F2_Classroom_14_Chair_Seat
g F2_Classroom_14_Chair_Seat
usemtl Chair
v 36.9000 14.9000 24.0000
v 39.1000 14.9000 24.0000
v 39.1000 15.1500 24.0000
v 36.9000 15.1500 24.0000
v 36.9000 14.9000 26.0000
v 39.1000 14.9000 26.0000
v 39.1000 15.1500 26.0000
v 36.9000 15.1500 26.0000
f 3937 3938 3939 3940
f 3941 3944 3943 3942
f 3937 3941 3942 3938
f 3940 3939 3943 3944
f 3937 3940 3944 3941
f 3938 3942 3943 3939
o F2_Classroom_14_Chair_Back
g F2_Classroom_14_Chair_Back
usemtl Chair
v 36.9000 15.1500 23.9600
v 39.1000 15.1500 23.9600
v 39.1000 17.1000 23.9600
v 36.9000 17.1000 23.9600
v 36.9000 15.1500 24.2000
v 39.1000 15.1500 24.2000
v 39.1000 17.1000 24.2000
v 36.9000 17.1000 24.2000
f 3945 3946 3947 3948
f 3949 3952 3951 3950
f 3945 3949 3950 3946
f 3948 3947 3951 3952
f 3945 3948 3952 3949
f 3946 3950 3951 3947
o F2_Classroom_14_Chair_Leg_-0.82_-0.72
g F2_Classroom_14_Chair_Leg_-0.82_-0.72
usemtl Metal
v 37.1100 13.0000 24.2100
v 37.2500 13.0000 24.2100
v 37.2500 14.9000 24.2100
v 37.1100 14.9000 24.2100
v 37.1100 13.0000 24.3500
v 37.2500 13.0000 24.3500
v 37.2500 14.9000 24.3500
v 37.1100 14.9000 24.3500
f 3953 3954 3955 3956
f 3957 3960 3959 3958
f 3953 3957 3958 3954
f 3956 3955 3959 3960
f 3953 3956 3960 3957
f 3954 3958 3959 3955
o F2_Classroom_14_Chair_Leg_-0.82_0.72
g F2_Classroom_14_Chair_Leg_-0.82_0.72
usemtl Metal
v 37.1100 13.0000 25.6500
v 37.2500 13.0000 25.6500
v 37.2500 14.9000 25.6500
v 37.1100 14.9000 25.6500
v 37.1100 13.0000 25.7900
v 37.2500 13.0000 25.7900
v 37.2500 14.9000 25.7900
v 37.1100 14.9000 25.7900
f 3961 3962 3963 3964
f 3965 3968 3967 3966
f 3961 3965 3966 3962
f 3964 3963 3967 3968
f 3961 3964 3968 3965
f 3962 3966 3967 3963
o F2_Classroom_14_Chair_Leg_0.82_-0.72
g F2_Classroom_14_Chair_Leg_0.82_-0.72
usemtl Metal
v 38.7500 13.0000 24.2100
v 38.8900 13.0000 24.2100
v 38.8900 14.9000 24.2100
v 38.7500 14.9000 24.2100
v 38.7500 13.0000 24.3500
v 38.8900 13.0000 24.3500
v 38.8900 14.9000 24.3500
v 38.7500 14.9000 24.3500
f 3969 3970 3971 3972
f 3973 3976 3975 3974
f 3969 3973 3974 3970
f 3972 3971 3975 3976
f 3969 3972 3976 3973
f 3970 3974 3975 3971
o F2_Classroom_14_Chair_Leg_0.82_0.72
g F2_Classroom_14_Chair_Leg_0.82_0.72
usemtl Metal
v 38.7500 13.0000 25.6500
v 38.8900 13.0000 25.6500
v 38.8900 14.9000 25.6500
v 38.7500 14.9000 25.6500
v 38.7500 13.0000 25.7900
v 38.8900 13.0000 25.7900
v 38.8900 14.9000 25.7900
v 38.7500 14.9000 25.7900
f 3977 3978 3979 3980
f 3981 3984 3983 3982
f 3977 3981 3982 3978
f 3980 3979 3983 3984
f 3977 3980 3984 3981
f 3978 3982 3983 3979
o F2_Classroom_14_Chair_TabletSupport
g F2_Classroom_14_Chair_TabletSupport
usemtl Metal
v 39.1300 14.9000 24.9000
v 39.2800 14.9000 24.9000
v 39.2800 16.3500 24.9000
v 39.1300 16.3500 24.9000
v 39.1300 14.9000 25.0500
v 39.2800 14.9000 25.0500
v 39.2800 16.3500 25.0500
v 39.1300 16.3500 25.0500
f 3985 3986 3987 3988
f 3989 3992 3991 3990
f 3985 3989 3990 3986
f 3988 3987 3991 3992
f 3985 3988 3992 3989
f 3986 3990 3991 3987
o F2_Classroom_14_Chair_Tablet
g F2_Classroom_14_Chair_Tablet
usemtl Wood
v 38.6500 16.3000 24.0800
v 39.6500 16.3000 24.0800
v 39.6500 16.4200 24.0800
v 38.6500 16.4200 24.0800
v 38.6500 16.3000 25.7800
v 39.6500 16.3000 25.7800
v 39.6500 16.4200 25.7800
v 38.6500 16.4200 25.7800
f 3993 3994 3995 3996
f 3997 4000 3999 3998
f 3993 3997 3998 3994
f 3996 3995 3999 4000
f 3993 3996 4000 3997
f 3994 3998 3999 3995
o F2_Classroom_15_Exterior_Bottom
g F2_Classroom_15_Exterior_Bottom
usemtl WhiteBrick
v 59.0000 13.0000 -42.5000
v 101.0000 13.0000 -42.5000
v 101.0000 16.8000 -42.5000
v 59.0000 16.8000 -42.5000
v 59.0000 13.0000 -41.5000
v 101.0000 13.0000 -41.5000
v 101.0000 16.8000 -41.5000
v 59.0000 16.8000 -41.5000
f 4001 4002 4003 4004
f 4005 4008 4007 4006
f 4001 4005 4006 4002
f 4004 4003 4007 4008
f 4001 4004 4008 4005
f 4002 4006 4007 4003
o F2_Classroom_15_Exterior_Top
g F2_Classroom_15_Exterior_Top
usemtl WhiteBrick
v 59.0000 22.0000 -42.5000
v 101.0000 22.0000 -42.5000
v 101.0000 26.0000 -42.5000
v 59.0000 26.0000 -42.5000
v 59.0000 22.0000 -41.5000
v 101.0000 22.0000 -41.5000
v 101.0000 26.0000 -41.5000
v 59.0000 26.0000 -41.5000
f 4009 4010 4011 4012
f 4013 4016 4015 4014
f 4009 4013 4014 4010
f 4012 4011 4015 4016
f 4009 4012 4016 4013
f 4010 4014 4015 4011
o F2_Classroom_15_Exterior_Pier_1
g F2_Classroom_15_Exterior_Pier_1
usemtl WhiteBrick
v 59.0000 16.8000 -42.5000
v 65.9000 16.8000 -42.5000
v 65.9000 22.0000 -42.5000
v 59.0000 22.0000 -42.5000
v 59.0000 16.8000 -41.5000
v 65.9000 16.8000 -41.5000
v 65.9000 22.0000 -41.5000
v 59.0000 22.0000 -41.5000
f 4017 4018 4019 4020
f 4021 4024 4023 4022
f 4017 4021 4022 4018
f 4020 4019 4023 4024
f 4017 4020 4024 4021
f 4018 4022 4023 4019
o F2_Classroom_15_Exterior_Pier_2
g F2_Classroom_15_Exterior_Pier_2
usemtl WhiteBrick
v 72.1000 16.8000 -42.5000
v 76.9000 16.8000 -42.5000
v 76.9000 22.0000 -42.5000
v 72.1000 22.0000 -42.5000
v 72.1000 16.8000 -41.5000
v 76.9000 16.8000 -41.5000
v 76.9000 22.0000 -41.5000
v 72.1000 22.0000 -41.5000
f 4025 4026 4027 4028
f 4029 4032 4031 4030
f 4025 4029 4030 4026
f 4028 4027 4031 4032
f 4025 4028 4032 4029
f 4026 4030 4031 4027
o F2_Classroom_15_Exterior_Pier_3
g F2_Classroom_15_Exterior_Pier_3
usemtl WhiteBrick
v 83.1000 16.8000 -42.5000
v 87.9000 16.8000 -42.5000
v 87.9000 22.0000 -42.5000
v 83.1000 22.0000 -42.5000
v 83.1000 16.8000 -41.5000
v 87.9000 16.8000 -41.5000
v 87.9000 22.0000 -41.5000
v 83.1000 22.0000 -41.5000
f 4033 4034 4035 4036
f 4037 4040 4039 4038
f 4033 4037 4038 4034
f 4036 4035 4039 4040
f 4033 4036 4040 4037
f 4034 4038 4039 4035
o F2_Classroom_15_Exterior_Pier_4
g F2_Classroom_15_Exterior_Pier_4
usemtl WhiteBrick
v 94.1000 16.8000 -42.5000
v 101.0000 16.8000 -42.5000
v 101.0000 22.0000 -42.5000
v 94.1000 22.0000 -42.5000
v 94.1000 16.8000 -41.5000
v 101.0000 16.8000 -41.5000
v 101.0000 22.0000 -41.5000
v 94.1000 22.0000 -41.5000
f 4041 4042 4043 4044
f 4045 4048 4047 4046
f 4041 4045 4046 4042
f 4044 4043 4047 4048
f 4041 4044 4048 4045
f 4042 4046 4047 4043
o F2_Classroom_15_Exterior_Glass_1
g F2_Classroom_15_Exterior_Glass_1
usemtl Glass
v 66.0500 16.9500 -42.1400
v 71.9500 16.9500 -42.1400
v 71.9500 21.8500 -42.1400
v 66.0500 21.8500 -42.1400
v 66.0500 16.9500 -41.9800
v 71.9500 16.9500 -41.9800
v 71.9500 21.8500 -41.9800
v 66.0500 21.8500 -41.9800
f 4049 4050 4051 4052
f 4053 4056 4055 4054
f 4049 4053 4054 4050
f 4052 4051 4055 4056
f 4049 4052 4056 4053
f 4050 4054 4055 4051
o F2_Classroom_15_Exterior_FrameL_1
g F2_Classroom_15_Exterior_FrameL_1
usemtl Concrete
v 65.8100 16.8000 -42.1600
v 65.9900 16.8000 -42.1600
v 65.9900 22.0000 -42.1600
v 65.8100 22.0000 -42.1600
v 65.8100 16.8000 -41.9600
v 65.9900 16.8000 -41.9600
v 65.9900 22.0000 -41.9600
v 65.8100 22.0000 -41.9600
f 4057 4058 4059 4060
f 4061 4064 4063 4062
f 4057 4061 4062 4058
f 4060 4059 4063 4064
f 4057 4060 4064 4061
f 4058 4062 4063 4059
o F2_Classroom_15_Exterior_FrameR_1
g F2_Classroom_15_Exterior_FrameR_1
usemtl Concrete
v 72.0100 16.8000 -42.1600
v 72.1900 16.8000 -42.1600
v 72.1900 22.0000 -42.1600
v 72.0100 22.0000 -42.1600
v 72.0100 16.8000 -41.9600
v 72.1900 16.8000 -41.9600
v 72.1900 22.0000 -41.9600
v 72.0100 22.0000 -41.9600
f 4065 4066 4067 4068
f 4069 4072 4071 4070
f 4065 4069 4070 4066
f 4068 4067 4071 4072
f 4065 4068 4072 4069
f 4066 4070 4071 4067
o F2_Classroom_15_Exterior_FrameB_1
g F2_Classroom_15_Exterior_FrameB_1
usemtl Concrete
v 65.9000 16.7100 -42.1600
v 72.1000 16.7100 -42.1600
v 72.1000 16.8900 -42.1600
v 65.9000 16.8900 -42.1600
v 65.9000 16.7100 -41.9600
v 72.1000 16.7100 -41.9600
v 72.1000 16.8900 -41.9600
v 65.9000 16.8900 -41.9600
f 4073 4074 4075 4076
f 4077 4080 4079 4078
f 4073 4077 4078 4074
f 4076 4075 4079 4080
f 4073 4076 4080 4077
f 4074 4078 4079 4075
o F2_Classroom_15_Exterior_FrameT_1
g F2_Classroom_15_Exterior_FrameT_1
usemtl Concrete
v 65.9000 21.9100 -42.1600
v 72.1000 21.9100 -42.1600
v 72.1000 22.0900 -42.1600
v 65.9000 22.0900 -42.1600
v 65.9000 21.9100 -41.9600
v 72.1000 21.9100 -41.9600
v 72.1000 22.0900 -41.9600
v 65.9000 22.0900 -41.9600
f 4081 4082 4083 4084
f 4085 4088 4087 4086
f 4081 4085 4086 4082
f 4084 4083 4087 4088
f 4081 4084 4088 4085
f 4082 4086 4087 4083
o F2_Classroom_15_Exterior_Glass_2
g F2_Classroom_15_Exterior_Glass_2
usemtl Glass
v 77.0500 16.9500 -42.1400
v 82.9500 16.9500 -42.1400
v 82.9500 21.8500 -42.1400
v 77.0500 21.8500 -42.1400
v 77.0500 16.9500 -41.9800
v 82.9500 16.9500 -41.9800
v 82.9500 21.8500 -41.9800
v 77.0500 21.8500 -41.9800
f 4089 4090 4091 4092
f 4093 4096 4095 4094
f 4089 4093 4094 4090
f 4092 4091 4095 4096
f 4089 4092 4096 4093
f 4090 4094 4095 4091
o F2_Classroom_15_Exterior_FrameL_2
g F2_Classroom_15_Exterior_FrameL_2
usemtl Concrete
v 76.8100 16.8000 -42.1600
v 76.9900 16.8000 -42.1600
v 76.9900 22.0000 -42.1600
v 76.8100 22.0000 -42.1600
v 76.8100 16.8000 -41.9600
v 76.9900 16.8000 -41.9600
v 76.9900 22.0000 -41.9600
v 76.8100 22.0000 -41.9600
f 4097 4098 4099 4100
f 4101 4104 4103 4102
f 4097 4101 4102 4098
f 4100 4099 4103 4104
f 4097 4100 4104 4101
f 4098 4102 4103 4099
o F2_Classroom_15_Exterior_FrameR_2
g F2_Classroom_15_Exterior_FrameR_2
usemtl Concrete
v 83.0100 16.8000 -42.1600
v 83.1900 16.8000 -42.1600
v 83.1900 22.0000 -42.1600
v 83.0100 22.0000 -42.1600
v 83.0100 16.8000 -41.9600
v 83.1900 16.8000 -41.9600
v 83.1900 22.0000 -41.9600
v 83.0100 22.0000 -41.9600
f 4105 4106 4107 4108
f 4109 4112 4111 4110
f 4105 4109 4110 4106
f 4108 4107 4111 4112
f 4105 4108 4112 4109
f 4106 4110 4111 4107
o F2_Classroom_15_Exterior_FrameB_2
g F2_Classroom_15_Exterior_FrameB_2
usemtl Concrete
v 76.9000 16.7100 -42.1600
v 83.1000 16.7100 -42.1600
v 83.1000 16.8900 -42.1600
v 76.9000 16.8900 -42.1600
v 76.9000 16.7100 -41.9600
v 83.1000 16.7100 -41.9600
v 83.1000 16.8900 -41.9600
v 76.9000 16.8900 -41.9600
f 4113 4114 4115 4116
f 4117 4120 4119 4118
f 4113 4117 4118 4114
f 4116 4115 4119 4120
f 4113 4116 4120 4117
f 4114 4118 4119 4115
o F2_Classroom_15_Exterior_FrameT_2
g F2_Classroom_15_Exterior_FrameT_2
usemtl Concrete
v 76.9000 21.9100 -42.1600
v 83.1000 21.9100 -42.1600
v 83.1000 22.0900 -42.1600
v 76.9000 22.0900 -42.1600
v 76.9000 21.9100 -41.9600
v 83.1000 21.9100 -41.9600
v 83.1000 22.0900 -41.9600
v 76.9000 22.0900 -41.9600
f 4121 4122 4123 4124
f 4125 4128 4127 4126
f 4121 4125 4126 4122
f 4124 4123 4127 4128
f 4121 4124 4128 4125
f 4122 4126 4127 4123
o F2_Classroom_15_Exterior_Glass_3
g F2_Classroom_15_Exterior_Glass_3
usemtl Glass
v 88.0500 16.9500 -42.1400
v 93.9500 16.9500 -42.1400
v 93.9500 21.8500 -42.1400
v 88.0500 21.8500 -42.1400
v 88.0500 16.9500 -41.9800
v 93.9500 16.9500 -41.9800
v 93.9500 21.8500 -41.9800
v 88.0500 21.8500 -41.9800
f 4129 4130 4131 4132
f 4133 4136 4135 4134
f 4129 4133 4134 4130
f 4132 4131 4135 4136
f 4129 4132 4136 4133
f 4130 4134 4135 4131
o F2_Classroom_15_Exterior_FrameL_3
g F2_Classroom_15_Exterior_FrameL_3
usemtl Concrete
v 87.8100 16.8000 -42.1600
v 87.9900 16.8000 -42.1600
v 87.9900 22.0000 -42.1600
v 87.8100 22.0000 -42.1600
v 87.8100 16.8000 -41.9600
v 87.9900 16.8000 -41.9600
v 87.9900 22.0000 -41.9600
v 87.8100 22.0000 -41.9600
f 4137 4138 4139 4140
f 4141 4144 4143 4142
f 4137 4141 4142 4138
f 4140 4139 4143 4144
f 4137 4140 4144 4141
f 4138 4142 4143 4139
o F2_Classroom_15_Exterior_FrameR_3
g F2_Classroom_15_Exterior_FrameR_3
usemtl Concrete
v 94.0100 16.8000 -42.1600
v 94.1900 16.8000 -42.1600
v 94.1900 22.0000 -42.1600
v 94.0100 22.0000 -42.1600
v 94.0100 16.8000 -41.9600
v 94.1900 16.8000 -41.9600
v 94.1900 22.0000 -41.9600
v 94.0100 22.0000 -41.9600
f 4145 4146 4147 4148
f 4149 4152 4151 4150
f 4145 4149 4150 4146
f 4148 4147 4151 4152
f 4145 4148 4152 4149
f 4146 4150 4151 4147
o F2_Classroom_15_Exterior_FrameB_3
g F2_Classroom_15_Exterior_FrameB_3
usemtl Concrete
v 87.9000 16.7100 -42.1600
v 94.1000 16.7100 -42.1600
v 94.1000 16.8900 -42.1600
v 87.9000 16.8900 -42.1600
v 87.9000 16.7100 -41.9600
v 94.1000 16.7100 -41.9600
v 94.1000 16.8900 -41.9600
v 87.9000 16.8900 -41.9600
f 4153 4154 4155 4156
f 4157 4160 4159 4158
f 4153 4157 4158 4154
f 4156 4155 4159 4160
f 4153 4156 4160 4157
f 4154 4158 4159 4155
o F2_Classroom_15_Exterior_FrameT_3
g F2_Classroom_15_Exterior_FrameT_3
usemtl Concrete
v 87.9000 21.9100 -42.1600
v 94.1000 21.9100 -42.1600
v 94.1000 22.0900 -42.1600
v 87.9000 22.0900 -42.1600
v 87.9000 21.9100 -41.9600
v 94.1000 21.9100 -41.9600
v 94.1000 22.0900 -41.9600
v 87.9000 22.0900 -41.9600
f 4161 4162 4163 4164
f 4165 4168 4167 4166
f 4161 4165 4166 4162
f 4164 4163 4167 4168
f 4161 4164 4168 4165
f 4162 4166 4167 4163
o F2_Classroom_15_Corridor_L
g F2_Classroom_15_Corridor_L
usemtl WhiteBrick
v 59.0000 13.0000 -8.5000
v 77.0000 13.0000 -8.5000
v 77.0000 26.0000 -8.5000
v 59.0000 26.0000 -8.5000
v 59.0000 13.0000 -7.5000
v 77.0000 13.0000 -7.5000
v 77.0000 26.0000 -7.5000
v 59.0000 26.0000 -7.5000
f 4169 4170 4171 4172
f 4173 4176 4175 4174
f 4169 4173 4174 4170
f 4172 4171 4175 4176
f 4169 4172 4176 4173
f 4170 4174 4175 4171
o F2_Classroom_15_Corridor_R
g F2_Classroom_15_Corridor_R
usemtl WhiteBrick
v 83.0000 13.0000 -8.5000
v 101.0000 13.0000 -8.5000
v 101.0000 26.0000 -8.5000
v 83.0000 26.0000 -8.5000
v 83.0000 13.0000 -7.5000
v 101.0000 13.0000 -7.5000
v 101.0000 26.0000 -7.5000
v 83.0000 26.0000 -7.5000
f 4177 4178 4179 4180
f 4181 4184 4183 4182
f 4177 4181 4182 4178
f 4180 4179 4183 4184
f 4177 4180 4184 4181
f 4178 4182 4183 4179
o F2_Classroom_15_Corridor_Header
g F2_Classroom_15_Corridor_Header
usemtl WhiteBrick
v 77.0000 21.5000 -8.5000
v 83.0000 21.5000 -8.5000
v 83.0000 26.0000 -8.5000
v 77.0000 26.0000 -8.5000
v 77.0000 21.5000 -7.5000
v 83.0000 21.5000 -7.5000
v 83.0000 26.0000 -7.5000
v 77.0000 26.0000 -7.5000
f 4185 4186 4187 4188
f 4189 4192 4191 4190
f 4185 4189 4190 4186
f 4188 4187 4191 4192
f 4185 4188 4192 4189
f 4186 4190 4191 4187
o F2_Classroom_15_Corridor_FrameL
g F2_Classroom_15_Corridor_FrameL
usemtl Concrete
v 76.9000 13.0000 -8.0900
v 77.1000 13.0000 -8.0900
v 77.1000 21.5000 -8.0900
v 76.9000 21.5000 -8.0900
v 76.9000 13.0000 -7.9100
v 77.1000 13.0000 -7.9100
v 77.1000 21.5000 -7.9100
v 76.9000 21.5000 -7.9100
f 4193 4194 4195 4196
f 4197 4200 4199 4198
f 4193 4197 4198 4194
f 4196 4195 4199 4200
f 4193 4196 4200 4197
f 4194 4198 4199 4195
o F2_Classroom_15_Corridor_FrameR
g F2_Classroom_15_Corridor_FrameR
usemtl Concrete
v 82.9000 13.0000 -8.0900
v 83.1000 13.0000 -8.0900
v 83.1000 21.5000 -8.0900
v 82.9000 21.5000 -8.0900
v 82.9000 13.0000 -7.9100
v 83.1000 13.0000 -7.9100
v 83.1000 21.5000 -7.9100
v 82.9000 21.5000 -7.9100
f 4201 4202 4203 4204
f 4205 4208 4207 4206
f 4201 4205 4206 4202
f 4204 4203 4207 4208
f 4201 4204 4208 4205
f 4202 4206 4207 4203
o F2_Classroom_15_Corridor_FrameTop
g F2_Classroom_15_Corridor_FrameTop
usemtl Concrete
v 77.0000 21.4000 -8.0900
v 83.0000 21.4000 -8.0900
v 83.0000 21.6000 -8.0900
v 77.0000 21.6000 -8.0900
v 77.0000 21.4000 -7.9100
v 83.0000 21.4000 -7.9100
v 83.0000 21.6000 -7.9100
v 77.0000 21.6000 -7.9100
f 4209 4210 4211 4212
f 4213 4216 4215 4214
f 4209 4213 4214 4210
f 4212 4211 4215 4216
f 4209 4212 4216 4213
f 4210 4214 4215 4211
o F2_Classroom_15_Chair_Seat
g F2_Classroom_15_Chair_Seat
usemtl Chair
v 78.9000 14.9000 -26.0000
v 81.1000 14.9000 -26.0000
v 81.1000 15.1500 -26.0000
v 78.9000 15.1500 -26.0000
v 78.9000 14.9000 -24.0000
v 81.1000 14.9000 -24.0000
v 81.1000 15.1500 -24.0000
v 78.9000 15.1500 -24.0000
f 4217 4218 4219 4220
f 4221 4224 4223 4222
f 4217 4221 4222 4218
f 4220 4219 4223 4224
f 4217 4220 4224 4221
f 4218 4222 4223 4219
o F2_Classroom_15_Chair_Back
g F2_Classroom_15_Chair_Back
usemtl Chair
v 78.9000 15.1500 -24.2000
v 81.1000 15.1500 -24.2000
v 81.1000 17.1000 -24.2000
v 78.9000 17.1000 -24.2000
v 78.9000 15.1500 -23.9600
v 81.1000 15.1500 -23.9600
v 81.1000 17.1000 -23.9600
v 78.9000 17.1000 -23.9600
f 4225 4226 4227 4228
f 4229 4232 4231 4230
f 4225 4229 4230 4226
f 4228 4227 4231 4232
f 4225 4228 4232 4229
f 4226 4230 4231 4227
o F2_Classroom_15_Chair_Leg_-0.82_-0.72
g F2_Classroom_15_Chair_Leg_-0.82_-0.72
usemtl Metal
v 79.1100 13.0000 -25.7900
v 79.2500 13.0000 -25.7900
v 79.2500 14.9000 -25.7900
v 79.1100 14.9000 -25.7900
v 79.1100 13.0000 -25.6500
v 79.2500 13.0000 -25.6500
v 79.2500 14.9000 -25.6500
v 79.1100 14.9000 -25.6500
f 4233 4234 4235 4236
f 4237 4240 4239 4238
f 4233 4237 4238 4234
f 4236 4235 4239 4240
f 4233 4236 4240 4237
f 4234 4238 4239 4235
o F2_Classroom_15_Chair_Leg_-0.82_0.72
g F2_Classroom_15_Chair_Leg_-0.82_0.72
usemtl Metal
v 79.1100 13.0000 -24.3500
v 79.2500 13.0000 -24.3500
v 79.2500 14.9000 -24.3500
v 79.1100 14.9000 -24.3500
v 79.1100 13.0000 -24.2100
v 79.2500 13.0000 -24.2100
v 79.2500 14.9000 -24.2100
v 79.1100 14.9000 -24.2100
f 4241 4242 4243 4244
f 4245 4248 4247 4246
f 4241 4245 4246 4242
f 4244 4243 4247 4248
f 4241 4244 4248 4245
f 4242 4246 4247 4243
o F2_Classroom_15_Chair_Leg_0.82_-0.72
g F2_Classroom_15_Chair_Leg_0.82_-0.72
usemtl Metal
v 80.7500 13.0000 -25.7900
v 80.8900 13.0000 -25.7900
v 80.8900 14.9000 -25.7900
v 80.7500 14.9000 -25.7900
v 80.7500 13.0000 -25.6500
v 80.8900 13.0000 -25.6500
v 80.8900 14.9000 -25.6500
v 80.7500 14.9000 -25.6500
f 4249 4250 4251 4252
f 4253 4256 4255 4254
f 4249 4253 4254 4250
f 4252 4251 4255 4256
f 4249 4252 4256 4253
f 4250 4254 4255 4251
o F2_Classroom_15_Chair_Leg_0.82_0.72
g F2_Classroom_15_Chair_Leg_0.82_0.72
usemtl Metal
v 80.7500 13.0000 -24.3500
v 80.8900 13.0000 -24.3500
v 80.8900 14.9000 -24.3500
v 80.7500 14.9000 -24.3500
v 80.7500 13.0000 -24.2100
v 80.8900 13.0000 -24.2100
v 80.8900 14.9000 -24.2100
v 80.7500 14.9000 -24.2100
f 4257 4258 4259 4260
f 4261 4264 4263 4262
f 4257 4261 4262 4258
f 4260 4259 4263 4264
f 4257 4260 4264 4261
f 4258 4262 4263 4259
o F2_Classroom_15_Chair_TabletSupport
g F2_Classroom_15_Chair_TabletSupport
usemtl Metal
v 81.1300 14.9000 -25.1000
v 81.2800 14.9000 -25.1000
v 81.2800 16.3500 -25.1000
v 81.1300 16.3500 -25.1000
v 81.1300 14.9000 -24.9500
v 81.2800 14.9000 -24.9500
v 81.2800 16.3500 -24.9500
v 81.1300 16.3500 -24.9500
f 4265 4266 4267 4268
f 4269 4272 4271 4270
f 4265 4269 4270 4266
f 4268 4267 4271 4272
f 4265 4268 4272 4269
f 4266 4270 4271 4267
o F2_Classroom_15_Chair_Tablet
g F2_Classroom_15_Chair_Tablet
usemtl Wood
v 80.6500 16.3000 -25.9200
v 81.6500 16.3000 -25.9200
v 81.6500 16.4200 -25.9200
v 80.6500 16.4200 -25.9200
v 80.6500 16.3000 -24.2200
v 81.6500 16.3000 -24.2200
v 81.6500 16.4200 -24.2200
v 80.6500 16.4200 -24.2200
f 4273 4274 4275 4276
f 4277 4280 4279 4278
f 4273 4277 4278 4274
f 4276 4275 4279 4280
f 4273 4276 4280 4277
f 4274 4278 4279 4275
o F2_Classroom_16_Exterior_Bottom
g F2_Classroom_16_Exterior_Bottom
usemtl WhiteBrick
v 59.0000 13.0000 41.5000
v 101.0000 13.0000 41.5000
v 101.0000 16.8000 41.5000
v 59.0000 16.8000 41.5000
v 59.0000 13.0000 42.5000
v 101.0000 13.0000 42.5000
v 101.0000 16.8000 42.5000
v 59.0000 16.8000 42.5000
f 4281 4282 4283 4284
f 4285 4288 4287 4286
f 4281 4285 4286 4282
f 4284 4283 4287 4288
f 4281 4284 4288 4285
f 4282 4286 4287 4283
o F2_Classroom_16_Exterior_Top
g F2_Classroom_16_Exterior_Top
usemtl WhiteBrick
v 59.0000 22.0000 41.5000
v 101.0000 22.0000 41.5000
v 101.0000 26.0000 41.5000
v 59.0000 26.0000 41.5000
v 59.0000 22.0000 42.5000
v 101.0000 22.0000 42.5000
v 101.0000 26.0000 42.5000
v 59.0000 26.0000 42.5000
f 4289 4290 4291 4292
f 4293 4296 4295 4294
f 4289 4293 4294 4290
f 4292 4291 4295 4296
f 4289 4292 4296 4293
f 4290 4294 4295 4291
o F2_Classroom_16_Exterior_Pier_1
g F2_Classroom_16_Exterior_Pier_1
usemtl WhiteBrick
v 59.0000 16.8000 41.5000
v 65.9000 16.8000 41.5000
v 65.9000 22.0000 41.5000
v 59.0000 22.0000 41.5000
v 59.0000 16.8000 42.5000
v 65.9000 16.8000 42.5000
v 65.9000 22.0000 42.5000
v 59.0000 22.0000 42.5000
f 4297 4298 4299 4300
f 4301 4304 4303 4302
f 4297 4301 4302 4298
f 4300 4299 4303 4304
f 4297 4300 4304 4301
f 4298 4302 4303 4299
o F2_Classroom_16_Exterior_Pier_2
g F2_Classroom_16_Exterior_Pier_2
usemtl WhiteBrick
v 72.1000 16.8000 41.5000
v 76.9000 16.8000 41.5000
v 76.9000 22.0000 41.5000
v 72.1000 22.0000 41.5000
v 72.1000 16.8000 42.5000
v 76.9000 16.8000 42.5000
v 76.9000 22.0000 42.5000
v 72.1000 22.0000 42.5000
f 4305 4306 4307 4308
f 4309 4312 4311 4310
f 4305 4309 4310 4306
f 4308 4307 4311 4312
f 4305 4308 4312 4309
f 4306 4310 4311 4307
o F2_Classroom_16_Exterior_Pier_3
g F2_Classroom_16_Exterior_Pier_3
usemtl WhiteBrick
v 83.1000 16.8000 41.5000
v 87.9000 16.8000 41.5000
v 87.9000 22.0000 41.5000
v 83.1000 22.0000 41.5000
v 83.1000 16.8000 42.5000
v 87.9000 16.8000 42.5000
v 87.9000 22.0000 42.5000
v 83.1000 22.0000 42.5000
f 4313 4314 4315 4316
f 4317 4320 4319 4318
f 4313 4317 4318 4314
f 4316 4315 4319 4320
f 4313 4316 4320 4317
f 4314 4318 4319 4315
o F2_Classroom_16_Exterior_Pier_4
g F2_Classroom_16_Exterior_Pier_4
usemtl WhiteBrick
v 94.1000 16.8000 41.5000
v 101.0000 16.8000 41.5000
v 101.0000 22.0000 41.5000
v 94.1000 22.0000 41.5000
v 94.1000 16.8000 42.5000
v 101.0000 16.8000 42.5000
v 101.0000 22.0000 42.5000
v 94.1000 22.0000 42.5000
f 4321 4322 4323 4324
f 4325 4328 4327 4326
f 4321 4325 4326 4322
f 4324 4323 4327 4328
f 4321 4324 4328 4325
f 4322 4326 4327 4323
o F2_Classroom_16_Exterior_Glass_1
g F2_Classroom_16_Exterior_Glass_1
usemtl Glass
v 66.0500 16.9500 41.9800
v 71.9500 16.9500 41.9800
v 71.9500 21.8500 41.9800
v 66.0500 21.8500 41.9800
v 66.0500 16.9500 42.1400
v 71.9500 16.9500 42.1400
v 71.9500 21.8500 42.1400
v 66.0500 21.8500 42.1400
f 4329 4330 4331 4332
f 4333 4336 4335 4334
f 4329 4333 4334 4330
f 4332 4331 4335 4336
f 4329 4332 4336 4333
f 4330 4334 4335 4331
o F2_Classroom_16_Exterior_FrameL_1
g F2_Classroom_16_Exterior_FrameL_1
usemtl Concrete
v 65.8100 16.8000 41.9600
v 65.9900 16.8000 41.9600
v 65.9900 22.0000 41.9600
v 65.8100 22.0000 41.9600
v 65.8100 16.8000 42.1600
v 65.9900 16.8000 42.1600
v 65.9900 22.0000 42.1600
v 65.8100 22.0000 42.1600
f 4337 4338 4339 4340
f 4341 4344 4343 4342
f 4337 4341 4342 4338
f 4340 4339 4343 4344
f 4337 4340 4344 4341
f 4338 4342 4343 4339
o F2_Classroom_16_Exterior_FrameR_1
g F2_Classroom_16_Exterior_FrameR_1
usemtl Concrete
v 72.0100 16.8000 41.9600
v 72.1900 16.8000 41.9600
v 72.1900 22.0000 41.9600
v 72.0100 22.0000 41.9600
v 72.0100 16.8000 42.1600
v 72.1900 16.8000 42.1600
v 72.1900 22.0000 42.1600
v 72.0100 22.0000 42.1600
f 4345 4346 4347 4348
f 4349 4352 4351 4350
f 4345 4349 4350 4346
f 4348 4347 4351 4352
f 4345 4348 4352 4349
f 4346 4350 4351 4347
o F2_Classroom_16_Exterior_FrameB_1
g F2_Classroom_16_Exterior_FrameB_1
usemtl Concrete
v 65.9000 16.7100 41.9600
v 72.1000 16.7100 41.9600
v 72.1000 16.8900 41.9600
v 65.9000 16.8900 41.9600
v 65.9000 16.7100 42.1600
v 72.1000 16.7100 42.1600
v 72.1000 16.8900 42.1600
v 65.9000 16.8900 42.1600
f 4353 4354 4355 4356
f 4357 4360 4359 4358
f 4353 4357 4358 4354
f 4356 4355 4359 4360
f 4353 4356 4360 4357
f 4354 4358 4359 4355
o F2_Classroom_16_Exterior_FrameT_1
g F2_Classroom_16_Exterior_FrameT_1
usemtl Concrete
v 65.9000 21.9100 41.9600
v 72.1000 21.9100 41.9600
v 72.1000 22.0900 41.9600
v 65.9000 22.0900 41.9600
v 65.9000 21.9100 42.1600
v 72.1000 21.9100 42.1600
v 72.1000 22.0900 42.1600
v 65.9000 22.0900 42.1600
f 4361 4362 4363 4364
f 4365 4368 4367 4366
f 4361 4365 4366 4362
f 4364 4363 4367 4368
f 4361 4364 4368 4365
f 4362 4366 4367 4363
o F2_Classroom_16_Exterior_Glass_2
g F2_Classroom_16_Exterior_Glass_2
usemtl Glass
v 77.0500 16.9500 41.9800
v 82.9500 16.9500 41.9800
v 82.9500 21.8500 41.9800
v 77.0500 21.8500 41.9800
v 77.0500 16.9500 42.1400
v 82.9500 16.9500 42.1400
v 82.9500 21.8500 42.1400
v 77.0500 21.8500 42.1400
f 4369 4370 4371 4372
f 4373 4376 4375 4374
f 4369 4373 4374 4370
f 4372 4371 4375 4376
f 4369 4372 4376 4373
f 4370 4374 4375 4371
o F2_Classroom_16_Exterior_FrameL_2
g F2_Classroom_16_Exterior_FrameL_2
usemtl Concrete
v 76.8100 16.8000 41.9600
v 76.9900 16.8000 41.9600
v 76.9900 22.0000 41.9600
v 76.8100 22.0000 41.9600
v 76.8100 16.8000 42.1600
v 76.9900 16.8000 42.1600
v 76.9900 22.0000 42.1600
v 76.8100 22.0000 42.1600
f 4377 4378 4379 4380
f 4381 4384 4383 4382
f 4377 4381 4382 4378
f 4380 4379 4383 4384
f 4377 4380 4384 4381
f 4378 4382 4383 4379
o F2_Classroom_16_Exterior_FrameR_2
g F2_Classroom_16_Exterior_FrameR_2
usemtl Concrete
v 83.0100 16.8000 41.9600
v 83.1900 16.8000 41.9600
v 83.1900 22.0000 41.9600
v 83.0100 22.0000 41.9600
v 83.0100 16.8000 42.1600
v 83.1900 16.8000 42.1600
v 83.1900 22.0000 42.1600
v 83.0100 22.0000 42.1600
f 4385 4386 4387 4388
f 4389 4392 4391 4390
f 4385 4389 4390 4386
f 4388 4387 4391 4392
f 4385 4388 4392 4389
f 4386 4390 4391 4387
o F2_Classroom_16_Exterior_FrameB_2
g F2_Classroom_16_Exterior_FrameB_2
usemtl Concrete
v 76.9000 16.7100 41.9600
v 83.1000 16.7100 41.9600
v 83.1000 16.8900 41.9600
v 76.9000 16.8900 41.9600
v 76.9000 16.7100 42.1600
v 83.1000 16.7100 42.1600
v 83.1000 16.8900 42.1600
v 76.9000 16.8900 42.1600
f 4393 4394 4395 4396
f 4397 4400 4399 4398
f 4393 4397 4398 4394
f 4396 4395 4399 4400
f 4393 4396 4400 4397
f 4394 4398 4399 4395
o F2_Classroom_16_Exterior_FrameT_2
g F2_Classroom_16_Exterior_FrameT_2
usemtl Concrete
v 76.9000 21.9100 41.9600
v 83.1000 21.9100 41.9600
v 83.1000 22.0900 41.9600
v 76.9000 22.0900 41.9600
v 76.9000 21.9100 42.1600
v 83.1000 21.9100 42.1600
v 83.1000 22.0900 42.1600
v 76.9000 22.0900 42.1600
f 4401 4402 4403 4404
f 4405 4408 4407 4406
f 4401 4405 4406 4402
f 4404 4403 4407 4408
f 4401 4404 4408 4405
f 4402 4406 4407 4403
o F2_Classroom_16_Exterior_Glass_3
g F2_Classroom_16_Exterior_Glass_3
usemtl Glass
v 88.0500 16.9500 41.9800
v 93.9500 16.9500 41.9800
v 93.9500 21.8500 41.9800
v 88.0500 21.8500 41.9800
v 88.0500 16.9500 42.1400
v 93.9500 16.9500 42.1400
v 93.9500 21.8500 42.1400
v 88.0500 21.8500 42.1400
f 4409 4410 4411 4412
f 4413 4416 4415 4414
f 4409 4413 4414 4410
f 4412 4411 4415 4416
f 4409 4412 4416 4413
f 4410 4414 4415 4411
o F2_Classroom_16_Exterior_FrameL_3
g F2_Classroom_16_Exterior_FrameL_3
usemtl Concrete
v 87.8100 16.8000 41.9600
v 87.9900 16.8000 41.9600
v 87.9900 22.0000 41.9600
v 87.8100 22.0000 41.9600
v 87.8100 16.8000 42.1600
v 87.9900 16.8000 42.1600
v 87.9900 22.0000 42.1600
v 87.8100 22.0000 42.1600
f 4417 4418 4419 4420
f 4421 4424 4423 4422
f 4417 4421 4422 4418
f 4420 4419 4423 4424
f 4417 4420 4424 4421
f 4418 4422 4423 4419
o F2_Classroom_16_Exterior_FrameR_3
g F2_Classroom_16_Exterior_FrameR_3
usemtl Concrete
v 94.0100 16.8000 41.9600
v 94.1900 16.8000 41.9600
v 94.1900 22.0000 41.9600
v 94.0100 22.0000 41.9600
v 94.0100 16.8000 42.1600
v 94.1900 16.8000 42.1600
v 94.1900 22.0000 42.1600
v 94.0100 22.0000 42.1600
f 4425 4426 4427 4428
f 4429 4432 4431 4430
f 4425 4429 4430 4426
f 4428 4427 4431 4432
f 4425 4428 4432 4429
f 4426 4430 4431 4427
o F2_Classroom_16_Exterior_FrameB_3
g F2_Classroom_16_Exterior_FrameB_3
usemtl Concrete
v 87.9000 16.7100 41.9600
v 94.1000 16.7100 41.9600
v 94.1000 16.8900 41.9600
v 87.9000 16.8900 41.9600
v 87.9000 16.7100 42.1600
v 94.1000 16.7100 42.1600
v 94.1000 16.8900 42.1600
v 87.9000 16.8900 42.1600
f 4433 4434 4435 4436
f 4437 4440 4439 4438
f 4433 4437 4438 4434
f 4436 4435 4439 4440
f 4433 4436 4440 4437
f 4434 4438 4439 4435
o F2_Classroom_16_Exterior_FrameT_3
g F2_Classroom_16_Exterior_FrameT_3
usemtl Concrete
v 87.9000 21.9100 41.9600
v 94.1000 21.9100 41.9600
v 94.1000 22.0900 41.9600
v 87.9000 22.0900 41.9600
v 87.9000 21.9100 42.1600
v 94.1000 21.9100 42.1600
v 94.1000 22.0900 42.1600
v 87.9000 22.0900 42.1600
f 4441 4442 4443 4444
f 4445 4448 4447 4446
f 4441 4445 4446 4442
f 4444 4443 4447 4448
f 4441 4444 4448 4445
f 4442 4446 4447 4443
o F2_Classroom_16_Corridor_L
g F2_Classroom_16_Corridor_L
usemtl WhiteBrick
v 59.0000 13.0000 7.5000
v 77.0000 13.0000 7.5000
v 77.0000 26.0000 7.5000
v 59.0000 26.0000 7.5000
v 59.0000 13.0000 8.5000
v 77.0000 13.0000 8.5000
v 77.0000 26.0000 8.5000
v 59.0000 26.0000 8.5000
f 4449 4450 4451 4452
f 4453 4456 4455 4454
f 4449 4453 4454 4450
f 4452 4451 4455 4456
f 4449 4452 4456 4453
f 4450 4454 4455 4451
o F2_Classroom_16_Corridor_R
g F2_Classroom_16_Corridor_R
usemtl WhiteBrick
v 83.0000 13.0000 7.5000
v 101.0000 13.0000 7.5000
v 101.0000 26.0000 7.5000
v 83.0000 26.0000 7.5000
v 83.0000 13.0000 8.5000
v 101.0000 13.0000 8.5000
v 101.0000 26.0000 8.5000
v 83.0000 26.0000 8.5000
f 4457 4458 4459 4460
f 4461 4464 4463 4462
f 4457 4461 4462 4458
f 4460 4459 4463 4464
f 4457 4460 4464 4461
f 4458 4462 4463 4459
o F2_Classroom_16_Corridor_Header
g F2_Classroom_16_Corridor_Header
usemtl WhiteBrick
v 77.0000 21.5000 7.5000
v 83.0000 21.5000 7.5000
v 83.0000 26.0000 7.5000
v 77.0000 26.0000 7.5000
v 77.0000 21.5000 8.5000
v 83.0000 21.5000 8.5000
v 83.0000 26.0000 8.5000
v 77.0000 26.0000 8.5000
f 4465 4466 4467 4468
f 4469 4472 4471 4470
f 4465 4469 4470 4466
f 4468 4467 4471 4472
f 4465 4468 4472 4469
f 4466 4470 4471 4467
o F2_Classroom_16_Corridor_FrameL
g F2_Classroom_16_Corridor_FrameL
usemtl Concrete
v 76.9000 13.0000 7.9100
v 77.1000 13.0000 7.9100
v 77.1000 21.5000 7.9100
v 76.9000 21.5000 7.9100
v 76.9000 13.0000 8.0900
v 77.1000 13.0000 8.0900
v 77.1000 21.5000 8.0900
v 76.9000 21.5000 8.0900
f 4473 4474 4475 4476
f 4477 4480 4479 4478
f 4473 4477 4478 4474
f 4476 4475 4479 4480
f 4473 4476 4480 4477
f 4474 4478 4479 4475
o F2_Classroom_16_Corridor_FrameR
g F2_Classroom_16_Corridor_FrameR
usemtl Concrete
v 82.9000 13.0000 7.9100
v 83.1000 13.0000 7.9100
v 83.1000 21.5000 7.9100
v 82.9000 21.5000 7.9100
v 82.9000 13.0000 8.0900
v 83.1000 13.0000 8.0900
v 83.1000 21.5000 8.0900
v 82.9000 21.5000 8.0900
f 4481 4482 4483 4484
f 4485 4488 4487 4486
f 4481 4485 4486 4482
f 4484 4483 4487 4488
f 4481 4484 4488 4485
f 4482 4486 4487 4483
o F2_Classroom_16_Corridor_FrameTop
g F2_Classroom_16_Corridor_FrameTop
usemtl Concrete
v 77.0000 21.4000 7.9100
v 83.0000 21.4000 7.9100
v 83.0000 21.6000 7.9100
v 77.0000 21.6000 7.9100
v 77.0000 21.4000 8.0900
v 83.0000 21.4000 8.0900
v 83.0000 21.6000 8.0900
v 77.0000 21.6000 8.0900
f 4489 4490 4491 4492
f 4493 4496 4495 4494
f 4489 4493 4494 4490
f 4492 4491 4495 4496
f 4489 4492 4496 4493
f 4490 4494 4495 4491
o F2_Classroom_16_Chair_Seat
g F2_Classroom_16_Chair_Seat
usemtl Chair
v 78.9000 14.9000 24.0000
v 81.1000 14.9000 24.0000
v 81.1000 15.1500 24.0000
v 78.9000 15.1500 24.0000
v 78.9000 14.9000 26.0000
v 81.1000 14.9000 26.0000
v 81.1000 15.1500 26.0000
v 78.9000 15.1500 26.0000
f 4497 4498 4499 4500
f 4501 4504 4503 4502
f 4497 4501 4502 4498
f 4500 4499 4503 4504
f 4497 4500 4504 4501
f 4498 4502 4503 4499
o F2_Classroom_16_Chair_Back
g F2_Classroom_16_Chair_Back
usemtl Chair
v 78.9000 15.1500 23.9600
v 81.1000 15.1500 23.9600
v 81.1000 17.1000 23.9600
v 78.9000 17.1000 23.9600
v 78.9000 15.1500 24.2000
v 81.1000 15.1500 24.2000
v 81.1000 17.1000 24.2000
v 78.9000 17.1000 24.2000
f 4505 4506 4507 4508
f 4509 4512 4511 4510
f 4505 4509 4510 4506
f 4508 4507 4511 4512
f 4505 4508 4512 4509
f 4506 4510 4511 4507
o F2_Classroom_16_Chair_Leg_-0.82_-0.72
g F2_Classroom_16_Chair_Leg_-0.82_-0.72
usemtl Metal
v 79.1100 13.0000 24.2100
v 79.2500 13.0000 24.2100
v 79.2500 14.9000 24.2100
v 79.1100 14.9000 24.2100
v 79.1100 13.0000 24.3500
v 79.2500 13.0000 24.3500
v 79.2500 14.9000 24.3500
v 79.1100 14.9000 24.3500
f 4513 4514 4515 4516
f 4517 4520 4519 4518
f 4513 4517 4518 4514
f 4516 4515 4519 4520
f 4513 4516 4520 4517
f 4514 4518 4519 4515
o F2_Classroom_16_Chair_Leg_-0.82_0.72
g F2_Classroom_16_Chair_Leg_-0.82_0.72
usemtl Metal
v 79.1100 13.0000 25.6500
v 79.2500 13.0000 25.6500
v 79.2500 14.9000 25.6500
v 79.1100 14.9000 25.6500
v 79.1100 13.0000 25.7900
v 79.2500 13.0000 25.7900
v 79.2500 14.9000 25.7900
v 79.1100 14.9000 25.7900
f 4521 4522 4523 4524
f 4525 4528 4527 4526
f 4521 4525 4526 4522
f 4524 4523 4527 4528
f 4521 4524 4528 4525
f 4522 4526 4527 4523
o F2_Classroom_16_Chair_Leg_0.82_-0.72
g F2_Classroom_16_Chair_Leg_0.82_-0.72
usemtl Metal
v 80.7500 13.0000 24.2100
v 80.8900 13.0000 24.2100
v 80.8900 14.9000 24.2100
v 80.7500 14.9000 24.2100
v 80.7500 13.0000 24.3500
v 80.8900 13.0000 24.3500
v 80.8900 14.9000 24.3500
v 80.7500 14.9000 24.3500
f 4529 4530 4531 4532
f 4533 4536 4535 4534
f 4529 4533 4534 4530
f 4532 4531 4535 4536
f 4529 4532 4536 4533
f 4530 4534 4535 4531
o F2_Classroom_16_Chair_Leg_0.82_0.72
g F2_Classroom_16_Chair_Leg_0.82_0.72
usemtl Metal
v 80.7500 13.0000 25.6500
v 80.8900 13.0000 25.6500
v 80.8900 14.9000 25.6500
v 80.7500 14.9000 25.6500
v 80.7500 13.0000 25.7900
v 80.8900 13.0000 25.7900
v 80.8900 14.9000 25.7900
v 80.7500 14.9000 25.7900
f 4537 4538 4539 4540
f 4541 4544 4543 4542
f 4537 4541 4542 4538
f 4540 4539 4543 4544
f 4537 4540 4544 4541
f 4538 4542 4543 4539
o F2_Classroom_16_Chair_TabletSupport
g F2_Classroom_16_Chair_TabletSupport
usemtl Metal
v 81.1300 14.9000 24.9000
v 81.2800 14.9000 24.9000
v 81.2800 16.3500 24.9000
v 81.1300 16.3500 24.9000
v 81.1300 14.9000 25.0500
v 81.2800 14.9000 25.0500
v 81.2800 16.3500 25.0500
v 81.1300 16.3500 25.0500
f 4545 4546 4547 4548
f 4549 4552 4551 4550
f 4545 4549 4550 4546
f 4548 4547 4551 4552
f 4545 4548 4552 4549
f 4546 4550 4551 4547
o F2_Classroom_16_Chair_Tablet
g F2_Classroom_16_Chair_Tablet
usemtl Wood
v 80.6500 16.3000 24.0800
v 81.6500 16.3000 24.0800
v 81.6500 16.4200 24.0800
v 80.6500 16.4200 24.0800
v 80.6500 16.3000 25.7800
v 81.6500 16.3000 25.7800
v 81.6500 16.4200 25.7800
v 80.6500 16.4200 25.7800
f 4553 4554 4555 4556
f 4557 4560 4559 4558
f 4553 4557 4558 4554
f 4556 4555 4559 4560
f 4553 4556 4560 4557
f 4554 4558 4559 4555
o F1_RoomDivider_-59.0_Front
g F1_RoomDivider_-59.0_Front
usemtl WhiteBrick
v -59.5000 0.0000 -42.0000
v -58.5000 0.0000 -42.0000
v -58.5000 13.0000 -42.0000
v -59.5000 13.0000 -42.0000
v -59.5000 0.0000 -8.0000
v -58.5000 0.0000 -8.0000
v -58.5000 13.0000 -8.0000
v -59.5000 13.0000 -8.0000
f 4561 4562 4563 4564
f 4565 4568 4567 4566
f 4561 4565 4566 4562
f 4564 4563 4567 4568
f 4561 4564 4568 4565
f 4562 4566 4567 4563
o F1_RoomDivider_-59.0_Back
g F1_RoomDivider_-59.0_Back
usemtl WhiteBrick
v -59.5000 0.0000 8.0000
v -58.5000 0.0000 8.0000
v -58.5000 13.0000 8.0000
v -59.5000 13.0000 8.0000
v -59.5000 0.0000 42.0000
v -58.5000 0.0000 42.0000
v -58.5000 13.0000 42.0000
v -59.5000 13.0000 42.0000
f 4569 4570 4571 4572
f 4573 4576 4575 4574
f 4569 4573 4574 4570
f 4572 4571 4575 4576
f 4569 4572 4576 4573
f 4570 4574 4575 4571
o F1_RoomDivider_59.0_Front
g F1_RoomDivider_59.0_Front
usemtl WhiteBrick
v 58.5000 0.0000 -42.0000
v 59.5000 0.0000 -42.0000
v 59.5000 13.0000 -42.0000
v 58.5000 13.0000 -42.0000
v 58.5000 0.0000 -8.0000
v 59.5000 0.0000 -8.0000
v 59.5000 13.0000 -8.0000
v 58.5000 13.0000 -8.0000
f 4577 4578 4579 4580
f 4581 4584 4583 4582
f 4577 4581 4582 4578
f 4580 4579 4583 4584
f 4577 4580 4584 4581
f 4578 4582 4583 4579
o F1_RoomDivider_59.0_Back
g F1_RoomDivider_59.0_Back
usemtl WhiteBrick
v 58.5000 0.0000 8.0000
v 59.5000 0.0000 8.0000
v 59.5000 13.0000 8.0000
v 58.5000 13.0000 8.0000
v 58.5000 0.0000 42.0000
v 59.5000 0.0000 42.0000
v 59.5000 13.0000 42.0000
v 58.5000 13.0000 42.0000
f 4585 4586 4587 4588
f 4589 4592 4591 4590
f 4585 4589 4590 4586
f 4588 4587 4591 4592
f 4585 4588 4592 4589
f 4586 4590 4591 4587
o F2_RoomDivider_-59.0_Front
g F2_RoomDivider_-59.0_Front
usemtl WhiteBrick
v -59.5000 13.0000 -42.0000
v -58.5000 13.0000 -42.0000
v -58.5000 26.0000 -42.0000
v -59.5000 26.0000 -42.0000
v -59.5000 13.0000 -8.0000
v -58.5000 13.0000 -8.0000
v -58.5000 26.0000 -8.0000
v -59.5000 26.0000 -8.0000
f 4593 4594 4595 4596
f 4597 4600 4599 4598
f 4593 4597 4598 4594
f 4596 4595 4599 4600
f 4593 4596 4600 4597
f 4594 4598 4599 4595
o F2_RoomDivider_-59.0_Back
g F2_RoomDivider_-59.0_Back
usemtl WhiteBrick
v -59.5000 13.0000 8.0000
v -58.5000 13.0000 8.0000
v -58.5000 26.0000 8.0000
v -59.5000 26.0000 8.0000
v -59.5000 13.0000 42.0000
v -58.5000 13.0000 42.0000
v -58.5000 26.0000 42.0000
v -59.5000 26.0000 42.0000
f 4601 4602 4603 4604
f 4605 4608 4607 4606
f 4601 4605 4606 4602
f 4604 4603 4607 4608
f 4601 4604 4608 4605
f 4602 4606 4607 4603
o F2_RoomDivider_59.0_Front
g F2_RoomDivider_59.0_Front
usemtl WhiteBrick
v 58.5000 13.0000 -42.0000
v 59.5000 13.0000 -42.0000
v 59.5000 26.0000 -42.0000
v 58.5000 26.0000 -42.0000
v 58.5000 13.0000 -8.0000
v 59.5000 13.0000 -8.0000
v 59.5000 26.0000 -8.0000
v 58.5000 26.0000 -8.0000
f 4609 4610 4611 4612
f 4613 4616 4615 4614
f 4609 4613 4614 4610
f 4612 4611 4615 4616
f 4609 4612 4616 4613
f 4610 4614 4615 4611
o F2_RoomDivider_59.0_Back
g F2_RoomDivider_59.0_Back
usemtl WhiteBrick
v 58.5000 13.0000 8.0000
v 59.5000 13.0000 8.0000
v 59.5000 26.0000 8.0000
v 58.5000 26.0000 8.0000
v 58.5000 13.0000 42.0000
v 59.5000 13.0000 42.0000
v 59.5000 26.0000 42.0000
v 58.5000 26.0000 42.0000
f 4617 4618 4619 4620
f 4621 4624 4623 4622
f 4617 4621 4622 4618
f 4620 4619 4623 4624
f 4617 4620 4624 4621
f 4618 4622 4623 4619
o F1_LeftCore_FrontRoomWall
g F1_LeftCore_FrontRoomWall
usemtl WhiteBrick
v -17.5000 0.0000 -42.0000
v -16.5000 0.0000 -42.0000
v -16.5000 13.0000 -42.0000
v -17.5000 13.0000 -42.0000
v -17.5000 0.0000 -8.0000
v -16.5000 0.0000 -8.0000
v -16.5000 13.0000 -8.0000
v -17.5000 13.0000 -8.0000
f 4625 4626 4627 4628
f 4629 4632 4631 4630
f 4625 4629 4630 4626
f 4628 4627 4631 4632
f 4625 4628 4632 4629
f 4626 4630 4631 4627
o F1_LeftCore_BackRoomWall
g F1_LeftCore_BackRoomWall
usemtl WhiteBrick
v -17.5000 0.0000 8.0000
v -16.5000 0.0000 8.0000
v -16.5000 13.0000 8.0000
v -17.5000 13.0000 8.0000
v -17.5000 0.0000 42.0000
v -16.5000 0.0000 42.0000
v -16.5000 13.0000 42.0000
v -17.5000 13.0000 42.0000
f 4633 4634 4635 4636
f 4637 4640 4639 4638
f 4633 4637 4638 4634
f 4636 4635 4639 4640
f 4633 4636 4640 4637
f 4634 4638 4639 4635
o F1_RightCore_FrontRoomWall
g F1_RightCore_FrontRoomWall
usemtl WhiteBrick
v 16.5000 0.0000 -42.0000
v 17.5000 0.0000 -42.0000
v 17.5000 13.0000 -42.0000
v 16.5000 13.0000 -42.0000
v 16.5000 0.0000 -8.0000
v 17.5000 0.0000 -8.0000
v 17.5000 13.0000 -8.0000
v 16.5000 13.0000 -8.0000
f 4641 4642 4643 4644
f 4645 4648 4647 4646
f 4641 4645 4646 4642
f 4644 4643 4647 4648
f 4641 4644 4648 4645
f 4642 4646 4647 4643
o F1_RightCore_BackRoomWall
g F1_RightCore_BackRoomWall
usemtl WhiteBrick
v 16.5000 0.0000 8.0000
v 17.5000 0.0000 8.0000
v 17.5000 13.0000 8.0000
v 16.5000 13.0000 8.0000
v 16.5000 0.0000 42.0000
v 17.5000 0.0000 42.0000
v 17.5000 13.0000 42.0000
v 16.5000 13.0000 42.0000
f 4649 4650 4651 4652
f 4653 4656 4655 4654
f 4649 4653 4654 4650
f 4652 4651 4655 4656
f 4649 4652 4656 4653
f 4650 4654 4655 4651
o F2_LeftCore_FrontRoomWall
g F2_LeftCore_FrontRoomWall
usemtl WhiteBrick
v -17.5000 13.0000 -42.0000
v -16.5000 13.0000 -42.0000
v -16.5000 26.0000 -42.0000
v -17.5000 26.0000 -42.0000
v -17.5000 13.0000 -8.0000
v -16.5000 13.0000 -8.0000
v -16.5000 26.0000 -8.0000
v -17.5000 26.0000 -8.0000
f 4657 4658 4659 4660
f 4661 4664 4663 4662
f 4657 4661 4662 4658
f 4660 4659 4663 4664
f 4657 4660 4664 4661
f 4658 4662 4663 4659
o F2_LeftCore_BackRoomWall
g F2_LeftCore_BackRoomWall
usemtl WhiteBrick
v -17.5000 13.0000 8.0000
v -16.5000 13.0000 8.0000
v -16.5000 26.0000 8.0000
v -17.5000 26.0000 8.0000
v -17.5000 13.0000 42.0000
v -16.5000 13.0000 42.0000
v -16.5000 26.0000 42.0000
v -17.5000 26.0000 42.0000
f 4665 4666 4667 4668
f 4669 4672 4671 4670
f 4665 4669 4670 4666
f 4668 4667 4671 4672
f 4665 4668 4672 4669
f 4666 4670 4671 4667
o F2_RightCore_FrontRoomWall
g F2_RightCore_FrontRoomWall
usemtl WhiteBrick
v 16.5000 13.0000 -42.0000
v 17.5000 13.0000 -42.0000
v 17.5000 26.0000 -42.0000
v 16.5000 26.0000 -42.0000
v 16.5000 13.0000 -8.0000
v 17.5000 13.0000 -8.0000
v 17.5000 26.0000 -8.0000
v 16.5000 26.0000 -8.0000
f 4673 4674 4675 4676
f 4677 4680 4679 4678
f 4673 4677 4678 4674
f 4676 4675 4679 4680
f 4673 4676 4680 4677
f 4674 4678 4679 4675
o F2_RightCore_BackRoomWall
g F2_RightCore_BackRoomWall
usemtl WhiteBrick
v 16.5000 13.0000 8.0000
v 17.5000 13.0000 8.0000
v 17.5000 26.0000 8.0000
v 16.5000 26.0000 8.0000
v 16.5000 13.0000 42.0000
v 17.5000 13.0000 42.0000
v 17.5000 26.0000 42.0000
v 16.5000 26.0000 42.0000
f 4681 4682 4683 4684
f 4685 4688 4687 4686
f 4681 4685 4686 4682
f 4684 4683 4687 4688
f 4681 4684 4688 4685
f 4682 4686 4687 4683
o F1_West_FrontSide
g F1_West_FrontSide
usemtl WhiteBrick
v -101.5000 0.0000 -42.0000
v -100.5000 0.0000 -42.0000
v -100.5000 13.0000 -42.0000
v -101.5000 13.0000 -42.0000
v -101.5000 0.0000 -8.0000
v -100.5000 0.0000 -8.0000
v -100.5000 13.0000 -8.0000
v -101.5000 13.0000 -8.0000
f 4689 4690 4691 4692
f 4693 4696 4695 4694
f 4689 4693 4694 4690
f 4692 4691 4695 4696
f 4689 4692 4696 4693
f 4690 4694 4695 4691
o F1_West_BackSide
g F1_West_BackSide
usemtl WhiteBrick
v -101.5000 0.0000 8.0000
v -100.5000 0.0000 8.0000
v -100.5000 13.0000 8.0000
v -101.5000 13.0000 8.0000
v -101.5000 0.0000 42.0000
v -100.5000 0.0000 42.0000
v -100.5000 13.0000 42.0000
v -101.5000 13.0000 42.0000
f 4697 4698 4699 4700
f 4701 4704 4703 4702
f 4697 4701 4702 4698
f 4700 4699 4703 4704
f 4697 4700 4704 4701
f 4698 4702 4703 4699
o F1_West_CorridorWin_Bottom
g F1_West_CorridorWin_Bottom
usemtl WhiteBrick
v -101.5000 0.0000 -8.0000
v -100.5000 0.0000 -8.0000
v -100.5000 3.8000 -8.0000
v -101.5000 3.8000 -8.0000
v -101.5000 0.0000 8.0000
v -100.5000 0.0000 8.0000
v -100.5000 3.8000 8.0000
v -101.5000 3.8000 8.0000
f 4705 4706 4707 4708
f 4709 4712 4711 4710
f 4705 4709 4710 4706
f 4708 4707 4711 4712
f 4705 4708 4712 4709
f 4706 4710 4711 4707
o F1_West_CorridorWin_Top
g F1_West_CorridorWin_Top
usemtl WhiteBrick
v -101.5000 9.0000 -8.0000
v -100.5000 9.0000 -8.0000
v -100.5000 13.0000 -8.0000
v -101.5000 13.0000 -8.0000
v -101.5000 9.0000 8.0000
v -100.5000 9.0000 8.0000
v -100.5000 13.0000 8.0000
v -101.5000 13.0000 8.0000
f 4713 4714 4715 4716
f 4717 4720 4719 4718
f 4713 4717 4718 4714
f 4716 4715 4719 4720
f 4713 4716 4720 4717
f 4714 4718 4719 4715
o F1_West_CorridorWin_FrontPier
g F1_West_CorridorWin_FrontPier
usemtl WhiteBrick
v -101.5000 3.8000 -8.0000
v -100.5000 3.8000 -8.0000
v -100.5000 9.0000 -8.0000
v -101.5000 9.0000 -8.0000
v -101.5000 3.8000 -4.0000
v -100.5000 3.8000 -4.0000
v -100.5000 9.0000 -4.0000
v -101.5000 9.0000 -4.0000
f 4721 4722 4723 4724
f 4725 4728 4727 4726
f 4721 4725 4726 4722
f 4724 4723 4727 4728
f 4721 4724 4728 4725
f 4722 4726 4727 4723
o F1_West_CorridorWin_BackPier
g F1_West_CorridorWin_BackPier
usemtl WhiteBrick
v -101.5000 3.8000 4.0000
v -100.5000 3.8000 4.0000
v -100.5000 9.0000 4.0000
v -101.5000 9.0000 4.0000
v -101.5000 3.8000 8.0000
v -100.5000 3.8000 8.0000
v -100.5000 9.0000 8.0000
v -101.5000 9.0000 8.0000
f 4729 4730 4731 4732
f 4733 4736 4735 4734
f 4729 4733 4734 4730
f 4732 4731 4735 4736
f 4729 4732 4736 4733
f 4730 4734 4735 4731
o F1_West_CorridorGlass
g F1_West_CorridorGlass
usemtl Glass
v -101.1400 3.9500 -3.8500
v -100.9800 3.9500 -3.8500
v -100.9800 8.8500 -3.8500
v -101.1400 8.8500 -3.8500
v -101.1400 3.9500 3.8500
v -100.9800 3.9500 3.8500
v -100.9800 8.8500 3.8500
v -101.1400 8.8500 3.8500
f 4737 4738 4739 4740
f 4741 4744 4743 4742
f 4737 4741 4742 4738
f 4740 4739 4743 4744
f 4737 4740 4744 4741
f 4738 4742 4743 4739
o F1_East_FrontSide
g F1_East_FrontSide
usemtl WhiteBrick
v 100.5000 0.0000 -42.0000
v 101.5000 0.0000 -42.0000
v 101.5000 13.0000 -42.0000
v 100.5000 13.0000 -42.0000
v 100.5000 0.0000 -8.0000
v 101.5000 0.0000 -8.0000
v 101.5000 13.0000 -8.0000
v 100.5000 13.0000 -8.0000
f 4745 4746 4747 4748
f 4749 4752 4751 4750
f 4745 4749 4750 4746
f 4748 4747 4751 4752
f 4745 4748 4752 4749
f 4746 4750 4751 4747
o F1_East_BackSide
g F1_East_BackSide
usemtl WhiteBrick
v 100.5000 0.0000 8.0000
v 101.5000 0.0000 8.0000
v 101.5000 13.0000 8.0000
v 100.5000 13.0000 8.0000
v 100.5000 0.0000 42.0000
v 101.5000 0.0000 42.0000
v 101.5000 13.0000 42.0000
v 100.5000 13.0000 42.0000
f 4753 4754 4755 4756
f 4757 4760 4759 4758
f 4753 4757 4758 4754
f 4756 4755 4759 4760
f 4753 4756 4760 4757
f 4754 4758 4759 4755
o F1_East_CorridorWin_Bottom
g F1_East_CorridorWin_Bottom
usemtl WhiteBrick
v 100.5000 0.0000 -8.0000
v 101.5000 0.0000 -8.0000
v 101.5000 3.8000 -8.0000
v 100.5000 3.8000 -8.0000
v 100.5000 0.0000 8.0000
v 101.5000 0.0000 8.0000
v 101.5000 3.8000 8.0000
v 100.5000 3.8000 8.0000
f 4761 4762 4763 4764
f 4765 4768 4767 4766
f 4761 4765 4766 4762
f 4764 4763 4767 4768
f 4761 4764 4768 4765
f 4762 4766 4767 4763
o F1_East_CorridorWin_Top
g F1_East_CorridorWin_Top
usemtl WhiteBrick
v 100.5000 9.0000 -8.0000
v 101.5000 9.0000 -8.0000
v 101.5000 13.0000 -8.0000
v 100.5000 13.0000 -8.0000
v 100.5000 9.0000 8.0000
v 101.5000 9.0000 8.0000
v 101.5000 13.0000 8.0000
v 100.5000 13.0000 8.0000
f 4769 4770 4771 4772
f 4773 4776 4775 4774
f 4769 4773 4774 4770
f 4772 4771 4775 4776
f 4769 4772 4776 4773
f 4770 4774 4775 4771
o F1_East_CorridorWin_FrontPier
g F1_East_CorridorWin_FrontPier
usemtl WhiteBrick
v 100.5000 3.8000 -8.0000
v 101.5000 3.8000 -8.0000
v 101.5000 9.0000 -8.0000
v 100.5000 9.0000 -8.0000
v 100.5000 3.8000 -4.0000
v 101.5000 3.8000 -4.0000
v 101.5000 9.0000 -4.0000
v 100.5000 9.0000 -4.0000
f 4777 4778 4779 4780
f 4781 4784 4783 4782
f 4777 4781 4782 4778
f 4780 4779 4783 4784
f 4777 4780 4784 4781
f 4778 4782 4783 4779
o F1_East_CorridorWin_BackPier
g F1_East_CorridorWin_BackPier
usemtl WhiteBrick
v 100.5000 3.8000 4.0000
v 101.5000 3.8000 4.0000
v 101.5000 9.0000 4.0000
v 100.5000 9.0000 4.0000
v 100.5000 3.8000 8.0000
v 101.5000 3.8000 8.0000
v 101.5000 9.0000 8.0000
v 100.5000 9.0000 8.0000
f 4785 4786 4787 4788
f 4789 4792 4791 4790
f 4785 4789 4790 4786
f 4788 4787 4791 4792
f 4785 4788 4792 4789
f 4786 4790 4791 4787
o F1_East_CorridorGlass
g F1_East_CorridorGlass
usemtl Glass
v 100.9800 3.9500 -3.8500
v 101.1400 3.9500 -3.8500
v 101.1400 8.8500 -3.8500
v 100.9800 8.8500 -3.8500
v 100.9800 3.9500 3.8500
v 101.1400 3.9500 3.8500
v 101.1400 8.8500 3.8500
v 100.9800 8.8500 3.8500
f 4793 4794 4795 4796
f 4797 4800 4799 4798
f 4793 4797 4798 4794
f 4796 4795 4799 4800
f 4793 4796 4800 4797
f 4794 4798 4799 4795
o F2_West_FrontSide
g F2_West_FrontSide
usemtl WhiteBrick
v -101.5000 13.0000 -42.0000
v -100.5000 13.0000 -42.0000
v -100.5000 26.0000 -42.0000
v -101.5000 26.0000 -42.0000
v -101.5000 13.0000 -8.0000
v -100.5000 13.0000 -8.0000
v -100.5000 26.0000 -8.0000
v -101.5000 26.0000 -8.0000
f 4801 4802 4803 4804
f 4805 4808 4807 4806
f 4801 4805 4806 4802
f 4804 4803 4807 4808
f 4801 4804 4808 4805
f 4802 4806 4807 4803
o F2_West_BackSide
g F2_West_BackSide
usemtl WhiteBrick
v -101.5000 13.0000 8.0000
v -100.5000 13.0000 8.0000
v -100.5000 26.0000 8.0000
v -101.5000 26.0000 8.0000
v -101.5000 13.0000 42.0000
v -100.5000 13.0000 42.0000
v -100.5000 26.0000 42.0000
v -101.5000 26.0000 42.0000
f 4809 4810 4811 4812
f 4813 4816 4815 4814
f 4809 4813 4814 4810
f 4812 4811 4815 4816
f 4809 4812 4816 4813
f 4810 4814 4815 4811
o F2_West_CorridorWin_Bottom
g F2_West_CorridorWin_Bottom
usemtl WhiteBrick
v -101.5000 13.0000 -8.0000
v -100.5000 13.0000 -8.0000
v -100.5000 16.8000 -8.0000
v -101.5000 16.8000 -8.0000
v -101.5000 13.0000 8.0000
v -100.5000 13.0000 8.0000
v -100.5000 16.8000 8.0000
v -101.5000 16.8000 8.0000
f 4817 4818 4819 4820
f 4821 4824 4823 4822
f 4817 4821 4822 4818
f 4820 4819 4823 4824
f 4817 4820 4824 4821
f 4818 4822 4823 4819
o F2_West_CorridorWin_Top
g F2_West_CorridorWin_Top
usemtl WhiteBrick
v -101.5000 22.0000 -8.0000
v -100.5000 22.0000 -8.0000
v -100.5000 26.0000 -8.0000
v -101.5000 26.0000 -8.0000
v -101.5000 22.0000 8.0000
v -100.5000 22.0000 8.0000
v -100.5000 26.0000 8.0000
v -101.5000 26.0000 8.0000
f 4825 4826 4827 4828
f 4829 4832 4831 4830
f 4825 4829 4830 4826
f 4828 4827 4831 4832
f 4825 4828 4832 4829
f 4826 4830 4831 4827
o F2_West_CorridorWin_FrontPier
g F2_West_CorridorWin_FrontPier
usemtl WhiteBrick
v -101.5000 16.8000 -8.0000
v -100.5000 16.8000 -8.0000
v -100.5000 22.0000 -8.0000
v -101.5000 22.0000 -8.0000
v -101.5000 16.8000 -4.0000
v -100.5000 16.8000 -4.0000
v -100.5000 22.0000 -4.0000
v -101.5000 22.0000 -4.0000
f 4833 4834 4835 4836
f 4837 4840 4839 4838
f 4833 4837 4838 4834
f 4836 4835 4839 4840
f 4833 4836 4840 4837
f 4834 4838 4839 4835
o F2_West_CorridorWin_BackPier
g F2_West_CorridorWin_BackPier
usemtl WhiteBrick
v -101.5000 16.8000 4.0000
v -100.5000 16.8000 4.0000
v -100.5000 22.0000 4.0000
v -101.5000 22.0000 4.0000
v -101.5000 16.8000 8.0000
v -100.5000 16.8000 8.0000
v -100.5000 22.0000 8.0000
v -101.5000 22.0000 8.0000
f 4841 4842 4843 4844
f 4845 4848 4847 4846
f 4841 4845 4846 4842
f 4844 4843 4847 4848
f 4841 4844 4848 4845
f 4842 4846 4847 4843
o F2_West_CorridorGlass
g F2_West_CorridorGlass
usemtl Glass
v -101.1400 16.9500 -3.8500
v -100.9800 16.9500 -3.8500
v -100.9800 21.8500 -3.8500
v -101.1400 21.8500 -3.8500
v -101.1400 16.9500 3.8500
v -100.9800 16.9500 3.8500
v -100.9800 21.8500 3.8500
v -101.1400 21.8500 3.8500
f 4849 4850 4851 4852
f 4853 4856 4855 4854
f 4849 4853 4854 4850
f 4852 4851 4855 4856
f 4849 4852 4856 4853
f 4850 4854 4855 4851
o F2_East_FrontSide
g F2_East_FrontSide
usemtl WhiteBrick
v 100.5000 13.0000 -42.0000
v 101.5000 13.0000 -42.0000
v 101.5000 26.0000 -42.0000
v 100.5000 26.0000 -42.0000
v 100.5000 13.0000 -8.0000
v 101.5000 13.0000 -8.0000
v 101.5000 26.0000 -8.0000
v 100.5000 26.0000 -8.0000
f 4857 4858 4859 4860
f 4861 4864 4863 4862
f 4857 4861 4862 4858
f 4860 4859 4863 4864
f 4857 4860 4864 4861
f 4858 4862 4863 4859
o F2_East_BackSide
g F2_East_BackSide
usemtl WhiteBrick
v 100.5000 13.0000 8.0000
v 101.5000 13.0000 8.0000
v 101.5000 26.0000 8.0000
v 100.5000 26.0000 8.0000
v 100.5000 13.0000 42.0000
v 101.5000 13.0000 42.0000
v 101.5000 26.0000 42.0000
v 100.5000 26.0000 42.0000
f 4865 4866 4867 4868
f 4869 4872 4871 4870
f 4865 4869 4870 4866
f 4868 4867 4871 4872
f 4865 4868 4872 4869
f 4866 4870 4871 4867
o F2_East_CorridorWin_Bottom
g F2_East_CorridorWin_Bottom
usemtl WhiteBrick
v 100.5000 13.0000 -8.0000
v 101.5000 13.0000 -8.0000
v 101.5000 16.8000 -8.0000
v 100.5000 16.8000 -8.0000
v 100.5000 13.0000 8.0000
v 101.5000 13.0000 8.0000
v 101.5000 16.8000 8.0000
v 100.5000 16.8000 8.0000
f 4873 4874 4875 4876
f 4877 4880 4879 4878
f 4873 4877 4878 4874
f 4876 4875 4879 4880
f 4873 4876 4880 4877
f 4874 4878 4879 4875
o F2_East_CorridorWin_Top
g F2_East_CorridorWin_Top
usemtl WhiteBrick
v 100.5000 22.0000 -8.0000
v 101.5000 22.0000 -8.0000
v 101.5000 26.0000 -8.0000
v 100.5000 26.0000 -8.0000
v 100.5000 22.0000 8.0000
v 101.5000 22.0000 8.0000
v 101.5000 26.0000 8.0000
v 100.5000 26.0000 8.0000
f 4881 4882 4883 4884
f 4885 4888 4887 4886
f 4881 4885 4886 4882
f 4884 4883 4887 4888
f 4881 4884 4888 4885
f 4882 4886 4887 4883
o F2_East_CorridorWin_FrontPier
g F2_East_CorridorWin_FrontPier
usemtl WhiteBrick
v 100.5000 16.8000 -8.0000
v 101.5000 16.8000 -8.0000
v 101.5000 22.0000 -8.0000
v 100.5000 22.0000 -8.0000
v 100.5000 16.8000 -4.0000
v 101.5000 16.8000 -4.0000
v 101.5000 22.0000 -4.0000
v 100.5000 22.0000 -4.0000
f 4889 4890 4891 4892
f 4893 4896 4895 4894
f 4889 4893 4894 4890
f 4892 4891 4895 4896
f 4889 4892 4896 4893
f 4890 4894 4895 4891
o F2_East_CorridorWin_BackPier
g F2_East_CorridorWin_BackPier
usemtl WhiteBrick
v 100.5000 16.8000 4.0000
v 101.5000 16.8000 4.0000
v 101.5000 22.0000 4.0000
v 100.5000 22.0000 4.0000
v 100.5000 16.8000 8.0000
v 101.5000 16.8000 8.0000
v 101.5000 22.0000 8.0000
v 100.5000 22.0000 8.0000
f 4897 4898 4899 4900
f 4901 4904 4903 4902
f 4897 4901 4902 4898
f 4900 4899 4903 4904
f 4897 4900 4904 4901
f 4898 4902 4903 4899
o F2_East_CorridorGlass
g F2_East_CorridorGlass
usemtl Glass
v 100.9800 16.9500 -3.8500
v 101.1400 16.9500 -3.8500
v 101.1400 21.8500 -3.8500
v 100.9800 21.8500 -3.8500
v 100.9800 16.9500 3.8500
v 101.1400 16.9500 3.8500
v 101.1400 21.8500 3.8500
v 100.9800 21.8500 3.8500
f 4905 4906 4907 4908
f 4909 4912 4911 4910
f 4905 4909 4910 4906
f 4908 4907 4911 4912
f 4905 4908 4912 4909
f 4906 4910 4911 4907
o Core_F1_Front_L
g Core_F1_Front_L
usemtl WhiteBrick
v -17.0000 0.0000 -42.5000
v -6.0000 0.0000 -42.5000
v -6.0000 13.0000 -42.5000
v -17.0000 13.0000 -42.5000
v -17.0000 0.0000 -41.5000
v -6.0000 0.0000 -41.5000
v -6.0000 13.0000 -41.5000
v -17.0000 13.0000 -41.5000
f 4913 4914 4915 4916
f 4917 4920 4919 4918
f 4913 4917 4918 4914
f 4916 4915 4919 4920
f 4913 4916 4920 4917
f 4914 4918 4919 4915
o Core_F1_Front_R
g Core_F1_Front_R
usemtl WhiteBrick
v 6.0000 0.0000 -42.5000
v 17.0000 0.0000 -42.5000
v 17.0000 13.0000 -42.5000
v 6.0000 13.0000 -42.5000
v 6.0000 0.0000 -41.5000
v 17.0000 0.0000 -41.5000
v 17.0000 13.0000 -41.5000
v 6.0000 13.0000 -41.5000
f 4921 4922 4923 4924
f 4925 4928 4927 4926
f 4921 4925 4926 4922
f 4924 4923 4927 4928
f 4921 4924 4928 4925
f 4922 4926 4927 4923
o Core_F1_Front_Header
g Core_F1_Front_Header
usemtl WhiteBrick
v -6.0000 9.5000 -42.5000
v 6.0000 9.5000 -42.5000
v 6.0000 13.0000 -42.5000
v -6.0000 13.0000 -42.5000
v -6.0000 9.5000 -41.5000
v 6.0000 9.5000 -41.5000
v 6.0000 13.0000 -41.5000
v -6.0000 13.0000 -41.5000
f 4929 4930 4931 4932
f 4933 4936 4935 4934
f 4929 4933 4934 4930
f 4932 4931 4935 4936
f 4929 4932 4936 4933
f 4930 4934 4935 4931
o Core_F2_Front_L
g Core_F2_Front_L
usemtl WhiteBrick
v -17.0000 13.0000 -42.5000
v -4.0000 13.0000 -42.5000
v -4.0000 26.0000 -42.5000
v -17.0000 26.0000 -42.5000
v -17.0000 13.0000 -41.5000
v -4.0000 13.0000 -41.5000
v -4.0000 26.0000 -41.5000
v -17.0000 26.0000 -41.5000
f 4937 4938 4939 4940
f 4941 4944 4943 4942
f 4937 4941 4942 4938
f 4940 4939 4943 4944
f 4937 4940 4944 4941
f 4938 4942 4943 4939
o Core_F2_Front_R
g Core_F2_Front_R
usemtl WhiteBrick
v 4.0000 13.0000 -42.5000
v 17.0000 13.0000 -42.5000
v 17.0000 26.0000 -42.5000
v 4.0000 26.0000 -42.5000
v 4.0000 13.0000 -41.5000
v 17.0000 13.0000 -41.5000
v 17.0000 26.0000 -41.5000
v 4.0000 26.0000 -41.5000
f 4945 4946 4947 4948
f 4949 4952 4951 4950
f 4945 4949 4950 4946
f 4948 4947 4951 4952
f 4945 4948 4952 4949
f 4946 4950 4951 4947
o Core_F2_Front_Header
g Core_F2_Front_Header
usemtl WhiteBrick
v -4.0000 22.0000 -42.5000
v 4.0000 22.0000 -42.5000
v 4.0000 26.0000 -42.5000
v -4.0000 26.0000 -42.5000
v -4.0000 22.0000 -41.5000
v 4.0000 22.0000 -41.5000
v 4.0000 26.0000 -41.5000
v -4.0000 26.0000 -41.5000
f 4953 4954 4955 4956
f 4957 4960 4959 4958
f 4953 4957 4958 4954
f 4956 4955 4959 4960
f 4953 4956 4960 4957
f 4954 4958 4959 4955
o Core_F1_Back_Bottom
g Core_F1_Back_Bottom
usemtl WhiteBrick
v -17.0000 0.0000 41.5000
v 17.0000 0.0000 41.5000
v 17.0000 3.8000 41.5000
v -17.0000 3.8000 41.5000
v -17.0000 0.0000 42.5000
v 17.0000 0.0000 42.5000
v 17.0000 3.8000 42.5000
v -17.0000 3.8000 42.5000
f 4961 4962 4963 4964
f 4965 4968 4967 4966
f 4961 4965 4966 4962
f 4964 4963 4967 4968
f 4961 4964 4968 4965
f 4962 4966 4967 4963
o Core_F1_Back_Top
g Core_F1_Back_Top
usemtl WhiteBrick
v -17.0000 9.0000 41.5000
v 17.0000 9.0000 41.5000
v 17.0000 13.0000 41.5000
v -17.0000 13.0000 41.5000
v -17.0000 9.0000 42.5000
v 17.0000 9.0000 42.5000
v 17.0000 13.0000 42.5000
v -17.0000 13.0000 42.5000
f 4969 4970 4971 4972
f 4973 4976 4975 4974
f 4969 4973 4974 4970
f 4972 4971 4975 4976
f 4969 4972 4976 4973
f 4970 4974 4975 4971
o Core_F1_Back_Pier_1
g Core_F1_Back_Pier_1
usemtl WhiteBrick
v -17.0000 3.8000 41.5000
v -12.7000 3.8000 41.5000
v -12.7000 9.0000 41.5000
v -17.0000 9.0000 41.5000
v -17.0000 3.8000 42.5000
v -12.7000 3.8000 42.5000
v -12.7000 9.0000 42.5000
v -17.0000 9.0000 42.5000
f 4977 4978 4979 4980
f 4981 4984 4983 4982
f 4977 4981 4982 4978
f 4980 4979 4983 4984
f 4977 4980 4984 4981
f 4978 4982 4983 4979
o Core_F1_Back_Pier_2
g Core_F1_Back_Pier_2
usemtl WhiteBrick
v -7.3000 3.8000 41.5000
v -2.7000 3.8000 41.5000
v -2.7000 9.0000 41.5000
v -7.3000 9.0000 41.5000
v -7.3000 3.8000 42.5000
v -2.7000 3.8000 42.5000
v -2.7000 9.0000 42.5000
v -7.3000 9.0000 42.5000
f 4985 4986 4987 4988
f 4989 4992 4991 4990
f 4985 4989 4990 4986
f 4988 4987 4991 4992
f 4985 4988 4992 4989
f 4986 4990 4991 4987
o Core_F1_Back_Pier_3
g Core_F1_Back_Pier_3
usemtl WhiteBrick
v 2.7000 3.8000 41.5000
v 7.3000 3.8000 41.5000
v 7.3000 9.0000 41.5000
v 2.7000 9.0000 41.5000
v 2.7000 3.8000 42.5000
v 7.3000 3.8000 42.5000
v 7.3000 9.0000 42.5000
v 2.7000 9.0000 42.5000
f 4993 4994 4995 4996
f 4997 5000 4999 4998
f 4993 4997 4998 4994
f 4996 4995 4999 5000
f 4993 4996 5000 4997
f 4994 4998 4999 4995
o Core_F1_Back_Pier_4
g Core_F1_Back_Pier_4
usemtl WhiteBrick
v 12.7000 3.8000 41.5000
v 17.0000 3.8000 41.5000
v 17.0000 9.0000 41.5000
v 12.7000 9.0000 41.5000
v 12.7000 3.8000 42.5000
v 17.0000 3.8000 42.5000
v 17.0000 9.0000 42.5000
v 12.7000 9.0000 42.5000
f 5001 5002 5003 5004
f 5005 5008 5007 5006
f 5001 5005 5006 5002
f 5004 5003 5007 5008
f 5001 5004 5008 5005
f 5002 5006 5007 5003
o Core_F1_Back_Glass_1
g Core_F1_Back_Glass_1
usemtl Glass
v -12.5800 3.9200 42.0400
v -7.4200 3.9200 42.0400
v -7.4200 8.8800 42.0400
v -12.5800 8.8800 42.0400
v -12.5800 3.9200 42.1800
v -7.4200 3.9200 42.1800
v -7.4200 8.8800 42.1800
v -12.5800 8.8800 42.1800
f 5009 5010 5011 5012
f 5013 5016 5015 5014
f 5009 5013 5014 5010
f 5012 5011 5015 5016
f 5009 5012 5016 5013
f 5010 5014 5015 5011
o Core_F1_Back_Glass_2
g Core_F1_Back_Glass_2
usemtl Glass
v -2.5800 3.9200 42.0400
v 2.5800 3.9200 42.0400
v 2.5800 8.8800 42.0400
v -2.5800 8.8800 42.0400
v -2.5800 3.9200 42.1800
v 2.5800 3.9200 42.1800
v 2.5800 8.8800 42.1800
v -2.5800 8.8800 42.1800
f 5017 5018 5019 5020
f 5021 5024 5023 5022
f 5017 5021 5022 5018
f 5020 5019 5023 5024
f 5017 5020 5024 5021
f 5018 5022 5023 5019
o Core_F1_Back_Glass_3
g Core_F1_Back_Glass_3
usemtl Glass
v 7.4200 3.9200 42.0400
v 12.5800 3.9200 42.0400
v 12.5800 8.8800 42.0400
v 7.4200 8.8800 42.0400
v 7.4200 3.9200 42.1800
v 12.5800 3.9200 42.1800
v 12.5800 8.8800 42.1800
v 7.4200 8.8800 42.1800
f 5025 5026 5027 5028
f 5029 5032 5031 5030
f 5025 5029 5030 5026
f 5028 5027 5031 5032
f 5025 5028 5032 5029
f 5026 5030 5031 5027
o Core_F2_Back_Bottom
g Core_F2_Back_Bottom
usemtl WhiteBrick
v -17.0000 13.0000 41.5000
v 17.0000 13.0000 41.5000
v 17.0000 16.8000 41.5000
v -17.0000 16.8000 41.5000
v -17.0000 13.0000 42.5000
v 17.0000 13.0000 42.5000
v 17.0000 16.8000 42.5000
v -17.0000 16.8000 42.5000
f 5033 5034 5035 5036
f 5037 5040 5039 5038
f 5033 5037 5038 5034
f 5036 5035 5039 5040
f 5033 5036 5040 5037
f 5034 5038 5039 5035
o Core_F2_Back_Top
g Core_F2_Back_Top
usemtl WhiteBrick
v -17.0000 22.0000 41.5000
v 17.0000 22.0000 41.5000
v 17.0000 26.0000 41.5000
v -17.0000 26.0000 41.5000
v -17.0000 22.0000 42.5000
v 17.0000 22.0000 42.5000
v 17.0000 26.0000 42.5000
v -17.0000 26.0000 42.5000
f 5041 5042 5043 5044
f 5045 5048 5047 5046
f 5041 5045 5046 5042
f 5044 5043 5047 5048
f 5041 5044 5048 5045
f 5042 5046 5047 5043
o Core_F2_Back_Pier_1
g Core_F2_Back_Pier_1
usemtl WhiteBrick
v -17.0000 16.8000 41.5000
v -12.7000 16.8000 41.5000
v -12.7000 22.0000 41.5000
v -17.0000 22.0000 41.5000
v -17.0000 16.8000 42.5000
v -12.7000 16.8000 42.5000
v -12.7000 22.0000 42.5000
v -17.0000 22.0000 42.5000
f 5049 5050 5051 5052
f 5053 5056 5055 5054
f 5049 5053 5054 5050
f 5052 5051 5055 5056
f 5049 5052 5056 5053
f 5050 5054 5055 5051
o Core_F2_Back_Pier_2
g Core_F2_Back_Pier_2
usemtl WhiteBrick
v -7.3000 16.8000 41.5000
v -2.7000 16.8000 41.5000
v -2.7000 22.0000 41.5000
v -7.3000 22.0000 41.5000
v -7.3000 16.8000 42.5000
v -2.7000 16.8000 42.5000
v -2.7000 22.0000 42.5000
v -7.3000 22.0000 42.5000
f 5057 5058 5059 5060
f 5061 5064 5063 5062
f 5057 5061 5062 5058
f 5060 5059 5063 5064
f 5057 5060 5064 5061
f 5058 5062 5063 5059
o Core_F2_Back_Pier_3
g Core_F2_Back_Pier_3
usemtl WhiteBrick
v 2.7000 16.8000 41.5000
v 7.3000 16.8000 41.5000
v 7.3000 22.0000 41.5000
v 2.7000 22.0000 41.5000
v 2.7000 16.8000 42.5000
v 7.3000 16.8000 42.5000
v 7.3000 22.0000 42.5000
v 2.7000 22.0000 42.5000
f 5065 5066 5067 5068
f 5069 5072 5071 5070
f 5065 5069 5070 5066
f 5068 5067 5071 5072
f 5065 5068 5072 5069
f 5066 5070 5071 5067
o Core_F2_Back_Pier_4
g Core_F2_Back_Pier_4
usemtl WhiteBrick
v 12.7000 16.8000 41.5000
v 17.0000 16.8000 41.5000
v 17.0000 22.0000 41.5000
v 12.7000 22.0000 41.5000
v 12.7000 16.8000 42.5000
v 17.0000 16.8000 42.5000
v 17.0000 22.0000 42.5000
v 12.7000 22.0000 42.5000
f 5073 5074 5075 5076
f 5077 5080 5079 5078
f 5073 5077 5078 5074
f 5076 5075 5079 5080
f 5073 5076 5080 5077
f 5074 5078 5079 5075
o Core_F2_Back_Glass_1
g Core_F2_Back_Glass_1
usemtl Glass
v -12.5800 16.9200 42.0400
v -7.4200 16.9200 42.0400
v -7.4200 21.8800 42.0400
v -12.5800 21.8800 42.0400
v -12.5800 16.9200 42.1800
v -7.4200 16.9200 42.1800
v -7.4200 21.8800 42.1800
v -12.5800 21.8800 42.1800
f 5081 5082 5083 5084
f 5085 5088 5087 5086
f 5081 5085 5086 5082
f 5084 5083 5087 5088
f 5081 5084 5088 5085
f 5082 5086 5087 5083
o Core_F2_Back_Glass_2
g Core_F2_Back_Glass_2
usemtl Glass
v -2.5800 16.9200 42.0400
v 2.5800 16.9200 42.0400
v 2.5800 21.8800 42.0400
v -2.5800 21.8800 42.0400
v -2.5800 16.9200 42.1800
v 2.5800 16.9200 42.1800
v 2.5800 21.8800 42.1800
v -2.5800 21.8800 42.1800
f 5089 5090 5091 5092
f 5093 5096 5095 5094
f 5089 5093 5094 5090
f 5092 5091 5095 5096
f 5089 5092 5096 5093
f 5090 5094 5095 5091
o Core_F2_Back_Glass_3
g Core_F2_Back_Glass_3
usemtl Glass
v 7.4200 16.9200 42.0400
v 12.5800 16.9200 42.0400
v 12.5800 21.8800 42.0400
v 7.4200 21.8800 42.0400
v 7.4200 16.9200 42.1800
v 12.5800 16.9200 42.1800
v 12.5800 21.8800 42.1800
v 7.4200 21.8800 42.1800
f 5097 5098 5099 5100
f 5101 5104 5103 5102
f 5097 5101 5102 5098
f 5100 5099 5103 5104
f 5097 5100 5104 5101
f 5098 5102 5103 5099
o Balcony_Floor
g Balcony_Floor
usemtl Concrete
v -15.0000 12.8500 -52.0000
v 15.0000 12.8500 -52.0000
v 15.0000 13.5500 -52.0000
v -15.0000 13.5500 -52.0000
v -15.0000 12.8500 -42.0000
v 15.0000 12.8500 -42.0000
v 15.0000 13.5500 -42.0000
v -15.0000 13.5500 -42.0000
f 5105 5106 5107 5108
f 5109 5112 5111 5110
f 5105 5109 5110 5106
f 5108 5107 5111 5112
f 5105 5108 5112 5109
f 5106 5110 5111 5107
o Balcony_Column_-12.5
g Balcony_Column_-12.5
usemtl WhiteBrick
v -13.3000 0.0000 -51.2000
v -11.7000 0.0000 -51.2000
v -11.7000 13.0000 -51.2000
v -13.3000 13.0000 -51.2000
v -13.3000 0.0000 -49.6000
v -11.7000 0.0000 -49.6000
v -11.7000 13.0000 -49.6000
v -13.3000 13.0000 -49.6000
f 5113 5114 5115 5116
f 5117 5120 5119 5118
f 5113 5117 5118 5114
f 5116 5115 5119 5120
f 5113 5116 5120 5117
f 5114 5118 5119 5115
o Balcony_Column_12.5
g Balcony_Column_12.5
usemtl WhiteBrick
v 11.7000 0.0000 -51.2000
v 13.3000 0.0000 -51.2000
v 13.3000 13.0000 -51.2000
v 11.7000 13.0000 -51.2000
v 11.7000 0.0000 -49.6000
v 13.3000 0.0000 -49.6000
v 13.3000 13.0000 -49.6000
v 11.7000 13.0000 -49.6000
f 5121 5122 5123 5124
f 5125 5128 5127 5126
f 5121 5125 5126 5122
f 5124 5123 5127 5128
f 5121 5124 5128 5125
f 5122 5126 5127 5123
o Balcony_Rail_Front
g Balcony_Rail_Front
usemtl Metal
v -15.0000 13.5500 -52.1100
v 15.0000 13.5500 -52.1100
v 15.0000 16.7500 -52.1100
v -15.0000 16.7500 -52.1100
v -15.0000 13.5500 -51.8900
v 15.0000 13.5500 -51.8900
v 15.0000 16.7500 -51.8900
v -15.0000 16.7500 -51.8900
f 5129 5130 5131 5132
f 5133 5136 5135 5134
f 5129 5133 5134 5130
f 5132 5131 5135 5136
f 5129 5132 5136 5133
f 5130 5134 5135 5131
o Balcony_Rail_Left
g Balcony_Rail_Left
usemtl Metal
v -15.1100 13.5500 -52.0000
v -14.8900 13.5500 -52.0000
v -14.8900 16.7500 -52.0000
v -15.1100 16.7500 -52.0000
v -15.1100 13.5500 -42.0000
v -14.8900 13.5500 -42.0000
v -14.8900 16.7500 -42.0000
v -15.1100 16.7500 -42.0000
f 5137 5138 5139 5140
f 5141 5144 5143 5142
f 5137 5141 5142 5138
f 5140 5139 5143 5144
f 5137 5140 5144 5141
f 5138 5142 5143 5139
o Balcony_Rail_Right
g Balcony_Rail_Right
usemtl Metal
v 14.8900 13.5500 -52.0000
v 15.1100 13.5500 -52.0000
v 15.1100 16.7500 -52.0000
v 14.8900 16.7500 -52.0000
v 14.8900 13.5500 -42.0000
v 15.1100 13.5500 -42.0000
v 15.1100 16.7500 -42.0000
v 14.8900 16.7500 -42.0000
f 5145 5146 5147 5148
f 5149 5152 5151 5150
f 5145 5149 5150 5146
f 5148 5147 5151 5152
f 5145 5148 5152 5149
f 5146 5150 5151 5147
o Entrance_Stoop
g Entrance_Stoop
usemtl Concrete
v -8.0000 -0.0500 -47.0000
v 8.0000 -0.0500 -47.0000
v 8.0000 0.3500 -47.0000
v -8.0000 0.3500 -47.0000
v -8.0000 -0.0500 -42.0000
v 8.0000 -0.0500 -42.0000
v 8.0000 0.3500 -42.0000
v -8.0000 0.3500 -42.0000
f 5153 5154 5155 5156
f 5157 5160 5159 5158
f 5153 5157 5158 5154
f 5156 5155 5159 5160
f 5153 5156 5160 5157
f 5154 5158 5159 5155
o GreenTrim_Front
g GreenTrim_Front
usemtl GreenTrim
v -101.0000 0.0000 -42.1800
v 101.0000 0.0000 -42.1800
v 101.0000 1.8000 -42.1800
v -101.0000 1.8000 -42.1800
v -101.0000 0.0000 -42.0000
v 101.0000 0.0000 -42.0000
v 101.0000 1.8000 -42.0000
v -101.0000 1.8000 -42.0000
f 5161 5162 5163 5164
f 5165 5168 5167 5166
f 5161 5165 5166 5162
f 5164 5163 5167 5168
f 5161 5164 5168 5165
f 5162 5166 5167 5163
o GreenTrim_Back
g GreenTrim_Back
usemtl GreenTrim
v -101.0000 0.0000 42.0000
v 101.0000 0.0000 42.0000
v 101.0000 1.8000 42.0000
v -101.0000 1.8000 42.0000
v -101.0000 0.0000 42.1800
v 101.0000 0.0000 42.1800
v 101.0000 1.8000 42.1800
v -101.0000 1.8000 42.1800
f 5169 5170 5171 5172
f 5173 5176 5175 5174
f 5169 5173 5174 5170
f 5172 5171 5175 5176
f 5169 5172 5176 5173
f 5170 5174 5175 5171
o GreenTrim_West
g GreenTrim_West
usemtl GreenTrim
v -101.1800 0.0000 -42.0000
v -101.0000 0.0000 -42.0000
v -101.0000 1.8000 -42.0000
v -101.1800 1.8000 -42.0000
v -101.1800 0.0000 42.0000
v -101.0000 0.0000 42.0000
v -101.0000 1.8000 42.0000
v -101.1800 1.8000 42.0000
f 5177 5178 5179 5180
f 5181 5184 5183 5182
f 5177 5181 5182 5178
f 5180 5179 5183 5184
f 5177 5180 5184 5181
f 5178 5182 5183 5179
o GreenTrim_East
g GreenTrim_East
usemtl GreenTrim
v 101.0000 0.0000 -42.0000
v 101.1800 0.0000 -42.0000
v 101.1800 1.8000 -42.0000
v 101.0000 1.8000 -42.0000
v 101.0000 0.0000 42.0000
v 101.1800 0.0000 42.0000
v 101.1800 1.8000 42.0000
v 101.0000 1.8000 42.0000
f 5185 5186 5187 5188
f 5189 5192 5191 5190
f 5185 5189 5190 5186
f 5188 5187 5191 5192
f 5185 5188 5192 5189
f 5186 5190 5191 5187
o Stair_Flight1_Step_1
g Stair_Flight1_Step_1
usemtl Concrete
v -8.5000 0.0000 -8.0000
v -1.5000 0.0000 -8.0000
v -1.5000 0.8125 -8.0000
v -8.5000 0.8125 -8.0000
v -8.5000 0.0000 -6.5500
v -1.5000 0.0000 -6.5500
v -1.5000 0.8125 -6.5500
v -8.5000 0.8125 -6.5500
f 5193 5194 5195 5196
f 5197 5200 5199 5198
f 5193 5197 5198 5194
f 5196 5195 5199 5200
f 5193 5196 5200 5197
f 5194 5198 5199 5195
o Stair_Flight1_Step_2
g Stair_Flight1_Step_2
usemtl Concrete
v -8.5000 0.0000 -6.5500
v -1.5000 0.0000 -6.5500
v -1.5000 1.6250 -6.5500
v -8.5000 1.6250 -6.5500
v -8.5000 0.0000 -5.1000
v -1.5000 0.0000 -5.1000
v -1.5000 1.6250 -5.1000
v -8.5000 1.6250 -5.1000
f 5201 5202 5203 5204
f 5205 5208 5207 5206
f 5201 5205 5206 5202
f 5204 5203 5207 5208
f 5201 5204 5208 5205
f 5202 5206 5207 5203
o Stair_Flight1_Step_3
g Stair_Flight1_Step_3
usemtl Concrete
v -8.5000 0.0000 -5.1000
v -1.5000 0.0000 -5.1000
v -1.5000 2.4375 -5.1000
v -8.5000 2.4375 -5.1000
v -8.5000 0.0000 -3.6500
v -1.5000 0.0000 -3.6500
v -1.5000 2.4375 -3.6500
v -8.5000 2.4375 -3.6500
f 5209 5210 5211 5212
f 5213 5216 5215 5214
f 5209 5213 5214 5210
f 5212 5211 5215 5216
f 5209 5212 5216 5213
f 5210 5214 5215 5211
o Stair_Flight1_Step_4
g Stair_Flight1_Step_4
usemtl Concrete
v -8.5000 0.0000 -3.6500
v -1.5000 0.0000 -3.6500
v -1.5000 3.2500 -3.6500
v -8.5000 3.2500 -3.6500
v -8.5000 0.0000 -2.2000
v -1.5000 0.0000 -2.2000
v -1.5000 3.2500 -2.2000
v -8.5000 3.2500 -2.2000
f 5217 5218 5219 5220
f 5221 5224 5223 5222
f 5217 5221 5222 5218
f 5220 5219 5223 5224
f 5217 5220 5224 5221
f 5218 5222 5223 5219
o Stair_Flight1_Step_5
g Stair_Flight1_Step_5
usemtl Concrete
v -8.5000 0.0000 -2.2000
v -1.5000 0.0000 -2.2000
v -1.5000 4.0625 -2.2000
v -8.5000 4.0625 -2.2000
v -8.5000 0.0000 -0.7500
v -1.5000 0.0000 -0.7500
v -1.5000 4.0625 -0.7500
v -8.5000 4.0625 -0.7500
f 5225 5226 5227 5228
f 5229 5232 5231 5230
f 5225 5229 5230 5226
f 5228 5227 5231 5232
f 5225 5228 5232 5229
f 5226 5230 5231 5227
o Stair_Flight1_Step_6
g Stair_Flight1_Step_6
usemtl Concrete
v -8.5000 0.0000 -0.7500
v -1.5000 0.0000 -0.7500
v -1.5000 4.8750 -0.7500
v -8.5000 4.8750 -0.7500
v -8.5000 0.0000 0.7000
v -1.5000 0.0000 0.7000
v -1.5000 4.8750 0.7000
v -8.5000 4.8750 0.7000
f 5233 5234 5235 5236
f 5237 5240 5239 5238
f 5233 5237 5238 5234
f 5236 5235 5239 5240
f 5233 5236 5240 5237
f 5234 5238 5239 5235
o Stair_Flight1_Step_7
g Stair_Flight1_Step_7
usemtl Concrete
v -8.5000 0.0000 0.7000
v -1.5000 0.0000 0.7000
v -1.5000 5.6875 0.7000
v -8.5000 5.6875 0.7000
v -8.5000 0.0000 2.1500
v -1.5000 0.0000 2.1500
v -1.5000 5.6875 2.1500
v -8.5000 5.6875 2.1500
f 5241 5242 5243 5244
f 5245 5248 5247 5246
f 5241 5245 5246 5242
f 5244 5243 5247 5248
f 5241 5244 5248 5245
f 5242 5246 5247 5243
o Stair_Flight1_Step_8
g Stair_Flight1_Step_8
usemtl Concrete
v -8.5000 0.0000 2.1500
v -1.5000 0.0000 2.1500
v -1.5000 6.5000 2.1500
v -8.5000 6.5000 2.1500
v -8.5000 0.0000 3.6000
v -1.5000 0.0000 3.6000
v -1.5000 6.5000 3.6000
v -8.5000 6.5000 3.6000
f 5249 5250 5251 5252
f 5253 5256 5255 5254
f 5249 5253 5254 5250
f 5252 5251 5255 5256
f 5249 5252 5256 5253
f 5250 5254 5255 5251
o Stair_MidLanding
g Stair_MidLanding
usemtl Concrete
v -9.5000 6.1500 3.6000
v 9.5000 6.1500 3.6000
v 9.5000 6.8500 3.6000
v -9.5000 6.8500 3.6000
v -9.5000 6.1500 7.8000
v 9.5000 6.1500 7.8000
v 9.5000 6.8500 7.8000
v -9.5000 6.8500 7.8000
f 5257 5258 5259 5260
f 5261 5264 5263 5262
f 5257 5261 5262 5258
f 5260 5259 5263 5264
f 5257 5260 5264 5261
f 5258 5262 5263 5259
o Stair_Flight2_Step_1
g Stair_Flight2_Step_1
usemtl Concrete
v 1.5000 6.5000 2.1500
v 8.5000 6.5000 2.1500
v 8.5000 7.3125 2.1500
v 1.5000 7.3125 2.1500
v 1.5000 6.5000 3.6000
v 8.5000 6.5000 3.6000
v 8.5000 7.3125 3.6000
v 1.5000 7.3125 3.6000
f 5265 5266 5267 5268
f 5269 5272 5271 5270
f 5265 5269 5270 5266
f 5268 5267 5271 5272
f 5265 5268 5272 5269
f 5266 5270 5271 5267
o Stair_Flight2_Step_2
g Stair_Flight2_Step_2
usemtl Concrete
v 1.5000 6.5000 0.7000
v 8.5000 6.5000 0.7000
v 8.5000 8.1250 0.7000
v 1.5000 8.1250 0.7000
v 1.5000 6.5000 2.1500
v 8.5000 6.5000 2.1500
v 8.5000 8.1250 2.1500
v 1.5000 8.1250 2.1500
f 5273 5274 5275 5276
f 5277 5280 5279 5278
f 5273 5277 5278 5274
f 5276 5275 5279 5280
f 5273 5276 5280 5277
f 5274 5278 5279 5275
o Stair_Flight2_Step_3
g Stair_Flight2_Step_3
usemtl Concrete
v 1.5000 6.5000 -0.7500
v 8.5000 6.5000 -0.7500
v 8.5000 8.9375 -0.7500
v 1.5000 8.9375 -0.7500
v 1.5000 6.5000 0.7000
v 8.5000 6.5000 0.7000
v 8.5000 8.9375 0.7000
v 1.5000 8.9375 0.7000
f 5281 5282 5283 5284
f 5285 5288 5287 5286
f 5281 5285 5286 5282
f 5284 5283 5287 5288
f 5281 5284 5288 5285
f 5282 5286 5287 5283
o Stair_Flight2_Step_4
g Stair_Flight2_Step_4
usemtl Concrete
v 1.5000 6.5000 -2.2000
v 8.5000 6.5000 -2.2000
v 8.5000 9.7500 -2.2000
v 1.5000 9.7500 -2.2000
v 1.5000 6.5000 -0.7500
v 8.5000 6.5000 -0.7500
v 8.5000 9.7500 -0.7500
v 1.5000 9.7500 -0.7500
f 5289 5290 5291 5292
f 5293 5296 5295 5294
f 5289 5293 5294 5290
f 5292 5291 5295 5296
f 5289 5292 5296 5293
f 5290 5294 5295 5291
o Stair_Flight2_Step_5
g Stair_Flight2_Step_5
usemtl Concrete
v 1.5000 6.5000 -3.6500
v 8.5000 6.5000 -3.6500
v 8.5000 10.5625 -3.6500
v 1.5000 10.5625 -3.6500
v 1.5000 6.5000 -2.2000
v 8.5000 6.5000 -2.2000
v 8.5000 10.5625 -2.2000
v 1.5000 10.5625 -2.2000
f 5297 5298 5299 5300
f 5301 5304 5303 5302
f 5297 5301 5302 5298
f 5300 5299 5303 5304
f 5297 5300 5304 5301
f 5298 5302 5303 5299
o Stair_Flight2_Step_6
g Stair_Flight2_Step_6
usemtl Concrete
v 1.5000 6.5000 -5.1000
v 8.5000 6.5000 -5.1000
v 8.5000 11.3750 -5.1000
v 1.5000 11.3750 -5.1000
v 1.5000 6.5000 -3.6500
v 8.5000 6.5000 -3.6500
v 8.5000 11.3750 -3.6500
v 1.5000 11.3750 -3.6500
f 5305 5306 5307 5308
f 5309 5312 5311 5310
f 5305 5309 5310 5306
f 5308 5307 5311 5312
f 5305 5308 5312 5309
f 5306 5310 5311 5307
o Stair_Flight2_Step_7
g Stair_Flight2_Step_7
usemtl Concrete
v 1.5000 6.5000 -6.5500
v 8.5000 6.5000 -6.5500
v 8.5000 12.1875 -6.5500
v 1.5000 12.1875 -6.5500
v 1.5000 6.5000 -5.1000
v 8.5000 6.5000 -5.1000
v 8.5000 12.1875 -5.1000
v 1.5000 12.1875 -5.1000
f 5313 5314 5315 5316
f 5317 5320 5319 5318
f 5313 5317 5318 5314
f 5316 5315 5319 5320
f 5313 5316 5320 5317
f 5314 5318 5319 5315
o Stair_Flight2_Step_8
g Stair_Flight2_Step_8
usemtl Concrete
v 1.5000 6.5000 -8.0000
v 8.5000 6.5000 -8.0000
v 8.5000 13.0000 -8.0000
v 1.5000 13.0000 -8.0000
v 1.5000 6.5000 -6.5500
v 8.5000 6.5000 -6.5500
v 8.5000 13.0000 -6.5500
v 1.5000 13.0000 -6.5500
f 5321 5322 5323 5324
f 5325 5328 5327 5326
f 5321 5325 5326 5322
f 5324 5323 5327 5328
f 5321 5324 5328 5325
f 5322 5326 5327 5323
o Stair_UpperLanding
g Stair_UpperLanding
usemtl Concrete
v 1.0000 12.6500 -12.0000
v 10.0000 12.6500 -12.0000
v 10.0000 13.3500 -12.0000
v 1.0000 13.3500 -12.0000
v 1.0000 12.6500 -8.0000
v 10.0000 12.6500 -8.0000
v 10.0000 13.3500 -8.0000
v 1.0000 13.3500 -8.0000
f 5329 5330 5331 5332
f 5333 5336 5335 5334
f 5329 5333 5334 5330
f 5332 5331 5335 5336
f 5329 5332 5336 5333
f 5330 5334 5335 5331
o Roof_LeftWing_FrontSlope
g Roof_LeftWing_FrontSlope
usemtl RoofTile
v -103.0000 26.6500 -44.0000
v -15.0000 26.6500 -44.0000
v -15.0000 34.8000 0.0000
v -103.0000 34.8000 0.0000
v -103.0000 26.2300 -44.0000
v -15.0000 26.2300 -44.0000
v -15.0000 34.3800 0.0000
v -103.0000 34.3800 0.0000
f 5337 5338 5339 5340
f 5341 5344 5343 5342
f 5337 5341 5342 5338
f 5338 5342 5343 5339
f 5339 5343 5344 5340
f 5340 5344 5341 5337
o Roof_LeftWing_BackSlope
g Roof_LeftWing_BackSlope
usemtl RoofTile
v -103.0000 34.8000 0.0000
v -15.0000 34.8000 0.0000
v -15.0000 26.6500 44.0000
v -103.0000 26.6500 44.0000
v -103.0000 34.3800 0.0000
v -15.0000 34.3800 0.0000
v -15.0000 26.2300 44.0000
v -103.0000 26.2300 44.0000
f 5345 5346 5347 5348
f 5349 5352 5351 5350
f 5345 5349 5350 5346
f 5346 5350 5351 5347
f 5347 5351 5352 5348
f 5348 5352 5349 5345
o Roof_LeftWing_Ridge
g Roof_LeftWing_Ridge
usemtl RoofTile
v -103.0000 34.5500 -0.3200
v -15.0000 34.5500 -0.3200
v -15.0000 35.0500 -0.3200
v -103.0000 35.0500 -0.3200
v -103.0000 34.5500 0.3200
v -15.0000 34.5500 0.3200
v -15.0000 35.0500 0.3200
v -103.0000 35.0500 0.3200
f 5353 5354 5355 5356
f 5357 5360 5359 5358
f 5353 5357 5358 5354
f 5356 5355 5359 5360
f 5353 5356 5360 5357
f 5354 5358 5359 5355
o Roof_LeftWing_FrontFascia
g Roof_LeftWing_FrontFascia
usemtl Wood
v -103.0000 26.2000 -44.2000
v -15.0000 26.2000 -44.2000
v -15.0000 26.7500 -44.2000
v -103.0000 26.7500 -44.2000
v -103.0000 26.2000 -43.8000
v -15.0000 26.2000 -43.8000
v -15.0000 26.7500 -43.8000
v -103.0000 26.7500 -43.8000
f 5361 5362 5363 5364
f 5365 5368 5367 5366
f 5361 5365 5366 5362
f 5364 5363 5367 5368
f 5361 5364 5368 5365
f 5362 5366 5367 5363
o Roof_LeftWing_BackFascia
g Roof_LeftWing_BackFascia
usemtl Wood
v -103.0000 26.2000 43.8000
v -15.0000 26.2000 43.8000
v -15.0000 26.7500 43.8000
v -103.0000 26.7500 43.8000
v -103.0000 26.2000 44.2000
v -15.0000 26.2000 44.2000
v -15.0000 26.7500 44.2000
v -103.0000 26.7500 44.2000
f 5369 5370 5371 5372
f 5373 5376 5375 5374
f 5369 5373 5374 5370
f 5372 5371 5375 5376
f 5369 5372 5376 5373
f 5370 5374 5375 5371
o Roof_RightWing_FrontSlope
g Roof_RightWing_FrontSlope
usemtl RoofTile
v 15.0000 26.6500 -44.0000
v 103.0000 26.6500 -44.0000
v 103.0000 34.8000 0.0000
v 15.0000 34.8000 0.0000
v 15.0000 26.2300 -44.0000
v 103.0000 26.2300 -44.0000
v 103.0000 34.3800 0.0000
v 15.0000 34.3800 0.0000
f 5377 5378 5379 5380
f 5381 5384 5383 5382
f 5377 5381 5382 5378
f 5378 5382 5383 5379
f 5379 5383 5384 5380
f 5380 5384 5381 5377
o Roof_RightWing_BackSlope
g Roof_RightWing_BackSlope
usemtl RoofTile
v 15.0000 34.8000 0.0000
v 103.0000 34.8000 0.0000
v 103.0000 26.6500 44.0000
v 15.0000 26.6500 44.0000
v 15.0000 34.3800 0.0000
v 103.0000 34.3800 0.0000
v 103.0000 26.2300 44.0000
v 15.0000 26.2300 44.0000
f 5385 5386 5387 5388
f 5389 5392 5391 5390
f 5385 5389 5390 5386
f 5386 5390 5391 5387
f 5387 5391 5392 5388
f 5388 5392 5389 5385
o Roof_RightWing_Ridge
g Roof_RightWing_Ridge
usemtl RoofTile
v 15.0000 34.5500 -0.3200
v 103.0000 34.5500 -0.3200
v 103.0000 35.0500 -0.3200
v 15.0000 35.0500 -0.3200
v 15.0000 34.5500 0.3200
v 103.0000 34.5500 0.3200
v 103.0000 35.0500 0.3200
v 15.0000 35.0500 0.3200
f 5393 5394 5395 5396
f 5397 5400 5399 5398
f 5393 5397 5398 5394
f 5396 5395 5399 5400
f 5393 5396 5400 5397
f 5394 5398 5399 5395
o Roof_RightWing_FrontFascia
g Roof_RightWing_FrontFascia
usemtl Wood
v 15.0000 26.2000 -44.2000
v 103.0000 26.2000 -44.2000
v 103.0000 26.7500 -44.2000
v 15.0000 26.7500 -44.2000
v 15.0000 26.2000 -43.8000
v 103.0000 26.2000 -43.8000
v 103.0000 26.7500 -43.8000
v 15.0000 26.7500 -43.8000
f 5401 5402 5403 5404
f 5405 5408 5407 5406
f 5401 5405 5406 5402
f 5404 5403 5407 5408
f 5401 5404 5408 5405
f 5402 5406 5407 5403
o Roof_RightWing_BackFascia
g Roof_RightWing_BackFascia
usemtl Wood
v 15.0000 26.2000 43.8000
v 103.0000 26.2000 43.8000
v 103.0000 26.7500 43.8000
v 15.0000 26.7500 43.8000
v 15.0000 26.2000 44.2000
v 103.0000 26.2000 44.2000
v 103.0000 26.7500 44.2000
v 15.0000 26.7500 44.2000
f 5409 5410 5411 5412
f 5413 5416 5415 5414
f 5409 5413 5414 5410
f 5412 5411 5415 5416
f 5409 5412 5416 5413
f 5410 5414 5415 5411
o Roof_Central_FrontSlope
g Roof_Central_FrontSlope
usemtl RoofTile
v -19.5000 26.8500 -44.5000
v 19.5000 26.8500 -44.5000
v 19.5000 36.8000 0.0000
v -19.5000 36.8000 0.0000
v -19.5000 26.4300 -44.5000
v 19.5000 26.4300 -44.5000
v 19.5000 36.3800 0.0000
v -19.5000 36.3800 0.0000
f 5417 5418 5419 5420
f 5421 5424 5423 5422
f 5417 5421 5422 5418
f 5418 5422 5423 5419
f 5419 5423 5424 5420
f 5420 5424 5421 5417
o Roof_Central_BackSlope
g Roof_Central_BackSlope
usemtl RoofTile
v -19.5000 36.8000 0.0000
v 19.5000 36.8000 0.0000
v 19.5000 26.8500 44.5000
v -19.5000 26.8500 44.5000
v -19.5000 36.3800 0.0000
v 19.5000 36.3800 0.0000
v 19.5000 26.4300 44.5000
v -19.5000 26.4300 44.5000
f 5425 5426 5427 5428
f 5429 5432 5431 5430
f 5425 5429 5430 5426
f 5426 5430 5431 5427
f 5427 5431 5432 5428
f 5428 5432 5429 5425
o Roof_Central_Ridge
g Roof_Central_Ridge
usemtl RoofTile
v -19.5000 36.5500 -0.3200
v 19.5000 36.5500 -0.3200
v 19.5000 37.0500 -0.3200
v -19.5000 37.0500 -0.3200
v -19.5000 36.5500 0.3200
v 19.5000 36.5500 0.3200
v 19.5000 37.0500 0.3200
v -19.5000 37.0500 0.3200
f 5433 5434 5435 5436
f 5437 5440 5439 5438
f 5433 5437 5438 5434
f 5436 5435 5439 5440
f 5433 5436 5440 5437
f 5434 5438 5439 5435
o Roof_Central_FrontFascia
g Roof_Central_FrontFascia
usemtl Wood
v -19.5000 26.4000 -44.7000
v 19.5000 26.4000 -44.7000
v 19.5000 26.9500 -44.7000
v -19.5000 26.9500 -44.7000
v -19.5000 26.4000 -44.3000
v 19.5000 26.4000 -44.3000
v 19.5000 26.9500 -44.3000
v -19.5000 26.9500 -44.3000
f 5441 5442 5443 5444
f 5445 5448 5447 5446
f 5441 5445 5446 5442
f 5444 5443 5447 5448
f 5441 5444 5448 5445
f 5442 5446 5447 5443
o Roof_Central_BackFascia
g Roof_Central_BackFascia
usemtl Wood
v -19.5000 26.4000 44.3000
v 19.5000 26.4000 44.3000
v 19.5000 26.9500 44.3000
v -19.5000 26.9500 44.3000
v -19.5000 26.4000 44.7000
v 19.5000 26.4000 44.7000
v 19.5000 26.9500 44.7000
v -19.5000 26.9500 44.7000
f 5449 5450 5451 5452
f 5453 5456 5455 5454
f 5449 5453 5454 5450
f 5452 5451 5455 5456
f 5449 5452 5456 5453
f 5450 5454 5455 5451
o Balcony_Canopy
g Balcony_Canopy
usemtl RoofTile
v -16.5000 25.8000 -41.5000
v 16.5000 25.8000 -41.5000
v 16.5000 24.0000 -53.4000
v -16.5000 24.0000 -53.4000
v -16.5000 25.4800 -41.5000
v 16.5000 25.4800 -41.5000
v 16.5000 23.6800 -53.4000
v -16.5000 23.6800 -53.4000
f 5457 5458 5459 5460
f 5461 5464 5463 5462
f 5457 5461 5462 5458
f 5458 5462 5463 5459
f 5459 5463 5464 5460
f 5460 5464 5461 5457
o R6_GroundHall_Torso
g R6_GroundHall_Torso
usemtl R6
v -1.0000 2.0000 -20.5000
v 1.0000 2.0000 -20.5000
v 1.0000 4.0000 -20.5000
v -1.0000 4.0000 -20.5000
v -1.0000 2.0000 -19.5000
v 1.0000 2.0000 -19.5000
v 1.0000 4.0000 -19.5000
v -1.0000 4.0000 -19.5000
f 5465 5466 5467 5468
f 5469 5472 5471 5470
f 5465 5469 5470 5466
f 5468 5467 5471 5472
f 5465 5468 5472 5469
f 5466 5470 5471 5467
o R6_GroundHall_Head
g R6_GroundHall_Head
usemtl R6
v -1.0000 4.0000 -20.5000
v 1.0000 4.0000 -20.5000
v 1.0000 5.0000 -20.5000
v -1.0000 5.0000 -20.5000
v -1.0000 4.0000 -19.5000
v 1.0000 4.0000 -19.5000
v 1.0000 5.0000 -19.5000
v -1.0000 5.0000 -19.5000
f 5473 5474 5475 5476
f 5477 5480 5479 5478
f 5473 5477 5478 5474
f 5476 5475 5479 5480
f 5473 5476 5480 5477
f 5474 5478 5479 5475
o R6_GroundHall_ArmL
g R6_GroundHall_ArmL
usemtl R6
v -2.0000 2.0000 -20.5000
v -1.0000 2.0000 -20.5000
v -1.0000 4.0000 -20.5000
v -2.0000 4.0000 -20.5000
v -2.0000 2.0000 -19.5000
v -1.0000 2.0000 -19.5000
v -1.0000 4.0000 -19.5000
v -2.0000 4.0000 -19.5000
f 5481 5482 5483 5484
f 5485 5488 5487 5486
f 5481 5485 5486 5482
f 5484 5483 5487 5488
f 5481 5484 5488 5485
f 5482 5486 5487 5483
o R6_GroundHall_ArmR
g R6_GroundHall_ArmR
usemtl R6
v 1.0000 2.0000 -20.5000
v 2.0000 2.0000 -20.5000
v 2.0000 4.0000 -20.5000
v 1.0000 4.0000 -20.5000
v 1.0000 2.0000 -19.5000
v 2.0000 2.0000 -19.5000
v 2.0000 4.0000 -19.5000
v 1.0000 4.0000 -19.5000
f 5489 5490 5491 5492
f 5493 5496 5495 5494
f 5489 5493 5494 5490
f 5492 5491 5495 5496
f 5489 5492 5496 5493
f 5490 5494 5495 5491
o R6_GroundHall_LegL
g R6_GroundHall_LegL
usemtl R6
v -1.0000 0.0000 -20.5000
v 0.0000 0.0000 -20.5000
v 0.0000 2.0000 -20.5000
v -1.0000 2.0000 -20.5000
v -1.0000 0.0000 -19.5000
v 0.0000 0.0000 -19.5000
v 0.0000 2.0000 -19.5000
v -1.0000 2.0000 -19.5000
f 5497 5498 5499 5500
f 5501 5504 5503 5502
f 5497 5501 5502 5498
f 5500 5499 5503 5504
f 5497 5500 5504 5501
f 5498 5502 5503 5499
o R6_GroundHall_LegR
g R6_GroundHall_LegR
usemtl R6
v 0.0000 0.0000 -20.5000
v 1.0000 0.0000 -20.5000
v 1.0000 2.0000 -20.5000
v 0.0000 2.0000 -20.5000
v 0.0000 0.0000 -19.5000
v 1.0000 0.0000 -19.5000
v 1.0000 2.0000 -19.5000
v 0.0000 2.0000 -19.5000
f 5505 5506 5507 5508
f 5509 5512 5511 5510
f 5505 5509 5510 5506
f 5508 5507 5511 5512
f 5505 5508 5512 5509
f 5506 5510 5511 5507
o R6_SecondHall_Torso
g R6_SecondHall_Torso
usemtl R6
v -1.0000 15.0000 -20.5000
v 1.0000 15.0000 -20.5000
v 1.0000 17.0000 -20.5000
v -1.0000 17.0000 -20.5000
v -1.0000 15.0000 -19.5000
v 1.0000 15.0000 -19.5000
v 1.0000 17.0000 -19.5000
v -1.0000 17.0000 -19.5000
f 5513 5514 5515 5516
f 5517 5520 5519 5518
f 5513 5517 5518 5514
f 5516 5515 5519 5520
f 5513 5516 5520 5517
f 5514 5518 5519 5515
o R6_SecondHall_Head
g R6_SecondHall_Head
usemtl R6
v -1.0000 17.0000 -20.5000
v 1.0000 17.0000 -20.5000
v 1.0000 18.0000 -20.5000
v -1.0000 18.0000 -20.5000
v -1.0000 17.0000 -19.5000
v 1.0000 17.0000 -19.5000
v 1.0000 18.0000 -19.5000
v -1.0000 18.0000 -19.5000
f 5521 5522 5523 5524
f 5525 5528 5527 5526
f 5521 5525 5526 5522
f 5524 5523 5527 5528
f 5521 5524 5528 5525
f 5522 5526 5527 5523
o R6_SecondHall_ArmL
g R6_SecondHall_ArmL
usemtl R6
v -2.0000 15.0000 -20.5000
v -1.0000 15.0000 -20.5000
v -1.0000 17.0000 -20.5000
v -2.0000 17.0000 -20.5000
v -2.0000 15.0000 -19.5000
v -1.0000 15.0000 -19.5000
v -1.0000 17.0000 -19.5000
v -2.0000 17.0000 -19.5000
f 5529 5530 5531 5532
f 5533 5536 5535 5534
f 5529 5533 5534 5530
f 5532 5531 5535 5536
f 5529 5532 5536 5533
f 5530 5534 5535 5531
o R6_SecondHall_ArmR
g R6_SecondHall_ArmR
usemtl R6
v 1.0000 15.0000 -20.5000
v 2.0000 15.0000 -20.5000
v 2.0000 17.0000 -20.5000
v 1.0000 17.0000 -20.5000
v 1.0000 15.0000 -19.5000
v 2.0000 15.0000 -19.5000
v 2.0000 17.0000 -19.5000
v 1.0000 17.0000 -19.5000
f 5537 5538 5539 5540
f 5541 5544 5543 5542
f 5537 5541 5542 5538
f 5540 5539 5543 5544
f 5537 5540 5544 5541
f 5538 5542 5543 5539
o R6_SecondHall_LegL
g R6_SecondHall_LegL
usemtl R6
v -1.0000 13.0000 -20.5000
v 0.0000 13.0000 -20.5000
v 0.0000 15.0000 -20.5000
v -1.0000 15.0000 -20.5000
v -1.0000 13.0000 -19.5000
v 0.0000 13.0000 -19.5000
v 0.0000 15.0000 -19.5000
v -1.0000 15.0000 -19.5000
f 5545 5546 5547 5548
f 5549 5552 5551 5550
f 5545 5549 5550 5546
f 5548 5547 5551 5552
f 5545 5548 5552 5549
f 5546 5550 5551 5547
o R6_SecondHall_LegR
g R6_SecondHall_LegR
usemtl R6
v 0.0000 13.0000 -20.5000
v 1.0000 13.0000 -20.5000
v 1.0000 15.0000 -20.5000
v 0.0000 15.0000 -20.5000
v 0.0000 13.0000 -19.5000
v 1.0000 13.0000 -19.5000
v 1.0000 15.0000 -19.5000
v 0.0000 15.0000 -19.5000
f 5553 5554 5555 5556
f 5557 5560 5559 5558
f 5553 5557 5558 5554
f 5556 5555 5559 5560
f 5553 5556 5560 5557
f 5554 5558 5559 5555
o R6_ClassroomScale_Torso
g R6_ClassroomScale_Torso
usemtl R6
v -81.0000 2.0000 -25.5000
v -79.0000 2.0000 -25.5000
v -79.0000 4.0000 -25.5000
v -81.0000 4.0000 -25.5000
v -81.0000 2.0000 -24.5000
v -79.0000 2.0000 -24.5000
v -79.0000 4.0000 -24.5000
v -81.0000 4.0000 -24.5000
f 5561 5562 5563 5564
f 5565 5568 5567 5566
f 5561 5565 5566 5562
f 5564 5563 5567 5568
f 5561 5564 5568 5565
f 5562 5566 5567 5563
o R6_ClassroomScale_Head
g R6_ClassroomScale_Head
usemtl R6
v -81.0000 4.0000 -25.5000
v -79.0000 4.0000 -25.5000
v -79.0000 5.0000 -25.5000
v -81.0000 5.0000 -25.5000
v -81.0000 4.0000 -24.5000
v -79.0000 4.0000 -24.5000
v -79.0000 5.0000 -24.5000
v -81.0000 5.0000 -24.5000
f 5569 5570 5571 5572
f 5573 5576 5575 5574
f 5569 5573 5574 5570
f 5572 5571 5575 5576
f 5569 5572 5576 5573
f 5570 5574 5575 5571
o R6_ClassroomScale_ArmL
g R6_ClassroomScale_ArmL
usemtl R6
v -82.0000 2.0000 -25.5000
v -81.0000 2.0000 -25.5000
v -81.0000 4.0000 -25.5000
v -82.0000 4.0000 -25.5000
v -82.0000 2.0000 -24.5000
v -81.0000 2.0000 -24.5000
v -81.0000 4.0000 -24.5000
v -82.0000 4.0000 -24.5000
f 5577 5578 5579 5580
f 5581 5584 5583 5582
f 5577 5581 5582 5578
f 5580 5579 5583 5584
f 5577 5580 5584 5581
f 5578 5582 5583 5579
o R6_ClassroomScale_ArmR
g R6_ClassroomScale_ArmR
usemtl R6
v -79.0000 2.0000 -25.5000
v -78.0000 2.0000 -25.5000
v -78.0000 4.0000 -25.5000
v -79.0000 4.0000 -25.5000
v -79.0000 2.0000 -24.5000
v -78.0000 2.0000 -24.5000
v -78.0000 4.0000 -24.5000
v -79.0000 4.0000 -24.5000
f 5585 5586 5587 5588
f 5589 5592 5591 5590
f 5585 5589 5590 5586
f 5588 5587 5591 5592
f 5585 5588 5592 5589
f 5586 5590 5591 5587
o R6_ClassroomScale_LegL
g R6_ClassroomScale_LegL
usemtl R6
v -81.0000 0.0000 -25.5000
v -80.0000 0.0000 -25.5000
v -80.0000 2.0000 -25.5000
v -81.0000 2.0000 -25.5000
v -81.0000 0.0000 -24.5000
v -80.0000 0.0000 -24.5000
v -80.0000 2.0000 -24.5000
v -81.0000 2.0000 -24.5000
f 5593 5594 5595 5596
f 5597 5600 5599 5598
f 5593 5597 5598 5594
f 5596 5595 5599 5600
f 5593 5596 5600 5597
f 5594 5598 5599 5595
o R6_ClassroomScale_LegR
g R6_ClassroomScale_LegR
usemtl R6
v -80.0000 0.0000 -25.5000
v -79.0000 0.0000 -25.5000
v -79.0000 2.0000 -25.5000
v -80.0000 2.0000 -25.5000
v -80.0000 0.0000 -24.5000
v -79.0000 0.0000 -24.5000
v -79.0000 2.0000 -24.5000
v -80.0000 2.0000 -24.5000
f 5601 5602 5603 5604
f 5605 5608 5607 5606
f 5601 5605 5606 5602
f 5604 5603 5607 5608
f 5601 5604 5608 5605
f 5602 5606 5607 5603
