mtllib bloco_instrucao.mtl
v -106.00000 -0.50000 -49.00000
v 106.00000 -0.50000 -49.00000
v 106.00000 0.00000 -49.00000
v -106.00000 0.00000 -49.00000
v -106.00000 -0.50000 49.00000
v 106.00000 -0.50000 49.00000
v 106.00000 0.00000 49.00000
v -106.00000 0.00000 49.00000
v -106.00000 13.50000 -49.00000
v -18.00000 13.50000 -49.00000
v -18.00000 14.00000 -49.00000
v -106.00000 14.00000 -49.00000
v -106.00000 13.50000 49.00000
v -18.00000 13.50000 49.00000
v -18.00000 14.00000 49.00000
v -106.00000 14.00000 49.00000
v 18.00000 13.50000 -49.00000
v 106.00000 13.50000 -49.00000
v 106.00000 14.00000 -49.00000
v 18.00000 14.00000 -49.00000
v 18.00000 13.50000 49.00000
v 106.00000 13.50000 49.00000
v 106.00000 14.00000 49.00000
v 18.00000 14.00000 49.00000
v -18.00000 13.50000 -49.00000
v 18.00000 13.50000 -49.00000
v 18.00000 14.00000 -49.00000
v -18.00000 14.00000 -49.00000
v -18.00000 13.50000 -18.00000
v 18.00000 13.50000 -18.00000
v 18.00000 14.00000 -18.00000
v -18.00000 14.00000 -18.00000
v -18.00000 13.50000 18.00000
v 18.00000 13.50000 18.00000
v 18.00000 14.00000 18.00000
v -18.00000 14.00000 18.00000
v -18.00000 13.50000 49.00000
v 18.00000 13.50000 49.00000
v 18.00000 14.00000 49.00000
v -18.00000 14.00000 49.00000
v -18.00000 13.50000 -18.00000
v -13.00000 13.50000 -18.00000
v -13.00000 14.00000 -18.00000
v -18.00000 14.00000 -18.00000
v -18.00000 13.50000 18.00000
v -13.00000 13.50000 18.00000
v -13.00000 14.00000 18.00000
v -18.00000 14.00000 18.00000
v 13.00000 13.50000 -18.00000
v 18.00000 13.50000 -18.00000
v 18.00000 14.00000 -18.00000
v 13.00000 14.00000 -18.00000
v 13.00000 13.50000 18.00000
v 18.00000 13.50000 18.00000
v 18.00000 14.00000 18.00000
v 13.00000 14.00000 18.00000
v -106.00000 28.00000 -49.00000
v 106.00000 28.00000 -49.00000
v 106.00000 28.50000 -49.00000
v -106.00000 28.50000 -49.00000
v -106.00000 28.00000 49.00000
v 106.00000 28.00000 49.00000
v 106.00000 28.50000 49.00000
v -106.00000 28.50000 49.00000
v -106.00000 0.00000 -49.50000
v -62.00000 0.00000 -49.50000
v -62.00000 4.00000 -49.50000
v -106.00000 4.00000 -49.50000
v -106.00000 0.00000 -48.50000
v -62.00000 0.00000 -48.50000
v -62.00000 4.00000 -48.50000
v -106.00000 4.00000 -48.50000
v -106.00000 9.00000 -49.50000
v -62.00000 9.00000 -49.50000
v -62.00000 14.00000 -49.50000
v -106.00000 14.00000 -49.50000
v -106.00000 9.00000 -48.50000
v -62.00000 9.00000 -48.50000
v -62.00000 14.00000 -48.50000
v -106.00000 14.00000 -48.50000
v -106.00000 4.00000 -49.50000
v -98.50000 4.00000 -49.50000
v -98.50000 9.00000 -49.50000
v -106.00000 9.00000 -49.50000
v -106.00000 4.00000 -48.50000
v -98.50000 4.00000 -48.50000
v -98.50000 9.00000 -48.50000
v -106.00000 9.00000 -48.50000
v -91.50000 4.00000 -49.50000
v -76.50000 4.00000 -49.50000
v -76.50000 9.00000 -49.50000
v -91.50000 9.00000 -49.50000
v -91.50000 4.00000 -48.50000
v -76.50000 4.00000 -48.50000
v -76.50000 9.00000 -48.50000
v -91.50000 9.00000 -48.50000
v -69.50000 4.00000 -49.50000
v -62.00000 4.00000 -49.50000
v -62.00000 9.00000 -49.50000
v -69.50000 9.00000 -49.50000
v -69.50000 4.00000 -48.50000
v -62.00000 4.00000 -48.50000
v -62.00000 9.00000 -48.50000
v -69.50000 9.00000 -48.50000
v -98.32500 4.17500 -49.08000
v -91.67500 4.17500 -49.08000
v -91.67500 8.82500 -49.08000
v -98.32500 8.82500 -49.08000
v -98.32500 4.17500 -48.92000
v -91.67500 4.17500 -48.92000
v -91.67500 8.82500 -48.92000
v -98.32500 8.82500 -48.92000
v -98.59000 3.82500 -49.19000
v -98.41000 3.82500 -49.19000
v -98.41000 9.17500 -49.19000
v -98.59000 9.17500 -49.19000
v -98.59000 3.82500 -48.97000
v -98.41000 3.82500 -48.97000
v -98.41000 9.17500 -48.97000
v -98.59000 9.17500 -48.97000
v -91.59000 3.82500 -49.19000
v -91.41000 3.82500 -49.19000
v -91.41000 9.17500 -49.19000
v -91.59000 9.17500 -49.19000
v -91.59000 3.82500 -48.97000
v -91.41000 3.82500 -48.97000
v -91.41000 9.17500 -48.97000
v -91.59000 9.17500 -48.97000
v -98.67500 8.91000 -49.19000
v -91.32500 8.91000 -49.19000
v -91.32500 9.09000 -49.19000
v -98.67500 9.09000 -49.19000
v -98.67500 8.91000 -48.97000
v -91.32500 8.91000 -48.97000
v -91.32500 9.09000 -48.97000
v -98.67500 9.09000 -48.97000
v -98.67500 3.91000 -49.19000
v -91.32500 3.91000 -49.19000
v -91.32500 4.09000 -49.19000
v -98.67500 4.09000 -49.19000
v -98.67500 3.91000 -48.97000
v -91.32500 3.91000 -48.97000
v -91.32500 4.09000 -48.97000
v -98.67500 4.09000 -48.97000
v -76.32500 4.17500 -49.08000
v -69.67500 4.17500 -49.08000
v -69.67500 8.82500 -49.08000
v -76.32500 8.82500 -49.08000
v -76.32500 4.17500 -48.92000
v -69.67500 4.17500 -48.92000
v -69.67500 8.82500 -48.92000
v -76.32500 8.82500 -48.92000
v -76.59000 3.82500 -49.19000
v -76.41000 3.82500 -49.19000
v -76.41000 9.17500 -49.19000
v -76.59000 9.17500 -49.19000
v -76.59000 3.82500 -48.97000
v -76.41000 3.82500 -48.97000
v -76.41000 9.17500 -48.97000
v -76.59000 9.17500 -48.97000
v -69.59000 3.82500 -49.19000
v -69.41000 3.82500 -49.19000
v -69.41000 9.17500 -49.19000
v -69.59000 9.17500 -49.19000
v -69.59000 3.82500 -48.97000
v -69.41000 3.82500 -48.97000
v -69.41000 9.17500 -48.97000
v -69.59000 9.17500 -48.97000
v -76.67500 8.91000 -49.19000
v -69.32500 8.91000 -49.19000
v -69.32500 9.09000 -49.19000
v -76.67500 9.09000 -49.19000
v -76.67500 8.91000 -48.97000
v -69.32500 8.91000 -48.97000
v -69.32500 9.09000 -48.97000
v -76.67500 9.09000 -48.97000
v -76.67500 3.91000 -49.19000
v -69.32500 3.91000 -49.19000
v -69.32500 4.09000 -49.19000
v -76.67500 4.09000 -49.19000
v -76.67500 3.91000 -48.97000
v -69.32500 3.91000 -48.97000
v -69.32500 4.09000 -48.97000
v -76.67500 4.09000 -48.97000
v -106.00000 0.00000 48.50000
v -62.00000 0.00000 48.50000
v -62.00000 4.00000 48.50000
v -106.00000 4.00000 48.50000
v -106.00000 0.00000 49.50000
v -62.00000 0.00000 49.50000
v -62.00000 4.00000 49.50000
v -106.00000 4.00000 49.50000
v -106.00000 9.00000 48.50000
v -62.00000 9.00000 48.50000
v -62.00000 14.00000 48.50000
v -106.00000 14.00000 48.50000
v -106.00000 9.00000 49.50000
v -62.00000 9.00000 49.50000
v -62.00000 14.00000 49.50000
v -106.00000 14.00000 49.50000
v -106.00000 4.00000 48.50000
v -98.50000 4.00000 48.50000
v -98.50000 9.00000 48.50000
v -106.00000 9.00000 48.50000
v -106.00000 4.00000 49.50000
v -98.50000 4.00000 49.50000
v -98.50000 9.00000 49.50000
v -106.00000 9.00000 49.50000
v -91.50000 4.00000 48.50000
v -76.50000 4.00000 48.50000
v -76.50000 9.00000 48.50000
v -91.50000 9.00000 48.50000
v -91.50000 4.00000 49.50000
v -76.50000 4.00000 49.50000
v -76.50000 9.00000 49.50000
v -91.50000 9.00000 49.50000
v -69.50000 4.00000 48.50000
v -62.00000 4.00000 48.50000
v -62.00000 9.00000 48.50000
v -69.50000 9.00000 48.50000
v -69.50000 4.00000 49.50000
v -62.00000 4.00000 49.50000
v -62.00000 9.00000 49.50000
v -69.50000 9.00000 49.50000
v -98.32500 4.17500 48.92000
v -91.67500 4.17500 48.92000
v -91.67500 8.82500 48.92000
v -98.32500 8.82500 48.92000
v -98.32500 4.17500 49.08000
v -91.67500 4.17500 49.08000
v -91.67500 8.82500 49.08000
v -98.32500 8.82500 49.08000
v -98.59000 3.82500 48.81000
v -98.41000 3.82500 48.81000
v -98.41000 9.17500 48.81000
v -98.59000 9.17500 48.81000
v -98.59000 3.82500 49.03000
v -98.41000 3.82500 49.03000
v -98.41000 9.17500 49.03000
v -98.59000 9.17500 49.03000
v -91.59000 3.82500 48.81000
v -91.41000 3.82500 48.81000
v -91.41000 9.17500 48.81000
v -91.59000 9.17500 48.81000
v -91.59000 3.82500 49.03000
v -91.41000 3.82500 49.03000
v -91.41000 9.17500 49.03000
v -91.59000 9.17500 49.03000
v -98.67500 8.91000 48.81000
v -91.32500 8.91000 48.81000
v -91.32500 9.09000 48.81000
v -98.67500 9.09000 48.81000
v -98.67500 8.91000 49.03000
v -91.32500 8.91000 49.03000
v -91.32500 9.09000 49.03000
v -98.67500 9.09000 49.03000
v -98.67500 3.91000 48.81000
v -91.32500 3.91000 48.81000
v -91.32500 4.09000 48.81000
v -98.67500 4.09000 48.81000
v -98.67500 3.91000 49.03000
v -91.32500 3.91000 49.03000
v -91.32500 4.09000 49.03000
v -98.67500 4.09000 49.03000
v -76.32500 4.17500 48.92000
v -69.67500 4.17500 48.92000
v -69.67500 8.82500 48.92000
v -76.32500 8.82500 48.92000
v -76.32500 4.17500 49.08000
v -69.67500 4.17500 49.08000
v -69.67500 8.82500 49.08000
v -76.32500 8.82500 49.08000
v -76.59000 3.82500 48.81000
v -76.41000 3.82500 48.81000
v -76.41000 9.17500 48.81000
v -76.59000 9.17500 48.81000
v -76.59000 3.82500 49.03000
v -76.41000 3.82500 49.03000
v -76.41000 9.17500 49.03000
v -76.59000 9.17500 49.03000
v -69.59000 3.82500 48.81000
v -69.41000 3.82500 48.81000
v -69.41000 9.17500 48.81000
v -69.59000 9.17500 48.81000
v -69.59000 3.82500 49.03000
v -69.41000 3.82500 49.03000
v -69.41000 9.17500 49.03000
v -69.59000 9.17500 49.03000
v -76.67500 8.91000 48.81000
v -69.32500 8.91000 48.81000
v -69.32500 9.09000 48.81000
v -76.67500 9.09000 48.81000
v -76.67500 8.91000 49.03000
v -69.32500 8.91000 49.03000
v -69.32500 9.09000 49.03000
v -76.67500 9.09000 49.03000
v -76.67500 3.91000 48.81000
v -69.32500 3.91000 48.81000
v -69.32500 4.09000 48.81000
v -76.67500 4.09000 48.81000
v -76.67500 3.91000 49.03000
v -69.32500 3.91000 49.03000
v -69.32500 4.09000 49.03000
v -76.67500 4.09000 49.03000
v -106.00000 0.00000 -9.50000
v -87.00000 0.00000 -9.50000
v -87.00000 14.00000 -9.50000
v -106.00000 14.00000 -9.50000
v -106.00000 0.00000 -8.50000
v -87.00000 0.00000 -8.50000
v -87.00000 14.00000 -8.50000
v -106.00000 14.00000 -8.50000
v -81.00000 0.00000 -9.50000
v -62.00000 0.00000 -9.50000
v -62.00000 14.00000 -9.50000
v -81.00000 14.00000 -9.50000
v -81.00000 0.00000 -8.50000
v -62.00000 0.00000 -8.50000
v -62.00000 14.00000 -8.50000
v -81.00000 14.00000 -8.50000
v -87.00000 9.00000 -9.50000
v -81.00000 9.00000 -9.50000
v -81.00000 14.00000 -9.50000
v -87.00000 14.00000 -9.50000
v -87.00000 9.00000 -8.50000
v -81.00000 9.00000 -8.50000
v -81.00000 14.00000 -8.50000
v -87.00000 14.00000 -8.50000
v -106.00000 0.00000 8.50000
v -87.00000 0.00000 8.50000
v -87.00000 14.00000 8.50000
v -106.00000 14.00000 8.50000
v -106.00000 0.00000 9.50000
v -87.00000 0.00000 9.50000
v -87.00000 14.00000 9.50000
v -106.00000 14.00000 9.50000
v -81.00000 0.00000 8.50000
v -62.00000 0.00000 8.50000
v -62.00000 14.00000 8.50000
v -81.00000 14.00000 8.50000
v -81.00000 0.00000 9.50000
v -62.00000 0.00000 9.50000
v -62.00000 14.00000 9.50000
v -81.00000 14.00000 9.50000
v -87.00000 9.00000 8.50000
v -81.00000 9.00000 8.50000
v -81.00000 14.00000 8.50000
v -87.00000 14.00000 8.50000
v -87.00000 9.00000 9.50000
v -81.00000 9.00000 9.50000
v -81.00000 14.00000 9.50000
v -87.00000 14.00000 9.50000
v -62.00000 0.00000 -49.50000
v -18.00000 0.00000 -49.50000
v -18.00000 4.00000 -49.50000
v -62.00000 4.00000 -49.50000
v -62.00000 0.00000 -48.50000
v -18.00000 0.00000 -48.50000
v -18.00000 4.00000 -48.50000
v -62.00000 4.00000 -48.50000
v -62.00000 9.00000 -49.50000
v -18.00000 9.00000 -49.50000
v -18.00000 14.00000 -49.50000
v -62.00000 14.00000 -49.50000
v -62.00000 9.00000 -48.50000
v -18.00000 9.00000 -48.50000
v -18.00000 14.00000 -48.50000
v -62.00000 14.00000 -48.50000
v -62.00000 4.00000 -49.50000
v -54.50000 4.00000 -49.50000
v -54.50000 9.00000 -49.50000
v -62.00000 9.00000 -49.50000
v -62.00000 4.00000 -48.50000
v -54.50000 4.00000 -48.50000
v -54.50000 9.00000 -48.50000
v -62.00000 9.00000 -48.50000
v -47.50000 4.00000 -49.50000
v -32.50000 4.00000 -49.50000
v -32.50000 9.00000 -49.50000
v -47.50000 9.00000 -49.50000
v -47.50000 4.00000 -48.50000
v -32.50000 4.00000 -48.50000
v -32.50000 9.00000 -48.50000
v -47.50000 9.00000 -48.50000
v -25.50000 4.00000 -49.50000
v -18.00000 4.00000 -49.50000
v -18.00000 9.00000 -49.50000
v -25.50000 9.00000 -49.50000
v -25.50000 4.00000 -48.50000
v -18.00000 4.00000 -48.50000
v -18.00000 9.00000 -48.50000
v -25.50000 9.00000 -48.50000
v -54.32500 4.17500 -49.08000
v -47.67500 4.17500 -49.08000
v -47.67500 8.82500 -49.08000
v -54.32500 8.82500 -49.08000
v -54.32500 4.17500 -48.92000
v -47.67500 4.17500 -48.92000
v -47.67500 8.82500 -48.92000
v -54.32500 8.82500 -48.92000
v -54.59000 3.82500 -49.19000
v -54.41000 3.82500 -49.19000
v -54.41000 9.17500 -49.19000
v -54.59000 9.17500 -49.19000
v -54.59000 3.82500 -48.97000
v -54.41000 3.82500 -48.97000
v -54.41000 9.17500 -48.97000
v -54.59000 9.17500 -48.97000
v -47.59000 3.82500 -49.19000
v -47.41000 3.82500 -49.19000
v -47.41000 9.17500 -49.19000
v -47.59000 9.17500 -49.19000
v -47.59000 3.82500 -48.97000
v -47.41000 3.82500 -48.97000
v -47.41000 9.17500 -48.97000
v -47.59000 9.17500 -48.97000
v -54.67500 8.91000 -49.19000
v -47.32500 8.91000 -49.19000
v -47.32500 9.09000 -49.19000
v -54.67500 9.09000 -49.19000
v -54.67500 8.91000 -48.97000
v -47.32500 8.91000 -48.97000
v -47.32500 9.09000 -48.97000
v -54.67500 9.09000 -48.97000
v -54.67500 3.91000 -49.19000
v -47.32500 3.91000 -49.19000
v -47.32500 4.09000 -49.19000
v -54.67500 4.09000 -49.19000
v -54.67500 3.91000 -48.97000
v -47.32500 3.91000 -48.97000
v -47.32500 4.09000 -48.97000
v -54.67500 4.09000 -48.97000
v -32.32500 4.17500 -49.08000
v -25.67500 4.17500 -49.08000
v -25.67500 8.82500 -49.08000
v -32.32500 8.82500 -49.08000
v -32.32500 4.17500 -48.92000
v -25.67500 4.17500 -48.92000
v -25.67500 8.82500 -48.92000
v -32.32500 8.82500 -48.92000
v -32.59000 3.82500 -49.19000
v -32.41000 3.82500 -49.19000
v -32.41000 9.17500 -49.19000
v -32.59000 9.17500 -49.19000
v -32.59000 3.82500 -48.97000
v -32.41000 3.82500 -48.97000
v -32.41000 9.17500 -48.97000
v -32.59000 9.17500 -48.97000
v -25.59000 3.82500 -49.19000
v -25.41000 3.82500 -49.19000
v -25.41000 9.17500 -49.19000
v -25.59000 9.17500 -49.19000
v -25.59000 3.82500 -48.97000
v -25.41000 3.82500 -48.97000
v -25.41000 9.17500 -48.97000
v -25.59000 9.17500 -48.97000
v -32.67500 8.91000 -49.19000
v -25.32500 8.91000 -49.19000
v -25.32500 9.09000 -49.19000
v -32.67500 9.09000 -49.19000
v -32.67500 8.91000 -48.97000
v -25.32500 8.91000 -48.97000
v -25.32500 9.09000 -48.97000
v -32.67500 9.09000 -48.97000
v -32.67500 3.91000 -49.19000
v -25.32500 3.91000 -49.19000
v -25.32500 4.09000 -49.19000
v -32.67500 4.09000 -49.19000
v -32.67500 3.91000 -48.97000
v -25.32500 3.91000 -48.97000
v -25.32500 4.09000 -48.97000
v -32.67500 4.09000 -48.97000
v -62.00000 0.00000 48.50000
v -18.00000 0.00000 48.50000
v -18.00000 4.00000 48.50000
v -62.00000 4.00000 48.50000
v -62.00000 0.00000 49.50000
v -18.00000 0.00000 49.50000
v -18.00000 4.00000 49.50000
v -62.00000 4.00000 49.50000
v -62.00000 9.00000 48.50000
v -18.00000 9.00000 48.50000
v -18.00000 14.00000 48.50000
v -62.00000 14.00000 48.50000
v -62.00000 9.00000 49.50000
v -18.00000 9.00000 49.50000
v -18.00000 14.00000 49.50000
v -62.00000 14.00000 49.50000
v -62.00000 4.00000 48.50000
v -54.50000 4.00000 48.50000
v -54.50000 9.00000 48.50000
v -62.00000 9.00000 48.50000
v -62.00000 4.00000 49.50000
v -54.50000 4.00000 49.50000
v -54.50000 9.00000 49.50000
v -62.00000 9.00000 49.50000
v -47.50000 4.00000 48.50000
v -32.50000 4.00000 48.50000
v -32.50000 9.00000 48.50000
v -47.50000 9.00000 48.50000
v -47.50000 4.00000 49.50000
v -32.50000 4.00000 49.50000
v -32.50000 9.00000 49.50000
v -47.50000 9.00000 49.50000
v -25.50000 4.00000 48.50000
v -18.00000 4.00000 48.50000
v -18.00000 9.00000 48.50000
v -25.50000 9.00000 48.50000
v -25.50000 4.00000 49.50000
v -18.00000 4.00000 49.50000
v -18.00000 9.00000 49.50000
v -25.50000 9.00000 49.50000
v -54.32500 4.17500 48.92000
v -47.67500 4.17500 48.92000
v -47.67500 8.82500 48.92000
v -54.32500 8.82500 48.92000
v -54.32500 4.17500 49.08000
v -47.67500 4.17500 49.08000
v -47.67500 8.82500 49.08000
v -54.32500 8.82500 49.08000
v -54.59000 3.82500 48.81000
v -54.41000 3.82500 48.81000
v -54.41000 9.17500 48.81000
v -54.59000 9.17500 48.81000
v -54.59000 3.82500 49.03000
v -54.41000 3.82500 49.03000
v -54.41000 9.17500 49.03000
v -54.59000 9.17500 49.03000
v -47.59000 3.82500 48.81000
v -47.41000 3.82500 48.81000
v -47.41000 9.17500 48.81000
v -47.59000 9.17500 48.81000
v -47.59000 3.82500 49.03000
v -47.41000 3.82500 49.03000
v -47.41000 9.17500 49.03000
v -47.59000 9.17500 49.03000
v -54.67500 8.91000 48.81000
v -47.32500 8.91000 48.81000
v -47.32500 9.09000 48.81000
v -54.67500 9.09000 48.81000
v -54.67500 8.91000 49.03000
v -47.32500 8.91000 49.03000
v -47.32500 9.09000 49.03000
v -54.67500 9.09000 49.03000
v -54.67500 3.91000 48.81000
v -47.32500 3.91000 48.81000
v -47.32500 4.09000 48.81000
v -54.67500 4.09000 48.81000
v -54.67500 3.91000 49.03000
v -47.32500 3.91000 49.03000
v -47.32500 4.09000 49.03000
v -54.67500 4.09000 49.03000
v -32.32500 4.17500 48.92000
v -25.67500 4.17500 48.92000
v -25.67500 8.82500 48.92000
v -32.32500 8.82500 48.92000
v -32.32500 4.17500 49.08000
v -25.67500 4.17500 49.08000
v -25.67500 8.82500 49.08000
v -32.32500 8.82500 49.08000
v -32.59000 3.82500 48.81000
v -32.41000 3.82500 48.81000
v -32.41000 9.17500 48.81000
v -32.59000 9.17500 48.81000
v -32.59000 3.82500 49.03000
v -32.41000 3.82500 49.03000
v -32.41000 9.17500 49.03000
v -32.59000 9.17500 49.03000
v -25.59000 3.82500 48.81000
v -25.41000 3.82500 48.81000
v -25.41000 9.17500 48.81000
v -25.59000 9.17500 48.81000
v -25.59000 3.82500 49.03000
v -25.41000 3.82500 49.03000
v -25.41000 9.17500 49.03000
v -25.59000 9.17500 49.03000
v -32.67500 8.91000 48.81000
v -25.32500 8.91000 48.81000
v -25.32500 9.09000 48.81000
v -32.67500 9.09000 48.81000
v -32.67500 8.91000 49.03000
v -25.32500 8.91000 49.03000
v -25.32500 9.09000 49.03000
v -32.67500 9.09000 49.03000
v -32.67500 3.91000 48.81000
v -25.32500 3.91000 48.81000
v -25.32500 4.09000 48.81000
v -32.67500 4.09000 48.81000
v -32.67500 3.91000 49.03000
v -25.32500 3.91000 49.03000
v -25.32500 4.09000 49.03000
v -32.67500 4.09000 49.03000
v -62.00000 0.00000 -9.50000
v -43.00000 0.00000 -9.50000
v -43.00000 14.00000 -9.50000
v -62.00000 14.00000 -9.50000
v -62.00000 0.00000 -8.50000
v -43.00000 0.00000 -8.50000
v -43.00000 14.00000 -8.50000
v -62.00000 14.00000 -8.50000
v -37.00000 0.00000 -9.50000
v -18.00000 0.00000 -9.50000
v -18.00000 14.00000 -9.50000
v -37.00000 14.00000 -9.50000
v -37.00000 0.00000 -8.50000
v -18.00000 0.00000 -8.50000
v -18.00000 14.00000 -8.50000
v -37.00000 14.00000 -8.50000
v -43.00000 9.00000 -9.50000
v -37.00000 9.00000 -9.50000
v -37.00000 14.00000 -9.50000
v -43.00000 14.00000 -9.50000
v -43.00000 9.00000 -8.50000
v -37.00000 9.00000 -8.50000
v -37.00000 14.00000 -8.50000
v -43.00000 14.00000 -8.50000
v -62.00000 0.00000 8.50000
v -43.00000 0.00000 8.50000
v -43.00000 14.00000 8.50000
v -62.00000 14.00000 8.50000
v -62.00000 0.00000 9.50000
v -43.00000 0.00000 9.50000
v -43.00000 14.00000 9.50000
v -62.00000 14.00000 9.50000
v -37.00000 0.00000 8.50000
v -18.00000 0.00000 8.50000
v -18.00000 14.00000 8.50000
v -37.00000 14.00000 8.50000
v -37.00000 0.00000 9.50000
v -18.00000 0.00000 9.50000
v -18.00000 14.00000 9.50000
v -37.00000 14.00000 9.50000
v -43.00000 9.00000 8.50000
v -37.00000 9.00000 8.50000
v -37.00000 14.00000 8.50000
v -43.00000 14.00000 8.50000
v -43.00000 9.00000 9.50000
v -37.00000 9.00000 9.50000
v -37.00000 14.00000 9.50000
v -43.00000 14.00000 9.50000
v 18.00000 0.00000 -49.50000
v 62.00000 0.00000 -49.50000
v 62.00000 4.00000 -49.50000
v 18.00000 4.00000 -49.50000
v 18.00000 0.00000 -48.50000
v 62.00000 0.00000 -48.50000
v 62.00000 4.00000 -48.50000
v 18.00000 4.00000 -48.50000
v 18.00000 9.00000 -49.50000
v 62.00000 9.00000 -49.50000
v 62.00000 14.00000 -49.50000
v 18.00000 14.00000 -49.50000
v 18.00000 9.00000 -48.50000
v 62.00000 9.00000 -48.50000
v 62.00000 14.00000 -48.50000
v 18.00000 14.00000 -48.50000
v 18.00000 4.00000 -49.50000
v 25.50000 4.00000 -49.50000
v 25.50000 9.00000 -49.50000
v 18.00000 9.00000 -49.50000
v 18.00000 4.00000 -48.50000
v 25.50000 4.00000 -48.50000
v 25.50000 9.00000 -48.50000
v 18.00000 9.00000 -48.50000
v 32.50000 4.00000 -49.50000
v 47.50000 4.00000 -49.50000
v 47.50000 9.00000 -49.50000
v 32.50000 9.00000 -49.50000
v 32.50000 4.00000 -48.50000
v 47.50000 4.00000 -48.50000
v 47.50000 9.00000 -48.50000
v 32.50000 9.00000 -48.50000
v 54.50000 4.00000 -49.50000
v 62.00000 4.00000 -49.50000
v 62.00000 9.00000 -49.50000
v 54.50000 9.00000 -49.50000
v 54.50000 4.00000 -48.50000
v 62.00000 4.00000 -48.50000
v 62.00000 9.00000 -48.50000
v 54.50000 9.00000 -48.50000
v 25.67500 4.17500 -49.08000
v 32.32500 4.17500 -49.08000
v 32.32500 8.82500 -49.08000
v 25.67500 8.82500 -49.08000
v 25.67500 4.17500 -48.92000
v 32.32500 4.17500 -48.92000
v 32.32500 8.82500 -48.92000
v 25.67500 8.82500 -48.92000
v 25.41000 3.82500 -49.19000
v 25.59000 3.82500 -49.19000
v 25.59000 9.17500 -49.19000
v 25.41000 9.17500 -49.19000
v 25.41000 3.82500 -48.97000
v 25.59000 3.82500 -48.97000
v 25.59000 9.17500 -48.97000
v 25.41000 9.17500 -48.97000
v 32.41000 3.82500 -49.19000
v 32.59000 3.82500 -49.19000
v 32.59000 9.17500 -49.19000
v 32.41000 9.17500 -49.19000
v 32.41000 3.82500 -48.97000
v 32.59000 3.82500 -48.97000
v 32.59000 9.17500 -48.97000
v 32.41000 9.17500 -48.97000
v 25.32500 8.91000 -49.19000
v 32.67500 8.91000 -49.19000
v 32.67500 9.09000 -49.19000
v 25.32500 9.09000 -49.19000
v 25.32500 8.91000 -48.97000
v 32.67500 8.91000 -48.97000
v 32.67500 9.09000 -48.97000
v 25.32500 9.09000 -48.97000
v 25.32500 3.91000 -49.19000
v 32.67500 3.91000 -49.19000
v 32.67500 4.09000 -49.19000
v 25.32500 4.09000 -49.19000
v 25.32500 3.91000 -48.97000
v 32.67500 3.91000 -48.97000
v 32.67500 4.09000 -48.97000
v 25.32500 4.09000 -48.97000
v 47.67500 4.17500 -49.08000
v 54.32500 4.17500 -49.08000
v 54.32500 8.82500 -49.08000
v 47.67500 8.82500 -49.08000
v 47.67500 4.17500 -48.92000
v 54.32500 4.17500 -48.92000
v 54.32500 8.82500 -48.92000
v 47.67500 8.82500 -48.92000
v 47.41000 3.82500 -49.19000
v 47.59000 3.82500 -49.19000
v 47.59000 9.17500 -49.19000
v 47.41000 9.17500 -49.19000
v 47.41000 3.82500 -48.97000
v 47.59000 3.82500 -48.97000
v 47.59000 9.17500 -48.97000
v 47.41000 9.17500 -48.97000
v 54.41000 3.82500 -49.19000
v 54.59000 3.82500 -49.19000
v 54.59000 9.17500 -49.19000
v 54.41000 9.17500 -49.19000
v 54.41000 3.82500 -48.97000
v 54.59000 3.82500 -48.97000
v 54.59000 9.17500 -48.97000
v 54.41000 9.17500 -48.97000
v 47.32500 8.91000 -49.19000
v 54.67500 8.91000 -49.19000
v 54.67500 9.09000 -49.19000
v 47.32500 9.09000 -49.19000
v 47.32500 8.91000 -48.97000
v 54.67500 8.91000 -48.97000
v 54.67500 9.09000 -48.97000
v 47.32500 9.09000 -48.97000
v 47.32500 3.91000 -49.19000
v 54.67500 3.91000 -49.19000
v 54.67500 4.09000 -49.19000
v 47.32500 4.09000 -49.19000
v 47.32500 3.91000 -48.97000
v 54.67500 3.91000 -48.97000
v 54.67500 4.09000 -48.97000
v 47.32500 4.09000 -48.97000
v 18.00000 0.00000 48.50000
v 62.00000 0.00000 48.50000
v 62.00000 4.00000 48.50000
v 18.00000 4.00000 48.50000
v 18.00000 0.00000 49.50000
v 62.00000 0.00000 49.50000
v 62.00000 4.00000 49.50000
v 18.00000 4.00000 49.50000
v 18.00000 9.00000 48.50000
v 62.00000 9.00000 48.50000
v 62.00000 14.00000 48.50000
v 18.00000 14.00000 48.50000
v 18.00000 9.00000 49.50000
v 62.00000 9.00000 49.50000
v 62.00000 14.00000 49.50000
v 18.00000 14.00000 49.50000
v 18.00000 4.00000 48.50000
v 25.50000 4.00000 48.50000
v 25.50000 9.00000 48.50000
v 18.00000 9.00000 48.50000
v 18.00000 4.00000 49.50000
v 25.50000 4.00000 49.50000
v 25.50000 9.00000 49.50000
v 18.00000 9.00000 49.50000
v 32.50000 4.00000 48.50000
v 47.50000 4.00000 48.50000
v 47.50000 9.00000 48.50000
v 32.50000 9.00000 48.50000
v 32.50000 4.00000 49.50000
v 47.50000 4.00000 49.50000
v 47.50000 9.00000 49.50000
v 32.50000 9.00000 49.50000
v 54.50000 4.00000 48.50000
v 62.00000 4.00000 48.50000
v 62.00000 9.00000 48.50000
v 54.50000 9.00000 48.50000
v 54.50000 4.00000 49.50000
v 62.00000 4.00000 49.50000
v 62.00000 9.00000 49.50000
v 54.50000 9.00000 49.50000
v 25.67500 4.17500 48.92000
v 32.32500 4.17500 48.92000
v 32.32500 8.82500 48.92000
v 25.67500 8.82500 48.92000
v 25.67500 4.17500 49.08000
v 32.32500 4.17500 49.08000
v 32.32500 8.82500 49.08000
v 25.67500 8.82500 49.08000
v 25.41000 3.82500 48.81000
v 25.59000 3.82500 48.81000
v 25.59000 9.17500 48.81000
v 25.41000 9.17500 48.81000
v 25.41000 3.82500 49.03000
v 25.59000 3.82500 49.03000
v 25.59000 9.17500 49.03000
v 25.41000 9.17500 49.03000
v 32.41000 3.82500 48.81000
v 32.59000 3.82500 48.81000
v 32.59000 9.17500 48.81000
v 32.41000 9.17500 48.81000
v 32.41000 3.82500 49.03000
v 32.59000 3.82500 49.03000
v 32.59000 9.17500 49.03000
v 32.41000 9.17500 49.03000
v 25.32500 8.91000 48.81000
v 32.67500 8.91000 48.81000
v 32.67500 9.09000 48.81000
v 25.32500 9.09000 48.81000
v 25.32500 8.91000 49.03000
v 32.67500 8.91000 49.03000
v 32.67500 9.09000 49.03000
v 25.32500 9.09000 49.03000
v 25.32500 3.91000 48.81000
v 32.67500 3.91000 48.81000
v 32.67500 4.09000 48.81000
v 25.32500 4.09000 48.81000
v 25.32500 3.91000 49.03000
v 32.67500 3.91000 49.03000
v 32.67500 4.09000 49.03000
v 25.32500 4.09000 49.03000
v 47.67500 4.17500 48.92000
v 54.32500 4.17500 48.92000
v 54.32500 8.82500 48.92000
v 47.67500 8.82500 48.92000
v 47.67500 4.17500 49.08000
v 54.32500 4.17500 49.08000
v 54.32500 8.82500 49.08000
v 47.67500 8.82500 49.08000
v 47.41000 3.82500 48.81000
v 47.59000 3.82500 48.81000
v 47.59000 9.17500 48.81000
v 47.41000 9.17500 48.81000
v 47.41000 3.82500 49.03000
v 47.59000 3.82500 49.03000
v 47.59000 9.17500 49.03000
v 47.41000 9.17500 49.03000
v 54.41000 3.82500 48.81000
v 54.59000 3.82500 48.81000
v 54.59000 9.17500 48.81000
v 54.41000 9.17500 48.81000
v 54.41000 3.82500 49.03000
v 54.59000 3.82500 49.03000
v 54.59000 9.17500 49.03000
v 54.41000 9.17500 49.03000
v 47.32500 8.91000 48.81000
v 54.67500 8.91000 48.81000
v 54.67500 9.09000 48.81000
v 47.32500 9.09000 48.81000
v 47.32500 8.91000 49.03000
v 54.67500 8.91000 49.03000
v 54.67500 9.09000 49.03000
v 47.32500 9.09000 49.03000
v 47.32500 3.91000 48.81000
v 54.67500 3.91000 48.81000
v 54.67500 4.09000 48.81000
v 47.32500 4.09000 48.81000
v 47.32500 3.91000 49.03000
v 54.67500 3.91000 49.03000
v 54.67500 4.09000 49.03000
v 47.32500 4.09000 49.03000
v 18.00000 0.00000 -9.50000
v 37.00000 0.00000 -9.50000
v 37.00000 14.00000 -9.50000
v 18.00000 14.00000 -9.50000
v 18.00000 0.00000 -8.50000
v 37.00000 0.00000 -8.50000
v 37.00000 14.00000 -8.50000
v 18.00000 14.00000 -8.50000
v 43.00000 0.00000 -9.50000
v 62.00000 0.00000 -9.50000
v 62.00000 14.00000 -9.50000
v 43.00000 14.00000 -9.50000
v 43.00000 0.00000 -8.50000
v 62.00000 0.00000 -8.50000
v 62.00000 14.00000 -8.50000
v 43.00000 14.00000 -8.50000
v 37.00000 9.00000 -9.50000
v 43.00000 9.00000 -9.50000
v 43.00000 14.00000 -9.50000
v 37.00000 14.00000 -9.50000
v 37.00000 9.00000 -8.50000
v 43.00000 9.00000 -8.50000
v 43.00000 14.00000 -8.50000
v 37.00000 14.00000 -8.50000
v 18.00000 0.00000 8.50000
v 37.00000 0.00000 8.50000
v 37.00000 14.00000 8.50000
v 18.00000 14.00000 8.50000
v 18.00000 0.00000 9.50000
v 37.00000 0.00000 9.50000
v 37.00000 14.00000 9.50000
v 18.00000 14.00000 9.50000
v 43.00000 0.00000 8.50000
v 62.00000 0.00000 8.50000
v 62.00000 14.00000 8.50000
v 43.00000 14.00000 8.50000
v 43.00000 0.00000 9.50000
v 62.00000 0.00000 9.50000
v 62.00000 14.00000 9.50000
v 43.00000 14.00000 9.50000
v 37.00000 9.00000 8.50000
v 43.00000 9.00000 8.50000
v 43.00000 14.00000 8.50000
v 37.00000 14.00000 8.50000
v 37.00000 9.00000 9.50000
v 43.00000 9.00000 9.50000
v 43.00000 14.00000 9.50000
v 37.00000 14.00000 9.50000
v 62.00000 0.00000 -49.50000
v 106.00000 0.00000 -49.50000
v 106.00000 4.00000 -49.50000
v 62.00000 4.00000 -49.50000
v 62.00000 0.00000 -48.50000
v 106.00000 0.00000 -48.50000
v 106.00000 4.00000 -48.50000
v 62.00000 4.00000 -48.50000
v 62.00000 9.00000 -49.50000
v 106.00000 9.00000 -49.50000
v 106.00000 14.00000 -49.50000
v 62.00000 14.00000 -49.50000
v 62.00000 9.00000 -48.50000
v 106.00000 9.00000 -48.50000
v 106.00000 14.00000 -48.50000
v 62.00000 14.00000 -48.50000
v 62.00000 4.00000 -49.50000
v 69.50000 4.00000 -49.50000
v 69.50000 9.00000 -49.50000
v 62.00000 9.00000 -49.50000
v 62.00000 4.00000 -48.50000
v 69.50000 4.00000 -48.50000
v 69.50000 9.00000 -48.50000
v 62.00000 9.00000 -48.50000
v 76.50000 4.00000 -49.50000
v 91.50000 4.00000 -49.50000
v 91.50000 9.00000 -49.50000
v 76.50000 9.00000 -49.50000
v 76.50000 4.00000 -48.50000
v 91.50000 4.00000 -48.50000
v 91.50000 9.00000 -48.50000
v 76.50000 9.00000 -48.50000
v 98.50000 4.00000 -49.50000
v 106.00000 4.00000 -49.50000
v 106.00000 9.00000 -49.50000
v 98.50000 9.00000 -49.50000
v 98.50000 4.00000 -48.50000
v 106.00000 4.00000 -48.50000
v 106.00000 9.00000 -48.50000
v 98.50000 9.00000 -48.50000
v 69.67500 4.17500 -49.08000
v 76.32500 4.17500 -49.08000
v 76.32500 8.82500 -49.08000
v 69.67500 8.82500 -49.08000
v 69.67500 4.17500 -48.92000
v 76.32500 4.17500 -48.92000
v 76.32500 8.82500 -48.92000
v 69.67500 8.82500 -48.92000
v 69.41000 3.82500 -49.19000
v 69.59000 3.82500 -49.19000
v 69.59000 9.17500 -49.19000
v 69.41000 9.17500 -49.19000
v 69.41000 3.82500 -48.97000
v 69.59000 3.82500 -48.97000
v 69.59000 9.17500 -48.97000
v 69.41000 9.17500 -48.97000
v 76.41000 3.82500 -49.19000
v 76.59000 3.82500 -49.19000
v 76.59000 9.17500 -49.19000
v 76.41000 9.17500 -49.19000
v 76.41000 3.82500 -48.97000
v 76.59000 3.82500 -48.97000
v 76.59000 9.17500 -48.97000
v 76.41000 9.17500 -48.97000
v 69.32500 8.91000 -49.19000
v 76.67500 8.91000 -49.19000
v 76.67500 9.09000 -49.19000
v 69.32500 9.09000 -49.19000
v 69.32500 8.91000 -48.97000
v 76.67500 8.91000 -48.97000
v 76.67500 9.09000 -48.97000
v 69.32500 9.09000 -48.97000
v 69.32500 3.91000 -49.19000
v 76.67500 3.91000 -49.19000
v 76.67500 4.09000 -49.19000
v 69.32500 4.09000 -49.19000
v 69.32500 3.91000 -48.97000
v 76.67500 3.91000 -48.97000
v 76.67500 4.09000 -48.97000
v 69.32500 4.09000 -48.97000
v 91.67500 4.17500 -49.08000
v 98.32500 4.17500 -49.08000
v 98.32500 8.82500 -49.08000
v 91.67500 8.82500 -49.08000
v 91.67500 4.17500 -48.92000
v 98.32500 4.17500 -48.92000
v 98.32500 8.82500 -48.92000
v 91.67500 8.82500 -48.92000
v 91.41000 3.82500 -49.19000
v 91.59000 3.82500 -49.19000
v 91.59000 9.17500 -49.19000
v 91.41000 9.17500 -49.19000
v 91.41000 3.82500 -48.97000
v 91.59000 3.82500 -48.97000
v 91.59000 9.17500 -48.97000
v 91.41000 9.17500 -48.97000
v 98.41000 3.82500 -49.19000
v 98.59000 3.82500 -49.19000
v 98.59000 9.17500 -49.19000
v 98.41000 9.17500 -49.19000
v 98.41000 3.82500 -48.97000
v 98.59000 3.82500 -48.97000
v 98.59000 9.17500 -48.97000
v 98.41000 9.17500 -48.97000
v 91.32500 8.91000 -49.19000
v 98.67500 8.91000 -49.19000
v 98.67500 9.09000 -49.19000
v 91.32500 9.09000 -49.19000
v 91.32500 8.91000 -48.97000
v 98.67500 8.91000 -48.97000
v 98.67500 9.09000 -48.97000
v 91.32500 9.09000 -48.97000
v 91.32500 3.91000 -49.19000
v 98.67500 3.91000 -49.19000
v 98.67500 4.09000 -49.19000
v 91.32500 4.09000 -49.19000
v 91.32500 3.91000 -48.97000
v 98.67500 3.91000 -48.97000
v 98.67500 4.09000 -48.97000
v 91.32500 4.09000 -48.97000
v 62.00000 0.00000 48.50000
v 106.00000 0.00000 48.50000
v 106.00000 4.00000 48.50000
v 62.00000 4.00000 48.50000
v 62.00000 0.00000 49.50000
v 106.00000 0.00000 49.50000
v 106.00000 4.00000 49.50000
v 62.00000 4.00000 49.50000
v 62.00000 9.00000 48.50000
v 106.00000 9.00000 48.50000
v 106.00000 14.00000 48.50000
v 62.00000 14.00000 48.50000
v 62.00000 9.00000 49.50000
v 106.00000 9.00000 49.50000
v 106.00000 14.00000 49.50000
v 62.00000 14.00000 49.50000
v 62.00000 4.00000 48.50000
v 69.50000 4.00000 48.50000
v 69.50000 9.00000 48.50000
v 62.00000 9.00000 48.50000
v 62.00000 4.00000 49.50000
v 69.50000 4.00000 49.50000
v 69.50000 9.00000 49.50000
v 62.00000 9.00000 49.50000
v 76.50000 4.00000 48.50000
v 91.50000 4.00000 48.50000
v 91.50000 9.00000 48.50000
v 76.50000 9.00000 48.50000
v 76.50000 4.00000 49.50000
v 91.50000 4.00000 49.50000
v 91.50000 9.00000 49.50000
v 76.50000 9.00000 49.50000
v 98.50000 4.00000 48.50000
v 106.00000 4.00000 48.50000
v 106.00000 9.00000 48.50000
v 98.50000 9.00000 48.50000
v 98.50000 4.00000 49.50000
v 106.00000 4.00000 49.50000
v 106.00000 9.00000 49.50000
v 98.50000 9.00000 49.50000
v 69.67500 4.17500 48.92000
v 76.32500 4.17500 48.92000
v 76.32500 8.82500 48.92000
v 69.67500 8.82500 48.92000
v 69.67500 4.17500 49.08000
v 76.32500 4.17500 49.08000
v 76.32500 8.82500 49.08000
v 69.67500 8.82500 49.08000
v 69.41000 3.82500 48.81000
v 69.59000 3.82500 48.81000
v 69.59000 9.17500 48.81000
v 69.41000 9.17500 48.81000
v 69.41000 3.82500 49.03000
v 69.59000 3.82500 49.03000
v 69.59000 9.17500 49.03000
v 69.41000 9.17500 49.03000
v 76.41000 3.82500 48.81000
v 76.59000 3.82500 48.81000
v 76.59000 9.17500 48.81000
v 76.41000 9.17500 48.81000
v 76.41000 3.82500 49.03000
v 76.59000 3.82500 49.03000
v 76.59000 9.17500 49.03000
v 76.41000 9.17500 49.03000
v 69.32500 8.91000 48.81000
v 76.67500 8.91000 48.81000
v 76.67500 9.09000 48.81000
v 69.32500 9.09000 48.81000
v 69.32500 8.91000 49.03000
v 76.67500 8.91000 49.03000
v 76.67500 9.09000 49.03000
v 69.32500 9.09000 49.03000
v 69.32500 3.91000 48.81000
v 76.67500 3.91000 48.81000
v 76.67500 4.09000 48.81000
v 69.32500 4.09000 48.81000
v 69.32500 3.91000 49.03000
v 76.67500 3.91000 49.03000
v 76.67500 4.09000 49.03000
v 69.32500 4.09000 49.03000
v 91.67500 4.17500 48.92000
v 98.32500 4.17500 48.92000
v 98.32500 8.82500 48.92000
v 91.67500 8.82500 48.92000
v 91.67500 4.17500 49.08000
v 98.32500 4.17500 49.08000
v 98.32500 8.82500 49.08000
v 91.67500 8.82500 49.08000
v 91.41000 3.82500 48.81000
v 91.59000 3.82500 48.81000
v 91.59000 9.17500 48.81000
v 91.41000 9.17500 48.81000
v 91.41000 3.82500 49.03000
v 91.59000 3.82500 49.03000
v 91.59000 9.17500 49.03000
v 91.41000 9.17500 49.03000
v 98.41000 3.82500 48.81000
v 98.59000 3.82500 48.81000
v 98.59000 9.17500 48.81000
v 98.41000 9.17500 48.81000
v 98.41000 3.82500 49.03000
v 98.59000 3.82500 49.03000
v 98.59000 9.17500 49.03000
v 98.41000 9.17500 49.03000
v 91.32500 8.91000 48.81000
v 98.67500 8.91000 48.81000
v 98.67500 9.09000 48.81000
v 91.32500 9.09000 48.81000
v 91.32500 8.91000 49.03000
v 98.67500 8.91000 49.03000
v 98.67500 9.09000 49.03000
v 91.32500 9.09000 49.03000
v 91.32500 3.91000 48.81000
v 98.67500 3.91000 48.81000
v 98.67500 4.09000 48.81000
v 91.32500 4.09000 48.81000
v 91.32500 3.91000 49.03000
v 98.67500 3.91000 49.03000
v 98.67500 4.09000 49.03000
v 91.32500 4.09000 49.03000
v 62.00000 0.00000 -9.50000
v 81.00000 0.00000 -9.50000
v 81.00000 14.00000 -9.50000
v 62.00000 14.00000 -9.50000
v 62.00000 0.00000 -8.50000
v 81.00000 0.00000 -8.50000
v 81.00000 14.00000 -8.50000
v 62.00000 14.00000 -8.50000
v 87.00000 0.00000 -9.50000
v 106.00000 0.00000 -9.50000
v 106.00000 14.00000 -9.50000
v 87.00000 14.00000 -9.50000
v 87.00000 0.00000 -8.50000
v 106.00000 0.00000 -8.50000
v 106.00000 14.00000 -8.50000
v 87.00000 14.00000 -8.50000
v 81.00000 9.00000 -9.50000
v 87.00000 9.00000 -9.50000
v 87.00000 14.00000 -9.50000
v 81.00000 14.00000 -9.50000
v 81.00000 9.00000 -8.50000
v 87.00000 9.00000 -8.50000
v 87.00000 14.00000 -8.50000
v 81.00000 14.00000 -8.50000
v 62.00000 0.00000 8.50000
v 81.00000 0.00000 8.50000
v 81.00000 14.00000 8.50000
v 62.00000 14.00000 8.50000
v 62.00000 0.00000 9.50000
v 81.00000 0.00000 9.50000
v 81.00000 14.00000 9.50000
v 62.00000 14.00000 9.50000
v 87.00000 0.00000 8.50000
v 106.00000 0.00000 8.50000
v 106.00000 14.00000 8.50000
v 87.00000 14.00000 8.50000
v 87.00000 0.00000 9.50000
v 106.00000 0.00000 9.50000
v 106.00000 14.00000 9.50000
v 87.00000 14.00000 9.50000
v 81.00000 9.00000 8.50000
v 87.00000 9.00000 8.50000
v 87.00000 14.00000 8.50000
v 81.00000 14.00000 8.50000
v 81.00000 9.00000 9.50000
v 87.00000 9.00000 9.50000
v 87.00000 14.00000 9.50000
v 81.00000 14.00000 9.50000
v -106.50000 0.00000 -49.00000
v -105.50000 0.00000 -49.00000
v -105.50000 14.00000 -49.00000
v -106.50000 14.00000 -49.00000
v -106.50000 0.00000 -9.00000
v -105.50000 0.00000 -9.00000
v -105.50000 14.00000 -9.00000
v -106.50000 14.00000 -9.00000
v -106.50000 0.00000 9.00000
v -105.50000 0.00000 9.00000
v -105.50000 14.00000 9.00000
v -106.50000 14.00000 9.00000
v -106.50000 0.00000 49.00000
v -105.50000 0.00000 49.00000
v -105.50000 14.00000 49.00000
v -106.50000 14.00000 49.00000
v -62.50000 0.00000 -49.00000
v -61.50000 0.00000 -49.00000
v -61.50000 14.00000 -49.00000
v -62.50000 14.00000 -49.00000
v -62.50000 0.00000 -9.00000
v -61.50000 0.00000 -9.00000
v -61.50000 14.00000 -9.00000
v -62.50000 14.00000 -9.00000
v -62.50000 0.00000 9.00000
v -61.50000 0.00000 9.00000
v -61.50000 14.00000 9.00000
v -62.50000 14.00000 9.00000
v -62.50000 0.00000 49.00000
v -61.50000 0.00000 49.00000
v -61.50000 14.00000 49.00000
v -62.50000 14.00000 49.00000
v -18.50000 0.00000 -49.00000
v -17.50000 0.00000 -49.00000
v -17.50000 14.00000 -49.00000
v -18.50000 14.00000 -49.00000
v -18.50000 0.00000 -9.00000
v -17.50000 0.00000 -9.00000
v -17.50000 14.00000 -9.00000
v -18.50000 14.00000 -9.00000
v -18.50000 0.00000 9.00000
v -17.50000 0.00000 9.00000
v -17.50000 14.00000 9.00000
v -18.50000 14.00000 9.00000
v -18.50000 0.00000 49.00000
v -17.50000 0.00000 49.00000
v -17.50000 14.00000 49.00000
v -18.50000 14.00000 49.00000
v 17.50000 0.00000 -49.00000
v 18.50000 0.00000 -49.00000
v 18.50000 14.00000 -49.00000
v 17.50000 14.00000 -49.00000
v 17.50000 0.00000 -9.00000
v 18.50000 0.00000 -9.00000
v 18.50000 14.00000 -9.00000
v 17.50000 14.00000 -9.00000
v 17.50000 0.00000 9.00000
v 18.50000 0.00000 9.00000
v 18.50000 14.00000 9.00000
v 17.50000 14.00000 9.00000
v 17.50000 0.00000 49.00000
v 18.50000 0.00000 49.00000
v 18.50000 14.00000 49.00000
v 17.50000 14.00000 49.00000
v 61.50000 0.00000 -49.00000
v 62.50000 0.00000 -49.00000
v 62.50000 14.00000 -49.00000
v 61.50000 14.00000 -49.00000
v 61.50000 0.00000 -9.00000
v 62.50000 0.00000 -9.00000
v 62.50000 14.00000 -9.00000
v 61.50000 14.00000 -9.00000
v 61.50000 0.00000 9.00000
v 62.50000 0.00000 9.00000
v 62.50000 14.00000 9.00000
v 61.50000 14.00000 9.00000
v 61.50000 0.00000 49.00000
v 62.50000 0.00000 49.00000
v 62.50000 14.00000 49.00000
v 61.50000 14.00000 49.00000
v 105.50000 0.00000 -49.00000
v 106.50000 0.00000 -49.00000
v 106.50000 14.00000 -49.00000
v 105.50000 14.00000 -49.00000
v 105.50000 0.00000 -9.00000
v 106.50000 0.00000 -9.00000
v 106.50000 14.00000 -9.00000
v 105.50000 14.00000 -9.00000
v 105.50000 0.00000 9.00000
v 106.50000 0.00000 9.00000
v 106.50000 14.00000 9.00000
v 105.50000 14.00000 9.00000
v 105.50000 0.00000 49.00000
v 106.50000 0.00000 49.00000
v 106.50000 14.00000 49.00000
v 105.50000 14.00000 49.00000
v -106.50000 0.00000 -49.00000
v -105.50000 0.00000 -49.00000
v -105.50000 14.00000 -49.00000
v -106.50000 14.00000 -49.00000
v -106.50000 0.00000 49.00000
v -105.50000 0.00000 49.00000
v -105.50000 14.00000 49.00000
v -106.50000 14.00000 49.00000
v 105.50000 0.00000 -49.00000
v 106.50000 0.00000 -49.00000
v 106.50000 14.00000 -49.00000
v 105.50000 14.00000 -49.00000
v 105.50000 0.00000 49.00000
v 106.50000 0.00000 49.00000
v 106.50000 14.00000 49.00000
v 105.50000 14.00000 49.00000
v -18.00000 0.00000 -49.50000
v -6.00000 0.00000 -49.50000
v -6.00000 14.00000 -49.50000
v -18.00000 14.00000 -49.50000
v -18.00000 0.00000 -48.50000
v -6.00000 0.00000 -48.50000
v -6.00000 14.00000 -48.50000
v -18.00000 14.00000 -48.50000
v 6.00000 0.00000 -49.50000
v 18.00000 0.00000 -49.50000
v 18.00000 14.00000 -49.50000
v 6.00000 14.00000 -49.50000
v 6.00000 0.00000 -48.50000
v 18.00000 0.00000 -48.50000
v 18.00000 14.00000 -48.50000
v 6.00000 14.00000 -48.50000
v -6.00000 10.00000 -49.50000
v 6.00000 10.00000 -49.50000
v 6.00000 14.00000 -49.50000
v -6.00000 14.00000 -49.50000
v -6.00000 10.00000 -48.50000
v 6.00000 10.00000 -48.50000
v 6.00000 14.00000 -48.50000
v -6.00000 14.00000 -48.50000
v -18.00000 0.00000 48.50000
v 18.00000 0.00000 48.50000
v 18.00000 3.50000 48.50000
v -18.00000 3.50000 48.50000
v -18.00000 0.00000 49.50000
v 18.00000 0.00000 49.50000
v 18.00000 3.50000 49.50000
v -18.00000 3.50000 49.50000
v -18.00000 10.50000 48.50000
v 18.00000 10.50000 48.50000
v 18.00000 14.00000 48.50000
v -18.00000 14.00000 48.50000
v -18.00000 10.50000 49.50000
v 18.00000 10.50000 49.50000
v 18.00000 14.00000 49.50000
v -18.00000 14.00000 49.50000
v -18.00000 3.50000 48.50000
v -6.50000 3.50000 48.50000
v -6.50000 10.50000 48.50000
v -18.00000 10.50000 48.50000
v -18.00000 3.50000 49.50000
v -6.50000 3.50000 49.50000
v -6.50000 10.50000 49.50000
v -18.00000 10.50000 49.50000
v 6.50000 3.50000 48.50000
v 18.00000 3.50000 48.50000
v 18.00000 10.50000 48.50000
v 6.50000 10.50000 48.50000
v 6.50000 3.50000 49.50000
v 18.00000 3.50000 49.50000
v 18.00000 10.50000 49.50000
v 6.50000 10.50000 49.50000
v -6.35000 3.65000 48.84000
v 6.35000 3.65000 48.84000
v 6.35000 10.35000 48.84000
v -6.35000 10.35000 48.84000
v -6.35000 3.65000 49.00000
v 6.35000 3.65000 49.00000
v 6.35000 10.35000 49.00000
v -6.35000 10.35000 49.00000
v -106.00000 14.00000 -49.50000
v -62.00000 14.00000 -49.50000
v -62.00000 18.00000 -49.50000
v -106.00000 18.00000 -49.50000
v -106.00000 14.00000 -48.50000
v -62.00000 14.00000 -48.50000
v -62.00000 18.00000 -48.50000
v -106.00000 18.00000 -48.50000
v -106.00000 23.00000 -49.50000
v -62.00000 23.00000 -49.50000
v -62.00000 28.00000 -49.50000
v -106.00000 28.00000 -49.50000
v -106.00000 23.00000 -48.50000
v -62.00000 23.00000 -48.50000
v -62.00000 28.00000 -48.50000
v -106.00000 28.00000 -48.50000
v -106.00000 18.00000 -49.50000
v -98.50000 18.00000 -49.50000
v -98.50000 23.00000 -49.50000
v -106.00000 23.00000 -49.50000
v -106.00000 18.00000 -48.50000
v -98.50000 18.00000 -48.50000
v -98.50000 23.00000 -48.50000
v -106.00000 23.00000 -48.50000
v -91.50000 18.00000 -49.50000
v -76.50000 18.00000 -49.50000
v -76.50000 23.00000 -49.50000
v -91.50000 23.00000 -49.50000
v -91.50000 18.00000 -48.50000
v -76.50000 18.00000 -48.50000
v -76.50000 23.00000 -48.50000
v -91.50000 23.00000 -48.50000
v -69.50000 18.00000 -49.50000
v -62.00000 18.00000 -49.50000
v -62.00000 23.00000 -49.50000
v -69.50000 23.00000 -49.50000
v -69.50000 18.00000 -48.50000
v -62.00000 18.00000 -48.50000
v -62.00000 23.00000 -48.50000
v -69.50000 23.00000 -48.50000
v -98.32500 18.17500 -49.08000
v -91.67500 18.17500 -49.08000
v -91.67500 22.82500 -49.08000
v -98.32500 22.82500 -49.08000
v -98.32500 18.17500 -48.92000
v -91.67500 18.17500 -48.92000
v -91.67500 22.82500 -48.92000
v -98.32500 22.82500 -48.92000
v -98.59000 17.82500 -49.19000
v -98.41000 17.82500 -49.19000
v -98.41000 23.17500 -49.19000
v -98.59000 23.17500 -49.19000
v -98.59000 17.82500 -48.97000
v -98.41000 17.82500 -48.97000
v -98.41000 23.17500 -48.97000
v -98.59000 23.17500 -48.97000
v -91.59000 17.82500 -49.19000
v -91.41000 17.82500 -49.19000
v -91.41000 23.17500 -49.19000
v -91.59000 23.17500 -49.19000
v -91.59000 17.82500 -48.97000
v -91.41000 17.82500 -48.97000
v -91.41000 23.17500 -48.97000
v -91.59000 23.17500 -48.97000
v -98.67500 22.91000 -49.19000
v -91.32500 22.91000 -49.19000
v -91.32500 23.09000 -49.19000
v -98.67500 23.09000 -49.19000
v -98.67500 22.91000 -48.97000
v -91.32500 22.91000 -48.97000
v -91.32500 23.09000 -48.97000
v -98.67500 23.09000 -48.97000
v -98.67500 17.91000 -49.19000
v -91.32500 17.91000 -49.19000
v -91.32500 18.09000 -49.19000
v -98.67500 18.09000 -49.19000
v -98.67500 17.91000 -48.97000
v -91.32500 17.91000 -48.97000
v -91.32500 18.09000 -48.97000
v -98.67500 18.09000 -48.97000
v -76.32500 18.17500 -49.08000
v -69.67500 18.17500 -49.08000
v -69.67500 22.82500 -49.08000
v -76.32500 22.82500 -49.08000
v -76.32500 18.17500 -48.92000
v -69.67500 18.17500 -48.92000
v -69.67500 22.82500 -48.92000
v -76.32500 22.82500 -48.92000
v -76.59000 17.82500 -49.19000
v -76.41000 17.82500 -49.19000
v -76.41000 23.17500 -49.19000
v -76.59000 23.17500 -49.19000
v -76.59000 17.82500 -48.97000
v -76.41000 17.82500 -48.97000
v -76.41000 23.17500 -48.97000
v -76.59000 23.17500 -48.97000
v -69.59000 17.82500 -49.19000
v -69.41000 17.82500 -49.19000
v -69.41000 23.17500 -49.19000
v -69.59000 23.17500 -49.19000
v -69.59000 17.82500 -48.97000
v -69.41000 17.82500 -48.97000
v -69.41000 23.17500 -48.97000
v -69.59000 23.17500 -48.97000
v -76.67500 22.91000 -49.19000
v -69.32500 22.91000 -49.19000
v -69.32500 23.09000 -49.19000
v -76.67500 23.09000 -49.19000
v -76.67500 22.91000 -48.97000
v -69.32500 22.91000 -48.97000
v -69.32500 23.09000 -48.97000
v -76.67500 23.09000 -48.97000
v -76.67500 17.91000 -49.19000
v -69.32500 17.91000 -49.19000
v -69.32500 18.09000 -49.19000
v -76.67500 18.09000 -49.19000
v -76.67500 17.91000 -48.97000
v -69.32500 17.91000 -48.97000
v -69.32500 18.09000 -48.97000
v -76.67500 18.09000 -48.97000
v -106.00000 14.00000 48.50000
v -62.00000 14.00000 48.50000
v -62.00000 18.00000 48.50000
v -106.00000 18.00000 48.50000
v -106.00000 14.00000 49.50000
v -62.00000 14.00000 49.50000
v -62.00000 18.00000 49.50000
v -106.00000 18.00000 49.50000
v -106.00000 23.00000 48.50000
v -62.00000 23.00000 48.50000
v -62.00000 28.00000 48.50000
v -106.00000 28.00000 48.50000
v -106.00000 23.00000 49.50000
v -62.00000 23.00000 49.50000
v -62.00000 28.00000 49.50000
v -106.00000 28.00000 49.50000
v -106.00000 18.00000 48.50000
v -98.50000 18.00000 48.50000
v -98.50000 23.00000 48.50000
v -106.00000 23.00000 48.50000
v -106.00000 18.00000 49.50000
v -98.50000 18.00000 49.50000
v -98.50000 23.00000 49.50000
v -106.00000 23.00000 49.50000
v -91.50000 18.00000 48.50000
v -76.50000 18.00000 48.50000
v -76.50000 23.00000 48.50000
v -91.50000 23.00000 48.50000
v -91.50000 18.00000 49.50000
v -76.50000 18.00000 49.50000
v -76.50000 23.00000 49.50000
v -91.50000 23.00000 49.50000
v -69.50000 18.00000 48.50000
v -62.00000 18.00000 48.50000
v -62.00000 23.00000 48.50000
v -69.50000 23.00000 48.50000
v -69.50000 18.00000 49.50000
v -62.00000 18.00000 49.50000
v -62.00000 23.00000 49.50000
v -69.50000 23.00000 49.50000
v -98.32500 18.17500 48.92000
v -91.67500 18.17500 48.92000
v -91.67500 22.82500 48.92000
v -98.32500 22.82500 48.92000
v -98.32500 18.17500 49.08000
v -91.67500 18.17500 49.08000
v -91.67500 22.82500 49.08000
v -98.32500 22.82500 49.08000
v -98.59000 17.82500 48.81000
v -98.41000 17.82500 48.81000
v -98.41000 23.17500 48.81000
v -98.59000 23.17500 48.81000
v -98.59000 17.82500 49.03000
v -98.41000 17.82500 49.03000
v -98.41000 23.17500 49.03000
v -98.59000 23.17500 49.03000
v -91.59000 17.82500 48.81000
v -91.41000 17.82500 48.81000
v -91.41000 23.17500 48.81000
v -91.59000 23.17500 48.81000
v -91.59000 17.82500 49.03000
v -91.41000 17.82500 49.03000
v -91.41000 23.17500 49.03000
v -91.59000 23.17500 49.03000
v -98.67500 22.91000 48.81000
v -91.32500 22.91000 48.81000
v -91.32500 23.09000 48.81000
v -98.67500 23.09000 48.81000
v -98.67500 22.91000 49.03000
v -91.32500 22.91000 49.03000
v -91.32500 23.09000 49.03000
v -98.67500 23.09000 49.03000
v -98.67500 17.91000 48.81000
v -91.32500 17.91000 48.81000
v -91.32500 18.09000 48.81000
v -98.67500 18.09000 48.81000
v -98.67500 17.91000 49.03000
v -91.32500 17.91000 49.03000
v -91.32500 18.09000 49.03000
v -98.67500 18.09000 49.03000
v -76.32500 18.17500 48.92000
v -69.67500 18.17500 48.92000
v -69.67500 22.82500 48.92000
v -76.32500 22.82500 48.92000
v -76.32500 18.17500 49.08000
v -69.67500 18.17500 49.08000
v -69.67500 22.82500 49.08000
v -76.32500 22.82500 49.08000
v -76.59000 17.82500 48.81000
v -76.41000 17.82500 48.81000
v -76.41000 23.17500 48.81000
v -76.59000 23.17500 48.81000
v -76.59000 17.82500 49.03000
v -76.41000 17.82500 49.03000
v -76.41000 23.17500 49.03000
v -76.59000 23.17500 49.03000
v -69.59000 17.82500 48.81000
v -69.41000 17.82500 48.81000
v -69.41000 23.17500 48.81000
v -69.59000 23.17500 48.81000
v -69.59000 17.82500 49.03000
v -69.41000 17.82500 49.03000
v -69.41000 23.17500 49.03000
v -69.59000 23.17500 49.03000
v -76.67500 22.91000 48.81000
v -69.32500 22.91000 48.81000
v -69.32500 23.09000 48.81000
v -76.67500 23.09000 48.81000
v -76.67500 22.91000 49.03000
v -69.32500 22.91000 49.03000
v -69.32500 23.09000 49.03000
v -76.67500 23.09000 49.03000
v -76.67500 17.91000 48.81000
v -69.32500 17.91000 48.81000
v -69.32500 18.09000 48.81000
v -76.67500 18.09000 48.81000
v -76.67500 17.91000 49.03000
v -69.32500 17.91000 49.03000
v -69.32500 18.09000 49.03000
v -76.67500 18.09000 49.03000
v -106.00000 14.00000 -9.50000
v -87.00000 14.00000 -9.50000
v -87.00000 28.00000 -9.50000
v -106.00000 28.00000 -9.50000
v -106.00000 14.00000 -8.50000
v -87.00000 14.00000 -8.50000
v -87.00000 28.00000 -8.50000
v -106.00000 28.00000 -8.50000
v -81.00000 14.00000 -9.50000
v -62.00000 14.00000 -9.50000
v -62.00000 28.00000 -9.50000
v -81.00000 28.00000 -9.50000
v -81.00000 14.00000 -8.50000
v -62.00000 14.00000 -8.50000
v -62.00000 28.00000 -8.50000
v -81.00000 28.00000 -8.50000
v -87.00000 23.00000 -9.50000
v -81.00000 23.00000 -9.50000
v -81.00000 28.00000 -9.50000
v -87.00000 28.00000 -9.50000
v -87.00000 23.00000 -8.50000
v -81.00000 23.00000 -8.50000
v -81.00000 28.00000 -8.50000
v -87.00000 28.00000 -8.50000
v -106.00000 14.00000 8.50000
v -87.00000 14.00000 8.50000
v -87.00000 28.00000 8.50000
v -106.00000 28.00000 8.50000
v -106.00000 14.00000 9.50000
v -87.00000 14.00000 9.50000
v -87.00000 28.00000 9.50000
v -106.00000 28.00000 9.50000
v -81.00000 14.00000 8.50000
v -62.00000 14.00000 8.50000
v -62.00000 28.00000 8.50000
v -81.00000 28.00000 8.50000
v -81.00000 14.00000 9.50000
v -62.00000 14.00000 9.50000
v -62.00000 28.00000 9.50000
v -81.00000 28.00000 9.50000
v -87.00000 23.00000 8.50000
v -81.00000 23.00000 8.50000
v -81.00000 28.00000 8.50000
v -87.00000 28.00000 8.50000
v -87.00000 23.00000 9.50000
v -81.00000 23.00000 9.50000
v -81.00000 28.00000 9.50000
v -87.00000 28.00000 9.50000
v -62.00000 14.00000 -49.50000
v -18.00000 14.00000 -49.50000
v -18.00000 18.00000 -49.50000
v -62.00000 18.00000 -49.50000
v -62.00000 14.00000 -48.50000
v -18.00000 14.00000 -48.50000
v -18.00000 18.00000 -48.50000
v -62.00000 18.00000 -48.50000
v -62.00000 23.00000 -49.50000
v -18.00000 23.00000 -49.50000
v -18.00000 28.00000 -49.50000
v -62.00000 28.00000 -49.50000
v -62.00000 23.00000 -48.50000
v -18.00000 23.00000 -48.50000
v -18.00000 28.00000 -48.50000
v -62.00000 28.00000 -48.50000
v -62.00000 18.00000 -49.50000
v -54.50000 18.00000 -49.50000
v -54.50000 23.00000 -49.50000
v -62.00000 23.00000 -49.50000
v -62.00000 18.00000 -48.50000
v -54.50000 18.00000 -48.50000
v -54.50000 23.00000 -48.50000
v -62.00000 23.00000 -48.50000
v -47.50000 18.00000 -49.50000
v -32.50000 18.00000 -49.50000
v -32.50000 23.00000 -49.50000
v -47.50000 23.00000 -49.50000
v -47.50000 18.00000 -48.50000
v -32.50000 18.00000 -48.50000
v -32.50000 23.00000 -48.50000
v -47.50000 23.00000 -48.50000
v -25.50000 18.00000 -49.50000
v -18.00000 18.00000 -49.50000
v -18.00000 23.00000 -49.50000
v -25.50000 23.00000 -49.50000
v -25.50000 18.00000 -48.50000
v -18.00000 18.00000 -48.50000
v -18.00000 23.00000 -48.50000
v -25.50000 23.00000 -48.50000
v -54.32500 18.17500 -49.08000
v -47.67500 18.17500 -49.08000
v -47.67500 22.82500 -49.08000
v -54.32500 22.82500 -49.08000
v -54.32500 18.17500 -48.92000
v -47.67500 18.17500 -48.92000
v -47.67500 22.82500 -48.92000
v -54.32500 22.82500 -48.92000
v -54.59000 17.82500 -49.19000
v -54.41000 17.82500 -49.19000
v -54.41000 23.17500 -49.19000
v -54.59000 23.17500 -49.19000
v -54.59000 17.82500 -48.97000
v -54.41000 17.82500 -48.97000
v -54.41000 23.17500 -48.97000
v -54.59000 23.17500 -48.97000
v -47.59000 17.82500 -49.19000
v -47.41000 17.82500 -49.19000
v -47.41000 23.17500 -49.19000
v -47.59000 23.17500 -49.19000
v -47.59000 17.82500 -48.97000
v -47.41000 17.82500 -48.97000
v -47.41000 23.17500 -48.97000
v -47.59000 23.17500 -48.97000
v -54.67500 22.91000 -49.19000
v -47.32500 22.91000 -49.19000
v -47.32500 23.09000 -49.19000
v -54.67500 23.09000 -49.19000
v -54.67500 22.91000 -48.97000
v -47.32500 22.91000 -48.97000
v -47.32500 23.09000 -48.97000
v -54.67500 23.09000 -48.97000
v -54.67500 17.91000 -49.19000
v -47.32500 17.91000 -49.19000
v -47.32500 18.09000 -49.19000
v -54.67500 18.09000 -49.19000
v -54.67500 17.91000 -48.97000
v -47.32500 17.91000 -48.97000
v -47.32500 18.09000 -48.97000
v -54.67500 18.09000 -48.97000
v -32.32500 18.17500 -49.08000
v -25.67500 18.17500 -49.08000
v -25.67500 22.82500 -49.08000
v -32.32500 22.82500 -49.08000
v -32.32500 18.17500 -48.92000
v -25.67500 18.17500 -48.92000
v -25.67500 22.82500 -48.92000
v -32.32500 22.82500 -48.92000
v -32.59000 17.82500 -49.19000
v -32.41000 17.82500 -49.19000
v -32.41000 23.17500 -49.19000
v -32.59000 23.17500 -49.19000
v -32.59000 17.82500 -48.97000
v -32.41000 17.82500 -48.97000
v -32.41000 23.17500 -48.97000
v -32.59000 23.17500 -48.97000
v -25.59000 17.82500 -49.19000
v -25.41000 17.82500 -49.19000
v -25.41000 23.17500 -49.19000
v -25.59000 23.17500 -49.19000
v -25.59000 17.82500 -48.97000
v -25.41000 17.82500 -48.97000
v -25.41000 23.17500 -48.97000
v -25.59000 23.17500 -48.97000
v -32.67500 22.91000 -49.19000
v -25.32500 22.91000 -49.19000
v -25.32500 23.09000 -49.19000
v -32.67500 23.09000 -49.19000
v -32.67500 22.91000 -48.97000
v -25.32500 22.91000 -48.97000
v -25.32500 23.09000 -48.97000
v -32.67500 23.09000 -48.97000
v -32.67500 17.91000 -49.19000
v -25.32500 17.91000 -49.19000
v -25.32500 18.09000 -49.19000
v -32.67500 18.09000 -49.19000
v -32.67500 17.91000 -48.97000
v -25.32500 17.91000 -48.97000
v -25.32500 18.09000 -48.97000
v -32.67500 18.09000 -48.97000
v -62.00000 14.00000 48.50000
v -18.00000 14.00000 48.50000
v -18.00000 18.00000 48.50000
v -62.00000 18.00000 48.50000
v -62.00000 14.00000 49.50000
v -18.00000 14.00000 49.50000
v -18.00000 18.00000 49.50000
v -62.00000 18.00000 49.50000
v -62.00000 23.00000 48.50000
v -18.00000 23.00000 48.50000
v -18.00000 28.00000 48.50000
v -62.00000 28.00000 48.50000
v -62.00000 23.00000 49.50000
v -18.00000 23.00000 49.50000
v -18.00000 28.00000 49.50000
v -62.00000 28.00000 49.50000
v -62.00000 18.00000 48.50000
v -54.50000 18.00000 48.50000
v -54.50000 23.00000 48.50000
v -62.00000 23.00000 48.50000
v -62.00000 18.00000 49.50000
v -54.50000 18.00000 49.50000
v -54.50000 23.00000 49.50000
v -62.00000 23.00000 49.50000
v -47.50000 18.00000 48.50000
v -32.50000 18.00000 48.50000
v -32.50000 23.00000 48.50000
v -47.50000 23.00000 48.50000
v -47.50000 18.00000 49.50000
v -32.50000 18.00000 49.50000
v -32.50000 23.00000 49.50000
v -47.50000 23.00000 49.50000
v -25.50000 18.00000 48.50000
v -18.00000 18.00000 48.50000
v -18.00000 23.00000 48.50000
v -25.50000 23.00000 48.50000
v -25.50000 18.00000 49.50000
v -18.00000 18.00000 49.50000
v -18.00000 23.00000 49.50000
v -25.50000 23.00000 49.50000
v -54.32500 18.17500 48.92000
v -47.67500 18.17500 48.92000
v -47.67500 22.82500 48.92000
v -54.32500 22.82500 48.92000
v -54.32500 18.17500 49.08000
v -47.67500 18.17500 49.08000
v -47.67500 22.82500 49.08000
v -54.32500 22.82500 49.08000
v -54.59000 17.82500 48.81000
v -54.41000 17.82500 48.81000
v -54.41000 23.17500 48.81000
v -54.59000 23.17500 48.81000
v -54.59000 17.82500 49.03000
v -54.41000 17.82500 49.03000
v -54.41000 23.17500 49.03000
v -54.59000 23.17500 49.03000
v -47.59000 17.82500 48.81000
v -47.41000 17.82500 48.81000
v -47.41000 23.17500 48.81000
v -47.59000 23.17500 48.81000
v -47.59000 17.82500 49.03000
v -47.41000 17.82500 49.03000
v -47.41000 23.17500 49.03000
v -47.59000 23.17500 49.03000
v -54.67500 22.91000 48.81000
v -47.32500 22.91000 48.81000
v -47.32500 23.09000 48.81000
v -54.67500 23.09000 48.81000
v -54.67500 22.91000 49.03000
v -47.32500 22.91000 49.03000
v -47.32500 23.09000 49.03000
v -54.67500 23.09000 49.03000
v -54.67500 17.91000 48.81000
v -47.32500 17.91000 48.81000
v -47.32500 18.09000 48.81000
v -54.67500 18.09000 48.81000
v -54.67500 17.91000 49.03000
v -47.32500 17.91000 49.03000
v -47.32500 18.09000 49.03000
v -54.67500 18.09000 49.03000
v -32.32500 18.17500 48.92000
v -25.67500 18.17500 48.92000
v -25.67500 22.82500 48.92000
v -32.32500 22.82500 48.92000
v -32.32500 18.17500 49.08000
v -25.67500 18.17500 49.08000
v -25.67500 22.82500 49.08000
v -32.32500 22.82500 49.08000
v -32.59000 17.82500 48.81000
v -32.41000 17.82500 48.81000
v -32.41000 23.17500 48.81000
v -32.59000 23.17500 48.81000
v -32.59000 17.82500 49.03000
v -32.41000 17.82500 49.03000
v -32.41000 23.17500 49.03000
v -32.59000 23.17500 49.03000
v -25.59000 17.82500 48.81000
v -25.41000 17.82500 48.81000
v -25.41000 23.17500 48.81000
v -25.59000 23.17500 48.81000
v -25.59000 17.82500 49.03000
v -25.41000 17.82500 49.03000
v -25.41000 23.17500 49.03000
v -25.59000 23.17500 49.03000
v -32.67500 22.91000 48.81000
v -25.32500 22.91000 48.81000
v -25.32500 23.09000 48.81000
v -32.67500 23.09000 48.81000
v -32.67500 22.91000 49.03000
v -25.32500 22.91000 49.03000
v -25.32500 23.09000 49.03000
v -32.67500 23.09000 49.03000
v -32.67500 17.91000 48.81000
v -25.32500 17.91000 48.81000
v -25.32500 18.09000 48.81000
v -32.67500 18.09000 48.81000
v -32.67500 17.91000 49.03000
v -25.32500 17.91000 49.03000
v -25.32500 18.09000 49.03000
v -32.67500 18.09000 49.03000
v -62.00000 14.00000 -9.50000
v -43.00000 14.00000 -9.50000
v -43.00000 28.00000 -9.50000
v -62.00000 28.00000 -9.50000
v -62.00000 14.00000 -8.50000
v -43.00000 14.00000 -8.50000
v -43.00000 28.00000 -8.50000
v -62.00000 28.00000 -8.50000
v -37.00000 14.00000 -9.50000
v -18.00000 14.00000 -9.50000
v -18.00000 28.00000 -9.50000
v -37.00000 28.00000 -9.50000
v -37.00000 14.00000 -8.50000
v -18.00000 14.00000 -8.50000
v -18.00000 28.00000 -8.50000
v -37.00000 28.00000 -8.50000
v -43.00000 23.00000 -9.50000
v -37.00000 23.00000 -9.50000
v -37.00000 28.00000 -9.50000
v -43.00000 28.00000 -9.50000
v -43.00000 23.00000 -8.50000
v -37.00000 23.00000 -8.50000
v -37.00000 28.00000 -8.50000
v -43.00000 28.00000 -8.50000
v -62.00000 14.00000 8.50000
v -43.00000 14.00000 8.50000
v -43.00000 28.00000 8.50000
v -62.00000 28.00000 8.50000
v -62.00000 14.00000 9.50000
v -43.00000 14.00000 9.50000
v -43.00000 28.00000 9.50000
v -62.00000 28.00000 9.50000
v -37.00000 14.00000 8.50000
v -18.00000 14.00000 8.50000
v -18.00000 28.00000 8.50000
v -37.00000 28.00000 8.50000
v -37.00000 14.00000 9.50000
v -18.00000 14.00000 9.50000
v -18.00000 28.00000 9.50000
v -37.00000 28.00000 9.50000
v -43.00000 23.00000 8.50000
v -37.00000 23.00000 8.50000
v -37.00000 28.00000 8.50000
v -43.00000 28.00000 8.50000
v -43.00000 23.00000 9.50000
v -37.00000 23.00000 9.50000
v -37.00000 28.00000 9.50000
v -43.00000 28.00000 9.50000
v 18.00000 14.00000 -49.50000
v 62.00000 14.00000 -49.50000
v 62.00000 18.00000 -49.50000
v 18.00000 18.00000 -49.50000
v 18.00000 14.00000 -48.50000
v 62.00000 14.00000 -48.50000
v 62.00000 18.00000 -48.50000
v 18.00000 18.00000 -48.50000
v 18.00000 23.00000 -49.50000
v 62.00000 23.00000 -49.50000
v 62.00000 28.00000 -49.50000
v 18.00000 28.00000 -49.50000
v 18.00000 23.00000 -48.50000
v 62.00000 23.00000 -48.50000
v 62.00000 28.00000 -48.50000
v 18.00000 28.00000 -48.50000
v 18.00000 18.00000 -49.50000
v 25.50000 18.00000 -49.50000
v 25.50000 23.00000 -49.50000
v 18.00000 23.00000 -49.50000
v 18.00000 18.00000 -48.50000
v 25.50000 18.00000 -48.50000
v 25.50000 23.00000 -48.50000
v 18.00000 23.00000 -48.50000
v 32.50000 18.00000 -49.50000
v 47.50000 18.00000 -49.50000
v 47.50000 23.00000 -49.50000
v 32.50000 23.00000 -49.50000
v 32.50000 18.00000 -48.50000
v 47.50000 18.00000 -48.50000
v 47.50000 23.00000 -48.50000
v 32.50000 23.00000 -48.50000
v 54.50000 18.00000 -49.50000
v 62.00000 18.00000 -49.50000
v 62.00000 23.00000 -49.50000
v 54.50000 23.00000 -49.50000
v 54.50000 18.00000 -48.50000
v 62.00000 18.00000 -48.50000
v 62.00000 23.00000 -48.50000
v 54.50000 23.00000 -48.50000
v 25.67500 18.17500 -49.08000
v 32.32500 18.17500 -49.08000
v 32.32500 22.82500 -49.08000
v 25.67500 22.82500 -49.08000
v 25.67500 18.17500 -48.92000
v 32.32500 18.17500 -48.92000
v 32.32500 22.82500 -48.92000
v 25.67500 22.82500 -48.92000
v 25.41000 17.82500 -49.19000
v 25.59000 17.82500 -49.19000
v 25.59000 23.17500 -49.19000
v 25.41000 23.17500 -49.19000
v 25.41000 17.82500 -48.97000
v 25.59000 17.82500 -48.97000
v 25.59000 23.17500 -48.97000
v 25.41000 23.17500 -48.97000
v 32.41000 17.82500 -49.19000
v 32.59000 17.82500 -49.19000
v 32.59000 23.17500 -49.19000
v 32.41000 23.17500 -49.19000
v 32.41000 17.82500 -48.97000
v 32.59000 17.82500 -48.97000
v 32.59000 23.17500 -48.97000
v 32.41000 23.17500 -48.97000
v 25.32500 22.91000 -49.19000
v 32.67500 22.91000 -49.19000
v 32.67500 23.09000 -49.19000
v 25.32500 23.09000 -49.19000
v 25.32500 22.91000 -48.97000
v 32.67500 22.91000 -48.97000
v 32.67500 23.09000 -48.97000
v 25.32500 23.09000 -48.97000
v 25.32500 17.91000 -49.19000
v 32.67500 17.91000 -49.19000
v 32.67500 18.09000 -49.19000
v 25.32500 18.09000 -49.19000
v 25.32500 17.91000 -48.97000
v 32.67500 17.91000 -48.97000
v 32.67500 18.09000 -48.97000
v 25.32500 18.09000 -48.97000
v 47.67500 18.17500 -49.08000
v 54.32500 18.17500 -49.08000
v 54.32500 22.82500 -49.08000
v 47.67500 22.82500 -49.08000
v 47.67500 18.17500 -48.92000
v 54.32500 18.17500 -48.92000
v 54.32500 22.82500 -48.92000
v 47.67500 22.82500 -48.92000
v 47.41000 17.82500 -49.19000
v 47.59000 17.82500 -49.19000
v 47.59000 23.17500 -49.19000
v 47.41000 23.17500 -49.19000
v 47.41000 17.82500 -48.97000
v 47.59000 17.82500 -48.97000
v 47.59000 23.17500 -48.97000
v 47.41000 23.17500 -48.97000
v 54.41000 17.82500 -49.19000
v 54.59000 17.82500 -49.19000
v 54.59000 23.17500 -49.19000
v 54.41000 23.17500 -49.19000
v 54.41000 17.82500 -48.97000
v 54.59000 17.82500 -48.97000
v 54.59000 23.17500 -48.97000
v 54.41000 23.17500 -48.97000
v 47.32500 22.91000 -49.19000
v 54.67500 22.91000 -49.19000
v 54.67500 23.09000 -49.19000
v 47.32500 23.09000 -49.19000
v 47.32500 22.91000 -48.97000
v 54.67500 22.91000 -48.97000
v 54.67500 23.09000 -48.97000
v 47.32500 23.09000 -48.97000
v 47.32500 17.91000 -49.19000
v 54.67500 17.91000 -49.19000
v 54.67500 18.09000 -49.19000
v 47.32500 18.09000 -49.19000
v 47.32500 17.91000 -48.97000
v 54.67500 17.91000 -48.97000
v 54.67500 18.09000 -48.97000
v 47.32500 18.09000 -48.97000
v 18.00000 14.00000 48.50000
v 62.00000 14.00000 48.50000
v 62.00000 18.00000 48.50000
v 18.00000 18.00000 48.50000
v 18.00000 14.00000 49.50000
v 62.00000 14.00000 49.50000
v 62.00000 18.00000 49.50000
v 18.00000 18.00000 49.50000
v 18.00000 23.00000 48.50000
v 62.00000 23.00000 48.50000
v 62.00000 28.00000 48.50000
v 18.00000 28.00000 48.50000
v 18.00000 23.00000 49.50000
v 62.00000 23.00000 49.50000
v 62.00000 28.00000 49.50000
v 18.00000 28.00000 49.50000
v 18.00000 18.00000 48.50000
v 25.50000 18.00000 48.50000
v 25.50000 23.00000 48.50000
v 18.00000 23.00000 48.50000
v 18.00000 18.00000 49.50000
v 25.50000 18.00000 49.50000
v 25.50000 23.00000 49.50000
v 18.00000 23.00000 49.50000
v 32.50000 18.00000 48.50000
v 47.50000 18.00000 48.50000
v 47.50000 23.00000 48.50000
v 32.50000 23.00000 48.50000
v 32.50000 18.00000 49.50000
v 47.50000 18.00000 49.50000
v 47.50000 23.00000 49.50000
v 32.50000 23.00000 49.50000
v 54.50000 18.00000 48.50000
v 62.00000 18.00000 48.50000
v 62.00000 23.00000 48.50000
v 54.50000 23.00000 48.50000
v 54.50000 18.00000 49.50000
v 62.00000 18.00000 49.50000
v 62.00000 23.00000 49.50000
v 54.50000 23.00000 49.50000
v 25.67500 18.17500 48.92000
v 32.32500 18.17500 48.92000
v 32.32500 22.82500 48.92000
v 25.67500 22.82500 48.92000
v 25.67500 18.17500 49.08000
v 32.32500 18.17500 49.08000
v 32.32500 22.82500 49.08000
v 25.67500 22.82500 49.08000
v 25.41000 17.82500 48.81000
v 25.59000 17.82500 48.81000
v 25.59000 23.17500 48.81000
v 25.41000 23.17500 48.81000
v 25.41000 17.82500 49.03000
v 25.59000 17.82500 49.03000
v 25.59000 23.17500 49.03000
v 25.41000 23.17500 49.03000
v 32.41000 17.82500 48.81000
v 32.59000 17.82500 48.81000
v 32.59000 23.17500 48.81000
v 32.41000 23.17500 48.81000
v 32.41000 17.82500 49.03000
v 32.59000 17.82500 49.03000
v 32.59000 23.17500 49.03000
v 32.41000 23.17500 49.03000
v 25.32500 22.91000 48.81000
v 32.67500 22.91000 48.81000
v 32.67500 23.09000 48.81000
v 25.32500 23.09000 48.81000
v 25.32500 22.91000 49.03000
v 32.67500 22.91000 49.03000
v 32.67500 23.09000 49.03000
v 25.32500 23.09000 49.03000
v 25.32500 17.91000 48.81000
v 32.67500 17.91000 48.81000
v 32.67500 18.09000 48.81000
v 25.32500 18.09000 48.81000
v 25.32500 17.91000 49.03000
v 32.67500 17.91000 49.03000
v 32.67500 18.09000 49.03000
v 25.32500 18.09000 49.03000
v 47.67500 18.17500 48.92000
v 54.32500 18.17500 48.92000
v 54.32500 22.82500 48.92000
v 47.67500 22.82500 48.92000
v 47.67500 18.17500 49.08000
v 54.32500 18.17500 49.08000
v 54.32500 22.82500 49.08000
v 47.67500 22.82500 49.08000
v 47.41000 17.82500 48.81000
v 47.59000 17.82500 48.81000
v 47.59000 23.17500 48.81000
v 47.41000 23.17500 48.81000
v 47.41000 17.82500 49.03000
v 47.59000 17.82500 49.03000
v 47.59000 23.17500 49.03000
v 47.41000 23.17500 49.03000
v 54.41000 17.82500 48.81000
v 54.59000 17.82500 48.81000
v 54.59000 23.17500 48.81000
v 54.41000 23.17500 48.81000
v 54.41000 17.82500 49.03000
v 54.59000 17.82500 49.03000
v 54.59000 23.17500 49.03000
v 54.41000 23.17500 49.03000
v 47.32500 22.91000 48.81000
v 54.67500 22.91000 48.81000
v 54.67500 23.09000 48.81000
v 47.32500 23.09000 48.81000
v 47.32500 22.91000 49.03000
v 54.67500 22.91000 49.03000
v 54.67500 23.09000 49.03000
v 47.32500 23.09000 49.03000
v 47.32500 17.91000 48.81000
v 54.67500 17.91000 48.81000
v 54.67500 18.09000 48.81000
v 47.32500 18.09000 48.81000
v 47.32500 17.91000 49.03000
v 54.67500 17.91000 49.03000
v 54.67500 18.09000 49.03000
v 47.32500 18.09000 49.03000
v 18.00000 14.00000 -9.50000
v 37.00000 14.00000 -9.50000
v 37.00000 28.00000 -9.50000
v 18.00000 28.00000 -9.50000
v 18.00000 14.00000 -8.50000
v 37.00000 14.00000 -8.50000
v 37.00000 28.00000 -8.50000
v 18.00000 28.00000 -8.50000
v 43.00000 14.00000 -9.50000
v 62.00000 14.00000 -9.50000
v 62.00000 28.00000 -9.50000
v 43.00000 28.00000 -9.50000
v 43.00000 14.00000 -8.50000
v 62.00000 14.00000 -8.50000
v 62.00000 28.00000 -8.50000
v 43.00000 28.00000 -8.50000
v 37.00000 23.00000 -9.50000
v 43.00000 23.00000 -9.50000
v 43.00000 28.00000 -9.50000
v 37.00000 28.00000 -9.50000
v 37.00000 23.00000 -8.50000
v 43.00000 23.00000 -8.50000
v 43.00000 28.00000 -8.50000
v 37.00000 28.00000 -8.50000
v 18.00000 14.00000 8.50000
v 37.00000 14.00000 8.50000
v 37.00000 28.00000 8.50000
v 18.00000 28.00000 8.50000
v 18.00000 14.00000 9.50000
v 37.00000 14.00000 9.50000
v 37.00000 28.00000 9.50000
v 18.00000 28.00000 9.50000
v 43.00000 14.00000 8.50000
v 62.00000 14.00000 8.50000
v 62.00000 28.00000 8.50000
v 43.00000 28.00000 8.50000
v 43.00000 14.00000 9.50000
v 62.00000 14.00000 9.50000
v 62.00000 28.00000 9.50000
v 43.00000 28.00000 9.50000
v 37.00000 23.00000 8.50000
v 43.00000 23.00000 8.50000
v 43.00000 28.00000 8.50000
v 37.00000 28.00000 8.50000
v 37.00000 23.00000 9.50000
v 43.00000 23.00000 9.50000
v 43.00000 28.00000 9.50000
v 37.00000 28.00000 9.50000
v 62.00000 14.00000 -49.50000
v 106.00000 14.00000 -49.50000
v 106.00000 18.00000 -49.50000
v 62.00000 18.00000 -49.50000
v 62.00000 14.00000 -48.50000
v 106.00000 14.00000 -48.50000
v 106.00000 18.00000 -48.50000
v 62.00000 18.00000 -48.50000
v 62.00000 23.00000 -49.50000
v 106.00000 23.00000 -49.50000
v 106.00000 28.00000 -49.50000
v 62.00000 28.00000 -49.50000
v 62.00000 23.00000 -48.50000
v 106.00000 23.00000 -48.50000
v 106.00000 28.00000 -48.50000
v 62.00000 28.00000 -48.50000
v 62.00000 18.00000 -49.50000
v 69.50000 18.00000 -49.50000
v 69.50000 23.00000 -49.50000
v 62.00000 23.00000 -49.50000
v 62.00000 18.00000 -48.50000
v 69.50000 18.00000 -48.50000
v 69.50000 23.00000 -48.50000
v 62.00000 23.00000 -48.50000
v 76.50000 18.00000 -49.50000
v 91.50000 18.00000 -49.50000
v 91.50000 23.00000 -49.50000
v 76.50000 23.00000 -49.50000
v 76.50000 18.00000 -48.50000
v 91.50000 18.00000 -48.50000
v 91.50000 23.00000 -48.50000
v 76.50000 23.00000 -48.50000
v 98.50000 18.00000 -49.50000
v 106.00000 18.00000 -49.50000
v 106.00000 23.00000 -49.50000
v 98.50000 23.00000 -49.50000
v 98.50000 18.00000 -48.50000
v 106.00000 18.00000 -48.50000
v 106.00000 23.00000 -48.50000
v 98.50000 23.00000 -48.50000
v 69.67500 18.17500 -49.08000
v 76.32500 18.17500 -49.08000
v 76.32500 22.82500 -49.08000
v 69.67500 22.82500 -49.08000
v 69.67500 18.17500 -48.92000
v 76.32500 18.17500 -48.92000
v 76.32500 22.82500 -48.92000
v 69.67500 22.82500 -48.92000
v 69.41000 17.82500 -49.19000
v 69.59000 17.82500 -49.19000
v 69.59000 23.17500 -49.19000
v 69.41000 23.17500 -49.19000
v 69.41000 17.82500 -48.97000
v 69.59000 17.82500 -48.97000
v 69.59000 23.17500 -48.97000
v 69.41000 23.17500 -48.97000
v 76.41000 17.82500 -49.19000
v 76.59000 17.82500 -49.19000
v 76.59000 23.17500 -49.19000
v 76.41000 23.17500 -49.19000
v 76.41000 17.82500 -48.97000
v 76.59000 17.82500 -48.97000
v 76.59000 23.17500 -48.97000
v 76.41000 23.17500 -48.97000
v 69.32500 22.91000 -49.19000
v 76.67500 22.91000 -49.19000
v 76.67500 23.09000 -49.19000
v 69.32500 23.09000 -49.19000
v 69.32500 22.91000 -48.97000
v 76.67500 22.91000 -48.97000
v 76.67500 23.09000 -48.97000
v 69.32500 23.09000 -48.97000
v 69.32500 17.91000 -49.19000
v 76.67500 17.91000 -49.19000
v 76.67500 18.09000 -49.19000
v 69.32500 18.09000 -49.19000
v 69.32500 17.91000 -48.97000
v 76.67500 17.91000 -48.97000
v 76.67500 18.09000 -48.97000
v 69.32500 18.09000 -48.97000
v 91.67500 18.17500 -49.08000
v 98.32500 18.17500 -49.08000
v 98.32500 22.82500 -49.08000
v 91.67500 22.82500 -49.08000
v 91.67500 18.17500 -48.92000
v 98.32500 18.17500 -48.92000
v 98.32500 22.82500 -48.92000
v 91.67500 22.82500 -48.92000
v 91.41000 17.82500 -49.19000
v 91.59000 17.82500 -49.19000
v 91.59000 23.17500 -49.19000
v 91.41000 23.17500 -49.19000
v 91.41000 17.82500 -48.97000
v 91.59000 17.82500 -48.97000
v 91.59000 23.17500 -48.97000
v 91.41000 23.17500 -48.97000
v 98.41000 17.82500 -49.19000
v 98.59000 17.82500 -49.19000
v 98.59000 23.17500 -49.19000
v 98.41000 23.17500 -49.19000
v 98.41000 17.82500 -48.97000
v 98.59000 17.82500 -48.97000
v 98.59000 23.17500 -48.97000
v 98.41000 23.17500 -48.97000
v 91.32500 22.91000 -49.19000
v 98.67500 22.91000 -49.19000
v 98.67500 23.09000 -49.19000
v 91.32500 23.09000 -49.19000
v 91.32500 22.91000 -48.97000
v 98.67500 22.91000 -48.97000
v 98.67500 23.09000 -48.97000
v 91.32500 23.09000 -48.97000
v 91.32500 17.91000 -49.19000
v 98.67500 17.91000 -49.19000
v 98.67500 18.09000 -49.19000
v 91.32500 18.09000 -49.19000
v 91.32500 17.91000 -48.97000
v 98.67500 17.91000 -48.97000
v 98.67500 18.09000 -48.97000
v 91.32500 18.09000 -48.97000
v 62.00000 14.00000 48.50000
v 106.00000 14.00000 48.50000
v 106.00000 18.00000 48.50000
v 62.00000 18.00000 48.50000
v 62.00000 14.00000 49.50000
v 106.00000 14.00000 49.50000
v 106.00000 18.00000 49.50000
v 62.00000 18.00000 49.50000
v 62.00000 23.00000 48.50000
v 106.00000 23.00000 48.50000
v 106.00000 28.00000 48.50000
v 62.00000 28.00000 48.50000
v 62.00000 23.00000 49.50000
v 106.00000 23.00000 49.50000
v 106.00000 28.00000 49.50000
v 62.00000 28.00000 49.50000
v 62.00000 18.00000 48.50000
v 69.50000 18.00000 48.50000
v 69.50000 23.00000 48.50000
v 62.00000 23.00000 48.50000
v 62.00000 18.00000 49.50000
v 69.50000 18.00000 49.50000
v 69.50000 23.00000 49.50000
v 62.00000 23.00000 49.50000
v 76.50000 18.00000 48.50000
v 91.50000 18.00000 48.50000
v 91.50000 23.00000 48.50000
v 76.50000 23.00000 48.50000
v 76.50000 18.00000 49.50000
v 91.50000 18.00000 49.50000
v 91.50000 23.00000 49.50000
v 76.50000 23.00000 49.50000
v 98.50000 18.00000 48.50000
v 106.00000 18.00000 48.50000
v 106.00000 23.00000 48.50000
v 98.50000 23.00000 48.50000
v 98.50000 18.00000 49.50000
v 106.00000 18.00000 49.50000
v 106.00000 23.00000 49.50000
v 98.50000 23.00000 49.50000
v 69.67500 18.17500 48.92000
v 76.32500 18.17500 48.92000
v 76.32500 22.82500 48.92000
v 69.67500 22.82500 48.92000
v 69.67500 18.17500 49.08000
v 76.32500 18.17500 49.08000
v 76.32500 22.82500 49.08000
v 69.67500 22.82500 49.08000
v 69.41000 17.82500 48.81000
v 69.59000 17.82500 48.81000
v 69.59000 23.17500 48.81000
v 69.41000 23.17500 48.81000
v 69.41000 17.82500 49.03000
v 69.59000 17.82500 49.03000
v 69.59000 23.17500 49.03000
v 69.41000 23.17500 49.03000
v 76.41000 17.82500 48.81000
v 76.59000 17.82500 48.81000
v 76.59000 23.17500 48.81000
v 76.41000 23.17500 48.81000
v 76.41000 17.82500 49.03000
v 76.59000 17.82500 49.03000
v 76.59000 23.17500 49.03000
v 76.41000 23.17500 49.03000
v 69.32500 22.91000 48.81000
v 76.67500 22.91000 48.81000
v 76.67500 23.09000 48.81000
v 69.32500 23.09000 48.81000
v 69.32500 22.91000 49.03000
v 76.67500 22.91000 49.03000
v 76.67500 23.09000 49.03000
v 69.32500 23.09000 49.03000
v 69.32500 17.91000 48.81000
v 76.67500 17.91000 48.81000
v 76.67500 18.09000 48.81000
v 69.32500 18.09000 48.81000
v 69.32500 17.91000 49.03000
v 76.67500 17.91000 49.03000
v 76.67500 18.09000 49.03000
v 69.32500 18.09000 49.03000
v 91.67500 18.17500 48.92000
v 98.32500 18.17500 48.92000
v 98.32500 22.82500 48.92000
v 91.67500 22.82500 48.92000
v 91.67500 18.17500 49.08000
v 98.32500 18.17500 49.08000
v 98.32500 22.82500 49.08000
v 91.67500 22.82500 49.08000
v 91.41000 17.82500 48.81000
v 91.59000 17.82500 48.81000
v 91.59000 23.17500 48.81000
v 91.41000 23.17500 48.81000
v 91.41000 17.82500 49.03000
v 91.59000 17.82500 49.03000
v 91.59000 23.17500 49.03000
v 91.41000 23.17500 49.03000
v 98.41000 17.82500 48.81000
v 98.59000 17.82500 48.81000
v 98.59000 23.17500 48.81000
v 98.41000 23.17500 48.81000
v 98.41000 17.82500 49.03000
v 98.59000 17.82500 49.03000
v 98.59000 23.17500 49.03000
v 98.41000 23.17500 49.03000
v 91.32500 22.91000 48.81000
v 98.67500 22.91000 48.81000
v 98.67500 23.09000 48.81000
v 91.32500 23.09000 48.81000
v 91.32500 22.91000 49.03000
v 98.67500 22.91000 49.03000
v 98.67500 23.09000 49.03000
v 91.32500 23.09000 49.03000
v 91.32500 17.91000 48.81000
v 98.67500 17.91000 48.81000
v 98.67500 18.09000 48.81000
v 91.32500 18.09000 48.81000
v 91.32500 17.91000 49.03000
v 98.67500 17.91000 49.03000
v 98.67500 18.09000 49.03000
v 91.32500 18.09000 49.03000
v 62.00000 14.00000 -9.50000
v 81.00000 14.00000 -9.50000
v 81.00000 28.00000 -9.50000
v 62.00000 28.00000 -9.50000
v 62.00000 14.00000 -8.50000
v 81.00000 14.00000 -8.50000
v 81.00000 28.00000 -8.50000
v 62.00000 28.00000 -8.50000
v 87.00000 14.00000 -9.50000
v 106.00000 14.00000 -9.50000
v 106.00000 28.00000 -9.50000
v 87.00000 28.00000 -9.50000
v 87.00000 14.00000 -8.50000
v 106.00000 14.00000 -8.50000
v 106.00000 28.00000 -8.50000
v 87.00000 28.00000 -8.50000
v 81.00000 23.00000 -9.50000
v 87.00000 23.00000 -9.50000
v 87.00000 28.00000 -9.50000
v 81.00000 28.00000 -9.50000
v 81.00000 23.00000 -8.50000
v 87.00000 23.00000 -8.50000
v 87.00000 28.00000 -8.50000
v 81.00000 28.00000 -8.50000
v 62.00000 14.00000 8.50000
v 81.00000 14.00000 8.50000
v 81.00000 28.00000 8.50000
v 62.00000 28.00000 8.50000
v 62.00000 14.00000 9.50000
v 81.00000 14.00000 9.50000
v 81.00000 28.00000 9.50000
v 62.00000 28.00000 9.50000
v 87.00000 14.00000 8.50000
v 106.00000 14.00000 8.50000
v 106.00000 28.00000 8.50000
v 87.00000 28.00000 8.50000
v 87.00000 14.00000 9.50000
v 106.00000 14.00000 9.50000
v 106.00000 28.00000 9.50000
v 87.00000 28.00000 9.50000
v 81.00000 23.00000 8.50000
v 87.00000 23.00000 8.50000
v 87.00000 28.00000 8.50000
v 81.00000 28.00000 8.50000
v 81.00000 23.00000 9.50000
v 87.00000 23.00000 9.50000
v 87.00000 28.00000 9.50000
v 81.00000 28.00000 9.50000
v -106.50000 14.00000 -49.00000
v -105.50000 14.00000 -49.00000
v -105.50000 28.00000 -49.00000
v -106.50000 28.00000 -49.00000
v -106.50000 14.00000 -9.00000
v -105.50000 14.00000 -9.00000
v -105.50000 28.00000 -9.00000
v -106.50000 28.00000 -9.00000
v -106.50000 14.00000 9.00000
v -105.50000 14.00000 9.00000
v -105.50000 28.00000 9.00000
v -106.50000 28.00000 9.00000
v -106.50000 14.00000 49.00000
v -105.50000 14.00000 49.00000
v -105.50000 28.00000 49.00000
v -106.50000 28.00000 49.00000
v -62.50000 14.00000 -49.00000
v -61.50000 14.00000 -49.00000
v -61.50000 28.00000 -49.00000
v -62.50000 28.00000 -49.00000
v -62.50000 14.00000 -9.00000
v -61.50000 14.00000 -9.00000
v -61.50000 28.00000 -9.00000
v -62.50000 28.00000 -9.00000
v -62.50000 14.00000 9.00000
v -61.50000 14.00000 9.00000
v -61.50000 28.00000 9.00000
v -62.50000 28.00000 9.00000
v -62.50000 14.00000 49.00000
v -61.50000 14.00000 49.00000
v -61.50000 28.00000 49.00000
v -62.50000 28.00000 49.00000
v -18.50000 14.00000 -49.00000
v -17.50000 14.00000 -49.00000
v -17.50000 28.00000 -49.00000
v -18.50000 28.00000 -49.00000
v -18.50000 14.00000 -9.00000
v -17.50000 14.00000 -9.00000
v -17.50000 28.00000 -9.00000
v -18.50000 28.00000 -9.00000
v -18.50000 14.00000 9.00000
v -17.50000 14.00000 9.00000
v -17.50000 28.00000 9.00000
v -18.50000 28.00000 9.00000
v -18.50000 14.00000 49.00000
v -17.50000 14.00000 49.00000
v -17.50000 28.00000 49.00000
v -18.50000 28.00000 49.00000
v 17.50000 14.00000 -49.00000
v 18.50000 14.00000 -49.00000
v 18.50000 28.00000 -49.00000
v 17.50000 28.00000 -49.00000
v 17.50000 14.00000 -9.00000
v 18.50000 14.00000 -9.00000
v 18.50000 28.00000 -9.00000
v 17.50000 28.00000 -9.00000
v 17.50000 14.00000 9.00000
v 18.50000 14.00000 9.00000
v 18.50000 28.00000 9.00000
v 17.50000 28.00000 9.00000
v 17.50000 14.00000 49.00000
v 18.50000 14.00000 49.00000
v 18.50000 28.00000 49.00000
v 17.50000 28.00000 49.00000
v 61.50000 14.00000 -49.00000
v 62.50000 14.00000 -49.00000
v 62.50000 28.00000 -49.00000
v 61.50000 28.00000 -49.00000
v 61.50000 14.00000 -9.00000
v 62.50000 14.00000 -9.00000
v 62.50000 28.00000 -9.00000
v 61.50000 28.00000 -9.00000
v 61.50000 14.00000 9.00000
v 62.50000 14.00000 9.00000
v 62.50000 28.00000 9.00000
v 61.50000 28.00000 9.00000
v 61.50000 14.00000 49.00000
v 62.50000 14.00000 49.00000
v 62.50000 28.00000 49.00000
v 61.50000 28.00000 49.00000
v 105.50000 14.00000 -49.00000
v 106.50000 14.00000 -49.00000
v 106.50000 28.00000 -49.00000
v 105.50000 28.00000 -49.00000
v 105.50000 14.00000 -9.00000
v 106.50000 14.00000 -9.00000
v 106.50000 28.00000 -9.00000
v 105.50000 28.00000 -9.00000
v 105.50000 14.00000 9.00000
v 106.50000 14.00000 9.00000
v 106.50000 28.00000 9.00000
v 105.50000 28.00000 9.00000
v 105.50000 14.00000 49.00000
v 106.50000 14.00000 49.00000
v 106.50000 28.00000 49.00000
v 105.50000 28.00000 49.00000
v -106.50000 14.00000 -49.00000
v -105.50000 14.00000 -49.00000
v -105.50000 28.00000 -49.00000
v -106.50000 28.00000 -49.00000
v -106.50000 14.00000 49.00000
v -105.50000 14.00000 49.00000
v -105.50000 28.00000 49.00000
v -106.50000 28.00000 49.00000
v 105.50000 14.00000 -49.00000
v 106.50000 14.00000 -49.00000
v 106.50000 28.00000 -49.00000
v 105.50000 28.00000 -49.00000
v 105.50000 14.00000 49.00000
v 106.50000 14.00000 49.00000
v 106.50000 28.00000 49.00000
v 105.50000 28.00000 49.00000
v -18.00000 14.00000 -49.50000
v -4.50000 14.00000 -49.50000
v -4.50000 28.00000 -49.50000
v -18.00000 28.00000 -49.50000
v -18.00000 14.00000 -48.50000
v -4.50000 14.00000 -48.50000
v -4.50000 28.00000 -48.50000
v -18.00000 28.00000 -48.50000
v 4.50000 14.00000 -49.50000
v 18.00000 14.00000 -49.50000
v 18.00000 28.00000 -49.50000
v 4.50000 28.00000 -49.50000
v 4.50000 14.00000 -48.50000
v 18.00000 14.00000 -48.50000
v 18.00000 28.00000 -48.50000
v 4.50000 28.00000 -48.50000
v -4.50000 23.00000 -49.50000
v 4.50000 23.00000 -49.50000
v 4.50000 28.00000 -49.50000
v -4.50000 28.00000 -49.50000
v -4.50000 23.00000 -48.50000
v 4.50000 23.00000 -48.50000
v 4.50000 28.00000 -48.50000
v -4.50000 28.00000 -48.50000
v -18.00000 14.00000 48.50000
v 18.00000 14.00000 48.50000
v 18.00000 17.50000 48.50000
v -18.00000 17.50000 48.50000
v -18.00000 14.00000 49.50000
v 18.00000 14.00000 49.50000
v 18.00000 17.50000 49.50000
v -18.00000 17.50000 49.50000
v -18.00000 24.50000 48.50000
v 18.00000 24.50000 48.50000
v 18.00000 28.00000 48.50000
v -18.00000 28.00000 48.50000
v -18.00000 24.50000 49.50000
v 18.00000 24.50000 49.50000
v 18.00000 28.00000 49.50000
v -18.00000 28.00000 49.50000
v -18.00000 17.50000 48.50000
v -6.50000 17.50000 48.50000
v -6.50000 24.50000 48.50000
v -18.00000 24.50000 48.50000
v -18.00000 17.50000 49.50000
v -6.50000 17.50000 49.50000
v -6.50000 24.50000 49.50000
v -18.00000 24.50000 49.50000
v 6.50000 17.50000 48.50000
v 18.00000 17.50000 48.50000
v 18.00000 24.50000 48.50000
v 6.50000 24.50000 48.50000
v 6.50000 17.50000 49.50000
v 18.00000 17.50000 49.50000
v 18.00000 24.50000 49.50000
v 6.50000 24.50000 49.50000
v -6.35000 17.65000 48.84000
v 6.35000 17.65000 48.84000
v 6.35000 24.35000 48.84000
v -6.35000 24.35000 48.84000
v -6.35000 17.65000 49.00000
v 6.35000 17.65000 49.00000
v 6.35000 24.35000 49.00000
v -6.35000 24.35000 49.00000
v -106.00000 0.00000 -49.61000
v 106.00000 0.00000 -49.61000
v 106.00000 2.00000 -49.61000
v -106.00000 2.00000 -49.61000
v -106.00000 0.00000 -49.49000
v 106.00000 0.00000 -49.49000
v 106.00000 2.00000 -49.49000
v -106.00000 2.00000 -49.49000
v -106.00000 0.00000 49.49000
v 106.00000 0.00000 49.49000
v 106.00000 2.00000 49.49000
v -106.00000 2.00000 49.49000
v -106.00000 0.00000 49.61000
v 106.00000 0.00000 49.61000
v 106.00000 2.00000 49.61000
v -106.00000 2.00000 49.61000
v -10.00000 0.00000 -22.67500
v -2.00000 0.00000 -22.67500
v -2.00000 0.50000 -22.67500
v -10.00000 0.50000 -22.67500
v -10.00000 0.00000 -21.32500
v -2.00000 0.00000 -21.32500
v -2.00000 0.50000 -21.32500
v -10.00000 0.50000 -21.32500
v -10.00000 0.50000 -21.32500
v -2.00000 0.50000 -21.32500
v -2.00000 1.00000 -21.32500
v -10.00000 1.00000 -21.32500
v -10.00000 0.50000 -19.97500
v -2.00000 0.50000 -19.97500
v -2.00000 1.00000 -19.97500
v -10.00000 1.00000 -19.97500
v -10.00000 1.00000 -19.97500
v -2.00000 1.00000 -19.97500
v -2.00000 1.50000 -19.97500
v -10.00000 1.50000 -19.97500
v -10.00000 1.00000 -18.62500
v -2.00000 1.00000 -18.62500
v -2.00000 1.50000 -18.62500
v -10.00000 1.50000 -18.62500
v -10.00000 1.50000 -18.62500
v -2.00000 1.50000 -18.62500
v -2.00000 2.00000 -18.62500
v -10.00000 2.00000 -18.62500
v -10.00000 1.50000 -17.27500
v -2.00000 1.50000 -17.27500
v -2.00000 2.00000 -17.27500
v -10.00000 2.00000 -17.27500
v -10.00000 2.00000 -17.27500
v -2.00000 2.00000 -17.27500
v -2.00000 2.50000 -17.27500
v -10.00000 2.50000 -17.27500
v -10.00000 2.00000 -15.92500
v -2.00000 2.00000 -15.92500
v -2.00000 2.50000 -15.92500
v -10.00000 2.50000 -15.92500
v -10.00000 2.50000 -15.92500
v -2.00000 2.50000 -15.92500
v -2.00000 3.00000 -15.92500
v -10.00000 3.00000 -15.92500
v -10.00000 2.50000 -14.57500
v -2.00000 2.50000 -14.57500
v -2.00000 3.00000 -14.57500
v -10.00000 3.00000 -14.57500
v -10.00000 3.00000 -14.57500
v -2.00000 3.00000 -14.57500
v -2.00000 3.50000 -14.57500
v -10.00000 3.50000 -14.57500
v -10.00000 3.00000 -13.22500
v -2.00000 3.00000 -13.22500
v -2.00000 3.50000 -13.22500
v -10.00000 3.50000 -13.22500
v -10.00000 3.50000 -13.22500
v -2.00000 3.50000 -13.22500
v -2.00000 4.00000 -13.22500
v -10.00000 4.00000 -13.22500
v -10.00000 3.50000 -11.87500
v -2.00000 3.50000 -11.87500
v -2.00000 4.00000 -11.87500
v -10.00000 4.00000 -11.87500
v -10.00000 4.00000 -11.87500
v -2.00000 4.00000 -11.87500
v -2.00000 4.50000 -11.87500
v -10.00000 4.50000 -11.87500
v -10.00000 4.00000 -10.52500
v -2.00000 4.00000 -10.52500
v -2.00000 4.50000 -10.52500
v -10.00000 4.50000 -10.52500
v -10.00000 4.50000 -10.52500
v -2.00000 4.50000 -10.52500
v -2.00000 5.00000 -10.52500
v -10.00000 5.00000 -10.52500
v -10.00000 4.50000 -9.17500
v -2.00000 4.50000 -9.17500
v -2.00000 5.00000 -9.17500
v -10.00000 5.00000 -9.17500
v -10.00000 5.00000 -9.17500
v -2.00000 5.00000 -9.17500
v -2.00000 5.50000 -9.17500
v -10.00000 5.50000 -9.17500
v -10.00000 5.00000 -7.82500
v -2.00000 5.00000 -7.82500
v -2.00000 5.50000 -7.82500
v -10.00000 5.50000 -7.82500
v -10.00000 5.50000 -7.82500
v -2.00000 5.50000 -7.82500
v -2.00000 6.00000 -7.82500
v -10.00000 6.00000 -7.82500
v -10.00000 5.50000 -6.47500
v -2.00000 5.50000 -6.47500
v -2.00000 6.00000 -6.47500
v -10.00000 6.00000 -6.47500
v -10.00000 6.00000 -6.47500
v -2.00000 6.00000 -6.47500
v -2.00000 6.50000 -6.47500
v -10.00000 6.50000 -6.47500
v -10.00000 6.00000 -5.12500
v -2.00000 6.00000 -5.12500
v -2.00000 6.50000 -5.12500
v -10.00000 6.50000 -5.12500
v -10.00000 6.50000 -5.12500
v -2.00000 6.50000 -5.12500
v -2.00000 7.00000 -5.12500
v -10.00000 7.00000 -5.12500
v -10.00000 6.50000 -3.77500
v -2.00000 6.50000 -3.77500
v -2.00000 7.00000 -3.77500
v -10.00000 7.00000 -3.77500
v -10.00000 6.50000 -6.00000
v 10.00000 6.50000 -6.00000
v 10.00000 7.00000 -6.00000
v -10.00000 7.00000 -6.00000
v -10.00000 6.50000 2.00000
v 10.00000 6.50000 2.00000
v 10.00000 7.00000 2.00000
v -10.00000 7.00000 2.00000
v 2.00000 7.00000 0.32500
v 10.00000 7.00000 0.32500
v 10.00000 7.50000 0.32500
v 2.00000 7.50000 0.32500
v 2.00000 7.00000 1.67500
v 10.00000 7.00000 1.67500
v 10.00000 7.50000 1.67500
v 2.00000 7.50000 1.67500
v 2.00000 7.50000 -1.02500
v 10.00000 7.50000 -1.02500
v 10.00000 8.00000 -1.02500
v 2.00000 8.00000 -1.02500
v 2.00000 7.50000 0.32500
v 10.00000 7.50000 0.32500
v 10.00000 8.00000 0.32500
v 2.00000 8.00000 0.32500
v 2.00000 8.00000 -2.37500
v 10.00000 8.00000 -2.37500
v 10.00000 8.50000 -2.37500
v 2.00000 8.50000 -2.37500
v 2.00000 8.00000 -1.02500
v 10.00000 8.00000 -1.02500
v 10.00000 8.50000 -1.02500
v 2.00000 8.50000 -1.02500
v 2.00000 8.50000 -3.72500
v 10.00000 8.50000 -3.72500
v 10.00000 9.00000 -3.72500
v 2.00000 9.00000 -3.72500
v 2.00000 8.50000 -2.37500
v 10.00000 8.50000 -2.37500
v 10.00000 9.00000 -2.37500
v 2.00000 9.00000 -2.37500
v 2.00000 9.00000 -5.07500
v 10.00000 9.00000 -5.07500
v 10.00000 9.50000 -5.07500
v 2.00000 9.50000 -5.07500
v 2.00000 9.00000 -3.72500
v 10.00000 9.00000 -3.72500
v 10.00000 9.50000 -3.72500
v 2.00000 9.50000 -3.72500
v 2.00000 9.50000 -6.42500
v 10.00000 9.50000 -6.42500
v 10.00000 10.00000 -6.42500
v 2.00000 10.00000 -6.42500
v 2.00000 9.50000 -5.07500
v 10.00000 9.50000 -5.07500
v 10.00000 10.00000 -5.07500
v 2.00000 10.00000 -5.07500
v 2.00000 10.00000 -7.77500
v 10.00000 10.00000 -7.77500
v 10.00000 10.50000 -7.77500
v 2.00000 10.50000 -7.77500
v 2.00000 10.00000 -6.42500
v 10.00000 10.00000 -6.42500
v 10.00000 10.50000 -6.42500
v 2.00000 10.50000 -6.42500
v 2.00000 10.50000 -9.12500
v 10.00000 10.50000 -9.12500
v 10.00000 11.00000 -9.12500
v 2.00000 11.00000 -9.12500
v 2.00000 10.50000 -7.77500
v 10.00000 10.50000 -7.77500
v 10.00000 11.00000 -7.77500
v 2.00000 11.00000 -7.77500
v 2.00000 11.00000 -10.47500
v 10.00000 11.00000 -10.47500
v 10.00000 11.50000 -10.47500
v 2.00000 11.50000 -10.47500
v 2.00000 11.00000 -9.12500
v 10.00000 11.00000 -9.12500
v 10.00000 11.50000 -9.12500
v 2.00000 11.50000 -9.12500
v 2.00000 11.50000 -11.82500
v 10.00000 11.50000 -11.82500
v 10.00000 12.00000 -11.82500
v 2.00000 12.00000 -11.82500
v 2.00000 11.50000 -10.47500
v 10.00000 11.50000 -10.47500
v 10.00000 12.00000 -10.47500
v 2.00000 12.00000 -10.47500
v 2.00000 12.00000 -13.17500
v 10.00000 12.00000 -13.17500
v 10.00000 12.50000 -13.17500
v 2.00000 12.50000 -13.17500
v 2.00000 12.00000 -11.82500
v 10.00000 12.00000 -11.82500
v 10.00000 12.50000 -11.82500
v 2.00000 12.50000 -11.82500
v 2.00000 12.50000 -14.52500
v 10.00000 12.50000 -14.52500
v 10.00000 13.00000 -14.52500
v 2.00000 13.00000 -14.52500
v 2.00000 12.50000 -13.17500
v 10.00000 12.50000 -13.17500
v 10.00000 13.00000 -13.17500
v 2.00000 13.00000 -13.17500
v 2.00000 13.00000 -15.87500
v 10.00000 13.00000 -15.87500
v 10.00000 13.50000 -15.87500
v 2.00000 13.50000 -15.87500
v 2.00000 13.00000 -14.52500
v 10.00000 13.00000 -14.52500
v 10.00000 13.50000 -14.52500
v 2.00000 13.50000 -14.52500
v 2.00000 13.50000 -17.22500
v 10.00000 13.50000 -17.22500
v 10.00000 14.00000 -17.22500
v 2.00000 14.00000 -17.22500
v 2.00000 13.50000 -15.87500
v 10.00000 13.50000 -15.87500
v 10.00000 14.00000 -15.87500
v 2.00000 14.00000 -15.87500
v 8.91000 7.00000 -2.09000
v 9.09000 7.00000 -2.09000
v 9.09000 10.20000 -2.09000
v 8.91000 10.20000 -2.09000
v 8.91000 7.00000 -1.91000
v 9.09000 7.00000 -1.91000
v 9.09000 10.20000 -1.91000
v 8.91000 10.20000 -1.91000
v 8.22492 7.00000 -0.55927
v 8.40492 7.00000 -0.55927
v 8.40492 10.20000 -0.55927
v 8.22492 10.20000 -0.55927
v 8.22492 7.00000 -0.37927
v 8.40492 7.00000 -0.37927
v 8.40492 10.20000 -0.37927
v 8.22492 10.20000 -0.37927
v 6.27396 7.00000 0.73843
v 6.45396 7.00000 0.73843
v 6.45396 10.20000 0.73843
v 6.27396 10.20000 0.73843
v 6.27396 7.00000 0.91843
v 6.45396 7.00000 0.91843
v 6.45396 10.20000 0.91843
v 6.27396 10.20000 0.91843
v 3.35415 7.00000 1.60552
v 3.53415 7.00000 1.60552
v 3.53415 10.20000 1.60552
v 3.35415 10.20000 1.60552
v 3.35415 7.00000 1.78552
v 3.53415 7.00000 1.78552
v 3.53415 10.20000 1.78552
v 3.35415 10.20000 1.78552
v -0.09000 7.00000 1.91000
v 0.09000 7.00000 1.91000
v 0.09000 10.20000 1.91000
v -0.09000 10.20000 1.91000
v -0.09000 7.00000 2.09000
v 0.09000 7.00000 2.09000
v 0.09000 10.20000 2.09000
v -0.09000 10.20000 2.09000
v -3.53415 7.00000 1.60552
v -3.35415 7.00000 1.60552
v -3.35415 10.20000 1.60552
v -3.53415 10.20000 1.60552
v -3.53415 7.00000 1.78552
v -3.35415 7.00000 1.78552
v -3.35415 10.20000 1.78552
v -3.53415 10.20000 1.78552
v -6.45396 7.00000 0.73843
v -6.27396 7.00000 0.73843
v -6.27396 10.20000 0.73843
v -6.45396 10.20000 0.73843
v -6.45396 7.00000 0.91843
v -6.27396 7.00000 0.91843
v -6.27396 10.20000 0.91843
v -6.45396 10.20000 0.91843
v -8.40492 7.00000 -0.55927
v -8.22492 7.00000 -0.55927
v -8.22492 10.20000 -0.55927
v -8.40492 10.20000 -0.55927
v -8.40492 7.00000 -0.37927
v -8.22492 7.00000 -0.37927
v -8.22492 10.20000 -0.37927
v -8.40492 10.20000 -0.37927
v -9.09000 7.00000 -2.09000
v -8.91000 7.00000 -2.09000
v -8.91000 10.20000 -2.09000
v -9.09000 10.20000 -2.09000
v -9.09000 7.00000 -1.91000
v -8.91000 7.00000 -1.91000
v -8.91000 10.20000 -1.91000
v -9.09000 10.20000 -1.91000
v -10.09000 2.31000 -23.35000
v -9.91000 2.31000 -23.35000
v -9.91000 2.49000 -23.35000
v -10.09000 2.49000 -23.35000
v -10.09000 2.31000 -20.65000
v -9.91000 2.31000 -20.65000
v -9.91000 2.49000 -20.65000
v -10.09000 2.49000 -20.65000
v 9.91000 9.31000 -0.35000
v 10.09000 9.31000 -0.35000
v 10.09000 9.49000 -0.35000
v 9.91000 9.49000 -0.35000
v 9.91000 9.31000 2.35000
v 10.09000 9.31000 2.35000
v 10.09000 9.49000 2.35000
v 9.91000 9.49000 2.35000
v -10.09000 3.31000 -20.65000
v -9.91000 3.31000 -20.65000
v -9.91000 3.49000 -20.65000
v -10.09000 3.49000 -20.65000
v -10.09000 3.31000 -17.95000
v -9.91000 3.31000 -17.95000
v -9.91000 3.49000 -17.95000
v -10.09000 3.49000 -17.95000
v 9.91000 10.31000 -3.05000
v 10.09000 10.31000 -3.05000
v 10.09000 10.49000 -3.05000
v 9.91000 10.49000 -3.05000
v 9.91000 10.31000 -0.35000
v 10.09000 10.31000 -0.35000
v 10.09000 10.49000 -0.35000
v 9.91000 10.49000 -0.35000
v -10.09000 4.31000 -17.95000
v -9.91000 4.31000 -17.95000
v -9.91000 4.49000 -17.95000
v -10.09000 4.49000 -17.95000
v -10.09000 4.31000 -15.25000
v -9.91000 4.31000 -15.25000
v -9.91000 4.49000 -15.25000
v -10.09000 4.49000 -15.25000
v 9.91000 11.31000 -5.75000
v 10.09000 11.31000 -5.75000
v 10.09000 11.49000 -5.75000
v 9.91000 11.49000 -5.75000
v 9.91000 11.31000 -3.05000
v 10.09000 11.31000 -3.05000
v 10.09000 11.49000 -3.05000
v 9.91000 11.49000 -3.05000
v -10.09000 5.31000 -15.25000
v -9.91000 5.31000 -15.25000
v -9.91000 5.49000 -15.25000
v -10.09000 5.49000 -15.25000
v -10.09000 5.31000 -12.55000
v -9.91000 5.31000 -12.55000
v -9.91000 5.49000 -12.55000
v -10.09000 5.49000 -12.55000
v 9.91000 12.31000 -8.45000
v 10.09000 12.31000 -8.45000
v 10.09000 12.49000 -8.45000
v 9.91000 12.49000 -8.45000
v 9.91000 12.31000 -5.75000
v 10.09000 12.31000 -5.75000
v 10.09000 12.49000 -5.75000
v 9.91000 12.49000 -5.75000
v -10.09000 6.31000 -12.55000
v -9.91000 6.31000 -12.55000
v -9.91000 6.49000 -12.55000
v -10.09000 6.49000 -12.55000
v -10.09000 6.31000 -9.85000
v -9.91000 6.31000 -9.85000
v -9.91000 6.49000 -9.85000
v -10.09000 6.49000 -9.85000
v 9.91000 13.31000 -11.15000
v 10.09000 13.31000 -11.15000
v 10.09000 13.49000 -11.15000
v 9.91000 13.49000 -11.15000
v 9.91000 13.31000 -8.45000
v 10.09000 13.31000 -8.45000
v 10.09000 13.49000 -8.45000
v 9.91000 13.49000 -8.45000
v -10.09000 7.31000 -9.85000
v -9.91000 7.31000 -9.85000
v -9.91000 7.49000 -9.85000
v -10.09000 7.49000 -9.85000
v -10.09000 7.31000 -7.15000
v -9.91000 7.31000 -7.15000
v -9.91000 7.49000 -7.15000
v -10.09000 7.49000 -7.15000
v 9.91000 14.31000 -13.85000
v 10.09000 14.31000 -13.85000
v 10.09000 14.49000 -13.85000
v 9.91000 14.49000 -13.85000
v 9.91000 14.31000 -11.15000
v 10.09000 14.31000 -11.15000
v 10.09000 14.49000 -11.15000
v 9.91000 14.49000 -11.15000
v -10.09000 8.31000 -7.15000
v -9.91000 8.31000 -7.15000
v -9.91000 8.49000 -7.15000
v -10.09000 8.49000 -7.15000
v -10.09000 8.31000 -4.45000
v -9.91000 8.31000 -4.45000
v -9.91000 8.49000 -4.45000
v -10.09000 8.49000 -4.45000
v 9.91000 15.31000 -16.55000
v 10.09000 15.31000 -16.55000
v 10.09000 15.49000 -16.55000
v 9.91000 15.49000 -16.55000
v 9.91000 15.31000 -13.85000
v 10.09000 15.31000 -13.85000
v 10.09000 15.49000 -13.85000
v 9.91000 15.49000 -13.85000
v -20.00000 13.70000 -62.00000
v 20.00000 13.70000 -62.00000
v 20.00000 14.30000 -62.00000
v -20.00000 14.30000 -62.00000
v -20.00000 13.70000 -49.00000
v 20.00000 13.70000 -49.00000
v 20.00000 14.30000 -49.00000
v -20.00000 14.30000 -49.00000
v -17.10000 0.00000 -61.10000
v -14.90000 0.00000 -61.10000
v -14.90000 14.00000 -61.10000
v -17.10000 14.00000 -61.10000
v -17.10000 0.00000 -58.90000
v -14.90000 0.00000 -58.90000
v -14.90000 14.00000 -58.90000
v -17.10000 14.00000 -58.90000
v 14.90000 0.00000 -61.10000
v 17.10000 0.00000 -61.10000
v 17.10000 14.00000 -61.10000
v 14.90000 14.00000 -61.10000
v 14.90000 0.00000 -58.90000
v 17.10000 0.00000 -58.90000
v 17.10000 14.00000 -58.90000
v 14.90000 14.00000 -58.90000
v -20.00000 14.25000 -62.12500
v 20.00000 14.25000 -62.12500
v 20.00000 17.75000 -62.12500
v -20.00000 17.75000 -62.12500
v -20.00000 14.25000 -61.87500
v 20.00000 14.25000 -61.87500
v 20.00000 17.75000 -61.87500
v -20.00000 17.75000 -61.87500
v -20.12500 14.25000 -62.00000
v -19.87500 14.25000 -62.00000
v -19.87500 17.75000 -62.00000
v -20.12500 17.75000 -62.00000
v -20.12500 14.25000 -49.00000
v -19.87500 14.25000 -49.00000
v -19.87500 17.75000 -49.00000
v -20.12500 17.75000 -49.00000
v 19.87500 14.25000 -62.00000
v 20.12500 14.25000 -62.00000
v 20.12500 17.75000 -62.00000
v 19.87500 17.75000 -62.00000
v 19.87500 14.25000 -49.00000
v 20.12500 14.25000 -49.00000
v 20.12500 17.75000 -49.00000
v 19.87500 17.75000 -49.00000
v -18.08000 14.25000 -62.13000
v -17.92000 14.25000 -62.13000
v -17.92000 17.75000 -62.13000
v -18.08000 17.75000 -62.13000
v -18.08000 14.25000 -61.97000
v -17.92000 14.25000 -61.97000
v -17.92000 17.75000 -61.97000
v -18.08000 17.75000 -61.97000
v -15.08000 14.25000 -62.13000
v -14.92000 14.25000 -62.13000
v -14.92000 17.75000 -62.13000
v -15.08000 17.75000 -62.13000
v -15.08000 14.25000 -61.97000
v -14.92000 14.25000 -61.97000
v -14.92000 17.75000 -61.97000
v -15.08000 17.75000 -61.97000
v -12.08000 14.25000 -62.13000
v -11.92000 14.25000 -62.13000
v -11.92000 17.75000 -62.13000
v -12.08000 17.75000 -62.13000
v -12.08000 14.25000 -61.97000
v -11.92000 14.25000 -61.97000
v -11.92000 17.75000 -61.97000
v -12.08000 17.75000 -61.97000
v -9.08000 14.25000 -62.13000
v -8.92000 14.25000 -62.13000
v -8.92000 17.75000 -62.13000
v -9.08000 17.75000 -62.13000
v -9.08000 14.25000 -61.97000
v -8.92000 14.25000 -61.97000
v -8.92000 17.75000 -61.97000
v -9.08000 17.75000 -61.97000
v -6.08000 14.25000 -62.13000
v -5.92000 14.25000 -62.13000
v -5.92000 17.75000 -62.13000
v -6.08000 17.75000 -62.13000
v -6.08000 14.25000 -61.97000
v -5.92000 14.25000 -61.97000
v -5.92000 17.75000 -61.97000
v -6.08000 17.75000 -61.97000
v -3.08000 14.25000 -62.13000
v -2.92000 14.25000 -62.13000
v -2.92000 17.75000 -62.13000
v -3.08000 17.75000 -62.13000
v -3.08000 14.25000 -61.97000
v -2.92000 14.25000 -61.97000
v -2.92000 17.75000 -61.97000
v -3.08000 17.75000 -61.97000
v -0.08000 14.25000 -62.13000
v 0.08000 14.25000 -62.13000
v 0.08000 17.75000 -62.13000
v -0.08000 17.75000 -62.13000
v -0.08000 14.25000 -61.97000
v 0.08000 14.25000 -61.97000
v 0.08000 17.75000 -61.97000
v -0.08000 17.75000 -61.97000
v 2.92000 14.25000 -62.13000
v 3.08000 14.25000 -62.13000
v 3.08000 17.75000 -62.13000
v 2.92000 17.75000 -62.13000
v 2.92000 14.25000 -61.97000
v 3.08000 14.25000 -61.97000
v 3.08000 17.75000 -61.97000
v 2.92000 17.75000 -61.97000
v 5.92000 14.25000 -62.13000
v 6.08000 14.25000 -62.13000
v 6.08000 17.75000 -62.13000
v 5.92000 17.75000 -62.13000
v 5.92000 14.25000 -61.97000
v 6.08000 14.25000 -61.97000
v 6.08000 17.75000 -61.97000
v 5.92000 17.75000 -61.97000
v 8.92000 14.25000 -62.13000
v 9.08000 14.25000 -62.13000
v 9.08000 17.75000 -62.13000
v 8.92000 17.75000 -62.13000
v 8.92000 14.25000 -61.97000
v 9.08000 14.25000 -61.97000
v 9.08000 17.75000 -61.97000
v 8.92000 17.75000 -61.97000
v 11.92000 14.25000 -62.13000
v 12.08000 14.25000 -62.13000
v 12.08000 17.75000 -62.13000
v 11.92000 17.75000 -62.13000
v 11.92000 14.25000 -61.97000
v 12.08000 14.25000 -61.97000
v 12.08000 17.75000 -61.97000
v 11.92000 17.75000 -61.97000
v 14.92000 14.25000 -62.13000
v 15.08000 14.25000 -62.13000
v 15.08000 17.75000 -62.13000
v 14.92000 17.75000 -62.13000
v 14.92000 14.25000 -61.97000
v 15.08000 14.25000 -61.97000
v 15.08000 17.75000 -61.97000
v 14.92000 17.75000 -61.97000
v 17.92000 14.25000 -62.13000
v 18.08000 14.25000 -62.13000
v 18.08000 17.75000 -62.13000
v 17.92000 17.75000 -62.13000
v 17.92000 14.25000 -61.97000
v 18.08000 14.25000 -61.97000
v 18.08000 17.75000 -61.97000
v 17.92000 17.75000 -61.97000
v -108.00000 29.00000 -52.00000
v -18.00000 29.00000 -52.00000
v -18.00000 35.50000 0.00000
v -108.00000 35.50000 0.00000
v -108.00000 28.60000 -52.00000
v -18.00000 28.60000 -52.00000
v -18.00000 35.10000 0.00000
v -108.00000 35.10000 0.00000
v -108.00000 35.50000 0.00000
v -18.00000 35.50000 0.00000
v -18.00000 29.00000 52.00000
v -108.00000 29.00000 52.00000
v -108.00000 35.10000 0.00000
v -18.00000 35.10000 0.00000
v -18.00000 28.60000 52.00000
v -108.00000 28.60000 52.00000
v 18.00000 29.00000 -52.00000
v 108.00000 29.00000 -52.00000
v 108.00000 35.50000 0.00000
v 18.00000 35.50000 0.00000
v 18.00000 28.60000 -52.00000
v 108.00000 28.60000 -52.00000
v 108.00000 35.10000 0.00000
v 18.00000 35.10000 0.00000
v 18.00000 35.50000 0.00000
v 108.00000 35.50000 0.00000
v 108.00000 29.00000 52.00000
v 18.00000 29.00000 52.00000
v 18.00000 35.10000 0.00000
v 108.00000 35.10000 0.00000
v 108.00000 28.60000 52.00000
v 18.00000 28.60000 52.00000
v -18.50000 28.00000 -38.00000
v -17.50000 28.00000 -38.00000
v -17.50000 34.00000 -38.00000
v -18.50000 34.00000 -38.00000
v -18.50000 28.00000 38.00000
v -17.50000 28.00000 38.00000
v -17.50000 34.00000 38.00000
v -18.50000 34.00000 38.00000
v 17.50000 28.00000 -38.00000
v 18.50000 28.00000 -38.00000
v 18.50000 34.00000 -38.00000
v 17.50000 34.00000 -38.00000
v 17.50000 28.00000 38.00000
v 18.50000 28.00000 38.00000
v 18.50000 34.00000 38.00000
v 17.50000 34.00000 38.00000
v -18.00000 28.00000 -38.50000
v 18.00000 28.00000 -38.50000
v 18.00000 34.00000 -38.50000
v -18.00000 34.00000 -38.50000
v -18.00000 28.00000 -37.50000
v 18.00000 28.00000 -37.50000
v 18.00000 34.00000 -37.50000
v -18.00000 34.00000 -37.50000
v -18.00000 28.00000 37.50000
v 18.00000 28.00000 37.50000
v 18.00000 34.00000 37.50000
v -18.00000 34.00000 37.50000
v -18.00000 28.00000 38.50000
v 18.00000 28.00000 38.50000
v 18.00000 34.00000 38.50000
v -18.00000 34.00000 38.50000
v -22.00000 32.00000 -41.00000
v 22.00000 32.00000 -41.00000
v 22.00000 38.00000 0.00000
v -22.00000 38.00000 0.00000
v -22.00000 31.60000 -41.00000
v 22.00000 31.60000 -41.00000
v 22.00000 37.60000 0.00000
v -22.00000 37.60000 0.00000
v -22.00000 38.00000 0.00000
v 22.00000 38.00000 0.00000
v 22.00000 32.00000 41.00000
v -22.00000 32.00000 41.00000
v -22.00000 37.60000 0.00000
v 22.00000 37.60000 0.00000
v 22.00000 31.60000 41.00000
v -22.00000 31.60000 41.00000
v -22.00000 31.00000 -50.00000
v 22.00000 31.00000 -50.00000
v 22.00000 29.80000 -64.00000
v -22.00000 29.80000 -64.00000
v -22.00000 30.70000 -50.00000
v 22.00000 30.70000 -50.00000
v 22.00000 29.50000 -64.00000
v -22.00000 29.50000 -64.00000
v -85.10000 1.87500 -30.05000
v -82.90000 1.87500 -30.05000
v -82.90000 2.12500 -30.05000
v -85.10000 2.12500 -30.05000
v -85.10000 1.87500 -27.95000
v -82.90000 1.87500 -27.95000
v -82.90000 2.12500 -27.95000
v -85.10000 2.12500 -27.95000
v -85.10000 2.07500 -30.07500
v -82.90000 2.07500 -30.07500
v -82.90000 4.22500 -30.07500
v -85.10000 4.22500 -30.07500
v -85.10000 2.07500 -29.82500
v -82.90000 2.07500 -29.82500
v -82.90000 4.22500 -29.82500
v -85.10000 4.22500 -29.82500
v -84.89000 0.00000 -29.79000
v -84.75000 0.00000 -29.79000
v -84.75000 2.00000 -29.79000
v -84.89000 2.00000 -29.79000
v -84.89000 0.00000 -29.65000
v -84.75000 0.00000 -29.65000
v -84.75000 2.00000 -29.65000
v -84.89000 2.00000 -29.65000
v -84.89000 0.00000 -28.35000
v -84.75000 0.00000 -28.35000
v -84.75000 2.00000 -28.35000
v -84.89000 2.00000 -28.35000
v -84.89000 0.00000 -28.21000
v -84.75000 0.00000 -28.21000
v -84.75000 2.00000 -28.21000
v -84.89000 2.00000 -28.21000
v -83.25000 0.00000 -29.79000
v -83.11000 0.00000 -29.79000
v -83.11000 2.00000 -29.79000
v -83.25000 2.00000 -29.79000
v -83.25000 0.00000 -29.65000
v -83.11000 0.00000 -29.65000
v -83.11000 2.00000 -29.65000
v -83.25000 2.00000 -29.65000
v -83.25000 0.00000 -28.35000
v -83.11000 0.00000 -28.35000
v -83.11000 2.00000 -28.35000
v -83.25000 2.00000 -28.35000
v -83.25000 0.00000 -28.21000
v -83.11000 0.00000 -28.21000
v -83.11000 2.00000 -28.21000
v -83.25000 2.00000 -28.21000
v -82.89500 1.85000 -29.02500
v -82.74500 1.85000 -29.02500
v -82.74500 3.45000 -29.02500
v -82.89500 3.45000 -29.02500
v -82.89500 1.85000 -28.87500
v -82.74500 1.85000 -28.87500
v -82.74500 3.45000 -28.87500
v -82.89500 3.45000 -28.87500
v -83.52500 3.36000 -29.77000
v -81.97500 3.36000 -29.77000
v -81.97500 3.48000 -29.77000
v -83.52500 3.48000 -29.77000
v -83.52500 3.36000 -27.87000
v -81.97500 3.36000 -27.87000
v -81.97500 3.48000 -27.87000
v -83.52500 3.48000 -27.87000
v -85.10000 1.87500 27.95000
v -82.90000 1.87500 27.95000
v -82.90000 2.12500 27.95000
v -85.10000 2.12500 27.95000
v -85.10000 1.87500 30.05000
v -82.90000 1.87500 30.05000
v -82.90000 2.12500 30.05000
v -85.10000 2.12500 30.05000
v -85.10000 2.07500 29.82500
v -82.90000 2.07500 29.82500
v -82.90000 4.22500 29.82500
v -85.10000 4.22500 29.82500
v -85.10000 2.07500 30.07500
v -82.90000 2.07500 30.07500
v -82.90000 4.22500 30.07500
v -85.10000 4.22500 30.07500
v -84.89000 0.00000 28.21000
v -84.75000 0.00000 28.21000
v -84.75000 2.00000 28.21000
v -84.89000 2.00000 28.21000
v -84.89000 0.00000 28.35000
v -84.75000 0.00000 28.35000
v -84.75000 2.00000 28.35000
v -84.89000 2.00000 28.35000
v -84.89000 0.00000 29.65000
v -84.75000 0.00000 29.65000
v -84.75000 2.00000 29.65000
v -84.89000 2.00000 29.65000
v -84.89000 0.00000 29.79000
v -84.75000 0.00000 29.79000
v -84.75000 2.00000 29.79000
v -84.89000 2.00000 29.79000
v -83.25000 0.00000 28.21000
v -83.11000 0.00000 28.21000
v -83.11000 2.00000 28.21000
v -83.25000 2.00000 28.21000
v -83.25000 0.00000 28.35000
v -83.11000 0.00000 28.35000
v -83.11000 2.00000 28.35000
v -83.25000 2.00000 28.35000
v -83.25000 0.00000 29.65000
v -83.11000 0.00000 29.65000
v -83.11000 2.00000 29.65000
v -83.25000 2.00000 29.65000
v -83.25000 0.00000 29.79000
v -83.11000 0.00000 29.79000
v -83.11000 2.00000 29.79000
v -83.25000 2.00000 29.79000
v -82.89500 1.85000 28.87500
v -82.74500 1.85000 28.87500
v -82.74500 3.45000 28.87500
v -82.89500 3.45000 28.87500
v -82.89500 1.85000 29.02500
v -82.74500 1.85000 29.02500
v -82.74500 3.45000 29.02500
v -82.89500 3.45000 29.02500
v -83.52500 3.36000 27.87000
v -81.97500 3.36000 27.87000
v -81.97500 3.48000 27.87000
v -83.52500 3.48000 27.87000
v -83.52500 3.36000 29.77000
v -81.97500 3.36000 29.77000
v -81.97500 3.48000 29.77000
v -83.52500 3.48000 29.77000
v -41.10000 1.87500 -30.05000
v -38.90000 1.87500 -30.05000
v -38.90000 2.12500 -30.05000
v -41.10000 2.12500 -30.05000
v -41.10000 1.87500 -27.95000
v -38.90000 1.87500 -27.95000
v -38.90000 2.12500 -27.95000
v -41.10000 2.12500 -27.95000
v -41.10000 2.07500 -30.07500
v -38.90000 2.07500 -30.07500
v -38.90000 4.22500 -30.07500
v -41.10000 4.22500 -30.07500
v -41.10000 2.07500 -29.82500
v -38.90000 2.07500 -29.82500
v -38.90000 4.22500 -29.82500
v -41.10000 4.22500 -29.82500
v -40.89000 0.00000 -29.79000
v -40.75000 0.00000 -29.79000
v -40.75000 2.00000 -29.79000
v -40.89000 2.00000 -29.79000
v -40.89000 0.00000 -29.65000
v -40.75000 0.00000 -29.65000
v -40.75000 2.00000 -29.65000
v -40.89000 2.00000 -29.65000
v -40.89000 0.00000 -28.35000
v -40.75000 0.00000 -28.35000
v -40.75000 2.00000 -28.35000
v -40.89000 2.00000 -28.35000
v -40.89000 0.00000 -28.21000
v -40.75000 0.00000 -28.21000
v -40.75000 2.00000 -28.21000
v -40.89000 2.00000 -28.21000
v -39.25000 0.00000 -29.79000
v -39.11000 0.00000 -29.79000
v -39.11000 2.00000 -29.79000
v -39.25000 2.00000 -29.79000
v -39.25000 0.00000 -29.65000
v -39.11000 0.00000 -29.65000
v -39.11000 2.00000 -29.65000
v -39.25000 2.00000 -29.65000
v -39.25000 0.00000 -28.35000
v -39.11000 0.00000 -28.35000
v -39.11000 2.00000 -28.35000
v -39.25000 2.00000 -28.35000
v -39.25000 0.00000 -28.21000
v -39.11000 0.00000 -28.21000
v -39.11000 2.00000 -28.21000
v -39.25000 2.00000 -28.21000
v -38.89500 1.85000 -29.02500
v -38.74500 1.85000 -29.02500
v -38.74500 3.45000 -29.02500
v -38.89500 3.45000 -29.02500
v -38.89500 1.85000 -28.87500
v -38.74500 1.85000 -28.87500
v -38.74500 3.45000 -28.87500
v -38.89500 3.45000 -28.87500
v -39.52500 3.36000 -29.77000
v -37.97500 3.36000 -29.77000
v -37.97500 3.48000 -29.77000
v -39.52500 3.48000 -29.77000
v -39.52500 3.36000 -27.87000
v -37.97500 3.36000 -27.87000
v -37.97500 3.48000 -27.87000
v -39.52500 3.48000 -27.87000
v -41.10000 1.87500 27.95000
v -38.90000 1.87500 27.95000
v -38.90000 2.12500 27.95000
v -41.10000 2.12500 27.95000
v -41.10000 1.87500 30.05000
v -38.90000 1.87500 30.05000
v -38.90000 2.12500 30.05000
v -41.10000 2.12500 30.05000
v -41.10000 2.07500 29.82500
v -38.90000 2.07500 29.82500
v -38.90000 4.22500 29.82500
v -41.10000 4.22500 29.82500
v -41.10000 2.07500 30.07500
v -38.90000 2.07500 30.07500
v -38.90000 4.22500 30.07500
v -41.10000 4.22500 30.07500
v -40.89000 0.00000 28.21000
v -40.75000 0.00000 28.21000
v -40.75000 2.00000 28.21000
v -40.89000 2.00000 28.21000
v -40.89000 0.00000 28.35000
v -40.75000 0.00000 28.35000
v -40.75000 2.00000 28.35000
v -40.89000 2.00000 28.35000
v -40.89000 0.00000 29.65000
v -40.75000 0.00000 29.65000
v -40.75000 2.00000 29.65000
v -40.89000 2.00000 29.65000
v -40.89000 0.00000 29.79000
v -40.75000 0.00000 29.79000
v -40.75000 2.00000 29.79000
v -40.89000 2.00000 29.79000
v -39.25000 0.00000 28.21000
v -39.11000 0.00000 28.21000
v -39.11000 2.00000 28.21000
v -39.25000 2.00000 28.21000
v -39.25000 0.00000 28.35000
v -39.11000 0.00000 28.35000
v -39.11000 2.00000 28.35000
v -39.25000 2.00000 28.35000
v -39.25000 0.00000 29.65000
v -39.11000 0.00000 29.65000
v -39.11000 2.00000 29.65000
v -39.25000 2.00000 29.65000
v -39.25000 0.00000 29.79000
v -39.11000 0.00000 29.79000
v -39.11000 2.00000 29.79000
v -39.25000 2.00000 29.79000
v -38.89500 1.85000 28.87500
v -38.74500 1.85000 28.87500
v -38.74500 3.45000 28.87500
v -38.89500 3.45000 28.87500
v -38.89500 1.85000 29.02500
v -38.74500 1.85000 29.02500
v -38.74500 3.45000 29.02500
v -38.89500 3.45000 29.02500
v -39.52500 3.36000 27.87000
v -37.97500 3.36000 27.87000
v -37.97500 3.48000 27.87000
v -39.52500 3.48000 27.87000
v -39.52500 3.36000 29.77000
v -37.97500 3.36000 29.77000
v -37.97500 3.48000 29.77000
v -39.52500 3.48000 29.77000
v 38.90000 1.87500 -30.05000
v 41.10000 1.87500 -30.05000
v 41.10000 2.12500 -30.05000
v 38.90000 2.12500 -30.05000
v 38.90000 1.87500 -27.95000
v 41.10000 1.87500 -27.95000
v 41.10000 2.12500 -27.95000
v 38.90000 2.12500 -27.95000
v 38.90000 2.07500 -30.07500
v 41.10000 2.07500 -30.07500
v 41.10000 4.22500 -30.07500
v 38.90000 4.22500 -30.07500
v 38.90000 2.07500 -29.82500
v 41.10000 2.07500 -29.82500
v 41.10000 4.22500 -29.82500
v 38.90000 4.22500 -29.82500
v 39.11000 0.00000 -29.79000
v 39.25000 0.00000 -29.79000
v 39.25000 2.00000 -29.79000
v 39.11000 2.00000 -29.79000
v 39.11000 0.00000 -29.65000
v 39.25000 0.00000 -29.65000
v 39.25000 2.00000 -29.65000
v 39.11000 2.00000 -29.65000
v 39.11000 0.00000 -28.35000
v 39.25000 0.00000 -28.35000
v 39.25000 2.00000 -28.35000
v 39.11000 2.00000 -28.35000
v 39.11000 0.00000 -28.21000
v 39.25000 0.00000 -28.21000
v 39.25000 2.00000 -28.21000
v 39.11000 2.00000 -28.21000
v 40.75000 0.00000 -29.79000
v 40.89000 0.00000 -29.79000
v 40.89000 2.00000 -29.79000
v 40.75000 2.00000 -29.79000
v 40.75000 0.00000 -29.65000
v 40.89000 0.00000 -29.65000
v 40.89000 2.00000 -29.65000
v 40.75000 2.00000 -29.65000
v 40.75000 0.00000 -28.35000
v 40.89000 0.00000 -28.35000
v 40.89000 2.00000 -28.35000
v 40.75000 2.00000 -28.35000
v 40.75000 0.00000 -28.21000
v 40.89000 0.00000 -28.21000
v 40.89000 2.00000 -28.21000
v 40.75000 2.00000 -28.21000
v 41.10500 1.85000 -29.02500
v 41.25500 1.85000 -29.02500
v 41.25500 3.45000 -29.02500
v 41.10500 3.45000 -29.02500
v 41.10500 1.85000 -28.87500
v 41.25500 1.85000 -28.87500
v 41.25500 3.45000 -28.87500
v 41.10500 3.45000 -28.87500
v 40.47500 3.36000 -29.77000
v 42.02500 3.36000 -29.77000
v 42.02500 3.48000 -29.77000
v 40.47500 3.48000 -29.77000
v 40.47500 3.36000 -27.87000
v 42.02500 3.36000 -27.87000
v 42.02500 3.48000 -27.87000
v 40.47500 3.48000 -27.87000
v 38.90000 1.87500 27.95000
v 41.10000 1.87500 27.95000
v 41.10000 2.12500 27.95000
v 38.90000 2.12500 27.95000
v 38.90000 1.87500 30.05000
v 41.10000 1.87500 30.05000
v 41.10000 2.12500 30.05000
v 38.90000 2.12500 30.05000
v 38.90000 2.07500 29.82500
v 41.10000 2.07500 29.82500
v 41.10000 4.22500 29.82500
v 38.90000 4.22500 29.82500
v 38.90000 2.07500 30.07500
v 41.10000 2.07500 30.07500
v 41.10000 4.22500 30.07500
v 38.90000 4.22500 30.07500
v 39.11000 0.00000 28.21000
v 39.25000 0.00000 28.21000
v 39.25000 2.00000 28.21000
v 39.11000 2.00000 28.21000
v 39.11000 0.00000 28.35000
v 39.25000 0.00000 28.35000
v 39.25000 2.00000 28.35000
v 39.11000 2.00000 28.35000
v 39.11000 0.00000 29.65000
v 39.25000 0.00000 29.65000
v 39.25000 2.00000 29.65000
v 39.11000 2.00000 29.65000
v 39.11000 0.00000 29.79000
v 39.25000 0.00000 29.79000
v 39.25000 2.00000 29.79000
v 39.11000 2.00000 29.79000
v 40.75000 0.00000 28.21000
v 40.89000 0.00000 28.21000
v 40.89000 2.00000 28.21000
v 40.75000 2.00000 28.21000
v 40.75000 0.00000 28.35000
v 40.89000 0.00000 28.35000
v 40.89000 2.00000 28.35000
v 40.75000 2.00000 28.35000
v 40.75000 0.00000 29.65000
v 40.89000 0.00000 29.65000
v 40.89000 2.00000 29.65000
v 40.75000 2.00000 29.65000
v 40.75000 0.00000 29.79000
v 40.89000 0.00000 29.79000
v 40.89000 2.00000 29.79000
v 40.75000 2.00000 29.79000
v 41.10500 1.85000 28.87500
v 41.25500 1.85000 28.87500
v 41.25500 3.45000 28.87500
v 41.10500 3.45000 28.87500
v 41.10500 1.85000 29.02500
v 41.25500 1.85000 29.02500
v 41.25500 3.45000 29.02500
v 41.10500 3.45000 29.02500
v 40.47500 3.36000 27.87000
v 42.02500 3.36000 27.87000
v 42.02500 3.48000 27.87000
v 40.47500 3.48000 27.87000
v 40.47500 3.36000 29.77000
v 42.02500 3.36000 29.77000
v 42.02500 3.48000 29.77000
v 40.47500 3.48000 29.77000
v 82.90000 1.87500 -30.05000
v 85.10000 1.87500 -30.05000
v 85.10000 2.12500 -30.05000
v 82.90000 2.12500 -30.05000
v 82.90000 1.87500 -27.95000
v 85.10000 1.87500 -27.95000
v 85.10000 2.12500 -27.95000
v 82.90000 2.12500 -27.95000
v 82.90000 2.07500 -30.07500
v 85.10000 2.07500 -30.07500
v 85.10000 4.22500 -30.07500
v 82.90000 4.22500 -30.07500
v 82.90000 2.07500 -29.82500
v 85.10000 2.07500 -29.82500
v 85.10000 4.22500 -29.82500
v 82.90000 4.22500 -29.82500
v 83.11000 0.00000 -29.79000
v 83.25000 0.00000 -29.79000
v 83.25000 2.00000 -29.79000
v 83.11000 2.00000 -29.79000
v 83.11000 0.00000 -29.65000
v 83.25000 0.00000 -29.65000
v 83.25000 2.00000 -29.65000
v 83.11000 2.00000 -29.65000
v 83.11000 0.00000 -28.35000
v 83.25000 0.00000 -28.35000
v 83.25000 2.00000 -28.35000
v 83.11000 2.00000 -28.35000
v 83.11000 0.00000 -28.21000
v 83.25000 0.00000 -28.21000
v 83.25000 2.00000 -28.21000
v 83.11000 2.00000 -28.21000
v 84.75000 0.00000 -29.79000
v 84.89000 0.00000 -29.79000
v 84.89000 2.00000 -29.79000
v 84.75000 2.00000 -29.79000
v 84.75000 0.00000 -29.65000
v 84.89000 0.00000 -29.65000
v 84.89000 2.00000 -29.65000
v 84.75000 2.00000 -29.65000
v 84.75000 0.00000 -28.35000
v 84.89000 0.00000 -28.35000
v 84.89000 2.00000 -28.35000
v 84.75000 2.00000 -28.35000
v 84.75000 0.00000 -28.21000
v 84.89000 0.00000 -28.21000
v 84.89000 2.00000 -28.21000
v 84.75000 2.00000 -28.21000
v 85.10500 1.85000 -29.02500
v 85.25500 1.85000 -29.02500
v 85.25500 3.45000 -29.02500
v 85.10500 3.45000 -29.02500
v 85.10500 1.85000 -28.87500
v 85.25500 1.85000 -28.87500
v 85.25500 3.45000 -28.87500
v 85.10500 3.45000 -28.87500
v 84.47500 3.36000 -29.77000
v 86.02500 3.36000 -29.77000
v 86.02500 3.48000 -29.77000
v 84.47500 3.48000 -29.77000
v 84.47500 3.36000 -27.87000
v 86.02500 3.36000 -27.87000
v 86.02500 3.48000 -27.87000
v 84.47500 3.48000 -27.87000
v 82.90000 1.87500 27.95000
v 85.10000 1.87500 27.95000
v 85.10000 2.12500 27.95000
v 82.90000 2.12500 27.95000
v 82.90000 1.87500 30.05000
v 85.10000 1.87500 30.05000
v 85.10000 2.12500 30.05000
v 82.90000 2.12500 30.05000
v 82.90000 2.07500 29.82500
v 85.10000 2.07500 29.82500
v 85.10000 4.22500 29.82500
v 82.90000 4.22500 29.82500
v 82.90000 2.07500 30.07500
v 85.10000 2.07500 30.07500
v 85.10000 4.22500 30.07500
v 82.90000 4.22500 30.07500
v 83.11000 0.00000 28.21000
v 83.25000 0.00000 28.21000
v 83.25000 2.00000 28.21000
v 83.11000 2.00000 28.21000
v 83.11000 0.00000 28.35000
v 83.25000 0.00000 28.35000
v 83.25000 2.00000 28.35000
v 83.11000 2.00000 28.35000
v 83.11000 0.00000 29.65000
v 83.25000 0.00000 29.65000
v 83.25000 2.00000 29.65000
v 83.11000 2.00000 29.65000
v 83.11000 0.00000 29.79000
v 83.25000 0.00000 29.79000
v 83.25000 2.00000 29.79000
v 83.11000 2.00000 29.79000
v 84.75000 0.00000 28.21000
v 84.89000 0.00000 28.21000
v 84.89000 2.00000 28.21000
v 84.75000 2.00000 28.21000
v 84.75000 0.00000 28.35000
v 84.89000 0.00000 28.35000
v 84.89000 2.00000 28.35000
v 84.75000 2.00000 28.35000
v 84.75000 0.00000 29.65000
v 84.89000 0.00000 29.65000
v 84.89000 2.00000 29.65000
v 84.75000 2.00000 29.65000
v 84.75000 0.00000 29.79000
v 84.89000 0.00000 29.79000
v 84.89000 2.00000 29.79000
v 84.75000 2.00000 29.79000
v 85.10500 1.85000 28.87500
v 85.25500 1.85000 28.87500
v 85.25500 3.45000 28.87500
v 85.10500 3.45000 28.87500
v 85.10500 1.85000 29.02500
v 85.25500 1.85000 29.02500
v 85.25500 3.45000 29.02500
v 85.10500 3.45000 29.02500
v 84.47500 3.36000 27.87000
v 86.02500 3.36000 27.87000
v 86.02500 3.48000 27.87000
v 84.47500 3.48000 27.87000
v 84.47500 3.36000 29.77000
v 86.02500 3.36000 29.77000
v 86.02500 3.48000 29.77000
v 84.47500 3.48000 29.77000
v -85.10000 15.87500 -30.05000
v -82.90000 15.87500 -30.05000
v -82.90000 16.12500 -30.05000
v -85.10000 16.12500 -30.05000
v -85.10000 15.87500 -27.95000
v -82.90000 15.87500 -27.95000
v -82.90000 16.12500 -27.95000
v -85.10000 16.12500 -27.95000
v -85.10000 16.07500 -30.07500
v -82.90000 16.07500 -30.07500
v -82.90000 18.22500 -30.07500
v -85.10000 18.22500 -30.07500
v -85.10000 16.07500 -29.82500
v -82.90000 16.07500 -29.82500
v -82.90000 18.22500 -29.82500
v -85.10000 18.22500 -29.82500
v -84.89000 14.00000 -29.79000
v -84.75000 14.00000 -29.79000
v -84.75000 16.00000 -29.79000
v -84.89000 16.00000 -29.79000
v -84.89000 14.00000 -29.65000
v -84.75000 14.00000 -29.65000
v -84.75000 16.00000 -29.65000
v -84.89000 16.00000 -29.65000
v -84.89000 14.00000 -28.35000
v -84.75000 14.00000 -28.35000
v -84.75000 16.00000 -28.35000
v -84.89000 16.00000 -28.35000
v -84.89000 14.00000 -28.21000
v -84.75000 14.00000 -28.21000
v -84.75000 16.00000 -28.21000
v -84.89000 16.00000 -28.21000
v -83.25000 14.00000 -29.79000
v -83.11000 14.00000 -29.79000
v -83.11000 16.00000 -29.79000
v -83.25000 16.00000 -29.79000
v -83.25000 14.00000 -29.65000
v -83.11000 14.00000 -29.65000
v -83.11000 16.00000 -29.65000
v -83.25000 16.00000 -29.65000
v -83.25000 14.00000 -28.35000
v -83.11000 14.00000 -28.35000
v -83.11000 16.00000 -28.35000
v -83.25000 16.00000 -28.35000
v -83.25000 14.00000 -28.21000
v -83.11000 14.00000 -28.21000
v -83.11000 16.00000 -28.21000
v -83.25000 16.00000 -28.21000
v -82.89500 15.85000 -29.02500
v -82.74500 15.85000 -29.02500
v -82.74500 17.45000 -29.02500
v -82.89500 17.45000 -29.02500
v -82.89500 15.85000 -28.87500
v -82.74500 15.85000 -28.87500
v -82.74500 17.45000 -28.87500
v -82.89500 17.45000 -28.87500
v -83.52500 17.36000 -29.77000
v -81.97500 17.36000 -29.77000
v -81.97500 17.48000 -29.77000
v -83.52500 17.48000 -29.77000
v -83.52500 17.36000 -27.87000
v -81.97500 17.36000 -27.87000
v -81.97500 17.48000 -27.87000
v -83.52500 17.48000 -27.87000
v -85.10000 15.87500 27.95000
v -82.90000 15.87500 27.95000
v -82.90000 16.12500 27.95000
v -85.10000 16.12500 27.95000
v -85.10000 15.87500 30.05000
v -82.90000 15.87500 30.05000
v -82.90000 16.12500 30.05000
v -85.10000 16.12500 30.05000
v -85.10000 16.07500 29.82500
v -82.90000 16.07500 29.82500
v -82.90000 18.22500 29.82500
v -85.10000 18.22500 29.82500
v -85.10000 16.07500 30.07500
v -82.90000 16.07500 30.07500
v -82.90000 18.22500 30.07500
v -85.10000 18.22500 30.07500
v -84.89000 14.00000 28.21000
v -84.75000 14.00000 28.21000
v -84.75000 16.00000 28.21000
v -84.89000 16.00000 28.21000
v -84.89000 14.00000 28.35000
v -84.75000 14.00000 28.35000
v -84.75000 16.00000 28.35000
v -84.89000 16.00000 28.35000
v -84.89000 14.00000 29.65000
v -84.75000 14.00000 29.65000
v -84.75000 16.00000 29.65000
v -84.89000 16.00000 29.65000
v -84.89000 14.00000 29.79000
v -84.75000 14.00000 29.79000
v -84.75000 16.00000 29.79000
v -84.89000 16.00000 29.79000
v -83.25000 14.00000 28.21000
v -83.11000 14.00000 28.21000
v -83.11000 16.00000 28.21000
v -83.25000 16.00000 28.21000
v -83.25000 14.00000 28.35000
v -83.11000 14.00000 28.35000
v -83.11000 16.00000 28.35000
v -83.25000 16.00000 28.35000
v -83.25000 14.00000 29.65000
v -83.11000 14.00000 29.65000
v -83.11000 16.00000 29.65000
v -83.25000 16.00000 29.65000
v -83.25000 14.00000 29.79000
v -83.11000 14.00000 29.79000
v -83.11000 16.00000 29.79000
v -83.25000 16.00000 29.79000
v -82.89500 15.85000 28.87500
v -82.74500 15.85000 28.87500
v -82.74500 17.45000 28.87500
v -82.89500 17.45000 28.87500
v -82.89500 15.85000 29.02500
v -82.74500 15.85000 29.02500
v -82.74500 17.45000 29.02500
v -82.89500 17.45000 29.02500
v -83.52500 17.36000 27.87000
v -81.97500 17.36000 27.87000
v -81.97500 17.48000 27.87000
v -83.52500 17.48000 27.87000
v -83.52500 17.36000 29.77000
v -81.97500 17.36000 29.77000
v -81.97500 17.48000 29.77000
v -83.52500 17.48000 29.77000
v -41.10000 15.87500 -30.05000
v -38.90000 15.87500 -30.05000
v -38.90000 16.12500 -30.05000
v -41.10000 16.12500 -30.05000
v -41.10000 15.87500 -27.95000
v -38.90000 15.87500 -27.95000
v -38.90000 16.12500 -27.95000
v -41.10000 16.12500 -27.95000
v -41.10000 16.07500 -30.07500
v -38.90000 16.07500 -30.07500
v -38.90000 18.22500 -30.07500
v -41.10000 18.22500 -30.07500
v -41.10000 16.07500 -29.82500
v -38.90000 16.07500 -29.82500
v -38.90000 18.22500 -29.82500
v -41.10000 18.22500 -29.82500
v -40.89000 14.00000 -29.79000
v -40.75000 14.00000 -29.79000
v -40.75000 16.00000 -29.79000
v -40.89000 16.00000 -29.79000
v -40.89000 14.00000 -29.65000
v -40.75000 14.00000 -29.65000
v -40.75000 16.00000 -29.65000
v -40.89000 16.00000 -29.65000
v -40.89000 14.00000 -28.35000
v -40.75000 14.00000 -28.35000
v -40.75000 16.00000 -28.35000
v -40.89000 16.00000 -28.35000
v -40.89000 14.00000 -28.21000
v -40.75000 14.00000 -28.21000
v -40.75000 16.00000 -28.21000
v -40.89000 16.00000 -28.21000
v -39.25000 14.00000 -29.79000
v -39.11000 14.00000 -29.79000
v -39.11000 16.00000 -29.79000
v -39.25000 16.00000 -29.79000
v -39.25000 14.00000 -29.65000
v -39.11000 14.00000 -29.65000
v -39.11000 16.00000 -29.65000
v -39.25000 16.00000 -29.65000
v -39.25000 14.00000 -28.35000
v -39.11000 14.00000 -28.35000
v -39.11000 16.00000 -28.35000
v -39.25000 16.00000 -28.35000
v -39.25000 14.00000 -28.21000
v -39.11000 14.00000 -28.21000
v -39.11000 16.00000 -28.21000
v -39.25000 16.00000 -28.21000
v -38.89500 15.85000 -29.02500
v -38.74500 15.85000 -29.02500
v -38.74500 17.45000 -29.02500
v -38.89500 17.45000 -29.02500
v -38.89500 15.85000 -28.87500
v -38.74500 15.85000 -28.87500
v -38.74500 17.45000 -28.87500
v -38.89500 17.45000 -28.87500
v -39.52500 17.36000 -29.77000
v -37.97500 17.36000 -29.77000
v -37.97500 17.48000 -29.77000
v -39.52500 17.48000 -29.77000
v -39.52500 17.36000 -27.87000
v -37.97500 17.36000 -27.87000
v -37.97500 17.48000 -27.87000
v -39.52500 17.48000 -27.87000
v -41.10000 15.87500 27.95000
v -38.90000 15.87500 27.95000
v -38.90000 16.12500 27.95000
v -41.10000 16.12500 27.95000
v -41.10000 15.87500 30.05000
v -38.90000 15.87500 30.05000
v -38.90000 16.12500 30.05000
v -41.10000 16.12500 30.05000
v -41.10000 16.07500 29.82500
v -38.90000 16.07500 29.82500
v -38.90000 18.22500 29.82500
v -41.10000 18.22500 29.82500
v -41.10000 16.07500 30.07500
v -38.90000 16.07500 30.07500
v -38.90000 18.22500 30.07500
v -41.10000 18.22500 30.07500
v -40.89000 14.00000 28.21000
v -40.75000 14.00000 28.21000
v -40.75000 16.00000 28.21000
v -40.89000 16.00000 28.21000
v -40.89000 14.00000 28.35000
v -40.75000 14.00000 28.35000
v -40.75000 16.00000 28.35000
v -40.89000 16.00000 28.35000
v -40.89000 14.00000 29.65000
v -40.75000 14.00000 29.65000
v -40.75000 16.00000 29.65000
v -40.89000 16.00000 29.65000
v -40.89000 14.00000 29.79000
v -40.75000 14.00000 29.79000
v -40.75000 16.00000 29.79000
v -40.89000 16.00000 29.79000
v -39.25000 14.00000 28.21000
v -39.11000 14.00000 28.21000
v -39.11000 16.00000 28.21000
v -39.25000 16.00000 28.21000
v -39.25000 14.00000 28.35000
v -39.11000 14.00000 28.35000
v -39.11000 16.00000 28.35000
v -39.25000 16.00000 28.35000
v -39.25000 14.00000 29.65000
v -39.11000 14.00000 29.65000
v -39.11000 16.00000 29.65000
v -39.25000 16.00000 29.65000
v -39.25000 14.00000 29.79000
v -39.11000 14.00000 29.79000
v -39.11000 16.00000 29.79000
v -39.25000 16.00000 29.79000
v -38.89500 15.85000 28.87500
v -38.74500 15.85000 28.87500
v -38.74500 17.45000 28.87500
v -38.89500 17.45000 28.87500
v -38.89500 15.85000 29.02500
v -38.74500 15.85000 29.02500
v -38.74500 17.45000 29.02500
v -38.89500 17.45000 29.02500
v -39.52500 17.36000 27.87000
v -37.97500 17.36000 27.87000
v -37.97500 17.48000 27.87000
v -39.52500 17.48000 27.87000
v -39.52500 17.36000 29.77000
v -37.97500 17.36000 29.77000
v -37.97500 17.48000 29.77000
v -39.52500 17.48000 29.77000
v 38.90000 15.87500 -30.05000
v 41.10000 15.87500 -30.05000
v 41.10000 16.12500 -30.05000
v 38.90000 16.12500 -30.05000
v 38.90000 15.87500 -27.95000
v 41.10000 15.87500 -27.95000
v 41.10000 16.12500 -27.95000
v 38.90000 16.12500 -27.95000
v 38.90000 16.07500 -30.07500
v 41.10000 16.07500 -30.07500
v 41.10000 18.22500 -30.07500
v 38.90000 18.22500 -30.07500
v 38.90000 16.07500 -29.82500
v 41.10000 16.07500 -29.82500
v 41.10000 18.22500 -29.82500
v 38.90000 18.22500 -29.82500
v 39.11000 14.00000 -29.79000
v 39.25000 14.00000 -29.79000
v 39.25000 16.00000 -29.79000
v 39.11000 16.00000 -29.79000
v 39.11000 14.00000 -29.65000
v 39.25000 14.00000 -29.65000
v 39.25000 16.00000 -29.65000
v 39.11000 16.00000 -29.65000
v 39.11000 14.00000 -28.35000
v 39.25000 14.00000 -28.35000
v 39.25000 16.00000 -28.35000
v 39.11000 16.00000 -28.35000
v 39.11000 14.00000 -28.21000
v 39.25000 14.00000 -28.21000
v 39.25000 16.00000 -28.21000
v 39.11000 16.00000 -28.21000
v 40.75000 14.00000 -29.79000
v 40.89000 14.00000 -29.79000
v 40.89000 16.00000 -29.79000
v 40.75000 16.00000 -29.79000
v 40.75000 14.00000 -29.65000
v 40.89000 14.00000 -29.65000
v 40.89000 16.00000 -29.65000
v 40.75000 16.00000 -29.65000
v 40.75000 14.00000 -28.35000
v 40.89000 14.00000 -28.35000
v 40.89000 16.00000 -28.35000
v 40.75000 16.00000 -28.35000
v 40.75000 14.00000 -28.21000
v 40.89000 14.00000 -28.21000
v 40.89000 16.00000 -28.21000
v 40.75000 16.00000 -28.21000
v 41.10500 15.85000 -29.02500
v 41.25500 15.85000 -29.02500
v 41.25500 17.45000 -29.02500
v 41.10500 17.45000 -29.02500
v 41.10500 15.85000 -28.87500
v 41.25500 15.85000 -28.87500
v 41.25500 17.45000 -28.87500
v 41.10500 17.45000 -28.87500
v 40.47500 17.36000 -29.77000
v 42.02500 17.36000 -29.77000
v 42.02500 17.48000 -29.77000
v 40.47500 17.48000 -29.77000
v 40.47500 17.36000 -27.87000
v 42.02500 17.36000 -27.87000
v 42.02500 17.48000 -27.87000
v 40.47500 17.48000 -27.87000
v 38.90000 15.87500 27.95000
v 41.10000 15.87500 27.95000
v 41.10000 16.12500 27.95000
v 38.90000 16.12500 27.95000
v 38.90000 15.87500 30.05000
v 41.10000 15.87500 30.05000
v 41.10000 16.12500 30.05000
v 38.90000 16.12500 30.05000
v 38.90000 16.07500 29.82500
v 41.10000 16.07500 29.82500
v 41.10000 18.22500 29.82500
v 38.90000 18.22500 29.82500
v 38.90000 16.07500 30.07500
v 41.10000 16.07500 30.07500
v 41.10000 18.22500 30.07500
v 38.90000 18.22500 30.07500
v 39.11000 14.00000 28.21000
v 39.25000 14.00000 28.21000
v 39.25000 16.00000 28.21000
v 39.11000 16.00000 28.21000
v 39.11000 14.00000 28.35000
v 39.25000 14.00000 28.35000
v 39.25000 16.00000 28.35000
v 39.11000 16.00000 28.35000
v 39.11000 14.00000 29.65000
v 39.25000 14.00000 29.65000
v 39.25000 16.00000 29.65000
v 39.11000 16.00000 29.65000
v 39.11000 14.00000 29.79000
v 39.25000 14.00000 29.79000
v 39.25000 16.00000 29.79000
v 39.11000 16.00000 29.79000
v 40.75000 14.00000 28.21000
v 40.89000 14.00000 28.21000
v 40.89000 16.00000 28.21000
v 40.75000 16.00000 28.21000
v 40.75000 14.00000 28.35000
v 40.89000 14.00000 28.35000
v 40.89000 16.00000 28.35000
v 40.75000 16.00000 28.35000
v 40.75000 14.00000 29.65000
v 40.89000 14.00000 29.65000
v 40.89000 16.00000 29.65000
v 40.75000 16.00000 29.65000
v 40.75000 14.00000 29.79000
v 40.89000 14.00000 29.79000
v 40.89000 16.00000 29.79000
v 40.75000 16.00000 29.79000
v 41.10500 15.85000 28.87500
v 41.25500 15.85000 28.87500
v 41.25500 17.45000 28.87500
v 41.10500 17.45000 28.87500
v 41.10500 15.85000 29.02500
v 41.25500 15.85000 29.02500
v 41.25500 17.45000 29.02500
v 41.10500 17.45000 29.02500
v 40.47500 17.36000 27.87000
v 42.02500 17.36000 27.87000
v 42.02500 17.48000 27.87000
v 40.47500 17.48000 27.87000
v 40.47500 17.36000 29.77000
v 42.02500 17.36000 29.77000
v 42.02500 17.48000 29.77000
v 40.47500 17.48000 29.77000
v 82.90000 15.87500 -30.05000
v 85.10000 15.87500 -30.05000
v 85.10000 16.12500 -30.05000
v 82.90000 16.12500 -30.05000
v 82.90000 15.87500 -27.95000
v 85.10000 15.87500 -27.95000
v 85.10000 16.12500 -27.95000
v 82.90000 16.12500 -27.95000
v 82.90000 16.07500 -30.07500
v 85.10000 16.07500 -30.07500
v 85.10000 18.22500 -30.07500
v 82.90000 18.22500 -30.07500
v 82.90000 16.07500 -29.82500
v 85.10000 16.07500 -29.82500
v 85.10000 18.22500 -29.82500
v 82.90000 18.22500 -29.82500
v 83.11000 14.00000 -29.79000
v 83.25000 14.00000 -29.79000
v 83.25000 16.00000 -29.79000
v 83.11000 16.00000 -29.79000
v 83.11000 14.00000 -29.65000
v 83.25000 14.00000 -29.65000
v 83.25000 16.00000 -29.65000
v 83.11000 16.00000 -29.65000
v 83.11000 14.00000 -28.35000
v 83.25000 14.00000 -28.35000
v 83.25000 16.00000 -28.35000
v 83.11000 16.00000 -28.35000
v 83.11000 14.00000 -28.21000
v 83.25000 14.00000 -28.21000
v 83.25000 16.00000 -28.21000
v 83.11000 16.00000 -28.21000
v 84.75000 14.00000 -29.79000
v 84.89000 14.00000 -29.79000
v 84.89000 16.00000 -29.79000
v 84.75000 16.00000 -29.79000
v 84.75000 14.00000 -29.65000
v 84.89000 14.00000 -29.65000
v 84.89000 16.00000 -29.65000
v 84.75000 16.00000 -29.65000
v 84.75000 14.00000 -28.35000
v 84.89000 14.00000 -28.35000
v 84.89000 16.00000 -28.35000
v 84.75000 16.00000 -28.35000
v 84.75000 14.00000 -28.21000
v 84.89000 14.00000 -28.21000
v 84.89000 16.00000 -28.21000
v 84.75000 16.00000 -28.21000
v 85.10500 15.85000 -29.02500
v 85.25500 15.85000 -29.02500
v 85.25500 17.45000 -29.02500
v 85.10500 17.45000 -29.02500
v 85.10500 15.85000 -28.87500
v 85.25500 15.85000 -28.87500
v 85.25500 17.45000 -28.87500
v 85.10500 17.45000 -28.87500
v 84.47500 17.36000 -29.77000
v 86.02500 17.36000 -29.77000
v 86.02500 17.48000 -29.77000
v 84.47500 17.48000 -29.77000
v 84.47500 17.36000 -27.87000
v 86.02500 17.36000 -27.87000
v 86.02500 17.48000 -27.87000
v 84.47500 17.48000 -27.87000
v 82.90000 15.87500 27.95000
v 85.10000 15.87500 27.95000
v 85.10000 16.12500 27.95000
v 82.90000 16.12500 27.95000
v 82.90000 15.87500 30.05000
v 85.10000 15.87500 30.05000
v 85.10000 16.12500 30.05000
v 82.90000 16.12500 30.05000
v 82.90000 16.07500 29.82500
v 85.10000 16.07500 29.82500
v 85.10000 18.22500 29.82500
v 82.90000 18.22500 29.82500
v 82.90000 16.07500 30.07500
v 85.10000 16.07500 30.07500
v 85.10000 18.22500 30.07500
v 82.90000 18.22500 30.07500
v 83.11000 14.00000 28.21000
v 83.25000 14.00000 28.21000
v 83.25000 16.00000 28.21000
v 83.11000 16.00000 28.21000
v 83.11000 14.00000 28.35000
v 83.25000 14.00000 28.35000
v 83.25000 16.00000 28.35000
v 83.11000 16.00000 28.35000
v 83.11000 14.00000 29.65000
v 83.25000 14.00000 29.65000
v 83.25000 16.00000 29.65000
v 83.11000 16.00000 29.65000
v 83.11000 14.00000 29.79000
v 83.25000 14.00000 29.79000
v 83.25000 16.00000 29.79000
v 83.11000 16.00000 29.79000
v 84.75000 14.00000 28.21000
v 84.89000 14.00000 28.21000
v 84.89000 16.00000 28.21000
v 84.75000 16.00000 28.21000
v 84.75000 14.00000 28.35000
v 84.89000 14.00000 28.35000
v 84.89000 16.00000 28.35000
v 84.75000 16.00000 28.35000
v 84.75000 14.00000 29.65000
v 84.89000 14.00000 29.65000
v 84.89000 16.00000 29.65000
v 84.75000 16.00000 29.65000
v 84.75000 14.00000 29.79000
v 84.89000 14.00000 29.79000
v 84.89000 16.00000 29.79000
v 84.75000 16.00000 29.79000
v 85.10500 15.85000 28.87500
v 85.25500 15.85000 28.87500
v 85.25500 17.45000 28.87500
v 85.10500 17.45000 28.87500
v 85.10500 15.85000 29.02500
v 85.25500 15.85000 29.02500
v 85.25500 17.45000 29.02500
v 85.10500 17.45000 29.02500
v 84.47500 17.36000 27.87000
v 86.02500 17.36000 27.87000
v 86.02500 17.48000 27.87000
v 84.47500 17.48000 27.87000
v 84.47500 17.36000 29.77000
v 86.02500 17.36000 29.77000
v 86.02500 17.48000 29.77000
v 84.47500 17.48000 29.77000
v -9.00000 2.00000 -4.50000
v -7.00000 2.00000 -4.50000
v -7.00000 4.00000 -4.50000
v -9.00000 4.00000 -4.50000
v -9.00000 2.00000 -3.50000
v -7.00000 2.00000 -3.50000
v -7.00000 4.00000 -3.50000
v -9.00000 4.00000 -3.50000
v -9.00000 4.00000 -4.50000
v -7.00000 4.00000 -4.50000
v -7.00000 5.00000 -4.50000
v -9.00000 5.00000 -4.50000
v -9.00000 4.00000 -3.50000
v -7.00000 4.00000 -3.50000
v -7.00000 5.00000 -3.50000
v -9.00000 5.00000 -3.50000
v -10.00000 2.00000 -4.50000
v -9.00000 2.00000 -4.50000
v -9.00000 4.00000 -4.50000
v -10.00000 4.00000 -4.50000
v -10.00000 2.00000 -3.50000
v -9.00000 2.00000 -3.50000
v -9.00000 4.00000 -3.50000
v -10.00000 4.00000 -3.50000
v -7.00000 2.00000 -4.50000
v -6.00000 2.00000 -4.50000
v -6.00000 4.00000 -4.50000
v -7.00000 4.00000 -4.50000
v -7.00000 2.00000 -3.50000
v -6.00000 2.00000 -3.50000
v -6.00000 4.00000 -3.50000
v -7.00000 4.00000 -3.50000
v -9.00000 0.00000 -4.50000
v -8.00000 0.00000 -4.50000
v -8.00000 2.00000 -4.50000
v -9.00000 2.00000 -4.50000
v -9.00000 0.00000 -3.50000
v -8.00000 0.00000 -3.50000
v -8.00000 2.00000 -3.50000
v -9.00000 2.00000 -3.50000
v -8.00000 0.00000 -4.50000
v -7.00000 0.00000 -4.50000
v -7.00000 2.00000 -4.50000
v -8.00000 2.00000 -4.50000
v -8.00000 0.00000 -3.50000
v -7.00000 0.00000 -3.50000
v -7.00000 2.00000 -3.50000
v -8.00000 2.00000 -3.50000
v 7.00000 16.00000 -28.50000
v 9.00000 16.00000 -28.50000
v 9.00000 18.00000 -28.50000
v 7.00000 18.00000 -28.50000
v 7.00000 16.00000 -27.50000
v 9.00000 16.00000 -27.50000
v 9.00000 18.00000 -27.50000
v 7.00000 18.00000 -27.50000
v 7.00000 18.00000 -28.50000
v 9.00000 18.00000 -28.50000
v 9.00000 19.00000 -28.50000
v 7.00000 19.00000 -28.50000
v 7.00000 18.00000 -27.50000
v 9.00000 18.00000 -27.50000
v 9.00000 19.00000 -27.50000
v 7.00000 19.00000 -27.50000
v 6.00000 16.00000 -28.50000
v 7.00000 16.00000 -28.50000
v 7.00000 18.00000 -28.50000
v 6.00000 18.00000 -28.50000
v 6.00000 16.00000 -27.50000
v 7.00000 16.00000 -27.50000
v 7.00000 18.00000 -27.50000
v 6.00000 18.00000 -27.50000
v 9.00000 16.00000 -28.50000
v 10.00000 16.00000 -28.50000
v 10.00000 18.00000 -28.50000
v 9.00000 18.00000 -28.50000
v 9.00000 16.00000 -27.50000
v 10.00000 16.00000 -27.50000
v 10.00000 18.00000 -27.50000
v 9.00000 18.00000 -27.50000
v 7.00000 14.00000 -28.50000
v 8.00000 14.00000 -28.50000
v 8.00000 16.00000 -28.50000
v 7.00000 16.00000 -28.50000
v 7.00000 14.00000 -27.50000
v 8.00000 14.00000 -27.50000
v 8.00000 16.00000 -27.50000
v 7.00000 16.00000 -27.50000
v 8.00000 14.00000 -28.50000
v 9.00000 14.00000 -28.50000
v 9.00000 16.00000 -28.50000
v 8.00000 16.00000 -28.50000
v 8.00000 14.00000 -27.50000
v 9.00000 14.00000 -27.50000
v 9.00000 16.00000 -27.50000
v 8.00000 16.00000 -27.50000
g GroundSlab
usemtl concrete
f 1 2 3 4
usemtl concrete
f 5 8 7 6
usemtl concrete
f 1 5 6 2
usemtl concrete
f 4 3 7 8
usemtl concrete
f 1 4 8 5
usemtl concrete
f 2 6 7 3
g Floor2_Left
usemtl concrete
f 9 10 11 12
usemtl concrete
f 13 16 15 14
usemtl concrete
f 9 13 14 10
usemtl concrete
f 12 11 15 16
usemtl concrete
f 9 12 16 13
usemtl concrete
f 10 14 15 11
g Floor2_Right
usemtl concrete
f 17 18 19 20
usemtl concrete
f 21 24 23 22
usemtl concrete
f 17 21 22 18
usemtl concrete
f 20 19 23 24
usemtl concrete
f 17 20 24 21
usemtl concrete
f 18 22 23 19
g Floor2_CoreFront
usemtl concrete
f 25 26 27 28
usemtl concrete
f 29 32 31 30
usemtl concrete
f 25 29 30 26
usemtl concrete
f 28 27 31 32
usemtl concrete
f 25 28 32 29
usemtl concrete
f 26 30 31 27
g Floor2_CoreBack
usemtl concrete
f 33 34 35 36
usemtl concrete
f 37 40 39 38
usemtl concrete
f 33 37 38 34
usemtl concrete
f 36 35 39 40
usemtl concrete
f 33 36 40 37
usemtl concrete
f 34 38 39 35
g Floor2_CoreSideL
usemtl concrete
f 41 42 43 44
usemtl concrete
f 45 48 47 46
usemtl concrete
f 41 45 46 42
usemtl concrete
f 44 43 47 48
usemtl concrete
f 41 44 48 45
usemtl concrete
f 42 46 47 43
g Floor2_CoreSideR
usemtl concrete
f 49 50 51 52
usemtl concrete
f 53 56 55 54
usemtl concrete
f 49 53 54 50
usemtl concrete
f 52 51 55 56
usemtl concrete
f 49 52 56 53
usemtl concrete
f 50 54 55 51
g Ceiling2
usemtl white
f 57 58 59 60
usemtl white
f 61 64 63 62
usemtl white
f 57 61 62 58
usemtl white
f 60 59 63 64
usemtl white
f 57 60 64 61
usemtl white
f 58 62 63 59
g F0_FrontRoom1_B
usemtl white
f 65 66 67 68
usemtl white
f 69 72 71 70
usemtl white
f 65 69 70 66
usemtl white
f 68 67 71 72
usemtl white
f 65 68 72 69
usemtl white
f 66 70 71 67
g F0_FrontRoom1_T
usemtl white
f 73 74 75 76
usemtl white
f 77 80 79 78
usemtl white
f 73 77 78 74
usemtl white
f 76 75 79 80
usemtl white
f 73 76 80 77
usemtl white
f 74 78 79 75
g F0_FrontRoom1_M0
usemtl white
f 81 82 83 84
usemtl white
f 85 88 87 86
usemtl white
f 81 85 86 82
usemtl white
f 84 83 87 88
usemtl white
f 81 84 88 85
usemtl white
f 82 86 87 83
g F0_FrontRoom1_M1
usemtl white
f 89 90 91 92
usemtl white
f 93 96 95 94
usemtl white
f 89 93 94 90
usemtl white
f 92 91 95 96
usemtl white
f 89 92 96 93
usemtl white
f 90 94 95 91
g F0_FrontRoom1_M2
usemtl white
f 97 98 99 100
usemtl white
f 101 104 103 102
usemtl white
f 97 101 102 98
usemtl white
f 100 99 103 104
usemtl white
f 97 100 104 101
usemtl white
f 98 102 103 99
g F0_FrontRoom1_Glass0
usemtl glass
f 105 106 107 108
usemtl glass
f 109 112 111 110
usemtl glass
f 105 109 110 106
usemtl glass
f 108 107 111 112
usemtl glass
f 105 108 112 109
usemtl glass
f 106 110 111 107
g F0_FrontRoom1_FrameL0
usemtl white
f 113 114 115 116
usemtl white
f 117 120 119 118
usemtl white
f 113 117 118 114
usemtl white
f 116 115 119 120
usemtl white
f 113 116 120 117
usemtl white
f 114 118 119 115
g F0_FrontRoom1_FrameR0
usemtl white
f 121 122 123 124
usemtl white
f 125 128 127 126
usemtl white
f 121 125 126 122
usemtl white
f 124 123 127 128
usemtl white
f 121 124 128 125
usemtl white
f 122 126 127 123
g F0_FrontRoom1_FrameT0
usemtl white
f 129 130 131 132
usemtl white
f 133 136 135 134
usemtl white
f 129 133 134 130
usemtl white
f 132 131 135 136
usemtl white
f 129 132 136 133
usemtl white
f 130 134 135 131
g F0_FrontRoom1_FrameB0
usemtl white
f 137 138 139 140
usemtl white
f 141 144 143 142
usemtl white
f 137 141 142 138
usemtl white
f 140 139 143 144
usemtl white
f 137 140 144 141
usemtl white
f 138 142 143 139
g F0_FrontRoom1_Glass1
usemtl glass
f 145 146 147 148
usemtl glass
f 149 152 151 150
usemtl glass
f 145 149 150 146
usemtl glass
f 148 147 151 152
usemtl glass
f 145 148 152 149
usemtl glass
f 146 150 151 147
g F0_FrontRoom1_FrameL1
usemtl white
f 153 154 155 156
usemtl white
f 157 160 159 158
usemtl white
f 153 157 158 154
usemtl white
f 156 155 159 160
usemtl white
f 153 156 160 157
usemtl white
f 154 158 159 155
g F0_FrontRoom1_FrameR1
usemtl white
f 161 162 163 164
usemtl white
f 165 168 167 166
usemtl white
f 161 165 166 162
usemtl white
f 164 163 167 168
usemtl white
f 161 164 168 165
usemtl white
f 162 166 167 163
g F0_FrontRoom1_FrameT1
usemtl white
f 169 170 171 172
usemtl white
f 173 176 175 174
usemtl white
f 169 173 174 170
usemtl white
f 172 171 175 176
usemtl white
f 169 172 176 173
usemtl white
f 170 174 175 171
g F0_FrontRoom1_FrameB1
usemtl white
f 177 178 179 180
usemtl white
f 181 184 183 182
usemtl white
f 177 181 182 178
usemtl white
f 180 179 183 184
usemtl white
f 177 180 184 181
usemtl white
f 178 182 183 179
g F0_BackRoom5_B
usemtl white
f 185 186 187 188
usemtl white
f 189 192 191 190
usemtl white
f 185 189 190 186
usemtl white
f 188 187 191 192
usemtl white
f 185 188 192 189
usemtl white
f 186 190 191 187
g F0_BackRoom5_T
usemtl white
f 193 194 195 196
usemtl white
f 197 200 199 198
usemtl white
f 193 197 198 194
usemtl white
f 196 195 199 200
usemtl white
f 193 196 200 197
usemtl white
f 194 198 199 195
g F0_BackRoom5_M0
usemtl white
f 201 202 203 204
usemtl white
f 205 208 207 206
usemtl white
f 201 205 206 202
usemtl white
f 204 203 207 208
usemtl white
f 201 204 208 205
usemtl white
f 202 206 207 203
g F0_BackRoom5_M1
usemtl white
f 209 210 211 212
usemtl white
f 213 216 215 214
usemtl white
f 209 213 214 210
usemtl white
f 212 211 215 216
usemtl white
f 209 212 216 213
usemtl white
f 210 214 215 211
g F0_BackRoom5_M2
usemtl white
f 217 218 219 220
usemtl white
f 221 224 223 222
usemtl white
f 217 221 222 218
usemtl white
f 220 219 223 224
usemtl white
f 217 220 224 221
usemtl white
f 218 222 223 219
g F0_BackRoom5_Glass0
usemtl glass
f 225 226 227 228
usemtl glass
f 229 232 231 230
usemtl glass
f 225 229 230 226
usemtl glass
f 228 227 231 232
usemtl glass
f 225 228 232 229
usemtl glass
f 226 230 231 227
g F0_BackRoom5_FrameL0
usemtl white
f 233 234 235 236
usemtl white
f 237 240 239 238
usemtl white
f 233 237 238 234
usemtl white
f 236 235 239 240
usemtl white
f 233 236 240 237
usemtl white
f 234 238 239 235
g F0_BackRoom5_FrameR0
usemtl white
f 241 242 243 244
usemtl white
f 245 248 247 246
usemtl white
f 241 245 246 242
usemtl white
f 244 243 247 248
usemtl white
f 241 244 248 245
usemtl white
f 242 246 247 243
g F0_BackRoom5_FrameT0
usemtl white
f 249 250 251 252
usemtl white
f 253 256 255 254
usemtl white
f 249 253 254 250
usemtl white
f 252 251 255 256
usemtl white
f 249 252 256 253
usemtl white
f 250 254 255 251
g F0_BackRoom5_FrameB0
usemtl white
f 257 258 259 260
usemtl white
f 261 264 263 262
usemtl white
f 257 261 262 258
usemtl white
f 260 259 263 264
usemtl white
f 257 260 264 261
usemtl white
f 258 262 263 259
g F0_BackRoom5_Glass1
usemtl glass
f 265 266 267 268
usemtl glass
f 269 272 271 270
usemtl glass
f 265 269 270 266
usemtl glass
f 268 267 271 272
usemtl glass
f 265 268 272 269
usemtl glass
f 266 270 271 267
g F0_BackRoom5_FrameL1
usemtl white
f 273 274 275 276
usemtl white
f 277 280 279 278
usemtl white
f 273 277 278 274
usemtl white
f 276 275 279 280
usemtl white
f 273 276 280 277
usemtl white
f 274 278 279 275
g F0_BackRoom5_FrameR1
usemtl white
f 281 282 283 284
usemtl white
f 285 288 287 286
usemtl white
f 281 285 286 282
usemtl white
f 284 283 287 288
usemtl white
f 281 284 288 285
usemtl white
f 282 286 287 283
g F0_BackRoom5_FrameT1
usemtl white
f 289 290 291 292
usemtl white
f 293 296 295 294
usemtl white
f 289 293 294 290
usemtl white
f 292 291 295 296
usemtl white
f 289 292 296 293
usemtl white
f 290 294 295 291
g F0_BackRoom5_FrameB1
usemtl white
f 297 298 299 300
usemtl white
f 301 304 303 302
usemtl white
f 297 301 302 298
usemtl white
f 300 299 303 304
usemtl white
f 297 300 304 301
usemtl white
f 298 302 303 299
g F0_FrontDoor1_L
usemtl white
f 305 306 307 308
usemtl white
f 309 312 311 310
usemtl white
f 305 309 310 306
usemtl white
f 308 307 311 312
usemtl white
f 305 308 312 309
usemtl white
f 306 310 311 307
g F0_FrontDoor1_R
usemtl white
f 313 314 315 316
usemtl white
f 317 320 319 318
usemtl white
f 313 317 318 314
usemtl white
f 316 315 319 320
usemtl white
f 313 316 320 317
usemtl white
f 314 318 319 315
g F0_FrontDoor1_H
usemtl white
f 321 322 323 324
usemtl white
f 325 328 327 326
usemtl white
f 321 325 326 322
usemtl white
f 324 323 327 328
usemtl white
f 321 324 328 325
usemtl white
f 322 326 327 323
g F0_BackDoor5_L
usemtl white
f 329 330 331 332
usemtl white
f 333 336 335 334
usemtl white
f 329 333 334 330
usemtl white
f 332 331 335 336
usemtl white
f 329 332 336 333
usemtl white
f 330 334 335 331
g F0_BackDoor5_R
usemtl white
f 337 338 339 340
usemtl white
f 341 344 343 342
usemtl white
f 337 341 342 338
usemtl white
f 340 339 343 344
usemtl white
f 337 340 344 341
usemtl white
f 338 342 343 339
g F0_BackDoor5_H
usemtl white
f 345 346 347 348
usemtl white
f 349 352 351 350
usemtl white
f 345 349 350 346
usemtl white
f 348 347 351 352
usemtl white
f 345 348 352 349
usemtl white
f 346 350 351 347
g F0_FrontRoom2_B
usemtl white
f 353 354 355 356
usemtl white
f 357 360 359 358
usemtl white
f 353 357 358 354
usemtl white
f 356 355 359 360
usemtl white
f 353 356 360 357
usemtl white
f 354 358 359 355
g F0_FrontRoom2_T
usemtl white
f 361 362 363 364
usemtl white
f 365 368 367 366
usemtl white
f 361 365 366 362
usemtl white
f 364 363 367 368
usemtl white
f 361 364 368 365
usemtl white
f 362 366 367 363
g F0_FrontRoom2_M0
usemtl white
f 369 370 371 372
usemtl white
f 373 376 375 374
usemtl white
f 369 373 374 370
usemtl white
f 372 371 375 376
usemtl white
f 369 372 376 373
usemtl white
f 370 374 375 371
g F0_FrontRoom2_M1
usemtl white
f 377 378 379 380
usemtl white
f 381 384 383 382
usemtl white
f 377 381 382 378
usemtl white
f 380 379 383 384
usemtl white
f 377 380 384 381
usemtl white
f 378 382 383 379
g F0_FrontRoom2_M2
usemtl white
f 385 386 387 388
usemtl white
f 389 392 391 390
usemtl white
f 385 389 390 386
usemtl white
f 388 387 391 392
usemtl white
f 385 388 392 389
usemtl white
f 386 390 391 387
g F0_FrontRoom2_Glass0
usemtl glass
f 393 394 395 396
usemtl glass
f 397 400 399 398
usemtl glass
f 393 397 398 394
usemtl glass
f 396 395 399 400
usemtl glass
f 393 396 400 397
usemtl glass
f 394 398 399 395
g F0_FrontRoom2_FrameL0
usemtl white
f 401 402 403 404
usemtl white
f 405 408 407 406
usemtl white
f 401 405 406 402
usemtl white
f 404 403 407 408
usemtl white
f 401 404 408 405
usemtl white
f 402 406 407 403
g F0_FrontRoom2_FrameR0
usemtl white
f 409 410 411 412
usemtl white
f 413 416 415 414
usemtl white
f 409 413 414 410
usemtl white
f 412 411 415 416
usemtl white
f 409 412 416 413
usemtl white
f 410 414 415 411
g F0_FrontRoom2_FrameT0
usemtl white
f 417 418 419 420
usemtl white
f 421 424 423 422
usemtl white
f 417 421 422 418
usemtl white
f 420 419 423 424
usemtl white
f 417 420 424 421
usemtl white
f 418 422 423 419
g F0_FrontRoom2_FrameB0
usemtl white
f 425 426 427 428
usemtl white
f 429 432 431 430
usemtl white
f 425 429 430 426
usemtl white
f 428 427 431 432
usemtl white
f 425 428 432 429
usemtl white
f 426 430 431 427
g F0_FrontRoom2_Glass1
usemtl glass
f 433 434 435 436
usemtl glass
f 437 440 439 438
usemtl glass
f 433 437 438 434
usemtl glass
f 436 435 439 440
usemtl glass
f 433 436 440 437
usemtl glass
f 434 438 439 435
g F0_FrontRoom2_FrameL1
usemtl white
f 441 442 443 444
usemtl white
f 445 448 447 446
usemtl white
f 441 445 446 442
usemtl white
f 444 443 447 448
usemtl white
f 441 444 448 445
usemtl white
f 442 446 447 443
g F0_FrontRoom2_FrameR1
usemtl white
f 449 450 451 452
usemtl white
f 453 456 455 454
usemtl white
f 449 453 454 450
usemtl white
f 452 451 455 456
usemtl white
f 449 452 456 453
usemtl white
f 450 454 455 451
g F0_FrontRoom2_FrameT1
usemtl white
f 457 458 459 460
usemtl white
f 461 464 463 462
usemtl white
f 457 461 462 458
usemtl white
f 460 459 463 464
usemtl white
f 457 460 464 461
usemtl white
f 458 462 463 459
g F0_FrontRoom2_FrameB1
usemtl white
f 465 466 467 468
usemtl white
f 469 472 471 470
usemtl white
f 465 469 470 466
usemtl white
f 468 467 471 472
usemtl white
f 465 468 472 469
usemtl white
f 466 470 471 467
g F0_BackRoom6_B
usemtl white
f 473 474 475 476
usemtl white
f 477 480 479 478
usemtl white
f 473 477 478 474
usemtl white
f 476 475 479 480
usemtl white
f 473 476 480 477
usemtl white
f 474 478 479 475
g F0_BackRoom6_T
usemtl white
f 481 482 483 484
usemtl white
f 485 488 487 486
usemtl white
f 481 485 486 482
usemtl white
f 484 483 487 488
usemtl white
f 481 484 488 485
usemtl white
f 482 486 487 483
g F0_BackRoom6_M0
usemtl white
f 489 490 491 492
usemtl white
f 493 496 495 494
usemtl white
f 489 493 494 490
usemtl white
f 492 491 495 496
usemtl white
f 489 492 496 493
usemtl white
f 490 494 495 491
g F0_BackRoom6_M1
usemtl white
f 497 498 499 500
usemtl white
f 501 504 503 502
usemtl white
f 497 501 502 498
usemtl white
f 500 499 503 504
usemtl white
f 497 500 504 501
usemtl white
f 498 502 503 499
g F0_BackRoom6_M2
usemtl white
f 505 506 507 508
usemtl white
f 509 512 511 510
usemtl white
f 505 509 510 506
usemtl white
f 508 507 511 512
usemtl white
f 505 508 512 509
usemtl white
f 506 510 511 507
g F0_BackRoom6_Glass0
usemtl glass
f 513 514 515 516
usemtl glass
f 517 520 519 518
usemtl glass
f 513 517 518 514
usemtl glass
f 516 515 519 520
usemtl glass
f 513 516 520 517
usemtl glass
f 514 518 519 515
g F0_BackRoom6_FrameL0
usemtl white
f 521 522 523 524
usemtl white
f 525 528 527 526
usemtl white
f 521 525 526 522
usemtl white
f 524 523 527 528
usemtl white
f 521 524 528 525
usemtl white
f 522 526 527 523
g F0_BackRoom6_FrameR0
usemtl white
f 529 530 531 532
usemtl white
f 533 536 535 534
usemtl white
f 529 533 534 530
usemtl white
f 532 531 535 536
usemtl white
f 529 532 536 533
usemtl white
f 530 534 535 531
g F0_BackRoom6_FrameT0
usemtl white
f 537 538 539 540
usemtl white
f 541 544 543 542
usemtl white
f 537 541 542 538
usemtl white
f 540 539 543 544
usemtl white
f 537 540 544 541
usemtl white
f 538 542 543 539
g F0_BackRoom6_FrameB0
usemtl white
f 545 546 547 548
usemtl white
f 549 552 551 550
usemtl white
f 545 549 550 546
usemtl white
f 548 547 551 552
usemtl white
f 545 548 552 549
usemtl white
f 546 550 551 547
g F0_BackRoom6_Glass1
usemtl glass
f 553 554 555 556
usemtl glass
f 557 560 559 558
usemtl glass
f 553 557 558 554
usemtl glass
f 556 555 559 560
usemtl glass
f 553 556 560 557
usemtl glass
f 554 558 559 555
g F0_BackRoom6_FrameL1
usemtl white
f 561 562 563 564
usemtl white
f 565 568 567 566
usemtl white
f 561 565 566 562
usemtl white
f 564 563 567 568
usemtl white
f 561 564 568 565
usemtl white
f 562 566 567 563
g F0_BackRoom6_FrameR1
usemtl white
f 569 570 571 572
usemtl white
f 573 576 575 574
usemtl white
f 569 573 574 570
usemtl white
f 572 571 575 576
usemtl white
f 569 572 576 573
usemtl white
f 570 574 575 571
g F0_BackRoom6_FrameT1
usemtl white
f 577 578 579 580
usemtl white
f 581 584 583 582
usemtl white
f 577 581 582 578
usemtl white
f 580 579 583 584
usemtl white
f 577 580 584 581
usemtl white
f 578 582 583 579
g F0_BackRoom6_FrameB1
usemtl white
f 585 586 587 588
usemtl white
f 589 592 591 590
usemtl white
f 585 589 590 586
usemtl white
f 588 587 591 592
usemtl white
f 585 588 592 589
usemtl white
f 586 590 591 587
g F0_FrontDoor2_L
usemtl white
f 593 594 595 596
usemtl white
f 597 600 599 598
usemtl white
f 593 597 598 594
usemtl white
f 596 595 599 600
usemtl white
f 593 596 600 597
usemtl white
f 594 598 599 595
g F0_FrontDoor2_R
usemtl white
f 601 602 603 604
usemtl white
f 605 608 607 606
usemtl white
f 601 605 606 602
usemtl white
f 604 603 607 608
usemtl white
f 601 604 608 605
usemtl white
f 602 606 607 603
g F0_FrontDoor2_H
usemtl white
f 609 610 611 612
usemtl white
f 613 616 615 614
usemtl white
f 609 613 614 610
usemtl white
f 612 611 615 616
usemtl white
f 609 612 616 613
usemtl white
f 610 614 615 611
g F0_BackDoor6_L
usemtl white
f 617 618 619 620
usemtl white
f 621 624 623 622
usemtl white
f 617 621 622 618
usemtl white
f 620 619 623 624
usemtl white
f 617 620 624 621
usemtl white
f 618 622 623 619
g F0_BackDoor6_R
usemtl white
f 625 626 627 628
usemtl white
f 629 632 631 630
usemtl white
f 625 629 630 626
usemtl white
f 628 627 631 632
usemtl white
f 625 628 632 629
usemtl white
f 626 630 631 627
g F0_BackDoor6_H
usemtl white
f 633 634 635 636
usemtl white
f 637 640 639 638
usemtl white
f 633 637 638 634
usemtl white
f 636 635 639 640
usemtl white
f 633 636 640 637
usemtl white
f 634 638 639 635
g F0_FrontRoom3_B
usemtl white
f 641 642 643 644
usemtl white
f 645 648 647 646
usemtl white
f 641 645 646 642
usemtl white
f 644 643 647 648
usemtl white
f 641 644 648 645
usemtl white
f 642 646 647 643
g F0_FrontRoom3_T
usemtl white
f 649 650 651 652
usemtl white
f 653 656 655 654
usemtl white
f 649 653 654 650
usemtl white
f 652 651 655 656
usemtl white
f 649 652 656 653
usemtl white
f 650 654 655 651
g F0_FrontRoom3_M0
usemtl white
f 657 658 659 660
usemtl white
f 661 664 663 662
usemtl white
f 657 661 662 658
usemtl white
f 660 659 663 664
usemtl white
f 657 660 664 661
usemtl white
f 658 662 663 659
g F0_FrontRoom3_M1
usemtl white
f 665 666 667 668
usemtl white
f 669 672 671 670
usemtl white
f 665 669 670 666
usemtl white
f 668 667 671 672
usemtl white
f 665 668 672 669
usemtl white
f 666 670 671 667
g F0_FrontRoom3_M2
usemtl white
f 673 674 675 676
usemtl white
f 677 680 679 678
usemtl white
f 673 677 678 674
usemtl white
f 676 675 679 680
usemtl white
f 673 676 680 677
usemtl white
f 674 678 679 675
g F0_FrontRoom3_Glass0
usemtl glass
f 681 682 683 684
usemtl glass
f 685 688 687 686
usemtl glass
f 681 685 686 682
usemtl glass
f 684 683 687 688
usemtl glass
f 681 684 688 685
usemtl glass
f 682 686 687 683
g F0_FrontRoom3_FrameL0
usemtl white
f 689 690 691 692
usemtl white
f 693 696 695 694
usemtl white
f 689 693 694 690
usemtl white
f 692 691 695 696
usemtl white
f 689 692 696 693
usemtl white
f 690 694 695 691
g F0_FrontRoom3_FrameR0
usemtl white
f 697 698 699 700
usemtl white
f 701 704 703 702
usemtl white
f 697 701 702 698
usemtl white
f 700 699 703 704
usemtl white
f 697 700 704 701
usemtl white
f 698 702 703 699
g F0_FrontRoom3_FrameT0
usemtl white
f 705 706 707 708
usemtl white
f 709 712 711 710
usemtl white
f 705 709 710 706
usemtl white
f 708 707 711 712
usemtl white
f 705 708 712 709
usemtl white
f 706 710 711 707
g F0_FrontRoom3_FrameB0
usemtl white
f 713 714 715 716
usemtl white
f 717 720 719 718
usemtl white
f 713 717 718 714
usemtl white
f 716 715 719 720
usemtl white
f 713 716 720 717
usemtl white
f 714 718 719 715
g F0_FrontRoom3_Glass1
usemtl glass
f 721 722 723 724
usemtl glass
f 725 728 727 726
usemtl glass
f 721 725 726 722
usemtl glass
f 724 723 727 728
usemtl glass
f 721 724 728 725
usemtl glass
f 722 726 727 723
g F0_FrontRoom3_FrameL1
usemtl white
f 729 730 731 732
usemtl white
f 733 736 735 734
usemtl white
f 729 733 734 730
usemtl white
f 732 731 735 736
usemtl white
f 729 732 736 733
usemtl white
f 730 734 735 731
g F0_FrontRoom3_FrameR1
usemtl white
f 737 738 739 740
usemtl white
f 741 744 743 742
usemtl white
f 737 741 742 738
usemtl white
f 740 739 743 744
usemtl white
f 737 740 744 741
usemtl white
f 738 742 743 739
g F0_FrontRoom3_FrameT1
usemtl white
f 745 746 747 748
usemtl white
f 749 752 751 750
usemtl white
f 745 749 750 746
usemtl white
f 748 747 751 752
usemtl white
f 745 748 752 749
usemtl white
f 746 750 751 747
g F0_FrontRoom3_FrameB1
usemtl white
f 753 754 755 756
usemtl white
f 757 760 759 758
usemtl white
f 753 757 758 754
usemtl white
f 756 755 759 760
usemtl white
f 753 756 760 757
usemtl white
f 754 758 759 755
g F0_BackRoom7_B
usemtl white
f 761 762 763 764
usemtl white
f 765 768 767 766
usemtl white
f 761 765 766 762
usemtl white
f 764 763 767 768
usemtl white
f 761 764 768 765
usemtl white
f 762 766 767 763
g F0_BackRoom7_T
usemtl white
f 769 770 771 772
usemtl white
f 773 776 775 774
usemtl white
f 769 773 774 770
usemtl white
f 772 771 775 776
usemtl white
f 769 772 776 773
usemtl white
f 770 774 775 771
g F0_BackRoom7_M0
usemtl white
f 777 778 779 780
usemtl white
f 781 784 783 782
usemtl white
f 777 781 782 778
usemtl white
f 780 779 783 784
usemtl white
f 777 780 784 781
usemtl white
f 778 782 783 779
g F0_BackRoom7_M1
usemtl white
f 785 786 787 788
usemtl white
f 789 792 791 790
usemtl white
f 785 789 790 786
usemtl white
f 788 787 791 792
usemtl white
f 785 788 792 789
usemtl white
f 786 790 791 787
g F0_BackRoom7_M2
usemtl white
f 793 794 795 796
usemtl white
f 797 800 799 798
usemtl white
f 793 797 798 794
usemtl white
f 796 795 799 800
usemtl white
f 793 796 800 797
usemtl white
f 794 798 799 795
g F0_BackRoom7_Glass0
usemtl glass
f 801 802 803 804
usemtl glass
f 805 808 807 806
usemtl glass
f 801 805 806 802
usemtl glass
f 804 803 807 808
usemtl glass
f 801 804 808 805
usemtl glass
f 802 806 807 803
g F0_BackRoom7_FrameL0
usemtl white
f 809 810 811 812
usemtl white
f 813 816 815 814
usemtl white
f 809 813 814 810
usemtl white
f 812 811 815 816
usemtl white
f 809 812 816 813
usemtl white
f 810 814 815 811
g F0_BackRoom7_FrameR0
usemtl white
f 817 818 819 820
usemtl white
f 821 824 823 822
usemtl white
f 817 821 822 818
usemtl white
f 820 819 823 824
usemtl white
f 817 820 824 821
usemtl white
f 818 822 823 819
g F0_BackRoom7_FrameT0
usemtl white
f 825 826 827 828
usemtl white
f 829 832 831 830
usemtl white
f 825 829 830 826
usemtl white
f 828 827 831 832
usemtl white
f 825 828 832 829
usemtl white
f 826 830 831 827
g F0_BackRoom7_FrameB0
usemtl white
f 833 834 835 836
usemtl white
f 837 840 839 838
usemtl white
f 833 837 838 834
usemtl white
f 836 835 839 840
usemtl white
f 833 836 840 837
usemtl white
f 834 838 839 835
g F0_BackRoom7_Glass1
usemtl glass
f 841 842 843 844
usemtl glass
f 845 848 847 846
usemtl glass
f 841 845 846 842
usemtl glass
f 844 843 847 848
usemtl glass
f 841 844 848 845
usemtl glass
f 842 846 847 843
g F0_BackRoom7_FrameL1
usemtl white
f 849 850 851 852
usemtl white
f 853 856 855 854
usemtl white
f 849 853 854 850
usemtl white
f 852 851 855 856
usemtl white
f 849 852 856 853
usemtl white
f 850 854 855 851
g F0_BackRoom7_FrameR1
usemtl white
f 857 858 859 860
usemtl white
f 861 864 863 862
usemtl white
f 857 861 862 858
usemtl white
f 860 859 863 864
usemtl white
f 857 860 864 861
usemtl white
f 858 862 863 859
g F0_BackRoom7_FrameT1
usemtl white
f 865 866 867 868
usemtl white
f 869 872 871 870
usemtl white
f 865 869 870 866
usemtl white
f 868 867 871 872
usemtl white
f 865 868 872 869
usemtl white
f 866 870 871 867
g F0_BackRoom7_FrameB1
usemtl white
f 873 874 875 876
usemtl white
f 877 880 879 878
usemtl white
f 873 877 878 874
usemtl white
f 876 875 879 880
usemtl white
f 873 876 880 877
usemtl white
f 874 878 879 875
g F0_FrontDoor3_L
usemtl white
f 881 882 883 884
usemtl white
f 885 888 887 886
usemtl white
f 881 885 886 882
usemtl white
f 884 883 887 888
usemtl white
f 881 884 888 885
usemtl white
f 882 886 887 883
g F0_FrontDoor3_R
usemtl white
f 889 890 891 892
usemtl white
f 893 896 895 894
usemtl white
f 889 893 894 890
usemtl white
f 892 891 895 896
usemtl white
f 889 892 896 893
usemtl white
f 890 894 895 891
g F0_FrontDoor3_H
usemtl white
f 897 898 899 900
usemtl white
f 901 904 903 902
usemtl white
f 897 901 902 898
usemtl white
f 900 899 903 904
usemtl white
f 897 900 904 901
usemtl white
f 898 902 903 899
g F0_BackDoor7_L
usemtl white
f 905 906 907 908
usemtl white
f 909 912 911 910
usemtl white
f 905 909 910 906
usemtl white
f 908 907 911 912
usemtl white
f 905 908 912 909
usemtl white
f 906 910 911 907
g F0_BackDoor7_R
usemtl white
f 913 914 915 916
usemtl white
f 917 920 919 918
usemtl white
f 913 917 918 914
usemtl white
f 916 915 919 920
usemtl white
f 913 916 920 917
usemtl white
f 914 918 919 915
g F0_BackDoor7_H
usemtl white
f 921 922 923 924
usemtl white
f 925 928 927 926
usemtl white
f 921 925 926 922
usemtl white
f 924 923 927 928
usemtl white
f 921 924 928 925
usemtl white
f 922 926 927 923
g F0_FrontRoom4_B
usemtl white
f 929 930 931 932
usemtl white
f 933 936 935 934
usemtl white
f 929 933 934 930
usemtl white
f 932 931 935 936
usemtl white
f 929 932 936 933
usemtl white
f 930 934 935 931
g F0_FrontRoom4_T
usemtl white
f 937 938 939 940
usemtl white
f 941 944 943 942
usemtl white
f 937 941 942 938
usemtl white
f 940 939 943 944
usemtl white
f 937 940 944 941
usemtl white
f 938 942 943 939
g F0_FrontRoom4_M0
usemtl white
f 945 946 947 948
usemtl white
f 949 952 951 950
usemtl white
f 945 949 950 946
usemtl white
f 948 947 951 952
usemtl white
f 945 948 952 949
usemtl white
f 946 950 951 947
g F0_FrontRoom4_M1
usemtl white
f 953 954 955 956
usemtl white
f 957 960 959 958
usemtl white
f 953 957 958 954
usemtl white
f 956 955 959 960
usemtl white
f 953 956 960 957
usemtl white
f 954 958 959 955
g F0_FrontRoom4_M2
usemtl white
f 961 962 963 964
usemtl white
f 965 968 967 966
usemtl white
f 961 965 966 962
usemtl white
f 964 963 967 968
usemtl white
f 961 964 968 965
usemtl white
f 962 966 967 963
g F0_FrontRoom4_Glass0
usemtl glass
f 969 970 971 972
usemtl glass
f 973 976 975 974
usemtl glass
f 969 973 974 970
usemtl glass
f 972 971 975 976
usemtl glass
f 969 972 976 973
usemtl glass
f 970 974 975 971
g F0_FrontRoom4_FrameL0
usemtl white
f 977 978 979 980
usemtl white
f 981 984 983 982
usemtl white
f 977 981 982 978
usemtl white
f 980 979 983 984
usemtl white
f 977 980 984 981
usemtl white
f 978 982 983 979
g F0_FrontRoom4_FrameR0
usemtl white
f 985 986 987 988
usemtl white
f 989 992 991 990
usemtl white
f 985 989 990 986
usemtl white
f 988 987 991 992
usemtl white
f 985 988 992 989
usemtl white
f 986 990 991 987
g F0_FrontRoom4_FrameT0
usemtl white
f 993 994 995 996
usemtl white
f 997 1000 999 998
usemtl white
f 993 997 998 994
usemtl white
f 996 995 999 1000
usemtl white
f 993 996 1000 997
usemtl white
f 994 998 999 995
g F0_FrontRoom4_FrameB0
usemtl white
f 1001 1002 1003 1004
usemtl white
f 1005 1008 1007 1006
usemtl white
f 1001 1005 1006 1002
usemtl white
f 1004 1003 1007 1008
usemtl white
f 1001 1004 1008 1005
usemtl white
f 1002 1006 1007 1003
g F0_FrontRoom4_Glass1
usemtl glass
f 1009 1010 1011 1012
usemtl glass
f 1013 1016 1015 1014
usemtl glass
f 1009 1013 1014 1010
usemtl glass
f 1012 1011 1015 1016
usemtl glass
f 1009 1012 1016 1013
usemtl glass
f 1010 1014 1015 1011
g F0_FrontRoom4_FrameL1
usemtl white
f 1017 1018 1019 1020
usemtl white
f 1021 1024 1023 1022
usemtl white
f 1017 1021 1022 1018
usemtl white
f 1020 1019 1023 1024
usemtl white
f 1017 1020 1024 1021
usemtl white
f 1018 1022 1023 1019
g F0_FrontRoom4_FrameR1
usemtl white
f 1025 1026 1027 1028
usemtl white
f 1029 1032 1031 1030
usemtl white
f 1025 1029 1030 1026
usemtl white
f 1028 1027 1031 1032
usemtl white
f 1025 1028 1032 1029
usemtl white
f 1026 1030 1031 1027
g F0_FrontRoom4_FrameT1
usemtl white
f 1033 1034 1035 1036
usemtl white
f 1037 1040 1039 1038
usemtl white
f 1033 1037 1038 1034
usemtl white
f 1036 1035 1039 1040
usemtl white
f 1033 1036 1040 1037
usemtl white
f 1034 1038 1039 1035
g F0_FrontRoom4_FrameB1
usemtl white
f 1041 1042 1043 1044
usemtl white
f 1045 1048 1047 1046
usemtl white
f 1041 1045 1046 1042
usemtl white
f 1044 1043 1047 1048
usemtl white
f 1041 1044 1048 1045
usemtl white
f 1042 1046 1047 1043
g F0_BackRoom8_B
usemtl white
f 1049 1050 1051 1052
usemtl white
f 1053 1056 1055 1054
usemtl white
f 1049 1053 1054 1050
usemtl white
f 1052 1051 1055 1056
usemtl white
f 1049 1052 1056 1053
usemtl white
f 1050 1054 1055 1051
g F0_BackRoom8_T
usemtl white
f 1057 1058 1059 1060
usemtl white
f 1061 1064 1063 1062
usemtl white
f 1057 1061 1062 1058
usemtl white
f 1060 1059 1063 1064
usemtl white
f 1057 1060 1064 1061
usemtl white
f 1058 1062 1063 1059
g F0_BackRoom8_M0
usemtl white
f 1065 1066 1067 1068
usemtl white
f 1069 1072 1071 1070
usemtl white
f 1065 1069 1070 1066
usemtl white
f 1068 1067 1071 1072
usemtl white
f 1065 1068 1072 1069
usemtl white
f 1066 1070 1071 1067
g F0_BackRoom8_M1
usemtl white
f 1073 1074 1075 1076
usemtl white
f 1077 1080 1079 1078
usemtl white
f 1073 1077 1078 1074
usemtl white
f 1076 1075 1079 1080
usemtl white
f 1073 1076 1080 1077
usemtl white
f 1074 1078 1079 1075
g F0_BackRoom8_M2
usemtl white
f 1081 1082 1083 1084
usemtl white
f 1085 1088 1087 1086
usemtl white
f 1081 1085 1086 1082
usemtl white
f 1084 1083 1087 1088
usemtl white
f 1081 1084 1088 1085
usemtl white
f 1082 1086 1087 1083
g F0_BackRoom8_Glass0
usemtl glass
f 1089 1090 1091 1092
usemtl glass
f 1093 1096 1095 1094
usemtl glass
f 1089 1093 1094 1090
usemtl glass
f 1092 1091 1095 1096
usemtl glass
f 1089 1092 1096 1093
usemtl glass
f 1090 1094 1095 1091
g F0_BackRoom8_FrameL0
usemtl white
f 1097 1098 1099 1100
usemtl white
f 1101 1104 1103 1102
usemtl white
f 1097 1101 1102 1098
usemtl white
f 1100 1099 1103 1104
usemtl white
f 1097 1100 1104 1101
usemtl white
f 1098 1102 1103 1099
g F0_BackRoom8_FrameR0
usemtl white
f 1105 1106 1107 1108
usemtl white
f 1109 1112 1111 1110
usemtl white
f 1105 1109 1110 1106
usemtl white
f 1108 1107 1111 1112
usemtl white
f 1105 1108 1112 1109
usemtl white
f 1106 1110 1111 1107
g F0_BackRoom8_FrameT0
usemtl white
f 1113 1114 1115 1116
usemtl white
f 1117 1120 1119 1118
usemtl white
f 1113 1117 1118 1114
usemtl white
f 1116 1115 1119 1120
usemtl white
f 1113 1116 1120 1117
usemtl white
f 1114 1118 1119 1115
g F0_BackRoom8_FrameB0
usemtl white
f 1121 1122 1123 1124
usemtl white
f 1125 1128 1127 1126
usemtl white
f 1121 1125 1126 1122
usemtl white
f 1124 1123 1127 1128
usemtl white
f 1121 1124 1128 1125
usemtl white
f 1122 1126 1127 1123
g F0_BackRoom8_Glass1
usemtl glass
f 1129 1130 1131 1132
usemtl glass
f 1133 1136 1135 1134
usemtl glass
f 1129 1133 1134 1130
usemtl glass
f 1132 1131 1135 1136
usemtl glass
f 1129 1132 1136 1133
usemtl glass
f 1130 1134 1135 1131
g F0_BackRoom8_FrameL1
usemtl white
f 1137 1138 1139 1140
usemtl white
f 1141 1144 1143 1142
usemtl white
f 1137 1141 1142 1138
usemtl white
f 1140 1139 1143 1144
usemtl white
f 1137 1140 1144 1141
usemtl white
f 1138 1142 1143 1139
g F0_BackRoom8_FrameR1
usemtl white
f 1145 1146 1147 1148
usemtl white
f 1149 1152 1151 1150
usemtl white
f 1145 1149 1150 1146
usemtl white
f 1148 1147 1151 1152
usemtl white
f 1145 1148 1152 1149
usemtl white
f 1146 1150 1151 1147
g F0_BackRoom8_FrameT1
usemtl white
f 1153 1154 1155 1156
usemtl white
f 1157 1160 1159 1158
usemtl white
f 1153 1157 1158 1154
usemtl white
f 1156 1155 1159 1160
usemtl white
f 1153 1156 1160 1157
usemtl white
f 1154 1158 1159 1155
g F0_BackRoom8_FrameB1
usemtl white
f 1161 1162 1163 1164
usemtl white
f 1165 1168 1167 1166
usemtl white
f 1161 1165 1166 1162
usemtl white
f 1164 1163 1167 1168
usemtl white
f 1161 1164 1168 1165
usemtl white
f 1162 1166 1167 1163
g F0_FrontDoor4_L
usemtl white
f 1169 1170 1171 1172
usemtl white
f 1173 1176 1175 1174
usemtl white
f 1169 1173 1174 1170
usemtl white
f 1172 1171 1175 1176
usemtl white
f 1169 1172 1176 1173
usemtl white
f 1170 1174 1175 1171
g F0_FrontDoor4_R
usemtl white
f 1177 1178 1179 1180
usemtl white
f 1181 1184 1183 1182
usemtl white
f 1177 1181 1182 1178
usemtl white
f 1180 1179 1183 1184
usemtl white
f 1177 1180 1184 1181
usemtl white
f 1178 1182 1183 1179
g F0_FrontDoor4_H
usemtl white
f 1185 1186 1187 1188
usemtl white
f 1189 1192 1191 1190
usemtl white
f 1185 1189 1190 1186
usemtl white
f 1188 1187 1191 1192
usemtl white
f 1185 1188 1192 1189
usemtl white
f 1186 1190 1191 1187
g F0_BackDoor8_L
usemtl white
f 1193 1194 1195 1196
usemtl white
f 1197 1200 1199 1198
usemtl white
f 1193 1197 1198 1194
usemtl white
f 1196 1195 1199 1200
usemtl white
f 1193 1196 1200 1197
usemtl white
f 1194 1198 1199 1195
g F0_BackDoor8_R
usemtl white
f 1201 1202 1203 1204
usemtl white
f 1205 1208 1207 1206
usemtl white
f 1201 1205 1206 1202
usemtl white
f 1204 1203 1207 1208
usemtl white
f 1201 1204 1208 1205
usemtl white
f 1202 1206 1207 1203
g F0_BackDoor8_H
usemtl white
f 1209 1210 1211 1212
usemtl white
f 1213 1216 1215 1214
usemtl white
f 1209 1213 1214 1210
usemtl white
f 1212 1211 1215 1216
usemtl white
f 1209 1212 1216 1213
usemtl white
f 1210 1214 1215 1211
g F0_DivFront-106
usemtl white
f 1217 1218 1219 1220
usemtl white
f 1221 1224 1223 1222
usemtl white
f 1217 1221 1222 1218
usemtl white
f 1220 1219 1223 1224
usemtl white
f 1217 1220 1224 1221
usemtl white
f 1218 1222 1223 1219
g F0_DivBack-106
usemtl white
f 1225 1226 1227 1228
usemtl white
f 1229 1232 1231 1230
usemtl white
f 1225 1229 1230 1226
usemtl white
f 1228 1227 1231 1232
usemtl white
f 1225 1228 1232 1229
usemtl white
f 1226 1230 1231 1227
g F0_DivFront-62
usemtl white
f 1233 1234 1235 1236
usemtl white
f 1237 1240 1239 1238
usemtl white
f 1233 1237 1238 1234
usemtl white
f 1236 1235 1239 1240
usemtl white
f 1233 1236 1240 1237
usemtl white
f 1234 1238 1239 1235
g F0_DivBack-62
usemtl white
f 1241 1242 1243 1244
usemtl white
f 1245 1248 1247 1246
usemtl white
f 1241 1245 1246 1242
usemtl white
f 1244 1243 1247 1248
usemtl white
f 1241 1244 1248 1245
usemtl white
f 1242 1246 1247 1243
g F0_DivFront-18
usemtl white
f 1249 1250 1251 1252
usemtl white
f 1253 1256 1255 1254
usemtl white
f 1249 1253 1254 1250
usemtl white
f 1252 1251 1255 1256
usemtl white
f 1249 1252 1256 1253
usemtl white
f 1250 1254 1255 1251
g F0_DivBack-18
usemtl white
f 1257 1258 1259 1260
usemtl white
f 1261 1264 1263 1262
usemtl white
f 1257 1261 1262 1258
usemtl white
f 1260 1259 1263 1264
usemtl white
f 1257 1260 1264 1261
usemtl white
f 1258 1262 1263 1259
g F0_DivFront18
usemtl white
f 1265 1266 1267 1268
usemtl white
f 1269 1272 1271 1270
usemtl white
f 1265 1269 1270 1266
usemtl white
f 1268 1267 1271 1272
usemtl white
f 1265 1268 1272 1269
usemtl white
f 1266 1270 1271 1267
g F0_DivBack18
usemtl white
f 1273 1274 1275 1276
usemtl white
f 1277 1280 1279 1278
usemtl white
f 1273 1277 1278 1274
usemtl white
f 1276 1275 1279 1280
usemtl white
f 1273 1276 1280 1277
usemtl white
f 1274 1278 1279 1275
g F0_DivFront62
usemtl white
f 1281 1282 1283 1284
usemtl white
f 1285 1288 1287 1286
usemtl white
f 1281 1285 1286 1282
usemtl white
f 1284 1283 1287 1288
usemtl white
f 1281 1284 1288 1285
usemtl white
f 1282 1286 1287 1283
g F0_DivBack62
usemtl white
f 1289 1290 1291 1292
usemtl white
f 1293 1296 1295 1294
usemtl white
f 1289 1293 1294 1290
usemtl white
f 1292 1291 1295 1296
usemtl white
f 1289 1292 1296 1293
usemtl white
f 1290 1294 1295 1291
g F0_DivFront106
usemtl white
f 1297 1298 1299 1300
usemtl white
f 1301 1304 1303 1302
usemtl white
f 1297 1301 1302 1298
usemtl white
f 1300 1299 1303 1304
usemtl white
f 1297 1300 1304 1301
usemtl white
f 1298 1302 1303 1299
g F0_DivBack106
usemtl white
f 1305 1306 1307 1308
usemtl white
f 1309 1312 1311 1310
usemtl white
f 1305 1309 1310 1306
usemtl white
f 1308 1307 1311 1312
usemtl white
f 1305 1308 1312 1309
usemtl white
f 1306 1310 1311 1307
g F0_SideL
usemtl white
f 1313 1314 1315 1316
usemtl white
f 1317 1320 1319 1318
usemtl white
f 1313 1317 1318 1314
usemtl white
f 1316 1315 1319 1320
usemtl white
f 1313 1316 1320 1317
usemtl white
f 1314 1318 1319 1315
g F0_SideR
usemtl white
f 1321 1322 1323 1324
usemtl white
f 1325 1328 1327 1326
usemtl white
f 1321 1325 1326 1322
usemtl white
f 1324 1323 1327 1328
usemtl white
f 1321 1324 1328 1325
usemtl white
f 1322 1326 1327 1323
g CoreFront0_L
usemtl white
f 1329 1330 1331 1332
usemtl white
f 1333 1336 1335 1334
usemtl white
f 1329 1333 1334 1330
usemtl white
f 1332 1331 1335 1336
usemtl white
f 1329 1332 1336 1333
usemtl white
f 1330 1334 1335 1331
g CoreFront0_R
usemtl white
f 1337 1338 1339 1340
usemtl white
f 1341 1344 1343 1342
usemtl white
f 1337 1341 1342 1338
usemtl white
f 1340 1339 1343 1344
usemtl white
f 1337 1340 1344 1341
usemtl white
f 1338 1342 1343 1339
g CoreFront0_H
usemtl white
f 1345 1346 1347 1348
usemtl white
f 1349 1352 1351 1350
usemtl white
f 1345 1349 1350 1346
usemtl white
f 1348 1347 1351 1352
usemtl white
f 1345 1348 1352 1349
usemtl white
f 1346 1350 1351 1347
g CoreBack0_B
usemtl white
f 1353 1354 1355 1356
usemtl white
f 1357 1360 1359 1358
usemtl white
f 1353 1357 1358 1354
usemtl white
f 1356 1355 1359 1360
usemtl white
f 1353 1356 1360 1357
usemtl white
f 1354 1358 1359 1355
g CoreBack0_T
usemtl white
f 1361 1362 1363 1364
usemtl white
f 1365 1368 1367 1366
usemtl white
f 1361 1365 1366 1362
usemtl white
f 1364 1363 1367 1368
usemtl white
f 1361 1364 1368 1365
usemtl white
f 1362 1366 1367 1363
g CoreBack0_L
usemtl white
f 1369 1370 1371 1372
usemtl white
f 1373 1376 1375 1374
usemtl white
f 1369 1373 1374 1370
usemtl white
f 1372 1371 1375 1376
usemtl white
f 1369 1372 1376 1373
usemtl white
f 1370 1374 1375 1371
g CoreBack0_R
usemtl white
f 1377 1378 1379 1380
usemtl white
f 1381 1384 1383 1382
usemtl white
f 1377 1381 1382 1378
usemtl white
f 1380 1379 1383 1384
usemtl white
f 1377 1380 1384 1381
usemtl white
f 1378 1382 1383 1379
g CoreBack0_Glass
usemtl glass
f 1385 1386 1387 1388
usemtl glass
f 1389 1392 1391 1390
usemtl glass
f 1385 1389 1390 1386
usemtl glass
f 1388 1387 1391 1392
usemtl glass
f 1385 1388 1392 1389
usemtl glass
f 1386 1390 1391 1387
g F1_FrontRoom1_B
usemtl white
f 1393 1394 1395 1396
usemtl white
f 1397 1400 1399 1398
usemtl white
f 1393 1397 1398 1394
usemtl white
f 1396 1395 1399 1400
usemtl white
f 1393 1396 1400 1397
usemtl white
f 1394 1398 1399 1395
g F1_FrontRoom1_T
usemtl white
f 1401 1402 1403 1404
usemtl white
f 1405 1408 1407 1406
usemtl white
f 1401 1405 1406 1402
usemtl white
f 1404 1403 1407 1408
usemtl white
f 1401 1404 1408 1405
usemtl white
f 1402 1406 1407 1403
g F1_FrontRoom1_M0
usemtl white
f 1409 1410 1411 1412
usemtl white
f 1413 1416 1415 1414
usemtl white
f 1409 1413 1414 1410
usemtl white
f 1412 1411 1415 1416
usemtl white
f 1409 1412 1416 1413
usemtl white
f 1410 1414 1415 1411
g F1_FrontRoom1_M1
usemtl white
f 1417 1418 1419 1420
usemtl white
f 1421 1424 1423 1422
usemtl white
f 1417 1421 1422 1418
usemtl white
f 1420 1419 1423 1424
usemtl white
f 1417 1420 1424 1421
usemtl white
f 1418 1422 1423 1419
g F1_FrontRoom1_M2
usemtl white
f 1425 1426 1427 1428
usemtl white
f 1429 1432 1431 1430
usemtl white
f 1425 1429 1430 1426
usemtl white
f 1428 1427 1431 1432
usemtl white
f 1425 1428 1432 1429
usemtl white
f 1426 1430 1431 1427
g F1_FrontRoom1_Glass0
usemtl glass
f 1433 1434 1435 1436
usemtl glass
f 1437 1440 1439 1438
usemtl glass
f 1433 1437 1438 1434
usemtl glass
f 1436 1435 1439 1440
usemtl glass
f 1433 1436 1440 1437
usemtl glass
f 1434 1438 1439 1435
g F1_FrontRoom1_FrameL0
usemtl white
f 1441 1442 1443 1444
usemtl white
f 1445 1448 1447 1446
usemtl white
f 1441 1445 1446 1442
usemtl white
f 1444 1443 1447 1448
usemtl white
f 1441 1444 1448 1445
usemtl white
f 1442 1446 1447 1443
g F1_FrontRoom1_FrameR0
usemtl white
f 1449 1450 1451 1452
usemtl white
f 1453 1456 1455 1454
usemtl white
f 1449 1453 1454 1450
usemtl white
f 1452 1451 1455 1456
usemtl white
f 1449 1452 1456 1453
usemtl white
f 1450 1454 1455 1451
g F1_FrontRoom1_FrameT0
usemtl white
f 1457 1458 1459 1460
usemtl white
f 1461 1464 1463 1462
usemtl white
f 1457 1461 1462 1458
usemtl white
f 1460 1459 1463 1464
usemtl white
f 1457 1460 1464 1461
usemtl white
f 1458 1462 1463 1459
g F1_FrontRoom1_FrameB0
usemtl white
f 1465 1466 1467 1468
usemtl white
f 1469 1472 1471 1470
usemtl white
f 1465 1469 1470 1466
usemtl white
f 1468 1467 1471 1472
usemtl white
f 1465 1468 1472 1469
usemtl white
f 1466 1470 1471 1467
g F1_FrontRoom1_Glass1
usemtl glass
f 1473 1474 1475 1476
usemtl glass
f 1477 1480 1479 1478
usemtl glass
f 1473 1477 1478 1474
usemtl glass
f 1476 1475 1479 1480
usemtl glass
f 1473 1476 1480 1477
usemtl glass
f 1474 1478 1479 1475
g F1_FrontRoom1_FrameL1
usemtl white
f 1481 1482 1483 1484
usemtl white
f 1485 1488 1487 1486
usemtl white
f 1481 1485 1486 1482
usemtl white
f 1484 1483 1487 1488
usemtl white
f 1481 1484 1488 1485
usemtl white
f 1482 1486 1487 1483
g F1_FrontRoom1_FrameR1
usemtl white
f 1489 1490 1491 1492
usemtl white
f 1493 1496 1495 1494
usemtl white
f 1489 1493 1494 1490
usemtl white
f 1492 1491 1495 1496
usemtl white
f 1489 1492 1496 1493
usemtl white
f 1490 1494 1495 1491
g F1_FrontRoom1_FrameT1
usemtl white
f 1497 1498 1499 1500
usemtl white
f 1501 1504 1503 1502
usemtl white
f 1497 1501 1502 1498
usemtl white
f 1500 1499 1503 1504
usemtl white
f 1497 1500 1504 1501
usemtl white
f 1498 1502 1503 1499
g F1_FrontRoom1_FrameB1
usemtl white
f 1505 1506 1507 1508
usemtl white
f 1509 1512 1511 1510
usemtl white
f 1505 1509 1510 1506
usemtl white
f 1508 1507 1511 1512
usemtl white
f 1505 1508 1512 1509
usemtl white
f 1506 1510 1511 1507
g F1_BackRoom5_B
usemtl white
f 1513 1514 1515 1516
usemtl white
f 1517 1520 1519 1518
usemtl white
f 1513 1517 1518 1514
usemtl white
f 1516 1515 1519 1520
usemtl white
f 1513 1516 1520 1517
usemtl white
f 1514 1518 1519 1515
g F1_BackRoom5_T
usemtl white
f 1521 1522 1523 1524
usemtl white
f 1525 1528 1527 1526
usemtl white
f 1521 1525 1526 1522
usemtl white
f 1524 1523 1527 1528
usemtl white
f 1521 1524 1528 1525
usemtl white
f 1522 1526 1527 1523
g F1_BackRoom5_M0
usemtl white
f 1529 1530 1531 1532
usemtl white
f 1533 1536 1535 1534
usemtl white
f 1529 1533 1534 1530
usemtl white
f 1532 1531 1535 1536
usemtl white
f 1529 1532 1536 1533
usemtl white
f 1530 1534 1535 1531
g F1_BackRoom5_M1
usemtl white
f 1537 1538 1539 1540
usemtl white
f 1541 1544 1543 1542
usemtl white
f 1537 1541 1542 1538
usemtl white
f 1540 1539 1543 1544
usemtl white
f 1537 1540 1544 1541
usemtl white
f 1538 1542 1543 1539
g F1_BackRoom5_M2
usemtl white
f 1545 1546 1547 1548
usemtl white
f 1549 1552 1551 1550
usemtl white
f 1545 1549 1550 1546
usemtl white
f 1548 1547 1551 1552
usemtl white
f 1545 1548 1552 1549
usemtl white
f 1546 1550 1551 1547
g F1_BackRoom5_Glass0
usemtl glass
f 1553 1554 1555 1556
usemtl glass
f 1557 1560 1559 1558
usemtl glass
f 1553 1557 1558 1554
usemtl glass
f 1556 1555 1559 1560
usemtl glass
f 1553 1556 1560 1557
usemtl glass
f 1554 1558 1559 1555
g F1_BackRoom5_FrameL0
usemtl white
f 1561 1562 1563 1564
usemtl white
f 1565 1568 1567 1566
usemtl white
f 1561 1565 1566 1562
usemtl white
f 1564 1563 1567 1568
usemtl white
f 1561 1564 1568 1565
usemtl white
f 1562 1566 1567 1563
g F1_BackRoom5_FrameR0
usemtl white
f 1569 1570 1571 1572
usemtl white
f 1573 1576 1575 1574
usemtl white
f 1569 1573 1574 1570
usemtl white
f 1572 1571 1575 1576
usemtl white
f 1569 1572 1576 1573
usemtl white
f 1570 1574 1575 1571
g F1_BackRoom5_FrameT0
usemtl white
f 1577 1578 1579 1580
usemtl white
f 1581 1584 1583 1582
usemtl white
f 1577 1581 1582 1578
usemtl white
f 1580 1579 1583 1584
usemtl white
f 1577 1580 1584 1581
usemtl white
f 1578 1582 1583 1579
g F1_BackRoom5_FrameB0
usemtl white
f 1585 1586 1587 1588
usemtl white
f 1589 1592 1591 1590
usemtl white
f 1585 1589 1590 1586
usemtl white
f 1588 1587 1591 1592
usemtl white
f 1585 1588 1592 1589
usemtl white
f 1586 1590 1591 1587
g F1_BackRoom5_Glass1
usemtl glass
f 1593 1594 1595 1596
usemtl glass
f 1597 1600 1599 1598
usemtl glass
f 1593 1597 1598 1594
usemtl glass
f 1596 1595 1599 1600
usemtl glass
f 1593 1596 1600 1597
usemtl glass
f 1594 1598 1599 1595
g F1_BackRoom5_FrameL1
usemtl white
f 1601 1602 1603 1604
usemtl white
f 1605 1608 1607 1606
usemtl white
f 1601 1605 1606 1602
usemtl white
f 1604 1603 1607 1608
usemtl white
f 1601 1604 1608 1605
usemtl white
f 1602 1606 1607 1603
g F1_BackRoom5_FrameR1
usemtl white
f 1609 1610 1611 1612
usemtl white
f 1613 1616 1615 1614
usemtl white
f 1609 1613 1614 1610
usemtl white
f 1612 1611 1615 1616
usemtl white
f 1609 1612 1616 1613
usemtl white
f 1610 1614 1615 1611
g F1_BackRoom5_FrameT1
usemtl white
f 1617 1618 1619 1620
usemtl white
f 1621 1624 1623 1622
usemtl white
f 1617 1621 1622 1618
usemtl white
f 1620 1619 1623 1624
usemtl white
f 1617 1620 1624 1621
usemtl white
f 1618 1622 1623 1619
g F1_BackRoom5_FrameB1
usemtl white
f 1625 1626 1627 1628
usemtl white
f 1629 1632 1631 1630
usemtl white
f 1625 1629 1630 1626
usemtl white
f 1628 1627 1631 1632
usemtl white
f 1625 1628 1632 1629
usemtl white
f 1626 1630 1631 1627
g F1_FrontDoor1_L
usemtl white
f 1633 1634 1635 1636
usemtl white
f 1637 1640 1639 1638
usemtl white
f 1633 1637 1638 1634
usemtl white
f 1636 1635 1639 1640
usemtl white
f 1633 1636 1640 1637
usemtl white
f 1634 1638 1639 1635
g F1_FrontDoor1_R
usemtl white
f 1641 1642 1643 1644
usemtl white
f 1645 1648 1647 1646
usemtl white
f 1641 1645 1646 1642
usemtl white
f 1644 1643 1647 1648
usemtl white
f 1641 1644 1648 1645
usemtl white
f 1642 1646 1647 1643
g F1_FrontDoor1_H
usemtl white
f 1649 1650 1651 1652
usemtl white
f 1653 1656 1655 1654
usemtl white
f 1649 1653 1654 1650
usemtl white
f 1652 1651 1655 1656
usemtl white
f 1649 1652 1656 1653
usemtl white
f 1650 1654 1655 1651
g F1_BackDoor5_L
usemtl white
f 1657 1658 1659 1660
usemtl white
f 1661 1664 1663 1662
usemtl white
f 1657 1661 1662 1658
usemtl white
f 1660 1659 1663 1664
usemtl white
f 1657 1660 1664 1661
usemtl white
f 1658 1662 1663 1659
g F1_BackDoor5_R
usemtl white
f 1665 1666 1667 1668
usemtl white
f 1669 1672 1671 1670
usemtl white
f 1665 1669 1670 1666
usemtl white
f 1668 1667 1671 1672
usemtl white
f 1665 1668 1672 1669
usemtl white
f 1666 1670 1671 1667
g F1_BackDoor5_H
usemtl white
f 1673 1674 1675 1676
usemtl white
f 1677 1680 1679 1678
usemtl white
f 1673 1677 1678 1674
usemtl white
f 1676 1675 1679 1680
usemtl white
f 1673 1676 1680 1677
usemtl white
f 1674 1678 1679 1675
g F1_FrontRoom2_B
usemtl white
f 1681 1682 1683 1684
usemtl white
f 1685 1688 1687 1686
usemtl white
f 1681 1685 1686 1682
usemtl white
f 1684 1683 1687 1688
usemtl white
f 1681 1684 1688 1685
usemtl white
f 1682 1686 1687 1683
g F1_FrontRoom2_T
usemtl white
f 1689 1690 1691 1692
usemtl white
f 1693 1696 1695 1694
usemtl white
f 1689 1693 1694 1690
usemtl white
f 1692 1691 1695 1696
usemtl white
f 1689 1692 1696 1693
usemtl white
f 1690 1694 1695 1691
g F1_FrontRoom2_M0
usemtl white
f 1697 1698 1699 1700
usemtl white
f 1701 1704 1703 1702
usemtl white
f 1697 1701 1702 1698
usemtl white
f 1700 1699 1703 1704
usemtl white
f 1697 1700 1704 1701
usemtl white
f 1698 1702 1703 1699
g F1_FrontRoom2_M1
usemtl white
f 1705 1706 1707 1708
usemtl white
f 1709 1712 1711 1710
usemtl white
f 1705 1709 1710 1706
usemtl white
f 1708 1707 1711 1712
usemtl white
f 1705 1708 1712 1709
usemtl white
f 1706 1710 1711 1707
g F1_FrontRoom2_M2
usemtl white
f 1713 1714 1715 1716
usemtl white
f 1717 1720 1719 1718
usemtl white
f 1713 1717 1718 1714
usemtl white
f 1716 1715 1719 1720
usemtl white
f 1713 1716 1720 1717
usemtl white
f 1714 1718 1719 1715
g F1_FrontRoom2_Glass0
usemtl glass
f 1721 1722 1723 1724
usemtl glass
f 1725 1728 1727 1726
usemtl glass
f 1721 1725 1726 1722
usemtl glass
f 1724 1723 1727 1728
usemtl glass
f 1721 1724 1728 1725
usemtl glass
f 1722 1726 1727 1723
g F1_FrontRoom2_FrameL0
usemtl white
f 1729 1730 1731 1732
usemtl white
f 1733 1736 1735 1734
usemtl white
f 1729 1733 1734 1730
usemtl white
f 1732 1731 1735 1736
usemtl white
f 1729 1732 1736 1733
usemtl white
f 1730 1734 1735 1731
g F1_FrontRoom2_FrameR0
usemtl white
f 1737 1738 1739 1740
usemtl white
f 1741 1744 1743 1742
usemtl white
f 1737 1741 1742 1738
usemtl white
f 1740 1739 1743 1744
usemtl white
f 1737 1740 1744 1741
usemtl white
f 1738 1742 1743 1739
g F1_FrontRoom2_FrameT0
usemtl white
f 1745 1746 1747 1748
usemtl white
f 1749 1752 1751 1750
usemtl white
f 1745 1749 1750 1746
usemtl white
f 1748 1747 1751 1752
usemtl white
f 1745 1748 1752 1749
usemtl white
f 1746 1750 1751 1747
g F1_FrontRoom2_FrameB0
usemtl white
f 1753 1754 1755 1756
usemtl white
f 1757 1760 1759 1758
usemtl white
f 1753 1757 1758 1754
usemtl white
f 1756 1755 1759 1760
usemtl white
f 1753 1756 1760 1757
usemtl white
f 1754 1758 1759 1755
g F1_FrontRoom2_Glass1
usemtl glass
f 1761 1762 1763 1764
usemtl glass
f 1765 1768 1767 1766
usemtl glass
f 1761 1765 1766 1762
usemtl glass
f 1764 1763 1767 1768
usemtl glass
f 1761 1764 1768 1765
usemtl glass
f 1762 1766 1767 1763
g F1_FrontRoom2_FrameL1
usemtl white
f 1769 1770 1771 1772
usemtl white
f 1773 1776 1775 1774
usemtl white
f 1769 1773 1774 1770
usemtl white
f 1772 1771 1775 1776
usemtl white
f 1769 1772 1776 1773
usemtl white
f 1770 1774 1775 1771
g F1_FrontRoom2_FrameR1
usemtl white
f 1777 1778 1779 1780
usemtl white
f 1781 1784 1783 1782
usemtl white
f 1777 1781 1782 1778
usemtl white
f 1780 1779 1783 1784
usemtl white
f 1777 1780 1784 1781
usemtl white
f 1778 1782 1783 1779
g F1_FrontRoom2_FrameT1
usemtl white
f 1785 1786 1787 1788
usemtl white
f 1789 1792 1791 1790
usemtl white
f 1785 1789 1790 1786
usemtl white
f 1788 1787 1791 1792
usemtl white
f 1785 1788 1792 1789
usemtl white
f 1786 1790 1791 1787
g F1_FrontRoom2_FrameB1
usemtl white
f 1793 1794 1795 1796
usemtl white
f 1797 1800 1799 1798
usemtl white
f 1793 1797 1798 1794
usemtl white
f 1796 1795 1799 1800
usemtl white
f 1793 1796 1800 1797
usemtl white
f 1794 1798 1799 1795
g F1_BackRoom6_B
usemtl white
f 1801 1802 1803 1804
usemtl white
f 1805 1808 1807 1806
usemtl white
f 1801 1805 1806 1802
usemtl white
f 1804 1803 1807 1808
usemtl white
f 1801 1804 1808 1805
usemtl white
f 1802 1806 1807 1803
g F1_BackRoom6_T
usemtl white
f 1809 1810 1811 1812
usemtl white
f 1813 1816 1815 1814
usemtl white
f 1809 1813 1814 1810
usemtl white
f 1812 1811 1815 1816
usemtl white
f 1809 1812 1816 1813
usemtl white
f 1810 1814 1815 1811
g F1_BackRoom6_M0
usemtl white
f 1817 1818 1819 1820
usemtl white
f 1821 1824 1823 1822
usemtl white
f 1817 1821 1822 1818
usemtl white
f 1820 1819 1823 1824
usemtl white
f 1817 1820 1824 1821
usemtl white
f 1818 1822 1823 1819
g F1_BackRoom6_M1
usemtl white
f 1825 1826 1827 1828
usemtl white
f 1829 1832 1831 1830
usemtl white
f 1825 1829 1830 1826
usemtl white
f 1828 1827 1831 1832
usemtl white
f 1825 1828 1832 1829
usemtl white
f 1826 1830 1831 1827
g F1_BackRoom6_M2
usemtl white
f 1833 1834 1835 1836
usemtl white
f 1837 1840 1839 1838
usemtl white
f 1833 1837 1838 1834
usemtl white
f 1836 1835 1839 1840
usemtl white
f 1833 1836 1840 1837
usemtl white
f 1834 1838 1839 1835
g F1_BackRoom6_Glass0
usemtl glass
f 1841 1842 1843 1844
usemtl glass
f 1845 1848 1847 1846
usemtl glass
f 1841 1845 1846 1842
usemtl glass
f 1844 1843 1847 1848
usemtl glass
f 1841 1844 1848 1845
usemtl glass
f 1842 1846 1847 1843
g F1_BackRoom6_FrameL0
usemtl white
f 1849 1850 1851 1852
usemtl white
f 1853 1856 1855 1854
usemtl white
f 1849 1853 1854 1850
usemtl white
f 1852 1851 1855 1856
usemtl white
f 1849 1852 1856 1853
usemtl white
f 1850 1854 1855 1851
g F1_BackRoom6_FrameR0
usemtl white
f 1857 1858 1859 1860
usemtl white
f 1861 1864 1863 1862
usemtl white
f 1857 1861 1862 1858
usemtl white
f 1860 1859 1863 1864
usemtl white
f 1857 1860 1864 1861
usemtl white
f 1858 1862 1863 1859
g F1_BackRoom6_FrameT0
usemtl white
f 1865 1866 1867 1868
usemtl white
f 1869 1872 1871 1870
usemtl white
f 1865 1869 1870 1866
usemtl white
f 1868 1867 1871 1872
usemtl white
f 1865 1868 1872 1869
usemtl white
f 1866 1870 1871 1867
g F1_BackRoom6_FrameB0
usemtl white
f 1873 1874 1875 1876
usemtl white
f 1877 1880 1879 1878
usemtl white
f 1873 1877 1878 1874
usemtl white
f 1876 1875 1879 1880
usemtl white
f 1873 1876 1880 1877
usemtl white
f 1874 1878 1879 1875
g F1_BackRoom6_Glass1
usemtl glass
f 1881 1882 1883 1884
usemtl glass
f 1885 1888 1887 1886
usemtl glass
f 1881 1885 1886 1882
usemtl glass
f 1884 1883 1887 1888
usemtl glass
f 1881 1884 1888 1885
usemtl glass
f 1882 1886 1887 1883
g F1_BackRoom6_FrameL1
usemtl white
f 1889 1890 1891 1892
usemtl white
f 1893 1896 1895 1894
usemtl white
f 1889 1893 1894 1890
usemtl white
f 1892 1891 1895 1896
usemtl white
f 1889 1892 1896 1893
usemtl white
f 1890 1894 1895 1891
g F1_BackRoom6_FrameR1
usemtl white
f 1897 1898 1899 1900
usemtl white
f 1901 1904 1903 1902
usemtl white
f 1897 1901 1902 1898
usemtl white
f 1900 1899 1903 1904
usemtl white
f 1897 1900 1904 1901
usemtl white
f 1898 1902 1903 1899
g F1_BackRoom6_FrameT1
usemtl white
f 1905 1906 1907 1908
usemtl white
f 1909 1912 1911 1910
usemtl white
f 1905 1909 1910 1906
usemtl white
f 1908 1907 1911 1912
usemtl white
f 1905 1908 1912 1909
usemtl white
f 1906 1910 1911 1907
g F1_BackRoom6_FrameB1
usemtl white
f 1913 1914 1915 1916
usemtl white
f 1917 1920 1919 1918
usemtl white
f 1913 1917 1918 1914
usemtl white
f 1916 1915 1919 1920
usemtl white
f 1913 1916 1920 1917
usemtl white
f 1914 1918 1919 1915
g F1_FrontDoor2_L
usemtl white
f 1921 1922 1923 1924
usemtl white
f 1925 1928 1927 1926
usemtl white
f 1921 1925 1926 1922
usemtl white
f 1924 1923 1927 1928
usemtl white
f 1921 1924 1928 1925
usemtl white
f 1922 1926 1927 1923
g F1_FrontDoor2_R
usemtl white
f 1929 1930 1931 1932
usemtl white
f 1933 1936 1935 1934
usemtl white
f 1929 1933 1934 1930
usemtl white
f 1932 1931 1935 1936
usemtl white
f 1929 1932 1936 1933
usemtl white
f 1930 1934 1935 1931
g F1_FrontDoor2_H
usemtl white
f 1937 1938 1939 1940
usemtl white
f 1941 1944 1943 1942
usemtl white
f 1937 1941 1942 1938
usemtl white
f 1940 1939 1943 1944
usemtl white
f 1937 1940 1944 1941
usemtl white
f 1938 1942 1943 1939
g F1_BackDoor6_L
usemtl white
f 1945 1946 1947 1948
usemtl white
f 1949 1952 1951 1950
usemtl white
f 1945 1949 1950 1946
usemtl white
f 1948 1947 1951 1952
usemtl white
f 1945 1948 1952 1949
usemtl white
f 1946 1950 1951 1947
g F1_BackDoor6_R
usemtl white
f 1953 1954 1955 1956
usemtl white
f 1957 1960 1959 1958
usemtl white
f 1953 1957 1958 1954
usemtl white
f 1956 1955 1959 1960
usemtl white
f 1953 1956 1960 1957
usemtl white
f 1954 1958 1959 1955
g F1_BackDoor6_H
usemtl white
f 1961 1962 1963 1964
usemtl white
f 1965 1968 1967 1966
usemtl white
f 1961 1965 1966 1962
usemtl white
f 1964 1963 1967 1968
usemtl white
f 1961 1964 1968 1965
usemtl white
f 1962 1966 1967 1963
g F1_FrontRoom3_B
usemtl white
f 1969 1970 1971 1972
usemtl white
f 1973 1976 1975 1974
usemtl white
f 1969 1973 1974 1970
usemtl white
f 1972 1971 1975 1976
usemtl white
f 1969 1972 1976 1973
usemtl white
f 1970 1974 1975 1971
g F1_FrontRoom3_T
usemtl white
f 1977 1978 1979 1980
usemtl white
f 1981 1984 1983 1982
usemtl white
f 1977 1981 1982 1978
usemtl white
f 1980 1979 1983 1984
usemtl white
f 1977 1980 1984 1981
usemtl white
f 1978 1982 1983 1979
g F1_FrontRoom3_M0
usemtl white
f 1985 1986 1987 1988
usemtl white
f 1989 1992 1991 1990
usemtl white
f 1985 1989 1990 1986
usemtl white
f 1988 1987 1991 1992
usemtl white
f 1985 1988 1992 1989
usemtl white
f 1986 1990 1991 1987
g F1_FrontRoom3_M1
usemtl white
f 1993 1994 1995 1996
usemtl white
f 1997 2000 1999 1998
usemtl white
f 1993 1997 1998 1994
usemtl white
f 1996 1995 1999 2000
usemtl white
f 1993 1996 2000 1997
usemtl white
f 1994 1998 1999 1995
g F1_FrontRoom3_M2
usemtl white
f 2001 2002 2003 2004
usemtl white
f 2005 2008 2007 2006
usemtl white
f 2001 2005 2006 2002
usemtl white
f 2004 2003 2007 2008
usemtl white
f 2001 2004 2008 2005
usemtl white
f 2002 2006 2007 2003
g F1_FrontRoom3_Glass0
usemtl glass
f 2009 2010 2011 2012
usemtl glass
f 2013 2016 2015 2014
usemtl glass
f 2009 2013 2014 2010
usemtl glass
f 2012 2011 2015 2016
usemtl glass
f 2009 2012 2016 2013
usemtl glass
f 2010 2014 2015 2011
g F1_FrontRoom3_FrameL0
usemtl white
f 2017 2018 2019 2020
usemtl white
f 2021 2024 2023 2022
usemtl white
f 2017 2021 2022 2018
usemtl white
f 2020 2019 2023 2024
usemtl white
f 2017 2020 2024 2021
usemtl white
f 2018 2022 2023 2019
g F1_FrontRoom3_FrameR0
usemtl white
f 2025 2026 2027 2028
usemtl white
f 2029 2032 2031 2030
usemtl white
f 2025 2029 2030 2026
usemtl white
f 2028 2027 2031 2032
usemtl white
f 2025 2028 2032 2029
usemtl white
f 2026 2030 2031 2027
g F1_FrontRoom3_FrameT0
usemtl white
f 2033 2034 2035 2036
usemtl white
f 2037 2040 2039 2038
usemtl white
f 2033 2037 2038 2034
usemtl white
f 2036 2035 2039 2040
usemtl white
f 2033 2036 2040 2037
usemtl white
f 2034 2038 2039 2035
g F1_FrontRoom3_FrameB0
usemtl white
f 2041 2042 2043 2044
usemtl white
f 2045 2048 2047 2046
usemtl white
f 2041 2045 2046 2042
usemtl white
f 2044 2043 2047 2048
usemtl white
f 2041 2044 2048 2045
usemtl white
f 2042 2046 2047 2043
g F1_FrontRoom3_Glass1
usemtl glass
f 2049 2050 2051 2052
usemtl glass
f 2053 2056 2055 2054
usemtl glass
f 2049 2053 2054 2050
usemtl glass
f 2052 2051 2055 2056
usemtl glass
f 2049 2052 2056 2053
usemtl glass
f 2050 2054 2055 2051
g F1_FrontRoom3_FrameL1
usemtl white
f 2057 2058 2059 2060
usemtl white
f 2061 2064 2063 2062
usemtl white
f 2057 2061 2062 2058
usemtl white
f 2060 2059 2063 2064
usemtl white
f 2057 2060 2064 2061
usemtl white
f 2058 2062 2063 2059
g F1_FrontRoom3_FrameR1
usemtl white
f 2065 2066 2067 2068
usemtl white
f 2069 2072 2071 2070
usemtl white
f 2065 2069 2070 2066
usemtl white
f 2068 2067 2071 2072
usemtl white
f 2065 2068 2072 2069
usemtl white
f 2066 2070 2071 2067
g F1_FrontRoom3_FrameT1
usemtl white
f 2073 2074 2075 2076
usemtl white
f 2077 2080 2079 2078
usemtl white
f 2073 2077 2078 2074
usemtl white
f 2076 2075 2079 2080
usemtl white
f 2073 2076 2080 2077
usemtl white
f 2074 2078 2079 2075
g F1_FrontRoom3_FrameB1
usemtl white
f 2081 2082 2083 2084
usemtl white
f 2085 2088 2087 2086
usemtl white
f 2081 2085 2086 2082
usemtl white
f 2084 2083 2087 2088
usemtl white
f 2081 2084 2088 2085
usemtl white
f 2082 2086 2087 2083
g F1_BackRoom7_B
usemtl white
f 2089 2090 2091 2092
usemtl white
f 2093 2096 2095 2094
usemtl white
f 2089 2093 2094 2090
usemtl white
f 2092 2091 2095 2096
usemtl white
f 2089 2092 2096 2093
usemtl white
f 2090 2094 2095 2091
g F1_BackRoom7_T
usemtl white
f 2097 2098 2099 2100
usemtl white
f 2101 2104 2103 2102
usemtl white
f 2097 2101 2102 2098
usemtl white
f 2100 2099 2103 2104
usemtl white
f 2097 2100 2104 2101
usemtl white
f 2098 2102 2103 2099
g F1_BackRoom7_M0
usemtl white
f 2105 2106 2107 2108
usemtl white
f 2109 2112 2111 2110
usemtl white
f 2105 2109 2110 2106
usemtl white
f 2108 2107 2111 2112
usemtl white
f 2105 2108 2112 2109
usemtl white
f 2106 2110 2111 2107
g F1_BackRoom7_M1
usemtl white
f 2113 2114 2115 2116
usemtl white
f 2117 2120 2119 2118
usemtl white
f 2113 2117 2118 2114
usemtl white
f 2116 2115 2119 2120
usemtl white
f 2113 2116 2120 2117
usemtl white
f 2114 2118 2119 2115
g F1_BackRoom7_M2
usemtl white
f 2121 2122 2123 2124
usemtl white
f 2125 2128 2127 2126
usemtl white
f 2121 2125 2126 2122
usemtl white
f 2124 2123 2127 2128
usemtl white
f 2121 2124 2128 2125
usemtl white
f 2122 2126 2127 2123
g F1_BackRoom7_Glass0
usemtl glass
f 2129 2130 2131 2132
usemtl glass
f 2133 2136 2135 2134
usemtl glass
f 2129 2133 2134 2130
usemtl glass
f 2132 2131 2135 2136
usemtl glass
f 2129 2132 2136 2133
usemtl glass
f 2130 2134 2135 2131
g F1_BackRoom7_FrameL0
usemtl white
f 2137 2138 2139 2140
usemtl white
f 2141 2144 2143 2142
usemtl white
f 2137 2141 2142 2138
usemtl white
f 2140 2139 2143 2144
usemtl white
f 2137 2140 2144 2141
usemtl white
f 2138 2142 2143 2139
g F1_BackRoom7_FrameR0
usemtl white
f 2145 2146 2147 2148
usemtl white
f 2149 2152 2151 2150
usemtl white
f 2145 2149 2150 2146
usemtl white
f 2148 2147 2151 2152
usemtl white
f 2145 2148 2152 2149
usemtl white
f 2146 2150 2151 2147
g F1_BackRoom7_FrameT0
usemtl white
f 2153 2154 2155 2156
usemtl white
f 2157 2160 2159 2158
usemtl white
f 2153 2157 2158 2154
usemtl white
f 2156 2155 2159 2160
usemtl white
f 2153 2156 2160 2157
usemtl white
f 2154 2158 2159 2155
g F1_BackRoom7_FrameB0
usemtl white
f 2161 2162 2163 2164
usemtl white
f 2165 2168 2167 2166
usemtl white
f 2161 2165 2166 2162
usemtl white
f 2164 2163 2167 2168
usemtl white
f 2161 2164 2168 2165
usemtl white
f 2162 2166 2167 2163
g F1_BackRoom7_Glass1
usemtl glass
f 2169 2170 2171 2172
usemtl glass
f 2173 2176 2175 2174
usemtl glass
f 2169 2173 2174 2170
usemtl glass
f 2172 2171 2175 2176
usemtl glass
f 2169 2172 2176 2173
usemtl glass
f 2170 2174 2175 2171
g F1_BackRoom7_FrameL1
usemtl white
f 2177 2178 2179 2180
usemtl white
f 2181 2184 2183 2182
usemtl white
f 2177 2181 2182 2178
usemtl white
f 2180 2179 2183 2184
usemtl white
f 2177 2180 2184 2181
usemtl white
f 2178 2182 2183 2179
g F1_BackRoom7_FrameR1
usemtl white
f 2185 2186 2187 2188
usemtl white
f 2189 2192 2191 2190
usemtl white
f 2185 2189 2190 2186
usemtl white
f 2188 2187 2191 2192
usemtl white
f 2185 2188 2192 2189
usemtl white
f 2186 2190 2191 2187
g F1_BackRoom7_FrameT1
usemtl white
f 2193 2194 2195 2196
usemtl white
f 2197 2200 2199 2198
usemtl white
f 2193 2197 2198 2194
usemtl white
f 2196 2195 2199 2200
usemtl white
f 2193 2196 2200 2197
usemtl white
f 2194 2198 2199 2195
g F1_BackRoom7_FrameB1
usemtl white
f 2201 2202 2203 2204
usemtl white
f 2205 2208 2207 2206
usemtl white
f 2201 2205 2206 2202
usemtl white
f 2204 2203 2207 2208
usemtl white
f 2201 2204 2208 2205
usemtl white
f 2202 2206 2207 2203
g F1_FrontDoor3_L
usemtl white
f 2209 2210 2211 2212
usemtl white
f 2213 2216 2215 2214
usemtl white
f 2209 2213 2214 2210
usemtl white
f 2212 2211 2215 2216
usemtl white
f 2209 2212 2216 2213
usemtl white
f 2210 2214 2215 2211
g F1_FrontDoor3_R
usemtl white
f 2217 2218 2219 2220
usemtl white
f 2221 2224 2223 2222
usemtl white
f 2217 2221 2222 2218
usemtl white
f 2220 2219 2223 2224
usemtl white
f 2217 2220 2224 2221
usemtl white
f 2218 2222 2223 2219
g F1_FrontDoor3_H
usemtl white
f 2225 2226 2227 2228
usemtl white
f 2229 2232 2231 2230
usemtl white
f 2225 2229 2230 2226
usemtl white
f 2228 2227 2231 2232
usemtl white
f 2225 2228 2232 2229
usemtl white
f 2226 2230 2231 2227
g F1_BackDoor7_L
usemtl white
f 2233 2234 2235 2236
usemtl white
f 2237 2240 2239 2238
usemtl white
f 2233 2237 2238 2234
usemtl white
f 2236 2235 2239 2240
usemtl white
f 2233 2236 2240 2237
usemtl white
f 2234 2238 2239 2235
g F1_BackDoor7_R
usemtl white
f 2241 2242 2243 2244
usemtl white
f 2245 2248 2247 2246
usemtl white
f 2241 2245 2246 2242
usemtl white
f 2244 2243 2247 2248
usemtl white
f 2241 2244 2248 2245
usemtl white
f 2242 2246 2247 2243
g F1_BackDoor7_H
usemtl white
f 2249 2250 2251 2252
usemtl white
f 2253 2256 2255 2254
usemtl white
f 2249 2253 2254 2250
usemtl white
f 2252 2251 2255 2256
usemtl white
f 2249 2252 2256 2253
usemtl white
f 2250 2254 2255 2251
g F1_FrontRoom4_B
usemtl white
f 2257 2258 2259 2260
usemtl white
f 2261 2264 2263 2262
usemtl white
f 2257 2261 2262 2258
usemtl white
f 2260 2259 2263 2264
usemtl white
f 2257 2260 2264 2261
usemtl white
f 2258 2262 2263 2259
g F1_FrontRoom4_T
usemtl white
f 2265 2266 2267 2268
usemtl white
f 2269 2272 2271 2270
usemtl white
f 2265 2269 2270 2266
usemtl white
f 2268 2267 2271 2272
usemtl white
f 2265 2268 2272 2269
usemtl white
f 2266 2270 2271 2267
g F1_FrontRoom4_M0
usemtl white
f 2273 2274 2275 2276
usemtl white
f 2277 2280 2279 2278
usemtl white
f 2273 2277 2278 2274
usemtl white
f 2276 2275 2279 2280
usemtl white
f 2273 2276 2280 2277
usemtl white
f 2274 2278 2279 2275
g F1_FrontRoom4_M1
usemtl white
f 2281 2282 2283 2284
usemtl white
f 2285 2288 2287 2286
usemtl white
f 2281 2285 2286 2282
usemtl white
f 2284 2283 2287 2288
usemtl white
f 2281 2284 2288 2285
usemtl white
f 2282 2286 2287 2283
g F1_FrontRoom4_M2
usemtl white
f 2289 2290 2291 2292
usemtl white
f 2293 2296 2295 2294
usemtl white
f 2289 2293 2294 2290
usemtl white
f 2292 2291 2295 2296
usemtl white
f 2289 2292 2296 2293
usemtl white
f 2290 2294 2295 2291
g F1_FrontRoom4_Glass0
usemtl glass
f 2297 2298 2299 2300
usemtl glass
f 2301 2304 2303 2302
usemtl glass
f 2297 2301 2302 2298
usemtl glass
f 2300 2299 2303 2304
usemtl glass
f 2297 2300 2304 2301
usemtl glass
f 2298 2302 2303 2299
g F1_FrontRoom4_FrameL0
usemtl white
f 2305 2306 2307 2308
usemtl white
f 2309 2312 2311 2310
usemtl white
f 2305 2309 2310 2306
usemtl white
f 2308 2307 2311 2312
usemtl white
f 2305 2308 2312 2309
usemtl white
f 2306 2310 2311 2307
g F1_FrontRoom4_FrameR0
usemtl white
f 2313 2314 2315 2316
usemtl white
f 2317 2320 2319 2318
usemtl white
f 2313 2317 2318 2314
usemtl white
f 2316 2315 2319 2320
usemtl white
f 2313 2316 2320 2317
usemtl white
f 2314 2318 2319 2315
g F1_FrontRoom4_FrameT0
usemtl white
f 2321 2322 2323 2324
usemtl white
f 2325 2328 2327 2326
usemtl white
f 2321 2325 2326 2322
usemtl white
f 2324 2323 2327 2328
usemtl white
f 2321 2324 2328 2325
usemtl white
f 2322 2326 2327 2323
g F1_FrontRoom4_FrameB0
usemtl white
f 2329 2330 2331 2332
usemtl white
f 2333 2336 2335 2334
usemtl white
f 2329 2333 2334 2330
usemtl white
f 2332 2331 2335 2336
usemtl white
f 2329 2332 2336 2333
usemtl white
f 2330 2334 2335 2331
g F1_FrontRoom4_Glass1
usemtl glass
f 2337 2338 2339 2340
usemtl glass
f 2341 2344 2343 2342
usemtl glass
f 2337 2341 2342 2338
usemtl glass
f 2340 2339 2343 2344
usemtl glass
f 2337 2340 2344 2341
usemtl glass
f 2338 2342 2343 2339
g F1_FrontRoom4_FrameL1
usemtl white
f 2345 2346 2347 2348
usemtl white
f 2349 2352 2351 2350
usemtl white
f 2345 2349 2350 2346
usemtl white
f 2348 2347 2351 2352
usemtl white
f 2345 2348 2352 2349
usemtl white
f 2346 2350 2351 2347
g F1_FrontRoom4_FrameR1
usemtl white
f 2353 2354 2355 2356
usemtl white
f 2357 2360 2359 2358
usemtl white
f 2353 2357 2358 2354
usemtl white
f 2356 2355 2359 2360
usemtl white
f 2353 2356 2360 2357
usemtl white
f 2354 2358 2359 2355
g F1_FrontRoom4_FrameT1
usemtl white
f 2361 2362 2363 2364
usemtl white
f 2365 2368 2367 2366
usemtl white
f 2361 2365 2366 2362
usemtl white
f 2364 2363 2367 2368
usemtl white
f 2361 2364 2368 2365
usemtl white
f 2362 2366 2367 2363
g F1_FrontRoom4_FrameB1
usemtl white
f 2369 2370 2371 2372
usemtl white
f 2373 2376 2375 2374
usemtl white
f 2369 2373 2374 2370
usemtl white
f 2372 2371 2375 2376
usemtl white
f 2369 2372 2376 2373
usemtl white
f 2370 2374 2375 2371
g F1_BackRoom8_B
usemtl white
f 2377 2378 2379 2380
usemtl white
f 2381 2384 2383 2382
usemtl white
f 2377 2381 2382 2378
usemtl white
f 2380 2379 2383 2384
usemtl white
f 2377 2380 2384 2381
usemtl white
f 2378 2382 2383 2379
g F1_BackRoom8_T
usemtl white
f 2385 2386 2387 2388
usemtl white
f 2389 2392 2391 2390
usemtl white
f 2385 2389 2390 2386
usemtl white
f 2388 2387 2391 2392
usemtl white
f 2385 2388 2392 2389
usemtl white
f 2386 2390 2391 2387
g F1_BackRoom8_M0
usemtl white
f 2393 2394 2395 2396
usemtl white
f 2397 2400 2399 2398
usemtl white
f 2393 2397 2398 2394
usemtl white
f 2396 2395 2399 2400
usemtl white
f 2393 2396 2400 2397
usemtl white
f 2394 2398 2399 2395
g F1_BackRoom8_M1
usemtl white
f 2401 2402 2403 2404
usemtl white
f 2405 2408 2407 2406
usemtl white
f 2401 2405 2406 2402
usemtl white
f 2404 2403 2407 2408
usemtl white
f 2401 2404 2408 2405
usemtl white
f 2402 2406 2407 2403
g F1_BackRoom8_M2
usemtl white
f 2409 2410 2411 2412
usemtl white
f 2413 2416 2415 2414
usemtl white
f 2409 2413 2414 2410
usemtl white
f 2412 2411 2415 2416
usemtl white
f 2409 2412 2416 2413
usemtl white
f 2410 2414 2415 2411
g F1_BackRoom8_Glass0
usemtl glass
f 2417 2418 2419 2420
usemtl glass
f 2421 2424 2423 2422
usemtl glass
f 2417 2421 2422 2418
usemtl glass
f 2420 2419 2423 2424
usemtl glass
f 2417 2420 2424 2421
usemtl glass
f 2418 2422 2423 2419
g F1_BackRoom8_FrameL0
usemtl white
f 2425 2426 2427 2428
usemtl white
f 2429 2432 2431 2430
usemtl white
f 2425 2429 2430 2426
usemtl white
f 2428 2427 2431 2432
usemtl white
f 2425 2428 2432 2429
usemtl white
f 2426 2430 2431 2427
g F1_BackRoom8_FrameR0
usemtl white
f 2433 2434 2435 2436
usemtl white
f 2437 2440 2439 2438
usemtl white
f 2433 2437 2438 2434
usemtl white
f 2436 2435 2439 2440
usemtl white
f 2433 2436 2440 2437
usemtl white
f 2434 2438 2439 2435
g F1_BackRoom8_FrameT0
usemtl white
f 2441 2442 2443 2444
usemtl white
f 2445 2448 2447 2446
usemtl white
f 2441 2445 2446 2442
usemtl white
f 2444 2443 2447 2448
usemtl white
f 2441 2444 2448 2445
usemtl white
f 2442 2446 2447 2443
g F1_BackRoom8_FrameB0
usemtl white
f 2449 2450 2451 2452
usemtl white
f 2453 2456 2455 2454
usemtl white
f 2449 2453 2454 2450
usemtl white
f 2452 2451 2455 2456
usemtl white
f 2449 2452 2456 2453
usemtl white
f 2450 2454 2455 2451
g F1_BackRoom8_Glass1
usemtl glass
f 2457 2458 2459 2460
usemtl glass
f 2461 2464 2463 2462
usemtl glass
f 2457 2461 2462 2458
usemtl glass
f 2460 2459 2463 2464
usemtl glass
f 2457 2460 2464 2461
usemtl glass
f 2458 2462 2463 2459
g F1_BackRoom8_FrameL1
usemtl white
f 2465 2466 2467 2468
usemtl white
f 2469 2472 2471 2470
usemtl white
f 2465 2469 2470 2466
usemtl white
f 2468 2467 2471 2472
usemtl white
f 2465 2468 2472 2469
usemtl white
f 2466 2470 2471 2467
g F1_BackRoom8_FrameR1
usemtl white
f 2473 2474 2475 2476
usemtl white
f 2477 2480 2479 2478
usemtl white
f 2473 2477 2478 2474
usemtl white
f 2476 2475 2479 2480
usemtl white
f 2473 2476 2480 2477
usemtl white
f 2474 2478 2479 2475
g F1_BackRoom8_FrameT1
usemtl white
f 2481 2482 2483 2484
usemtl white
f 2485 2488 2487 2486
usemtl white
f 2481 2485 2486 2482
usemtl white
f 2484 2483 2487 2488
usemtl white
f 2481 2484 2488 2485
usemtl white
f 2482 2486 2487 2483
g F1_BackRoom8_FrameB1
usemtl white
f 2489 2490 2491 2492
usemtl white
f 2493 2496 2495 2494
usemtl white
f 2489 2493 2494 2490
usemtl white
f 2492 2491 2495 2496
usemtl white
f 2489 2492 2496 2493
usemtl white
f 2490 2494 2495 2491
g F1_FrontDoor4_L
usemtl white
f 2497 2498 2499 2500
usemtl white
f 2501 2504 2503 2502
usemtl white
f 2497 2501 2502 2498
usemtl white
f 2500 2499 2503 2504
usemtl white
f 2497 2500 2504 2501
usemtl white
f 2498 2502 2503 2499
g F1_FrontDoor4_R
usemtl white
f 2505 2506 2507 2508
usemtl white
f 2509 2512 2511 2510
usemtl white
f 2505 2509 2510 2506
usemtl white
f 2508 2507 2511 2512
usemtl white
f 2505 2508 2512 2509
usemtl white
f 2506 2510 2511 2507
g F1_FrontDoor4_H
usemtl white
f 2513 2514 2515 2516
usemtl white
f 2517 2520 2519 2518
usemtl white
f 2513 2517 2518 2514
usemtl white
f 2516 2515 2519 2520
usemtl white
f 2513 2516 2520 2517
usemtl white
f 2514 2518 2519 2515
g F1_BackDoor8_L
usemtl white
f 2521 2522 2523 2524
usemtl white
f 2525 2528 2527 2526
usemtl white
f 2521 2525 2526 2522
usemtl white
f 2524 2523 2527 2528
usemtl white
f 2521 2524 2528 2525
usemtl white
f 2522 2526 2527 2523
g F1_BackDoor8_R
usemtl white
f 2529 2530 2531 2532
usemtl white
f 2533 2536 2535 2534
usemtl white
f 2529 2533 2534 2530
usemtl white
f 2532 2531 2535 2536
usemtl white
f 2529 2532 2536 2533
usemtl white
f 2530 2534 2535 2531
g F1_BackDoor8_H
usemtl white
f 2537 2538 2539 2540
usemtl white
f 2541 2544 2543 2542
usemtl white
f 2537 2541 2542 2538
usemtl white
f 2540 2539 2543 2544
usemtl white
f 2537 2540 2544 2541
usemtl white
f 2538 2542 2543 2539
g F1_DivFront-106
usemtl white
f 2545 2546 2547 2548
usemtl white
f 2549 2552 2551 2550
usemtl white
f 2545 2549 2550 2546
usemtl white
f 2548 2547 2551 2552
usemtl white
f 2545 2548 2552 2549
usemtl white
f 2546 2550 2551 2547
g F1_DivBack-106
usemtl white
f 2553 2554 2555 2556
usemtl white
f 2557 2560 2559 2558
usemtl white
f 2553 2557 2558 2554
usemtl white
f 2556 2555 2559 2560
usemtl white
f 2553 2556 2560 2557
usemtl white
f 2554 2558 2559 2555
g F1_DivFront-62
usemtl white
f 2561 2562 2563 2564
usemtl white
f 2565 2568 2567 2566
usemtl white
f 2561 2565 2566 2562
usemtl white
f 2564 2563 2567 2568
usemtl white
f 2561 2564 2568 2565
usemtl white
f 2562 2566 2567 2563
g F1_DivBack-62
usemtl white
f 2569 2570 2571 2572
usemtl white
f 2573 2576 2575 2574
usemtl white
f 2569 2573 2574 2570
usemtl white
f 2572 2571 2575 2576
usemtl white
f 2569 2572 2576 2573
usemtl white
f 2570 2574 2575 2571
g F1_DivFront-18
usemtl white
f 2577 2578 2579 2580
usemtl white
f 2581 2584 2583 2582
usemtl white
f 2577 2581 2582 2578
usemtl white
f 2580 2579 2583 2584
usemtl white
f 2577 2580 2584 2581
usemtl white
f 2578 2582 2583 2579
g F1_DivBack-18
usemtl white
f 2585 2586 2587 2588
usemtl white
f 2589 2592 2591 2590
usemtl white
f 2585 2589 2590 2586
usemtl white
f 2588 2587 2591 2592
usemtl white
f 2585 2588 2592 2589
usemtl white
f 2586 2590 2591 2587
g F1_DivFront18
usemtl white
f 2593 2594 2595 2596
usemtl white
f 2597 2600 2599 2598
usemtl white
f 2593 2597 2598 2594
usemtl white
f 2596 2595 2599 2600
usemtl white
f 2593 2596 2600 2597
usemtl white
f 2594 2598 2599 2595
g F1_DivBack18
usemtl white
f 2601 2602 2603 2604
usemtl white
f 2605 2608 2607 2606
usemtl white
f 2601 2605 2606 2602
usemtl white
f 2604 2603 2607 2608
usemtl white
f 2601 2604 2608 2605
usemtl white
f 2602 2606 2607 2603
g F1_DivFront62
usemtl white
f 2609 2610 2611 2612
usemtl white
f 2613 2616 2615 2614
usemtl white
f 2609 2613 2614 2610
usemtl white
f 2612 2611 2615 2616
usemtl white
f 2609 2612 2616 2613
usemtl white
f 2610 2614 2615 2611
g F1_DivBack62
usemtl white
f 2617 2618 2619 2620
usemtl white
f 2621 2624 2623 2622
usemtl white
f 2617 2621 2622 2618
usemtl white
f 2620 2619 2623 2624
usemtl white
f 2617 2620 2624 2621
usemtl white
f 2618 2622 2623 2619
g F1_DivFront106
usemtl white
f 2625 2626 2627 2628
usemtl white
f 2629 2632 2631 2630
usemtl white
f 2625 2629 2630 2626
usemtl white
f 2628 2627 2631 2632
usemtl white
f 2625 2628 2632 2629
usemtl white
f 2626 2630 2631 2627
g F1_DivBack106
usemtl white
f 2633 2634 2635 2636
usemtl white
f 2637 2640 2639 2638
usemtl white
f 2633 2637 2638 2634
usemtl white
f 2636 2635 2639 2640
usemtl white
f 2633 2636 2640 2637
usemtl white
f 2634 2638 2639 2635
g F1_SideL
usemtl white
f 2641 2642 2643 2644
usemtl white
f 2645 2648 2647 2646
usemtl white
f 2641 2645 2646 2642
usemtl white
f 2644 2643 2647 2648
usemtl white
f 2641 2644 2648 2645
usemtl white
f 2642 2646 2647 2643
g F1_SideR
usemtl white
f 2649 2650 2651 2652
usemtl white
f 2653 2656 2655 2654
usemtl white
f 2649 2653 2654 2650
usemtl white
f 2652 2651 2655 2656
usemtl white
f 2649 2652 2656 2653
usemtl white
f 2650 2654 2655 2651
g CoreFront1_L
usemtl white
f 2657 2658 2659 2660
usemtl white
f 2661 2664 2663 2662
usemtl white
f 2657 2661 2662 2658
usemtl white
f 2660 2659 2663 2664
usemtl white
f 2657 2660 2664 2661
usemtl white
f 2658 2662 2663 2659
g CoreFront1_R
usemtl white
f 2665 2666 2667 2668
usemtl white
f 2669 2672 2671 2670
usemtl white
f 2665 2669 2670 2666
usemtl white
f 2668 2667 2671 2672
usemtl white
f 2665 2668 2672 2669
usemtl white
f 2666 2670 2671 2667
g CoreFront1_H
usemtl white
f 2673 2674 2675 2676
usemtl white
f 2677 2680 2679 2678
usemtl white
f 2673 2677 2678 2674
usemtl white
f 2676 2675 2679 2680
usemtl white
f 2673 2676 2680 2677
usemtl white
f 2674 2678 2679 2675
g CoreBack1_B
usemtl white
f 2681 2682 2683 2684
usemtl white
f 2685 2688 2687 2686
usemtl white
f 2681 2685 2686 2682
usemtl white
f 2684 2683 2687 2688
usemtl white
f 2681 2684 2688 2685
usemtl white
f 2682 2686 2687 2683
g CoreBack1_T
usemtl white
f 2689 2690 2691 2692
usemtl white
f 2693 2696 2695 2694
usemtl white
f 2689 2693 2694 2690
usemtl white
f 2692 2691 2695 2696
usemtl white
f 2689 2692 2696 2693
usemtl white
f 2690 2694 2695 2691
g CoreBack1_L
usemtl white
f 2697 2698 2699 2700
usemtl white
f 2701 2704 2703 2702
usemtl white
f 2697 2701 2702 2698
usemtl white
f 2700 2699 2703 2704
usemtl white
f 2697 2700 2704 2701
usemtl white
f 2698 2702 2703 2699
g CoreBack1_R
usemtl white
f 2705 2706 2707 2708
usemtl white
f 2709 2712 2711 2710
usemtl white
f 2705 2709 2710 2706
usemtl white
f 2708 2707 2711 2712
usemtl white
f 2705 2708 2712 2709
usemtl white
f 2706 2710 2711 2707
g CoreBack1_Glass
usemtl glass
f 2713 2714 2715 2716
usemtl glass
f 2717 2720 2719 2718
usemtl glass
f 2713 2717 2718 2714
usemtl glass
f 2716 2715 2719 2720
usemtl glass
f 2713 2716 2720 2717
usemtl glass
f 2714 2718 2719 2715
g GreenBand-49.55
usemtl green
f 2721 2722 2723 2724
usemtl green
f 2725 2728 2727 2726
usemtl green
f 2721 2725 2726 2722
usemtl green
f 2724 2723 2727 2728
usemtl green
f 2721 2724 2728 2725
usemtl green
f 2722 2726 2727 2723
g GreenBand49.55
usemtl green
f 2729 2730 2731 2732
usemtl green
f 2733 2736 2735 2734
usemtl green
f 2729 2733 2734 2730
usemtl green
f 2732 2731 2735 2736
usemtl green
f 2729 2732 2736 2733
usemtl green
f 2730 2734 2735 2731
g StairA_1
usemtl concrete
f 2737 2738 2739 2740
usemtl concrete
f 2741 2744 2743 2742
usemtl concrete
f 2737 2741 2742 2738
usemtl concrete
f 2740 2739 2743 2744
usemtl concrete
f 2737 2740 2744 2741
usemtl concrete
f 2738 2742 2743 2739
g StairA_2
usemtl concrete
f 2745 2746 2747 2748
usemtl concrete
f 2749 2752 2751 2750
usemtl concrete
f 2745 2749 2750 2746
usemtl concrete
f 2748 2747 2751 2752
usemtl concrete
f 2745 2748 2752 2749
usemtl concrete
f 2746 2750 2751 2747
g StairA_3
usemtl concrete
f 2753 2754 2755 2756
usemtl concrete
f 2757 2760 2759 2758
usemtl concrete
f 2753 2757 2758 2754
usemtl concrete
f 2756 2755 2759 2760
usemtl concrete
f 2753 2756 2760 2757
usemtl concrete
f 2754 2758 2759 2755
g StairA_4
usemtl concrete
f 2761 2762 2763 2764
usemtl concrete
f 2765 2768 2767 2766
usemtl concrete
f 2761 2765 2766 2762
usemtl concrete
f 2764 2763 2767 2768
usemtl concrete
f 2761 2764 2768 2765
usemtl concrete
f 2762 2766 2767 2763
g StairA_5
usemtl concrete
f 2769 2770 2771 2772
usemtl concrete
f 2773 2776 2775 2774
usemtl concrete
f 2769 2773 2774 2770
usemtl concrete
f 2772 2771 2775 2776
usemtl concrete
f 2769 2772 2776 2773
usemtl concrete
f 2770 2774 2775 2771
g StairA_6
usemtl concrete
f 2777 2778 2779 2780
usemtl concrete
f 2781 2784 2783 2782
usemtl concrete
f 2777 2781 2782 2778
usemtl concrete
f 2780 2779 2783 2784
usemtl concrete
f 2777 2780 2784 2781
usemtl concrete
f 2778 2782 2783 2779
g StairA_7
usemtl concrete
f 2785 2786 2787 2788
usemtl concrete
f 2789 2792 2791 2790
usemtl concrete
f 2785 2789 2790 2786
usemtl concrete
f 2788 2787 2791 2792
usemtl concrete
f 2785 2788 2792 2789
usemtl concrete
f 2786 2790 2791 2787
g StairA_8
usemtl concrete
f 2793 2794 2795 2796
usemtl concrete
f 2797 2800 2799 2798
usemtl concrete
f 2793 2797 2798 2794
usemtl concrete
f 2796 2795 2799 2800
usemtl concrete
f 2793 2796 2800 2797
usemtl concrete
f 2794 2798 2799 2795
g StairA_9
usemtl concrete
f 2801 2802 2803 2804
usemtl concrete
f 2805 2808 2807 2806
usemtl concrete
f 2801 2805 2806 2802
usemtl concrete
f 2804 2803 2807 2808
usemtl concrete
f 2801 2804 2808 2805
usemtl concrete
f 2802 2806 2807 2803
g StairA_10
usemtl concrete
f 2809 2810 2811 2812
usemtl concrete
f 2813 2816 2815 2814
usemtl concrete
f 2809 2813 2814 2810
usemtl concrete
f 2812 2811 2815 2816
usemtl concrete
f 2809 2812 2816 2813
usemtl concrete
f 2810 2814 2815 2811
g StairA_11
usemtl concrete
f 2817 2818 2819 2820
usemtl concrete
f 2821 2824 2823 2822
usemtl concrete
f 2817 2821 2822 2818
usemtl concrete
f 2820 2819 2823 2824
usemtl concrete
f 2817 2820 2824 2821
usemtl concrete
f 2818 2822 2823 2819
g StairA_12
usemtl concrete
f 2825 2826 2827 2828
usemtl concrete
f 2829 2832 2831 2830
usemtl concrete
f 2825 2829 2830 2826
usemtl concrete
f 2828 2827 2831 2832
usemtl concrete
f 2825 2828 2832 2829
usemtl concrete
f 2826 2830 2831 2827
g StairA_13
usemtl concrete
f 2833 2834 2835 2836
usemtl concrete
f 2837 2840 2839 2838
usemtl concrete
f 2833 2837 2838 2834
usemtl concrete
f 2836 2835 2839 2840
usemtl concrete
f 2833 2836 2840 2837
usemtl concrete
f 2834 2838 2839 2835
g StairA_14
usemtl concrete
f 2841 2842 2843 2844
usemtl concrete
f 2845 2848 2847 2846
usemtl concrete
f 2841 2845 2846 2842
usemtl concrete
f 2844 2843 2847 2848
usemtl concrete
f 2841 2844 2848 2845
usemtl concrete
f 2842 2846 2847 2843
g StairLanding
usemtl concrete
f 2849 2850 2851 2852
usemtl concrete
f 2853 2856 2855 2854
usemtl concrete
f 2849 2853 2854 2850
usemtl concrete
f 2852 2851 2855 2856
usemtl concrete
f 2849 2852 2856 2853
usemtl concrete
f 2850 2854 2855 2851
g StairB_1
usemtl concrete
f 2857 2858 2859 2860
usemtl concrete
f 2861 2864 2863 2862
usemtl concrete
f 2857 2861 2862 2858
usemtl concrete
f 2860 2859 2863 2864
usemtl concrete
f 2857 2860 2864 2861
usemtl concrete
f 2858 2862 2863 2859
g StairB_2
usemtl concrete
f 2865 2866 2867 2868
usemtl concrete
f 2869 2872 2871 2870
usemtl concrete
f 2865 2869 2870 2866
usemtl concrete
f 2868 2867 2871 2872
usemtl concrete
f 2865 2868 2872 2869
usemtl concrete
f 2866 2870 2871 2867
g StairB_3
usemtl concrete
f 2873 2874 2875 2876
usemtl concrete
f 2877 2880 2879 2878
usemtl concrete
f 2873 2877 2878 2874
usemtl concrete
f 2876 2875 2879 2880
usemtl concrete
f 2873 2876 2880 2877
usemtl concrete
f 2874 2878 2879 2875
g StairB_4
usemtl concrete
f 2881 2882 2883 2884
usemtl concrete
f 2885 2888 2887 2886
usemtl concrete
f 2881 2885 2886 2882
usemtl concrete
f 2884 2883 2887 2888
usemtl concrete
f 2881 2884 2888 2885
usemtl concrete
f 2882 2886 2887 2883
g StairB_5
usemtl concrete
f 2889 2890 2891 2892
usemtl concrete
f 2893 2896 2895 2894
usemtl concrete
f 2889 2893 2894 2890
usemtl concrete
f 2892 2891 2895 2896
usemtl concrete
f 2889 2892 2896 2893
usemtl concrete
f 2890 2894 2895 2891
g StairB_6
usemtl concrete
f 2897 2898 2899 2900
usemtl concrete
f 2901 2904 2903 2902
usemtl concrete
f 2897 2901 2902 2898
usemtl concrete
f 2900 2899 2903 2904
usemtl concrete
f 2897 2900 2904 2901
usemtl concrete
f 2898 2902 2903 2899
g StairB_7
usemtl concrete
f 2905 2906 2907 2908
usemtl concrete
f 2909 2912 2911 2910
usemtl concrete
f 2905 2909 2910 2906
usemtl concrete
f 2908 2907 2911 2912
usemtl concrete
f 2905 2908 2912 2909
usemtl concrete
f 2906 2910 2911 2907
g StairB_8
usemtl concrete
f 2913 2914 2915 2916
usemtl concrete
f 2917 2920 2919 2918
usemtl concrete
f 2913 2917 2918 2914
usemtl concrete
f 2916 2915 2919 2920
usemtl concrete
f 2913 2916 2920 2917
usemtl concrete
f 2914 2918 2919 2915
g StairB_9
usemtl concrete
f 2921 2922 2923 2924
usemtl concrete
f 2925 2928 2927 2926
usemtl concrete
f 2921 2925 2926 2922
usemtl concrete
f 2924 2923 2927 2928
usemtl concrete
f 2921 2924 2928 2925
usemtl concrete
f 2922 2926 2927 2923
g StairB_10
usemtl concrete
f 2929 2930 2931 2932
usemtl concrete
f 2933 2936 2935 2934
usemtl concrete
f 2929 2933 2934 2930
usemtl concrete
f 2932 2931 2935 2936
usemtl concrete
f 2929 2932 2936 2933
usemtl concrete
f 2930 2934 2935 2931
g StairB_11
usemtl concrete
f 2937 2938 2939 2940
usemtl concrete
f 2941 2944 2943 2942
usemtl concrete
f 2937 2941 2942 2938
usemtl concrete
f 2940 2939 2943 2944
usemtl concrete
f 2937 2940 2944 2941
usemtl concrete
f 2938 2942 2943 2939
g StairB_12
usemtl concrete
f 2945 2946 2947 2948
usemtl concrete
f 2949 2952 2951 2950
usemtl concrete
f 2945 2949 2950 2946
usemtl concrete
f 2948 2947 2951 2952
usemtl concrete
f 2945 2948 2952 2949
usemtl concrete
f 2946 2950 2951 2947
g StairB_13
usemtl concrete
f 2953 2954 2955 2956
usemtl concrete
f 2957 2960 2959 2958
usemtl concrete
f 2953 2957 2958 2954
usemtl concrete
f 2956 2955 2959 2960
usemtl concrete
f 2953 2956 2960 2957
usemtl concrete
f 2954 2958 2959 2955
g StairB_14
usemtl concrete
f 2961 2962 2963 2964
usemtl concrete
f 2965 2968 2967 2966
usemtl concrete
f 2961 2965 2966 2962
usemtl concrete
f 2964 2963 2967 2968
usemtl concrete
f 2961 2964 2968 2965
usemtl concrete
f 2962 2966 2967 2963
g LandingRailPost0
usemtl metal
f 2969 2970 2971 2972
usemtl metal
f 2973 2976 2975 2974
usemtl metal
f 2969 2973 2974 2970
usemtl metal
f 2972 2971 2975 2976
usemtl metal
f 2969 2972 2976 2973
usemtl metal
f 2970 2974 2975 2971
g LandingRailPost1
usemtl metal
f 2977 2978 2979 2980
usemtl metal
f 2981 2984 2983 2982
usemtl metal
f 2977 2981 2982 2978
usemtl metal
f 2980 2979 2983 2984
usemtl metal
f 2977 2980 2984 2981
usemtl metal
f 2978 2982 2983 2979
g LandingRailPost2
usemtl metal
f 2985 2986 2987 2988
usemtl metal
f 2989 2992 2991 2990
usemtl metal
f 2985 2989 2990 2986
usemtl metal
f 2988 2987 2991 2992
usemtl metal
f 2985 2988 2992 2989
usemtl metal
f 2986 2990 2991 2987
g LandingRailPost3
usemtl metal
f 2993 2994 2995 2996
usemtl metal
f 2997 3000 2999 2998
usemtl metal
f 2993 2997 2998 2994
usemtl metal
f 2996 2995 2999 3000
usemtl metal
f 2993 2996 3000 2997
usemtl metal
f 2994 2998 2999 2995
g LandingRailPost4
usemtl metal
f 3001 3002 3003 3004
usemtl metal
f 3005 3008 3007 3006
usemtl metal
f 3001 3005 3006 3002
usemtl metal
f 3004 3003 3007 3008
usemtl metal
f 3001 3004 3008 3005
usemtl metal
f 3002 3006 3007 3003
g LandingRailPost5
usemtl metal
f 3009 3010 3011 3012
usemtl metal
f 3013 3016 3015 3014
usemtl metal
f 3009 3013 3014 3010
usemtl metal
f 3012 3011 3015 3016
usemtl metal
f 3009 3012 3016 3013
usemtl metal
f 3010 3014 3015 3011
g LandingRailPost6
usemtl metal
f 3017 3018 3019 3020
usemtl metal
f 3021 3024 3023 3022
usemtl metal
f 3017 3021 3022 3018
usemtl metal
f 3020 3019 3023 3024
usemtl metal
f 3017 3020 3024 3021
usemtl metal
f 3018 3022 3023 3019
g LandingRailPost7
usemtl metal
f 3025 3026 3027 3028
usemtl metal
f 3029 3032 3031 3030
usemtl metal
f 3025 3029 3030 3026
usemtl metal
f 3028 3027 3031 3032
usemtl metal
f 3025 3028 3032 3029
usemtl metal
f 3026 3030 3031 3027
g LandingRailPost8
usemtl metal
f 3033 3034 3035 3036
usemtl metal
f 3037 3040 3039 3038
usemtl metal
f 3033 3037 3038 3034
usemtl metal
f 3036 3035 3039 3040
usemtl metal
f 3033 3036 3040 3037
usemtl metal
f 3034 3038 3039 3035
g RailA0
usemtl metal
f 3041 3042 3043 3044
usemtl metal
f 3045 3048 3047 3046
usemtl metal
f 3041 3045 3046 3042
usemtl metal
f 3044 3043 3047 3048
usemtl metal
f 3041 3044 3048 3045
usemtl metal
f 3042 3046 3047 3043
g RailB0
usemtl metal
f 3049 3050 3051 3052
usemtl metal
f 3053 3056 3055 3054
usemtl metal
f 3049 3053 3054 3050
usemtl metal
f 3052 3051 3055 3056
usemtl metal
f 3049 3052 3056 3053
usemtl metal
f 3050 3054 3055 3051
g RailA2
usemtl metal
f 3057 3058 3059 3060
usemtl metal
f 3061 3064 3063 3062
usemtl metal
f 3057 3061 3062 3058
usemtl metal
f 3060 3059 3063 3064
usemtl metal
f 3057 3060 3064 3061
usemtl metal
f 3058 3062 3063 3059
g RailB2
usemtl metal
f 3065 3066 3067 3068
usemtl metal
f 3069 3072 3071 3070
usemtl metal
f 3065 3069 3070 3066
usemtl metal
f 3068 3067 3071 3072
usemtl metal
f 3065 3068 3072 3069
usemtl metal
f 3066 3070 3071 3067
g RailA4
usemtl metal
f 3073 3074 3075 3076
usemtl metal
f 3077 3080 3079 3078
usemtl metal
f 3073 3077 3078 3074
usemtl metal
f 3076 3075 3079 3080
usemtl metal
f 3073 3076 3080 3077
usemtl metal
f 3074 3078 3079 3075
g RailB4
usemtl metal
f 3081 3082 3083 3084
usemtl metal
f 3085 3088 3087 3086
usemtl metal
f 3081 3085 3086 3082
usemtl metal
f 3084 3083 3087 3088
usemtl metal
f 3081 3084 3088 3085
usemtl metal
f 3082 3086 3087 3083
g RailA6
usemtl metal
f 3089 3090 3091 3092
usemtl metal
f 3093 3096 3095 3094
usemtl metal
f 3089 3093 3094 3090
usemtl metal
f 3092 3091 3095 3096
usemtl metal
f 3089 3092 3096 3093
usemtl metal
f 3090 3094 3095 3091
g RailB6
usemtl metal
f 3097 3098 3099 3100
usemtl metal
f 3101 3104 3103 3102
usemtl metal
f 3097 3101 3102 3098
usemtl metal
f 3100 3099 3103 3104
usemtl metal
f 3097 3100 3104 3101
usemtl metal
f 3098 3102 3103 3099
g RailA8
usemtl metal
f 3105 3106 3107 3108
usemtl metal
f 3109 3112 3111 3110
usemtl metal
f 3105 3109 3110 3106
usemtl metal
f 3108 3107 3111 3112
usemtl metal
f 3105 3108 3112 3109
usemtl metal
f 3106 3110 3111 3107
g RailB8
usemtl metal
f 3113 3114 3115 3116
usemtl metal
f 3117 3120 3119 3118
usemtl metal
f 3113 3117 3118 3114
usemtl metal
f 3116 3115 3119 3120
usemtl metal
f 3113 3116 3120 3117
usemtl metal
f 3114 3118 3119 3115
g RailA10
usemtl metal
f 3121 3122 3123 3124
usemtl metal
f 3125 3128 3127 3126
usemtl metal
f 3121 3125 3126 3122
usemtl metal
f 3124 3123 3127 3128
usemtl metal
f 3121 3124 3128 3125
usemtl metal
f 3122 3126 3127 3123
g RailB10
usemtl metal
f 3129 3130 3131 3132
usemtl metal
f 3133 3136 3135 3134
usemtl metal
f 3129 3133 3134 3130
usemtl metal
f 3132 3131 3135 3136
usemtl metal
f 3129 3132 3136 3133
usemtl metal
f 3130 3134 3135 3131
g RailA12
usemtl metal
f 3137 3138 3139 3140
usemtl metal
f 3141 3144 3143 3142
usemtl metal
f 3137 3141 3142 3138
usemtl metal
f 3140 3139 3143 3144
usemtl metal
f 3137 3140 3144 3141
usemtl metal
f 3138 3142 3143 3139
g RailB12
usemtl metal
f 3145 3146 3147 3148
usemtl metal
f 3149 3152 3151 3150
usemtl metal
f 3145 3149 3150 3146
usemtl metal
f 3148 3147 3151 3152
usemtl metal
f 3145 3148 3152 3149
usemtl metal
f 3146 3150 3151 3147
g BalconyFloor
usemtl concrete
f 3153 3154 3155 3156
usemtl concrete
f 3157 3160 3159 3158
usemtl concrete
f 3153 3157 3158 3154
usemtl concrete
f 3156 3155 3159 3160
usemtl concrete
f 3153 3156 3160 3157
usemtl concrete
f 3154 3158 3159 3155
g BalconyPillar-16
usemtl white
f 3161 3162 3163 3164
usemtl white
f 3165 3168 3167 3166
usemtl white
f 3161 3165 3166 3162
usemtl white
f 3164 3163 3167 3168
usemtl white
f 3161 3164 3168 3165
usemtl white
f 3162 3166 3167 3163
g BalconyPillar16
usemtl white
f 3169 3170 3171 3172
usemtl white
f 3173 3176 3175 3174
usemtl white
f 3169 3173 3174 3170
usemtl white
f 3172 3171 3175 3176
usemtl white
f 3169 3172 3176 3173
usemtl white
f 3170 3174 3175 3171
g BalconyRailFront
usemtl metal
f 3177 3178 3179 3180
usemtl metal
f 3181 3184 3183 3182
usemtl metal
f 3177 3181 3182 3178
usemtl metal
f 3180 3179 3183 3184
usemtl metal
f 3177 3180 3184 3181
usemtl metal
f 3178 3182 3183 3179
g BalconyRailL
usemtl metal
f 3185 3186 3187 3188
usemtl metal
f 3189 3192 3191 3190
usemtl metal
f 3185 3189 3190 3186
usemtl metal
f 3188 3187 3191 3192
usemtl metal
f 3185 3188 3192 3189
usemtl metal
f 3186 3190 3191 3187
g BalconyRailR
usemtl metal
f 3193 3194 3195 3196
usemtl metal
f 3197 3200 3199 3198
usemtl metal
f 3193 3197 3198 3194
usemtl metal
f 3196 3195 3199 3200
usemtl metal
f 3193 3196 3200 3197
usemtl metal
f 3194 3198 3199 3195
g BalRailPost-18
usemtl metal
f 3201 3202 3203 3204
usemtl metal
f 3205 3208 3207 3206
usemtl metal
f 3201 3205 3206 3202
usemtl metal
f 3204 3203 3207 3208
usemtl metal
f 3201 3204 3208 3205
usemtl metal
f 3202 3206 3207 3203
g BalRailPost-15
usemtl metal
f 3209 3210 3211 3212
usemtl metal
f 3213 3216 3215 3214
usemtl metal
f 3209 3213 3214 3210
usemtl metal
f 3212 3211 3215 3216
usemtl metal
f 3209 3212 3216 3213
usemtl metal
f 3210 3214 3215 3211
g BalRailPost-12
usemtl metal
f 3217 3218 3219 3220
usemtl metal
f 3221 3224 3223 3222
usemtl metal
f 3217 3221 3222 3218
usemtl metal
f 3220 3219 3223 3224
usemtl metal
f 3217 3220 3224 3221
usemtl metal
f 3218 3222 3223 3219
g BalRailPost-9
usemtl metal
f 3225 3226 3227 3228
usemtl metal
f 3229 3232 3231 3230
usemtl metal
f 3225 3229 3230 3226
usemtl metal
f 3228 3227 3231 3232
usemtl metal
f 3225 3228 3232 3229
usemtl metal
f 3226 3230 3231 3227
g BalRailPost-6
usemtl metal
f 3233 3234 3235 3236
usemtl metal
f 3237 3240 3239 3238
usemtl metal
f 3233 3237 3238 3234
usemtl metal
f 3236 3235 3239 3240
usemtl metal
f 3233 3236 3240 3237
usemtl metal
f 3234 3238 3239 3235
g BalRailPost-3
usemtl metal
f 3241 3242 3243 3244
usemtl metal
f 3245 3248 3247 3246
usemtl metal
f 3241 3245 3246 3242
usemtl metal
f 3244 3243 3247 3248
usemtl metal
f 3241 3244 3248 3245
usemtl metal
f 3242 3246 3247 3243
g BalRailPost0
usemtl metal
f 3249 3250 3251 3252
usemtl metal
f 3253 3256 3255 3254
usemtl metal
f 3249 3253 3254 3250
usemtl metal
f 3252 3251 3255 3256
usemtl metal
f 3249 3252 3256 3253
usemtl metal
f 3250 3254 3255 3251
g BalRailPost3
usemtl metal
f 3257 3258 3259 3260
usemtl metal
f 3261 3264 3263 3262
usemtl metal
f 3257 3261 3262 3258
usemtl metal
f 3260 3259 3263 3264
usemtl metal
f 3257 3260 3264 3261
usemtl metal
f 3258 3262 3263 3259
g BalRailPost6
usemtl metal
f 3265 3266 3267 3268
usemtl metal
f 3269 3272 3271 3270
usemtl metal
f 3265 3269 3270 3266
usemtl metal
f 3268 3267 3271 3272
usemtl metal
f 3265 3268 3272 3269
usemtl metal
f 3266 3270 3271 3267
g BalRailPost9
usemtl metal
f 3273 3274 3275 3276
usemtl metal
f 3277 3280 3279 3278
usemtl metal
f 3273 3277 3278 3274
usemtl metal
f 3276 3275 3279 3280
usemtl metal
f 3273 3276 3280 3277
usemtl metal
f 3274 3278 3279 3275
g BalRailPost12
usemtl metal
f 3281 3282 3283 3284
usemtl metal
f 3285 3288 3287 3286
usemtl metal
f 3281 3285 3286 3282
usemtl metal
f 3284 3283 3287 3288
usemtl metal
f 3281 3284 3288 3285
usemtl metal
f 3282 3286 3287 3283
g BalRailPost15
usemtl metal
f 3289 3290 3291 3292
usemtl metal
f 3293 3296 3295 3294
usemtl metal
f 3289 3293 3294 3290
usemtl metal
f 3292 3291 3295 3296
usemtl metal
f 3289 3292 3296 3293
usemtl metal
f 3290 3294 3295 3291
g BalRailPost18
usemtl metal
f 3297 3298 3299 3300
usemtl metal
f 3301 3304 3303 3302
usemtl metal
f 3297 3301 3302 3298
usemtl metal
f 3300 3299 3303 3304
usemtl metal
f 3297 3300 3304 3301
usemtl metal
f 3298 3302 3303 3299
g RoofLeftFront
usemtl roof
f 3305 3306 3307 3308
usemtl roof
f 3312 3311 3310 3309
usemtl roof
f 3305 3306 3310 3309
usemtl roof
f 3306 3307 3311 3310
usemtl roof
f 3307 3308 3312 3311
usemtl roof
f 3308 3305 3309 3312
g RoofLeftBack
usemtl roof
f 3313 3314 3315 3316
usemtl roof
f 3320 3319 3318 3317
usemtl roof
f 3313 3314 3318 3317
usemtl roof
f 3314 3315 3319 3318
usemtl roof
f 3315 3316 3320 3319
usemtl roof
f 3316 3313 3317 3320
g RoofRightFront
usemtl roof
f 3321 3322 3323 3324
usemtl roof
f 3328 3327 3326 3325
usemtl roof
f 3321 3322 3326 3325
usemtl roof
f 3322 3323 3327 3326
usemtl roof
f 3323 3324 3328 3327
usemtl roof
f 3324 3321 3325 3328
g RoofRightBack
usemtl roof
f 3329 3330 3331 3332
usemtl roof
f 3336 3335 3334 3333
usemtl roof
f 3329 3330 3334 3333
usemtl roof
f 3330 3331 3335 3334
usemtl roof
f 3331 3332 3336 3335
usemtl roof
f 3332 3329 3333 3336
g CentralPavilionL
usemtl white
f 3337 3338 3339 3340
usemtl white
f 3341 3344 3343 3342
usemtl white
f 3337 3341 3342 3338
usemtl white
f 3340 3339 3343 3344
usemtl white
f 3337 3340 3344 3341
usemtl white
f 3338 3342 3343 3339
g CentralPavilionR
usemtl white
f 3345 3346 3347 3348
usemtl white
f 3349 3352 3351 3350
usemtl white
f 3345 3349 3350 3346
usemtl white
f 3348 3347 3351 3352
usemtl white
f 3345 3348 3352 3349
usemtl white
f 3346 3350 3351 3347
g CentralPavilionFront
usemtl white
f 3353 3354 3355 3356
usemtl white
f 3357 3360 3359 3358
usemtl white
f 3353 3357 3358 3354
usemtl white
f 3356 3355 3359 3360
usemtl white
f 3353 3356 3360 3357
usemtl white
f 3354 3358 3359 3355
g CentralPavilionBack
usemtl white
f 3361 3362 3363 3364
usemtl white
f 3365 3368 3367 3366
usemtl white
f 3361 3365 3366 3362
usemtl white
f 3364 3363 3367 3368
usemtl white
f 3361 3364 3368 3365
usemtl white
f 3362 3366 3367 3363
g RoofCoreFront
usemtl roof
f 3369 3370 3371 3372
usemtl roof
f 3376 3375 3374 3373
usemtl roof
f 3369 3370 3374 3373
usemtl roof
f 3370 3371 3375 3374
usemtl roof
f 3371 3372 3376 3375
usemtl roof
f 3372 3369 3373 3376
g RoofCoreBack
usemtl roof
f 3377 3378 3379 3380
usemtl roof
f 3384 3383 3382 3381
usemtl roof
f 3377 3378 3382 3381
usemtl roof
f 3378 3379 3383 3382
usemtl roof
f 3379 3380 3384 3383
usemtl roof
f 3380 3377 3381 3384
g BalconyCanopy
usemtl roof
f 3385 3386 3387 3388
usemtl roof
f 3392 3391 3390 3389
usemtl roof
f 3385 3386 3390 3389
usemtl roof
f 3386 3387 3391 3390
usemtl roof
f 3387 3388 3392 3391
usemtl roof
f 3388 3385 3389 3392
g Chair_F0_R1_Seat
usemtl chair
f 3393 3394 3395 3396
usemtl chair
f 3397 3400 3399 3398
usemtl chair
f 3393 3397 3398 3394
usemtl chair
f 3396 3395 3399 3400
usemtl chair
f 3393 3396 3400 3397
usemtl chair
f 3394 3398 3399 3395
g Chair_F0_R1_Back
usemtl chair
f 3401 3402 3403 3404
usemtl chair
f 3405 3408 3407 3406
usemtl chair
f 3401 3405 3406 3402
usemtl chair
f 3404 3403 3407 3408
usemtl chair
f 3401 3404 3408 3405
usemtl chair
f 3402 3406 3407 3403
g Chair_F0_R1_Leg-0.82-0.72
usemtl metal
f 3409 3410 3411 3412
usemtl metal
f 3413 3416 3415 3414
usemtl metal
f 3409 3413 3414 3410
usemtl metal
f 3412 3411 3415 3416
usemtl metal
f 3409 3412 3416 3413
usemtl metal
f 3410 3414 3415 3411
g Chair_F0_R1_Leg-0.820.72
usemtl metal
f 3417 3418 3419 3420
usemtl metal
f 3421 3424 3423 3422
usemtl metal
f 3417 3421 3422 3418
usemtl metal
f 3420 3419 3423 3424
usemtl metal
f 3417 3420 3424 3421
usemtl metal
f 3418 3422 3423 3419
g Chair_F0_R1_Leg0.82-0.72
usemtl metal
f 3425 3426 3427 3428
usemtl metal
f 3429 3432 3431 3430
usemtl metal
f 3425 3429 3430 3426
usemtl metal
f 3428 3427 3431 3432
usemtl metal
f 3425 3428 3432 3429
usemtl metal
f 3426 3430 3431 3427
g Chair_F0_R1_Leg0.820.72
usemtl metal
f 3433 3434 3435 3436
usemtl metal
f 3437 3440 3439 3438
usemtl metal
f 3433 3437 3438 3434
usemtl metal
f 3436 3435 3439 3440
usemtl metal
f 3433 3436 3440 3437
usemtl metal
f 3434 3438 3439 3435
g Chair_F0_R1_ArmPost
usemtl metal
f 3441 3442 3443 3444
usemtl metal
f 3445 3448 3447 3446
usemtl metal
f 3441 3445 3446 3442
usemtl metal
f 3444 3443 3447 3448
usemtl metal
f 3441 3444 3448 3445
usemtl metal
f 3442 3446 3447 3443
g Chair_F0_R1_Tablet
usemtl wood
f 3449 3450 3451 3452
usemtl wood
f 3453 3456 3455 3454
usemtl wood
f 3449 3453 3454 3450
usemtl wood
f 3452 3451 3455 3456
usemtl wood
f 3449 3452 3456 3453
usemtl wood
f 3450 3454 3455 3451
g Chair_F0_R5_Seat
usemtl chair
f 3457 3458 3459 3460
usemtl chair
f 3461 3464 3463 3462
usemtl chair
f 3457 3461 3462 3458
usemtl chair
f 3460 3459 3463 3464
usemtl chair
f 3457 3460 3464 3461
usemtl chair
f 3458 3462 3463 3459
g Chair_F0_R5_Back
usemtl chair
f 3465 3466 3467 3468
usemtl chair
f 3469 3472 3471 3470
usemtl chair
f 3465 3469 3470 3466
usemtl chair
f 3468 3467 3471 3472
usemtl chair
f 3465 3468 3472 3469
usemtl chair
f 3466 3470 3471 3467
g Chair_F0_R5_Leg-0.82-0.72
usemtl metal
f 3473 3474 3475 3476
usemtl metal
f 3477 3480 3479 3478
usemtl metal
f 3473 3477 3478 3474
usemtl metal
f 3476 3475 3479 3480
usemtl metal
f 3473 3476 3480 3477
usemtl metal
f 3474 3478 3479 3475
g Chair_F0_R5_Leg-0.820.72
usemtl metal
f 3481 3482 3483 3484
usemtl metal
f 3485 3488 3487 3486
usemtl metal
f 3481 3485 3486 3482
usemtl metal
f 3484 3483 3487 3488
usemtl metal
f 3481 3484 3488 3485
usemtl metal
f 3482 3486 3487 3483
g Chair_F0_R5_Leg0.82-0.72
usemtl metal
f 3489 3490 3491 3492
usemtl metal
f 3493 3496 3495 3494
usemtl metal
f 3489 3493 3494 3490
usemtl metal
f 3492 3491 3495 3496
usemtl metal
f 3489 3492 3496 3493
usemtl metal
f 3490 3494 3495 3491
g Chair_F0_R5_Leg0.820.72
usemtl metal
f 3497 3498 3499 3500
usemtl metal
f 3501 3504 3503 3502
usemtl metal
f 3497 3501 3502 3498
usemtl metal
f 3500 3499 3503 3504
usemtl metal
f 3497 3500 3504 3501
usemtl metal
f 3498 3502 3503 3499
g Chair_F0_R5_ArmPost
usemtl metal
f 3505 3506 3507 3508
usemtl metal
f 3509 3512 3511 3510
usemtl metal
f 3505 3509 3510 3506
usemtl metal
f 3508 3507 3511 3512
usemtl metal
f 3505 3508 3512 3509
usemtl metal
f 3506 3510 3511 3507
g Chair_F0_R5_Tablet
usemtl wood
f 3513 3514 3515 3516
usemtl wood
f 3517 3520 3519 3518
usemtl wood
f 3513 3517 3518 3514
usemtl wood
f 3516 3515 3519 3520
usemtl wood
f 3513 3516 3520 3517
usemtl wood
f 3514 3518 3519 3515
g Chair_F0_R2_Seat
usemtl chair
f 3521 3522 3523 3524
usemtl chair
f 3525 3528 3527 3526
usemtl chair
f 3521 3525 3526 3522
usemtl chair
f 3524 3523 3527 3528
usemtl chair
f 3521 3524 3528 3525
usemtl chair
f 3522 3526 3527 3523
g Chair_F0_R2_Back
usemtl chair
f 3529 3530 3531 3532
usemtl chair
f 3533 3536 3535 3534
usemtl chair
f 3529 3533 3534 3530
usemtl chair
f 3532 3531 3535 3536
usemtl chair
f 3529 3532 3536 3533
usemtl chair
f 3530 3534 3535 3531
g Chair_F0_R2_Leg-0.82-0.72
usemtl metal
f 3537 3538 3539 3540
usemtl metal
f 3541 3544 3543 3542
usemtl metal
f 3537 3541 3542 3538
usemtl metal
f 3540 3539 3543 3544
usemtl metal
f 3537 3540 3544 3541
usemtl metal
f 3538 3542 3543 3539
g Chair_F0_R2_Leg-0.820.72
usemtl metal
f 3545 3546 3547 3548
usemtl metal
f 3549 3552 3551 3550
usemtl metal
f 3545 3549 3550 3546
usemtl metal
f 3548 3547 3551 3552
usemtl metal
f 3545 3548 3552 3549
usemtl metal
f 3546 3550 3551 3547
g Chair_F0_R2_Leg0.82-0.72
usemtl metal
f 3553 3554 3555 3556
usemtl metal
f 3557 3560 3559 3558
usemtl metal
f 3553 3557 3558 3554
usemtl metal
f 3556 3555 3559 3560
usemtl metal
f 3553 3556 3560 3557
usemtl metal
f 3554 3558 3559 3555
g Chair_F0_R2_Leg0.820.72
usemtl metal
f 3561 3562 3563 3564
usemtl metal
f 3565 3568 3567 3566
usemtl metal
f 3561 3565 3566 3562
usemtl metal
f 3564 3563 3567 3568
usemtl metal
f 3561 3564 3568 3565
usemtl metal
f 3562 3566 3567 3563
g Chair_F0_R2_ArmPost
usemtl metal
f 3569 3570 3571 3572
usemtl metal
f 3573 3576 3575 3574
usemtl metal
f 3569 3573 3574 3570
usemtl metal
f 3572 3571 3575 3576
usemtl metal
f 3569 3572 3576 3573
usemtl metal
f 3570 3574 3575 3571
g Chair_F0_R2_Tablet
usemtl wood
f 3577 3578 3579 3580
usemtl wood
f 3581 3584 3583 3582
usemtl wood
f 3577 3581 3582 3578
usemtl wood
f 3580 3579 3583 3584
usemtl wood
f 3577 3580 3584 3581
usemtl wood
f 3578 3582 3583 3579
g Chair_F0_R6_Seat
usemtl chair
f 3585 3586 3587 3588
usemtl chair
f 3589 3592 3591 3590
usemtl chair
f 3585 3589 3590 3586
usemtl chair
f 3588 3587 3591 3592
usemtl chair
f 3585 3588 3592 3589
usemtl chair
f 3586 3590 3591 3587
g Chair_F0_R6_Back
usemtl chair
f 3593 3594 3595 3596
usemtl chair
f 3597 3600 3599 3598
usemtl chair
f 3593 3597 3598 3594
usemtl chair
f 3596 3595 3599 3600
usemtl chair
f 3593 3596 3600 3597
usemtl chair
f 3594 3598 3599 3595
g Chair_F0_R6_Leg-0.82-0.72
usemtl metal
f 3601 3602 3603 3604
usemtl metal
f 3605 3608 3607 3606
usemtl metal
f 3601 3605 3606 3602
usemtl metal
f 3604 3603 3607 3608
usemtl metal
f 3601 3604 3608 3605
usemtl metal
f 3602 3606 3607 3603
g Chair_F0_R6_Leg-0.820.72
usemtl metal
f 3609 3610 3611 3612
usemtl metal
f 3613 3616 3615 3614
usemtl metal
f 3609 3613 3614 3610
usemtl metal
f 3612 3611 3615 3616
usemtl metal
f 3609 3612 3616 3613
usemtl metal
f 3610 3614 3615 3611
g Chair_F0_R6_Leg0.82-0.72
usemtl metal
f 3617 3618 3619 3620
usemtl metal
f 3621 3624 3623 3622
usemtl metal
f 3617 3621 3622 3618
usemtl metal
f 3620 3619 3623 3624
usemtl metal
f 3617 3620 3624 3621
usemtl metal
f 3618 3622 3623 3619
g Chair_F0_R6_Leg0.820.72
usemtl metal
f 3625 3626 3627 3628
usemtl metal
f 3629 3632 3631 3630
usemtl metal
f 3625 3629 3630 3626
usemtl metal
f 3628 3627 3631 3632
usemtl metal
f 3625 3628 3632 3629
usemtl metal
f 3626 3630 3631 3627
g Chair_F0_R6_ArmPost
usemtl metal
f 3633 3634 3635 3636
usemtl metal
f 3637 3640 3639 3638
usemtl metal
f 3633 3637 3638 3634
usemtl metal
f 3636 3635 3639 3640
usemtl metal
f 3633 3636 3640 3637
usemtl metal
f 3634 3638 3639 3635
g Chair_F0_R6_Tablet
usemtl wood
f 3641 3642 3643 3644
usemtl wood
f 3645 3648 3647 3646
usemtl wood
f 3641 3645 3646 3642
usemtl wood
f 3644 3643 3647 3648
usemtl wood
f 3641 3644 3648 3645
usemtl wood
f 3642 3646 3647 3643
g Chair_F0_R3_Seat
usemtl chair
f 3649 3650 3651 3652
usemtl chair
f 3653 3656 3655 3654
usemtl chair
f 3649 3653 3654 3650
usemtl chair
f 3652 3651 3655 3656
usemtl chair
f 3649 3652 3656 3653
usemtl chair
f 3650 3654 3655 3651
g Chair_F0_R3_Back
usemtl chair
f 3657 3658 3659 3660
usemtl chair
f 3661 3664 3663 3662
usemtl chair
f 3657 3661 3662 3658
usemtl chair
f 3660 3659 3663 3664
usemtl chair
f 3657 3660 3664 3661
usemtl chair
f 3658 3662 3663 3659
g Chair_F0_R3_Leg-0.82-0.72
usemtl metal
f 3665 3666 3667 3668
usemtl metal
f 3669 3672 3671 3670
usemtl metal
f 3665 3669 3670 3666
usemtl metal
f 3668 3667 3671 3672
usemtl metal
f 3665 3668 3672 3669
usemtl metal
f 3666 3670 3671 3667
g Chair_F0_R3_Leg-0.820.72
usemtl metal
f 3673 3674 3675 3676
usemtl metal
f 3677 3680 3679 3678
usemtl metal
f 3673 3677 3678 3674
usemtl metal
f 3676 3675 3679 3680
usemtl metal
f 3673 3676 3680 3677
usemtl metal
f 3674 3678 3679 3675
g Chair_F0_R3_Leg0.82-0.72
usemtl metal
f 3681 3682 3683 3684
usemtl metal
f 3685 3688 3687 3686
usemtl metal
f 3681 3685 3686 3682
usemtl metal
f 3684 3683 3687 3688
usemtl metal
f 3681 3684 3688 3685
usemtl metal
f 3682 3686 3687 3683
g Chair_F0_R3_Leg0.820.72
usemtl metal
f 3689 3690 3691 3692
usemtl metal
f 3693 3696 3695 3694
usemtl metal
f 3689 3693 3694 3690
usemtl metal
f 3692 3691 3695 3696
usemtl metal
f 3689 3692 3696 3693
usemtl metal
f 3690 3694 3695 3691
g Chair_F0_R3_ArmPost
usemtl metal
f 3697 3698 3699 3700
usemtl metal
f 3701 3704 3703 3702
usemtl metal
f 3697 3701 3702 3698
usemtl metal
f 3700 3699 3703 3704
usemtl metal
f 3697 3700 3704 3701
usemtl metal
f 3698 3702 3703 3699
g Chair_F0_R3_Tablet
usemtl wood
f 3705 3706 3707 3708
usemtl wood
f 3709 3712 3711 3710
usemtl wood
f 3705 3709 3710 3706
usemtl wood
f 3708 3707 3711 3712
usemtl wood
f 3705 3708 3712 3709
usemtl wood
f 3706 3710 3711 3707
g Chair_F0_R7_Seat
usemtl chair
f 3713 3714 3715 3716
usemtl chair
f 3717 3720 3719 3718
usemtl chair
f 3713 3717 3718 3714
usemtl chair
f 3716 3715 3719 3720
usemtl chair
f 3713 3716 3720 3717
usemtl chair
f 3714 3718 3719 3715
g Chair_F0_R7_Back
usemtl chair
f 3721 3722 3723 3724
usemtl chair
f 3725 3728 3727 3726
usemtl chair
f 3721 3725 3726 3722
usemtl chair
f 3724 3723 3727 3728
usemtl chair
f 3721 3724 3728 3725
usemtl chair
f 3722 3726 3727 3723
g Chair_F0_R7_Leg-0.82-0.72
usemtl metal
f 3729 3730 3731 3732
usemtl metal
f 3733 3736 3735 3734
usemtl metal
f 3729 3733 3734 3730
usemtl metal
f 3732 3731 3735 3736
usemtl metal
f 3729 3732 3736 3733
usemtl metal
f 3730 3734 3735 3731
g Chair_F0_R7_Leg-0.820.72
usemtl metal
f 3737 3738 3739 3740
usemtl metal
f 3741 3744 3743 3742
usemtl metal
f 3737 3741 3742 3738
usemtl metal
f 3740 3739 3743 3744
usemtl metal
f 3737 3740 3744 3741
usemtl metal
f 3738 3742 3743 3739
g Chair_F0_R7_Leg0.82-0.72
usemtl metal
f 3745 3746 3747 3748
usemtl metal
f 3749 3752 3751 3750
usemtl metal
f 3745 3749 3750 3746
usemtl metal
f 3748 3747 3751 3752
usemtl metal
f 3745 3748 3752 3749
usemtl metal
f 3746 3750 3751 3747
g Chair_F0_R7_Leg0.820.72
usemtl metal
f 3753 3754 3755 3756
usemtl metal
f 3757 3760 3759 3758
usemtl metal
f 3753 3757 3758 3754
usemtl metal
f 3756 3755 3759 3760
usemtl metal
f 3753 3756 3760 3757
usemtl metal
f 3754 3758 3759 3755
g Chair_F0_R7_ArmPost
usemtl metal
f 3761 3762 3763 3764
usemtl metal
f 3765 3768 3767 3766
usemtl metal
f 3761 3765 3766 3762
usemtl metal
f 3764 3763 3767 3768
usemtl metal
f 3761 3764 3768 3765
usemtl metal
f 3762 3766 3767 3763
g Chair_F0_R7_Tablet
usemtl wood
f 3769 3770 3771 3772
usemtl wood
f 3773 3776 3775 3774
usemtl wood
f 3769 3773 3774 3770
usemtl wood
f 3772 3771 3775 3776
usemtl wood
f 3769 3772 3776 3773
usemtl wood
f 3770 3774 3775 3771
g Chair_F0_R4_Seat
usemtl chair
f 3777 3778 3779 3780
usemtl chair
f 3781 3784 3783 3782
usemtl chair
f 3777 3781 3782 3778
usemtl chair
f 3780 3779 3783 3784
usemtl chair
f 3777 3780 3784 3781
usemtl chair
f 3778 3782 3783 3779
g Chair_F0_R4_Back
usemtl chair
f 3785 3786 3787 3788
usemtl chair
f 3789 3792 3791 3790
usemtl chair
f 3785 3789 3790 3786
usemtl chair
f 3788 3787 3791 3792
usemtl chair
f 3785 3788 3792 3789
usemtl chair
f 3786 3790 3791 3787
g Chair_F0_R4_Leg-0.82-0.72
usemtl metal
f 3793 3794 3795 3796
usemtl metal
f 3797 3800 3799 3798
usemtl metal
f 3793 3797 3798 3794
usemtl metal
f 3796 3795 3799 3800
usemtl metal
f 3793 3796 3800 3797
usemtl metal
f 3794 3798 3799 3795
g Chair_F0_R4_Leg-0.820.72
usemtl metal
f 3801 3802 3803 3804
usemtl metal
f 3805 3808 3807 3806
usemtl metal
f 3801 3805 3806 3802
usemtl metal
f 3804 3803 3807 3808
usemtl metal
f 3801 3804 3808 3805
usemtl metal
f 3802 3806 3807 3803
g Chair_F0_R4_Leg0.82-0.72
usemtl metal
f 3809 3810 3811 3812
usemtl metal
f 3813 3816 3815 3814
usemtl metal
f 3809 3813 3814 3810
usemtl metal
f 3812 3811 3815 3816
usemtl metal
f 3809 3812 3816 3813
usemtl metal
f 3810 3814 3815 3811
g Chair_F0_R4_Leg0.820.72
usemtl metal
f 3817 3818 3819 3820
usemtl metal
f 3821 3824 3823 3822
usemtl metal
f 3817 3821 3822 3818
usemtl metal
f 3820 3819 3823 3824
usemtl metal
f 3817 3820 3824 3821
usemtl metal
f 3818 3822 3823 3819
g Chair_F0_R4_ArmPost
usemtl metal
f 3825 3826 3827 3828
usemtl metal
f 3829 3832 3831 3830
usemtl metal
f 3825 3829 3830 3826
usemtl metal
f 3828 3827 3831 3832
usemtl metal
f 3825 3828 3832 3829
usemtl metal
f 3826 3830 3831 3827
g Chair_F0_R4_Tablet
usemtl wood
f 3833 3834 3835 3836
usemtl wood
f 3837 3840 3839 3838
usemtl wood
f 3833 3837 3838 3834
usemtl wood
f 3836 3835 3839 3840
usemtl wood
f 3833 3836 3840 3837
usemtl wood
f 3834 3838 3839 3835
g Chair_F0_R8_Seat
usemtl chair
f 3841 3842 3843 3844
usemtl chair
f 3845 3848 3847 3846
usemtl chair
f 3841 3845 3846 3842
usemtl chair
f 3844 3843 3847 3848
usemtl chair
f 3841 3844 3848 3845
usemtl chair
f 3842 3846 3847 3843
g Chair_F0_R8_Back
usemtl chair
f 3849 3850 3851 3852
usemtl chair
f 3853 3856 3855 3854
usemtl chair
f 3849 3853 3854 3850
usemtl chair
f 3852 3851 3855 3856
usemtl chair
f 3849 3852 3856 3853
usemtl chair
f 3850 3854 3855 3851
g Chair_F0_R8_Leg-0.82-0.72
usemtl metal
f 3857 3858 3859 3860
usemtl metal
f 3861 3864 3863 3862
usemtl metal
f 3857 3861 3862 3858
usemtl metal
f 3860 3859 3863 3864
usemtl metal
f 3857 3860 3864 3861
usemtl metal
f 3858 3862 3863 3859
g Chair_F0_R8_Leg-0.820.72
usemtl metal
f 3865 3866 3867 3868
usemtl metal
f 3869 3872 3871 3870
usemtl metal
f 3865 3869 3870 3866
usemtl metal
f 3868 3867 3871 3872
usemtl metal
f 3865 3868 3872 3869
usemtl metal
f 3866 3870 3871 3867
g Chair_F0_R8_Leg0.82-0.72
usemtl metal
f 3873 3874 3875 3876
usemtl metal
f 3877 3880 3879 3878
usemtl metal
f 3873 3877 3878 3874
usemtl metal
f 3876 3875 3879 3880
usemtl metal
f 3873 3876 3880 3877
usemtl metal
f 3874 3878 3879 3875
g Chair_F0_R8_Leg0.820.72
usemtl metal
f 3881 3882 3883 3884
usemtl metal
f 3885 3888 3887 3886
usemtl metal
f 3881 3885 3886 3882
usemtl metal
f 3884 3883 3887 3888
usemtl metal
f 3881 3884 3888 3885
usemtl metal
f 3882 3886 3887 3883
g Chair_F0_R8_ArmPost
usemtl metal
f 3889 3890 3891 3892
usemtl metal
f 3893 3896 3895 3894
usemtl metal
f 3889 3893 3894 3890
usemtl metal
f 3892 3891 3895 3896
usemtl metal
f 3889 3892 3896 3893
usemtl metal
f 3890 3894 3895 3891
g Chair_F0_R8_Tablet
usemtl wood
f 3897 3898 3899 3900
usemtl wood
f 3901 3904 3903 3902
usemtl wood
f 3897 3901 3902 3898
usemtl wood
f 3900 3899 3903 3904
usemtl wood
f 3897 3900 3904 3901
usemtl wood
f 3898 3902 3903 3899
g Chair_F1_R1_Seat
usemtl chair
f 3905 3906 3907 3908
usemtl chair
f 3909 3912 3911 3910
usemtl chair
f 3905 3909 3910 3906
usemtl chair
f 3908 3907 3911 3912
usemtl chair
f 3905 3908 3912 3909
usemtl chair
f 3906 3910 3911 3907
g Chair_F1_R1_Back
usemtl chair
f 3913 3914 3915 3916
usemtl chair
f 3917 3920 3919 3918
usemtl chair
f 3913 3917 3918 3914
usemtl chair
f 3916 3915 3919 3920
usemtl chair
f 3913 3916 3920 3917
usemtl chair
f 3914 3918 3919 3915
g Chair_F1_R1_Leg-0.82-0.72
usemtl metal
f 3921 3922 3923 3924
usemtl metal
f 3925 3928 3927 3926
usemtl metal
f 3921 3925 3926 3922
usemtl metal
f 3924 3923 3927 3928
usemtl metal
f 3921 3924 3928 3925
usemtl metal
f 3922 3926 3927 3923
g Chair_F1_R1_Leg-0.820.72
usemtl metal
f 3929 3930 3931 3932
usemtl metal
f 3933 3936 3935 3934
usemtl metal
f 3929 3933 3934 3930
usemtl metal
f 3932 3931 3935 3936
usemtl metal
f 3929 3932 3936 3933
usemtl metal
f 3930 3934 3935 3931
g Chair_F1_R1_Leg0.82-0.72
usemtl metal
f 3937 3938 3939 3940
usemtl metal
f 3941 3944 3943 3942
usemtl metal
f 3937 3941 3942 3938
usemtl metal
f 3940 3939 3943 3944
usemtl metal
f 3937 3940 3944 3941
usemtl metal
f 3938 3942 3943 3939
g Chair_F1_R1_Leg0.820.72
usemtl metal
f 3945 3946 3947 3948
usemtl metal
f 3949 3952 3951 3950
usemtl metal
f 3945 3949 3950 3946
usemtl metal
f 3948 3947 3951 3952
usemtl metal
f 3945 3948 3952 3949
usemtl metal
f 3946 3950 3951 3947
g Chair_F1_R1_ArmPost
usemtl metal
f 3953 3954 3955 3956
usemtl metal
f 3957 3960 3959 3958
usemtl metal
f 3953 3957 3958 3954
usemtl metal
f 3956 3955 3959 3960
usemtl metal
f 3953 3956 3960 3957
usemtl metal
f 3954 3958 3959 3955
g Chair_F1_R1_Tablet
usemtl wood
f 3961 3962 3963 3964
usemtl wood
f 3965 3968 3967 3966
usemtl wood
f 3961 3965 3966 3962
usemtl wood
f 3964 3963 3967 3968
usemtl wood
f 3961 3964 3968 3965
usemtl wood
f 3962 3966 3967 3963
g Chair_F1_R5_Seat
usemtl chair
f 3969 3970 3971 3972
usemtl chair
f 3973 3976 3975 3974
usemtl chair
f 3969 3973 3974 3970
usemtl chair
f 3972 3971 3975 3976
usemtl chair
f 3969 3972 3976 3973
usemtl chair
f 3970 3974 3975 3971
g Chair_F1_R5_Back
usemtl chair
f 3977 3978 3979 3980
usemtl chair
f 3981 3984 3983 3982
usemtl chair
f 3977 3981 3982 3978
usemtl chair
f 3980 3979 3983 3984
usemtl chair
f 3977 3980 3984 3981
usemtl chair
f 3978 3982 3983 3979
g Chair_F1_R5_Leg-0.82-0.72
usemtl metal
f 3985 3986 3987 3988
usemtl metal
f 3989 3992 3991 3990
usemtl metal
f 3985 3989 3990 3986
usemtl metal
f 3988 3987 3991 3992
usemtl metal
f 3985 3988 3992 3989
usemtl metal
f 3986 3990 3991 3987
g Chair_F1_R5_Leg-0.820.72
usemtl metal
f 3993 3994 3995 3996
usemtl metal
f 3997 4000 3999 3998
usemtl metal
f 3993 3997 3998 3994
usemtl metal
f 3996 3995 3999 4000
usemtl metal
f 3993 3996 4000 3997
usemtl metal
f 3994 3998 3999 3995
g Chair_F1_R5_Leg0.82-0.72
usemtl metal
f 4001 4002 4003 4004
usemtl metal
f 4005 4008 4007 4006
usemtl metal
f 4001 4005 4006 4002
usemtl metal
f 4004 4003 4007 4008
usemtl metal
f 4001 4004 4008 4005
usemtl metal
f 4002 4006 4007 4003
g Chair_F1_R5_Leg0.820.72
usemtl metal
f 4009 4010 4011 4012
usemtl metal
f 4013 4016 4015 4014
usemtl metal
f 4009 4013 4014 4010
usemtl metal
f 4012 4011 4015 4016
usemtl metal
f 4009 4012 4016 4013
usemtl metal
f 4010 4014 4015 4011
g Chair_F1_R5_ArmPost
usemtl metal
f 4017 4018 4019 4020
usemtl metal
f 4021 4024 4023 4022
usemtl metal
f 4017 4021 4022 4018
usemtl metal
f 4020 4019 4023 4024
usemtl metal
f 4017 4020 4024 4021
usemtl metal
f 4018 4022 4023 4019
g Chair_F1_R5_Tablet
usemtl wood
f 4025 4026 4027 4028
usemtl wood
f 4029 4032 4031 4030
usemtl wood
f 4025 4029 4030 4026
usemtl wood
f 4028 4027 4031 4032
usemtl wood
f 4025 4028 4032 4029
usemtl wood
f 4026 4030 4031 4027
g Chair_F1_R2_Seat
usemtl chair
f 4033 4034 4035 4036
usemtl chair
f 4037 4040 4039 4038
usemtl chair
f 4033 4037 4038 4034
usemtl chair
f 4036 4035 4039 4040
usemtl chair
f 4033 4036 4040 4037
usemtl chair
f 4034 4038 4039 4035
g Chair_F1_R2_Back
usemtl chair
f 4041 4042 4043 4044
usemtl chair
f 4045 4048 4047 4046
usemtl chair
f 4041 4045 4046 4042
usemtl chair
f 4044 4043 4047 4048
usemtl chair
f 4041 4044 4048 4045
usemtl chair
f 4042 4046 4047 4043
g Chair_F1_R2_Leg-0.82-0.72
usemtl metal
f 4049 4050 4051 4052
usemtl metal
f 4053 4056 4055 4054
usemtl metal
f 4049 4053 4054 4050
usemtl metal
f 4052 4051 4055 4056
usemtl metal
f 4049 4052 4056 4053
usemtl metal
f 4050 4054 4055 4051
g Chair_F1_R2_Leg-0.820.72
usemtl metal
f 4057 4058 4059 4060
usemtl metal
f 4061 4064 4063 4062
usemtl metal
f 4057 4061 4062 4058
usemtl metal
f 4060 4059 4063 4064
usemtl metal
f 4057 4060 4064 4061
usemtl metal
f 4058 4062 4063 4059
g Chair_F1_R2_Leg0.82-0.72
usemtl metal
f 4065 4066 4067 4068
usemtl metal
f 4069 4072 4071 4070
usemtl metal
f 4065 4069 4070 4066
usemtl metal
f 4068 4067 4071 4072
usemtl metal
f 4065 4068 4072 4069
usemtl metal
f 4066 4070 4071 4067
g Chair_F1_R2_Leg0.820.72
usemtl metal
f 4073 4074 4075 4076
usemtl metal
f 4077 4080 4079 4078
usemtl metal
f 4073 4077 4078 4074
usemtl metal
f 4076 4075 4079 4080
usemtl metal
f 4073 4076 4080 4077
usemtl metal
f 4074 4078 4079 4075
g Chair_F1_R2_ArmPost
usemtl metal
f 4081 4082 4083 4084
usemtl metal
f 4085 4088 4087 4086
usemtl metal
f 4081 4085 4086 4082
usemtl metal
f 4084 4083 4087 4088
usemtl metal
f 4081 4084 4088 4085
usemtl metal
f 4082 4086 4087 4083
g Chair_F1_R2_Tablet
usemtl wood
f 4089 4090 4091 4092
usemtl wood
f 4093 4096 4095 4094
usemtl wood
f 4089 4093 4094 4090
usemtl wood
f 4092 4091 4095 4096
usemtl wood
f 4089 4092 4096 4093
usemtl wood
f 4090 4094 4095 4091
g Chair_F1_R6_Seat
usemtl chair
f 4097 4098 4099 4100
usemtl chair
f 4101 4104 4103 4102
usemtl chair
f 4097 4101 4102 4098
usemtl chair
f 4100 4099 4103 4104
usemtl chair
f 4097 4100 4104 4101
usemtl chair
f 4098 4102 4103 4099
g Chair_F1_R6_Back
usemtl chair
f 4105 4106 4107 4108
usemtl chair
f 4109 4112 4111 4110
usemtl chair
f 4105 4109 4110 4106
usemtl chair
f 4108 4107 4111 4112
usemtl chair
f 4105 4108 4112 4109
usemtl chair
f 4106 4110 4111 4107
g Chair_F1_R6_Leg-0.82-0.72
usemtl metal
f 4113 4114 4115 4116
usemtl metal
f 4117 4120 4119 4118
usemtl metal
f 4113 4117 4118 4114
usemtl metal
f 4116 4115 4119 4120
usemtl metal
f 4113 4116 4120 4117
usemtl metal
f 4114 4118 4119 4115
g Chair_F1_R6_Leg-0.820.72
usemtl metal
f 4121 4122 4123 4124
usemtl metal
f 4125 4128 4127 4126
usemtl metal
f 4121 4125 4126 4122
usemtl metal
f 4124 4123 4127 4128
usemtl metal
f 4121 4124 4128 4125
usemtl metal
f 4122 4126 4127 4123
g Chair_F1_R6_Leg0.82-0.72
usemtl metal
f 4129 4130 4131 4132
usemtl metal
f 4133 4136 4135 4134
usemtl metal
f 4129 4133 4134 4130
usemtl metal
f 4132 4131 4135 4136
usemtl metal
f 4129 4132 4136 4133
usemtl metal
f 4130 4134 4135 4131
g Chair_F1_R6_Leg0.820.72
usemtl metal
f 4137 4138 4139 4140
usemtl metal
f 4141 4144 4143 4142
usemtl metal
f 4137 4141 4142 4138
usemtl metal
f 4140 4139 4143 4144
usemtl metal
f 4137 4140 4144 4141
usemtl metal
f 4138 4142 4143 4139
g Chair_F1_R6_ArmPost
usemtl metal
f 4145 4146 4147 4148
usemtl metal
f 4149 4152 4151 4150
usemtl metal
f 4145 4149 4150 4146
usemtl metal
f 4148 4147 4151 4152
usemtl metal
f 4145 4148 4152 4149
usemtl metal
f 4146 4150 4151 4147
g Chair_F1_R6_Tablet
usemtl wood
f 4153 4154 4155 4156
usemtl wood
f 4157 4160 4159 4158
usemtl wood
f 4153 4157 4158 4154
usemtl wood
f 4156 4155 4159 4160
usemtl wood
f 4153 4156 4160 4157
usemtl wood
f 4154 4158 4159 4155
g Chair_F1_R3_Seat
usemtl chair
f 4161 4162 4163 4164
usemtl chair
f 4165 4168 4167 4166
usemtl chair
f 4161 4165 4166 4162
usemtl chair
f 4164 4163 4167 4168
usemtl chair
f 4161 4164 4168 4165
usemtl chair
f 4162 4166 4167 4163
g Chair_F1_R3_Back
usemtl chair
f 4169 4170 4171 4172
usemtl chair
f 4173 4176 4175 4174
usemtl chair
f 4169 4173 4174 4170
usemtl chair
f 4172 4171 4175 4176
usemtl chair
f 4169 4172 4176 4173
usemtl chair
f 4170 4174 4175 4171
g Chair_F1_R3_Leg-0.82-0.72
usemtl metal
f 4177 4178 4179 4180
usemtl metal
f 4181 4184 4183 4182
usemtl metal
f 4177 4181 4182 4178
usemtl metal
f 4180 4179 4183 4184
usemtl metal
f 4177 4180 4184 4181
usemtl metal
f 4178 4182 4183 4179
g Chair_F1_R3_Leg-0.820.72
usemtl metal
f 4185 4186 4187 4188
usemtl metal
f 4189 4192 4191 4190
usemtl metal
f 4185 4189 4190 4186
usemtl metal
f 4188 4187 4191 4192
usemtl metal
f 4185 4188 4192 4189
usemtl metal
f 4186 4190 4191 4187
g Chair_F1_R3_Leg0.82-0.72
usemtl metal
f 4193 4194 4195 4196
usemtl metal
f 4197 4200 4199 4198
usemtl metal
f 4193 4197 4198 4194
usemtl metal
f 4196 4195 4199 4200
usemtl metal
f 4193 4196 4200 4197
usemtl metal
f 4194 4198 4199 4195
g Chair_F1_R3_Leg0.820.72
usemtl metal
f 4201 4202 4203 4204
usemtl metal
f 4205 4208 4207 4206
usemtl metal
f 4201 4205 4206 4202
usemtl metal
f 4204 4203 4207 4208
usemtl metal
f 4201 4204 4208 4205
usemtl metal
f 4202 4206 4207 4203
g Chair_F1_R3_ArmPost
usemtl metal
f 4209 4210 4211 4212
usemtl metal
f 4213 4216 4215 4214
usemtl metal
f 4209 4213 4214 4210
usemtl metal
f 4212 4211 4215 4216
usemtl metal
f 4209 4212 4216 4213
usemtl metal
f 4210 4214 4215 4211
g Chair_F1_R3_Tablet
usemtl wood
f 4217 4218 4219 4220
usemtl wood
f 4221 4224 4223 4222
usemtl wood
f 4217 4221 4222 4218
usemtl wood
f 4220 4219 4223 4224
usemtl wood
f 4217 4220 4224 4221
usemtl wood
f 4218 4222 4223 4219
g Chair_F1_R7_Seat
usemtl chair
f 4225 4226 4227 4228
usemtl chair
f 4229 4232 4231 4230
usemtl chair
f 4225 4229 4230 4226
usemtl chair
f 4228 4227 4231 4232
usemtl chair
f 4225 4228 4232 4229
usemtl chair
f 4226 4230 4231 4227
g Chair_F1_R7_Back
usemtl chair
f 4233 4234 4235 4236
usemtl chair
f 4237 4240 4239 4238
usemtl chair
f 4233 4237 4238 4234
usemtl chair
f 4236 4235 4239 4240
usemtl chair
f 4233 4236 4240 4237
usemtl chair
f 4234 4238 4239 4235
g Chair_F1_R7_Leg-0.82-0.72
usemtl metal
f 4241 4242 4243 4244
usemtl metal
f 4245 4248 4247 4246
usemtl metal
f 4241 4245 4246 4242
usemtl metal
f 4244 4243 4247 4248
usemtl metal
f 4241 4244 4248 4245
usemtl metal
f 4242 4246 4247 4243
g Chair_F1_R7_Leg-0.820.72
usemtl metal
f 4249 4250 4251 4252
usemtl metal
f 4253 4256 4255 4254
usemtl metal
f 4249 4253 4254 4250
usemtl metal
f 4252 4251 4255 4256
usemtl metal
f 4249 4252 4256 4253
usemtl metal
f 4250 4254 4255 4251
g Chair_F1_R7_Leg0.82-0.72
usemtl metal
f 4257 4258 4259 4260
usemtl metal
f 4261 4264 4263 4262
usemtl metal
f 4257 4261 4262 4258
usemtl metal
f 4260 4259 4263 4264
usemtl metal
f 4257 4260 4264 4261
usemtl metal
f 4258 4262 4263 4259
g Chair_F1_R7_Leg0.820.72
usemtl metal
f 4265 4266 4267 4268
usemtl metal
f 4269 4272 4271 4270
usemtl metal
f 4265 4269 4270 4266
usemtl metal
f 4268 4267 4271 4272
usemtl metal
f 4265 4268 4272 4269
usemtl metal
f 4266 4270 4271 4267
g Chair_F1_R7_ArmPost
usemtl metal
f 4273 4274 4275 4276
usemtl metal
f 4277 4280 4279 4278
usemtl metal
f 4273 4277 4278 4274
usemtl metal
f 4276 4275 4279 4280
usemtl metal
f 4273 4276 4280 4277
usemtl metal
f 4274 4278 4279 4275
g Chair_F1_R7_Tablet
usemtl wood
f 4281 4282 4283 4284
usemtl wood
f 4285 4288 4287 4286
usemtl wood
f 4281 4285 4286 4282
usemtl wood
f 4284 4283 4287 4288
usemtl wood
f 4281 4284 4288 4285
usemtl wood
f 4282 4286 4287 4283
g Chair_F1_R4_Seat
usemtl chair
f 4289 4290 4291 4292
usemtl chair
f 4293 4296 4295 4294
usemtl chair
f 4289 4293 4294 4290
usemtl chair
f 4292 4291 4295 4296
usemtl chair
f 4289 4292 4296 4293
usemtl chair
f 4290 4294 4295 4291
g Chair_F1_R4_Back
usemtl chair
f 4297 4298 4299 4300
usemtl chair
f 4301 4304 4303 4302
usemtl chair
f 4297 4301 4302 4298
usemtl chair
f 4300 4299 4303 4304
usemtl chair
f 4297 4300 4304 4301
usemtl chair
f 4298 4302 4303 4299
g Chair_F1_R4_Leg-0.82-0.72
usemtl metal
f 4305 4306 4307 4308
usemtl metal
f 4309 4312 4311 4310
usemtl metal
f 4305 4309 4310 4306
usemtl metal
f 4308 4307 4311 4312
usemtl metal
f 4305 4308 4312 4309
usemtl metal
f 4306 4310 4311 4307
g Chair_F1_R4_Leg-0.820.72
usemtl metal
f 4313 4314 4315 4316
usemtl metal
f 4317 4320 4319 4318
usemtl metal
f 4313 4317 4318 4314
usemtl metal
f 4316 4315 4319 4320
usemtl metal
f 4313 4316 4320 4317
usemtl metal
f 4314 4318 4319 4315
g Chair_F1_R4_Leg0.82-0.72
usemtl metal
f 4321 4322 4323 4324
usemtl metal
f 4325 4328 4327 4326
usemtl metal
f 4321 4325 4326 4322
usemtl metal
f 4324 4323 4327 4328
usemtl metal
f 4321 4324 4328 4325
usemtl metal
f 4322 4326 4327 4323
g Chair_F1_R4_Leg0.820.72
usemtl metal
f 4329 4330 4331 4332
usemtl metal
f 4333 4336 4335 4334
usemtl metal
f 4329 4333 4334 4330
usemtl metal
f 4332 4331 4335 4336
usemtl metal
f 4329 4332 4336 4333
usemtl metal
f 4330 4334 4335 4331
g Chair_F1_R4_ArmPost
usemtl metal
f 4337 4338 4339 4340
usemtl metal
f 4341 4344 4343 4342
usemtl metal
f 4337 4341 4342 4338
usemtl metal
f 4340 4339 4343 4344
usemtl metal
f 4337 4340 4344 4341
usemtl metal
f 4338 4342 4343 4339
g Chair_F1_R4_Tablet
usemtl wood
f 4345 4346 4347 4348
usemtl wood
f 4349 4352 4351 4350
usemtl wood
f 4345 4349 4350 4346
usemtl wood
f 4348 4347 4351 4352
usemtl wood
f 4345 4348 4352 4349
usemtl wood
f 4346 4350 4351 4347
g Chair_F1_R8_Seat
usemtl chair
f 4353 4354 4355 4356
usemtl chair
f 4357 4360 4359 4358
usemtl chair
f 4353 4357 4358 4354
usemtl chair
f 4356 4355 4359 4360
usemtl chair
f 4353 4356 4360 4357
usemtl chair
f 4354 4358 4359 4355
g Chair_F1_R8_Back
usemtl chair
f 4361 4362 4363 4364
usemtl chair
f 4365 4368 4367 4366
usemtl chair
f 4361 4365 4366 4362
usemtl chair
f 4364 4363 4367 4368
usemtl chair
f 4361 4364 4368 4365
usemtl chair
f 4362 4366 4367 4363
g Chair_F1_R8_Leg-0.82-0.72
usemtl metal
f 4369 4370 4371 4372
usemtl metal
f 4373 4376 4375 4374
usemtl metal
f 4369 4373 4374 4370
usemtl metal
f 4372 4371 4375 4376
usemtl metal
f 4369 4372 4376 4373
usemtl metal
f 4370 4374 4375 4371
g Chair_F1_R8_Leg-0.820.72
usemtl metal
f 4377 4378 4379 4380
usemtl metal
f 4381 4384 4383 4382
usemtl metal
f 4377 4381 4382 4378
usemtl metal
f 4380 4379 4383 4384
usemtl metal
f 4377 4380 4384 4381
usemtl metal
f 4378 4382 4383 4379
g Chair_F1_R8_Leg0.82-0.72
usemtl metal
f 4385 4386 4387 4388
usemtl metal
f 4389 4392 4391 4390
usemtl metal
f 4385 4389 4390 4386
usemtl metal
f 4388 4387 4391 4392
usemtl metal
f 4385 4388 4392 4389
usemtl metal
f 4386 4390 4391 4387
g Chair_F1_R8_Leg0.820.72
usemtl metal
f 4393 4394 4395 4396
usemtl metal
f 4397 4400 4399 4398
usemtl metal
f 4393 4397 4398 4394
usemtl metal
f 4396 4395 4399 4400
usemtl metal
f 4393 4396 4400 4397
usemtl metal
f 4394 4398 4399 4395
g Chair_F1_R8_ArmPost
usemtl metal
f 4401 4402 4403 4404
usemtl metal
f 4405 4408 4407 4406
usemtl metal
f 4401 4405 4406 4402
usemtl metal
f 4404 4403 4407 4408
usemtl metal
f 4401 4404 4408 4405
usemtl metal
f 4402 4406 4407 4403
g Chair_F1_R8_Tablet
usemtl wood
f 4409 4410 4411 4412
usemtl wood
f 4413 4416 4415 4414
usemtl wood
f 4409 4413 4414 4410
usemtl wood
f 4412 4411 4415 4416
usemtl wood
f 4409 4412 4416 4413
usemtl wood
f 4410 4414 4415 4411
g R6_Ground_Torso
usemtl uniform
f 4417 4418 4419 4420
usemtl uniform
f 4421 4424 4423 4422
usemtl uniform
f 4417 4421 4422 4418
usemtl uniform
f 4420 4419 4423 4424
usemtl uniform
f 4417 4420 4424 4421
usemtl uniform
f 4418 4422 4423 4419
g R6_Ground_Head
usemtl skin
f 4425 4426 4427 4428
usemtl skin
f 4429 4432 4431 4430
usemtl skin
f 4425 4429 4430 4426
usemtl skin
f 4428 4427 4431 4432
usemtl skin
f 4425 4428 4432 4429
usemtl skin
f 4426 4430 4431 4427
g R6_Ground_ArmL
usemtl skin
f 4433 4434 4435 4436
usemtl skin
f 4437 4440 4439 4438
usemtl skin
f 4433 4437 4438 4434
usemtl skin
f 4436 4435 4439 4440
usemtl skin
f 4433 4436 4440 4437
usemtl skin
f 4434 4438 4439 4435
g R6_Ground_ArmR
usemtl skin
f 4441 4442 4443 4444
usemtl skin
f 4445 4448 4447 4446
usemtl skin
f 4441 4445 4446 4442
usemtl skin
f 4444 4443 4447 4448
usemtl skin
f 4441 4444 4448 4445
usemtl skin
f 4442 4446 4447 4443
g R6_Ground_LegL
usemtl uniform
f 4449 4450 4451 4452
usemtl uniform
f 4453 4456 4455 4454
usemtl uniform
f 4449 4453 4454 4450
usemtl uniform
f 4452 4451 4455 4456
usemtl uniform
f 4449 4452 4456 4453
usemtl uniform
f 4450 4454 4455 4451
g R6_Ground_LegR
usemtl uniform
f 4457 4458 4459 4460
usemtl uniform
f 4461 4464 4463 4462
usemtl uniform
f 4457 4461 4462 4458
usemtl uniform
f 4460 4459 4463 4464
usemtl uniform
f 4457 4460 4464 4461
usemtl uniform
f 4458 4462 4463 4459
g R6_Second_Torso
usemtl uniform
f 4465 4466 4467 4468
usemtl uniform
f 4469 4472 4471 4470
usemtl uniform
f 4465 4469 4470 4466
usemtl uniform
f 4468 4467 4471 4472
usemtl uniform
f 4465 4468 4472 4469
usemtl uniform
f 4466 4470 4471 4467
g R6_Second_Head
usemtl skin
f 4473 4474 4475 4476
usemtl skin
f 4477 4480 4479 4478
usemtl skin
f 4473 4477 4478 4474
usemtl skin
f 4476 4475 4479 4480
usemtl skin
f 4473 4476 4480 4477
usemtl skin
f 4474 4478 4479 4475
g R6_Second_ArmL
usemtl skin
f 4481 4482 4483 4484
usemtl skin
f 4485 4488 4487 4486
usemtl skin
f 4481 4485 4486 4482
usemtl skin
f 4484 4483 4487 4488
usemtl skin
f 4481 4484 4488 4485
usemtl skin
f 4482 4486 4487 4483
g R6_Second_ArmR
usemtl skin
f 4489 4490 4491 4492
usemtl skin
f 4493 4496 4495 4494
usemtl skin
f 4489 4493 4494 4490
usemtl skin
f 4492 4491 4495 4496
usemtl skin
f 4489 4492 4496 4493
usemtl skin
f 4490 4494 4495 4491
g R6_Second_LegL
usemtl uniform
f 4497 4498 4499 4500
usemtl uniform
f 4501 4504 4503 4502
usemtl uniform
f 4497 4501 4502 4498
usemtl uniform
f 4500 4499 4503 4504
usemtl uniform
f 4497 4500 4504 4501
usemtl uniform
f 4498 4502 4503 4499
g R6_Second_LegR
usemtl uniform
f 4505 4506 4507 4508
usemtl uniform
f 4509 4512 4511 4510
usemtl uniform
f 4505 4509 4510 4506
usemtl uniform
f 4508 4507 4511 4512
usemtl uniform
f 4505 4508 4512 4509
usemtl uniform
f 4506 4510 4511 4507